frame,time_s,scenario,target_lux,detected,est_x,est_y,est_z,err_x,err_y,err_z,rot_x,rot_y,rot_z,marker_area_px,frame_brightness
0,0.0,Twilight 19:00,3.0,1,0.00423,-0.008,2.62225,0.62225,0.00423,-1.008,3.14215,-0.00015,0.09929,625.0,46.083
1,0.0334,Twilight 19:00,3.0,1,0.00423,-0.008,2.62225,0.62225,0.00423,-1.008,3.14215,-0.00015,0.09929,625.0,46.083
2,0.0669,Twilight 19:00,3.0,1,0.00423,-0.008,2.62225,0.62225,0.00423,-1.008,3.14215,-0.00015,0.09929,625.0,46.083
3,0.1003,Twilight 19:00,3.0,1,0.00423,-0.008,2.62225,0.62225,0.00423,-1.008,3.14215,-0.00015,0.09929,625.0,46.083
4,0.1337,Twilight 19:00,3.0,1,0.00423,-0.008,2.62225,0.62225,0.00423,-1.008,3.14215,-0.00015,0.09929,625.0,46.083
5,0.1671,Twilight 19:00,3.0,1,0.00423,-0.008,2.62225,0.62225,0.00423,-1.008,3.14215,-0.00015,0.09929,625.0,46.083
6,0.2006,Twilight 19:00,3.0,1,0.00423,-0.008,2.62225,0.62225,0.00423,-1.008,3.14215,-0.00015,0.09929,625.0,46.083
7,0.234,Twilight 19:00,3.0,1,0.00423,-0.008,2.62225,0.62225,0.00423,-1.008,3.14215,-0.00015,0.09929,625.0,46.083
8,0.2674,Twilight 19:00,3.0,1,0.00423,-0.008,2.62225,0.62225,0.00423,-1.008,3.14215,-0.00015,0.09929,625.0,46.083
9,0.3008,Twilight 19:00,3.0,1,0.00423,-0.008,2.62225,0.62225,0.00423,-1.008,3.14215,-0.00015,0.09929,625.0,46.083
10,0.3343,Twilight 19:00,3.0,1,0.00423,-0.008,2.62225,0.62225,0.00423,-1.008,3.14215,-0.00015,0.09929,625.0,46.083
11,0.3677,Twilight 19:00,3.0,1,0.00423,-0.008,2.62225,0.62225,0.00423,-1.008,3.14215,-0.00015,0.09929,625.0,46.083
12,0.4011,Twilight 19:00,3.0,1,0.00423,-0.008,2.62225,0.62225,0.00423,-1.008,3.14215,-0.00015,0.09929,625.0,46.083
13,0.4345,Twilight 19:00,3.0,1,0.00423,-0.008,2.62225,0.62225,0.00423,-1.008,3.14215,-0.00015,0.09929,625.0,46.083
14,0.468,Twilight 19:00,3.0,1,0.00423,-0.008,2.62225,0.62225,0.00423,-1.008,3.14215,-0.00015,0.09929,625.0,46.083
15,0.5014,Twilight 19:00,3.0,1,0.00423,-0.008,2.62225,0.62225,0.00423,-1.008,3.14215,-0.00015,0.09929,625.0,46.083
16,0.5348,Twilight 19:00,3.0,1,0.00423,-0.008,2.62225,0.62225,0.00423,-1.008,3.14215,-0.00015,0.09929,625.0,46.083
17,0.5682,Twilight 19:00,3.0,1,0.00423,-0.008,2.62225,0.62225,0.00423,-1.008,3.14215,-0.00015,0.09929,625.0,46.083
18,0.6017,Twilight 19:00,3.0,1,0.00423,-0.008,2.62225,0.62225,0.00423,-1.008,3.14215,-0.00015,0.09929,625.0,46.083
19,0.6351,Twilight 19:00,3.0,1,0.00423,-0.008,2.62225,0.62225,0.00423,-1.008,3.14215,-0.00015,0.09929,625.0,46.083
20,0.6685,Twilight 19:00,3.0,1,0.00423,-0.008,2.62225,0.62225,0.00423,-1.008,3.14215,-0.00015,0.09929,625.0,46.083
21,0.7019,Twilight 19:00,3.0,1,0.00423,-0.008,2.62225,0.62225,0.00423,-1.008,3.14215,-0.00015,0.09929,625.0,46.083
22,0.7354,Twilight 19:00,3.0,1,0.00423,-0.008,2.62225,0.62225,0.00423,-1.008,3.14215,-0.00015,0.09929,625.0,46.083
23,0.7688,Twilight 19:00,3.0,1,0.00423,-0.008,2.62225,0.62225,0.00423,-1.008,3.14215,-0.00015,0.09929,625.0,46.083
24,0.8022,Twilight 19:00,3.0,1,0.00423,-0.008,2.62225,0.62225,0.00423,-1.008,3.14215,-0.00015,0.09929,625.0,46.083
25,0.8357,Twilight 19:00,3.0,1,0.00423,-0.008,2.62225,0.62225,0.00423,-1.008,3.14215,-0.00015,0.09929,625.0,46.083
26,0.8691,Twilight 19:00,3.0,1,0.00423,-0.008,2.62225,0.62225,0.00423,-1.008,3.14215,-0.00015,0.09929,625.0,46.083
27,0.9025,Twilight 19:00,3.0,1,0.00423,-0.008,2.62225,0.62225,0.00423,-1.008,3.14215,-0.00015,0.09929,625.0,46.083
28,0.9359,Twilight 19:00,3.0,1,0.00423,-0.008,2.62225,0.62225,0.00423,-1.008,3.14215,-0.00015,0.09929,625.0,46.083
29,0.9694,Twilight 19:00,3.0,1,0.00423,-0.008,2.62225,0.62225,0.00423,-1.008,3.14215,-0.00015,0.09929,625.0,46.083
30,1.0028,Twilight 19:00,3.0,1,0.00423,-0.008,2.62225,0.62225,0.00423,-1.008,3.14215,-0.00015,0.09929,625.0,46.083
31,1.0362,Twilight 19:00,3.0,1,0.00423,-0.008,2.62225,0.62225,0.00423,-1.008,3.14215,-0.00015,0.09929,625.0,46.083
32,1.0696,Twilight 19:00,3.0,1,0.00423,-0.008,2.62225,0.62225,0.00423,-1.008,3.14215,-0.00015,0.09929,625.0,46.083
33,1.1031,Twilight 19:00,3.0,1,0.00423,-0.008,2.62225,0.62225,0.00423,-1.008,3.14215,-0.00015,0.09929,625.0,46.083
34,1.1365,Twilight 19:00,3.0,1,0.00423,-0.008,2.62225,0.62225,0.00423,-1.008,3.14215,-0.00015,0.09929,625.0,46.083
35,1.1699,Twilight 19:00,3.0,1,0.00423,-0.008,2.62225,0.62225,0.00423,-1.008,3.14215,-0.00015,0.09929,625.0,46.083
36,1.2033,Twilight 19:00,3.0,1,0.00423,-0.008,2.62225,0.62225,0.00423,-1.008,3.14215,-0.00015,0.09929,625.0,46.083
37,1.2368,Twilight 19:00,3.0,1,0.00423,-0.008,2.62225,0.62225,0.00423,-1.008,3.14215,-0.00015,0.09929,625.0,46.083
38,1.2702,Twilight 19:00,3.0,1,0.00423,-0.008,2.62225,0.62225,0.00423,-1.008,3.14215,-0.00015,0.09929,625.0,46.083
39,1.3036,Twilight 19:00,3.0,1,0.00423,-0.008,2.62225,0.62225,0.00423,-1.008,3.14215,-0.00015,0.09929,625.0,46.083
40,1.337,Twilight 19:00,3.0,1,0.00423,-0.008,2.62225,0.62225,0.00423,-1.008,3.14215,-0.00015,0.09929,625.0,46.083
41,1.3705,Twilight 19:00,3.0,1,0.00423,-0.008,2.62225,0.62225,0.00423,-1.008,3.14215,-0.00015,0.09929,625.0,46.083
42,1.4039,Twilight 19:00,3.0,1,0.00423,-0.008,2.62225,0.62225,0.00423,-1.008,3.14215,-0.00015,0.09929,625.0,46.083
43,1.4373,Twilight 19:00,3.0,1,0.00423,-0.008,2.62225,0.62225,0.00423,-1.008,3.14215,-0.00015,0.09929,625.0,46.083
44,1.4708,Twilight 19:00,3.0,1,0.00423,-0.008,2.62225,0.62225,0.00423,-1.008,3.14215,-0.00015,0.09929,625.0,46.083
45,1.5042,Twilight 19:00,3.0,1,0.00423,-0.008,2.62225,0.62225,0.00423,-1.008,3.14215,-0.00015,0.09929,625.0,46.083
46,1.5376,Twilight 19:00,3.0,1,0.00423,-0.008,2.62225,0.62225,0.00423,-1.008,3.14215,-0.00015,0.09929,625.0,46.083
47,1.571,Twilight 19:00,3.0,1,0.00423,-0.008,2.62225,0.62225,0.00423,-1.008,3.14215,-0.00015,0.09929,625.0,46.083
48,1.6045,Twilight 19:00,3.0,1,0.00423,-0.008,2.62225,0.62225,0.00423,-1.008,3.14215,-0.00015,0.09929,625.0,46.083
49,1.6379,Twilight 19:00,3.0,1,0.00423,-0.008,2.62225,0.62225,0.00423,-1.008,3.14215,-0.00015,0.09929,625.0,46.083
50,1.6713,Twilight 19:00,3.0,1,0.00423,-0.008,2.62225,0.62225,0.00423,-1.008,3.14215,-0.00015,0.09929,625.0,46.083
51,1.7047,Twilight 19:00,3.0,1,0.00423,-0.008,2.62225,0.62225,0.00423,-1.008,3.14215,-0.00015,0.09929,625.0,46.083
52,1.7382,Twilight 19:00,3.0,1,0.00423,-0.008,2.62225,0.62225,0.00423,-1.008,3.14215,-0.00015,0.09929,625.0,46.083
53,1.7716,Twilight 19:00,3.0,1,0.00423,-0.008,2.62225,0.62225,0.00423,-1.008,3.14215,-0.00015,0.09929,625.0,46.083
54,1.805,Twilight 19:00,3.0,1,0.00423,-0.008,2.62225,0.62225,0.00423,-1.008,3.14215,-0.00015,0.09929,625.0,46.083
55,1.8384,Twilight 19:00,3.0,1,0.00423,-0.008,2.62225,0.62225,0.00423,-1.008,3.14215,-0.00015,0.09929,625.0,46.083
56,1.8719,Twilight 19:00,3.0,1,0.00423,-0.008,2.62225,0.62225,0.00423,-1.008,3.14215,-0.00015,0.09929,625.0,46.083
57,1.9053,Twilight 19:00,3.0,1,0.00423,-0.008,2.62225,0.62225,0.00423,-1.008,3.14215,-0.00015,0.09929,625.0,46.083
58,1.9387,Twilight 19:00,3.0,1,0.00423,-0.008,2.62225,0.62225,0.00423,-1.008,3.14215,-0.00015,0.09929,625.0,46.083
59,1.9721,Twilight 19:00,3.0,1,0.00423,-0.008,2.62225,0.62225,0.00423,-1.008,3.14215,-0.00015,0.09929,625.0,46.083
60,2.0056,Twilight 19:00,3.0,1,0.00423,-0.008,2.62225,0.62225,0.00423,-1.008,3.14215,-0.00015,0.09929,625.0,46.083
61,2.039,Twilight 19:00,3.0,1,0.00423,-0.008,2.62225,0.62225,0.00423,-1.008,3.14215,-0.00015,0.09929,625.0,46.083
62,2.0724,Twilight 19:00,3.0,1,0.00423,-0.008,2.62225,0.62225,0.00423,-1.008,3.14215,-0.00015,0.09929,625.0,46.083
63,2.1058,Twilight 19:00,3.0,1,0.00423,-0.008,2.62225,0.62225,0.00423,-1.008,3.14215,-0.00015,0.09929,625.0,46.083
64,2.1393,Twilight 19:00,3.0,1,0.00423,-0.008,2.62225,0.62225,0.00423,-1.008,3.14215,-0.00015,0.09929,625.0,46.083
65,2.1727,Twilight 19:00,3.0,1,0.00423,-0.008,2.62225,0.62225,0.00423,-1.008,3.14215,-0.00015,0.09929,625.0,46.083
66,2.2061,Twilight 19:00,3.0,1,0.00423,-0.008,2.62225,0.62225,0.00423,-1.008,3.14215,-0.00015,0.09929,625.0,46.083
67,2.2396,Twilight 19:00,3.0,1,0.00423,-0.008,2.62225,0.62225,0.00423,-1.008,3.14215,-0.00015,0.09929,625.0,46.083
68,2.273,Twilight 19:00,3.0,1,0.00423,-0.008,2.62225,0.62225,0.00423,-1.008,3.14215,-0.00015,0.09929,625.0,46.083
69,2.3064,Twilight 19:00,3.0,1,0.00423,-0.008,2.62225,0.62225,0.00423,-1.008,3.14215,-0.00015,0.09929,625.0,46.083
70,2.3398,Twilight 19:00,3.0,1,0.00423,-0.008,2.62225,0.62225,0.00423,-1.008,3.14215,-0.00015,0.09929,625.0,46.083
71,2.3733,Twilight 19:00,3.0,1,0.00423,-0.008,2.62225,0.62225,0.00423,-1.008,3.14215,-0.00015,0.09929,625.0,46.083
72,2.4067,Twilight 19:00,3.0,1,0.00423,-0.008,2.62225,0.62225,0.00423,-1.008,3.14215,-0.00015,0.09929,625.0,46.083
73,2.4401,Twilight 19:00,3.0,1,0.00423,-0.008,2.62225,0.62225,0.00423,-1.008,3.14215,-0.00015,0.09929,625.0,46.083
74,2.4735,Twilight 19:00,3.0,1,0.00423,-0.008,2.62225,0.62225,0.00423,-1.008,3.14215,-0.00015,0.09929,625.0,46.083
75,2.507,Twilight 19:00,3.0,1,0.00423,-0.008,2.62225,0.62225,0.00423,-1.008,3.14215,-0.00015,0.09929,625.0,46.083
76,2.5404,Twilight 19:00,3.0,1,0.00423,-0.008,2.62225,0.62225,0.00423,-1.008,3.14215,-0.00015,0.09929,625.0,46.083
77,2.5738,Twilight 19:00,3.0,1,0.00423,-0.008,2.62225,0.62225,0.00423,-1.008,3.14215,-0.00015,0.09929,625.0,46.083
78,2.6072,Twilight 19:00,3.0,1,0.00423,-0.008,2.62225,0.62225,0.00423,-1.008,3.14215,-0.00015,0.09929,625.0,46.083
79,2.6407,Twilight 19:00,3.0,1,0.00423,-0.008,2.62225,0.62225,0.00423,-1.008,3.14215,-0.00015,0.09929,625.0,46.083
80,2.6741,Twilight 19:00,3.0,1,0.00423,-0.008,2.62225,0.62225,0.00423,-1.008,3.14215,-0.00015,0.09929,625.0,46.083
81,2.7075,Twilight 19:00,3.0,1,0.00423,-0.008,2.62225,0.62225,0.00423,-1.008,3.14215,-0.00015,0.09929,625.0,46.083
82,2.7409,Twilight 19:00,3.0,1,0.00423,-0.008,2.62225,0.62225,0.00423,-1.008,3.14215,-0.00015,0.09929,625.0,46.083
83,2.7744,Twilight 19:00,3.0,1,0.00423,-0.008,2.62225,0.62225,0.00423,-1.008,3.14215,-0.00015,0.09929,625.0,46.083
84,2.8078,Twilight 19:00,3.0,1,0.00423,-0.008,2.62225,0.62225,0.00423,-1.008,3.14215,-0.00015,0.09929,625.0,46.083
85,2.8412,Twilight 19:00,3.0,1,0.00423,-0.008,2.62225,0.62225,0.00423,-1.008,3.14215,-0.00015,0.09929,625.0,46.083
86,2.8747,Twilight 19:00,3.0,1,0.00423,-0.008,2.62225,0.62225,0.00423,-1.008,3.14215,-0.00015,0.09929,625.0,46.083
87,2.9081,Twilight 19:00,3.0,1,0.00423,-0.008,2.62225,0.62225,0.00423,-1.008,3.14215,-0.00015,0.09929,625.0,46.083
88,2.9415,Twilight 19:00,3.0,1,0.00423,-0.008,2.62225,0.62225,0.00423,-1.008,3.14215,-0.00015,0.09929,625.0,46.083
89,2.9749,Twilight 19:00,3.0,1,0.00423,-0.008,2.62225,0.62225,0.00423,-1.008,3.14215,-0.00015,0.09929,625.0,46.083
90,3.0084,Twilight 19:00,3.0,1,0.00423,-0.008,2.62225,0.62225,0.00423,-1.008,3.14215,-0.00015,0.09929,625.0,46.083
91,3.0418,Twilight 19:00,3.0,1,0.00423,-0.008,2.62225,0.62225,0.00423,-1.008,3.14215,-0.00015,0.09929,625.0,46.083
92,3.0752,Twilight 19:00,3.0,1,0.00423,-0.008,2.62225,0.62225,0.00423,-1.008,3.14215,-0.00015,0.09929,625.0,46.083
93,3.1086,Twilight 19:00,3.0,1,0.00423,-0.008,2.62225,0.62225,0.00423,-1.008,3.14215,-0.00015,0.09929,625.0,46.083
94,3.1421,Twilight 19:00,3.0,1,0.00423,-0.008,2.62225,0.62225,0.00423,-1.008,3.14215,-0.00015,0.09929,625.0,46.083
95,3.1755,Twilight 19:00,3.0,1,0.00423,-0.008,2.62225,0.62225,0.00423,-1.008,3.14215,-0.00015,0.09929,625.0,46.083
96,3.2089,Twilight 19:00,3.0,1,0.00423,-0.008,2.62225,0.62225,0.00423,-1.008,3.14215,-0.00015,0.09929,625.0,46.083
97,3.2423,Twilight 19:00,3.0,1,0.00423,-0.008,2.62225,0.62225,0.00423,-1.008,3.14215,-0.00015,0.09929,625.0,46.083
98,3.2758,Twilight 19:00,3.0,1,0.00423,-0.008,2.62225,0.62225,0.00423,-1.008,3.14215,-0.00015,0.09929,625.0,46.083
99,3.3092,Twilight 19:00,3.0,1,0.00423,-0.008,2.62225,0.62225,0.00423,-1.008,3.14215,-0.00015,0.09929,625.0,46.083
100,3.3426,Twilight 19:00,3.0,1,0.00423,-0.008,2.62225,0.62225,0.00423,-1.008,3.14215,-0.00015,0.09929,625.0,46.083
101,3.376,Twilight 19:00,3.0,1,0.00423,-0.008,2.62225,0.62225,0.00423,-1.008,3.14215,-0.00015,0.09929,625.0,46.083
102,3.4095,Twilight 19:00,3.0,1,0.00423,-0.008,2.62225,0.62225,0.00423,-1.008,3.14215,-0.00015,0.09929,625.0,46.083
103,3.4429,Twilight 19:00,3.0,1,0.00423,-0.008,2.62225,0.62225,0.00423,-1.008,3.14215,-0.00015,0.09929,625.0,46.083
104,3.4763,Twilight 19:00,3.0,1,0.00423,-0.008,2.62225,0.62225,0.00423,-1.008,3.14215,-0.00015,0.09929,625.0,46.083
105,3.5097,Twilight 19:00,3.0,1,0.00423,-0.008,2.62225,0.62225,0.00423,-1.008,3.14215,-0.00015,0.09929,625.0,46.083
106,3.5432,Twilight 19:00,3.0,1,0.00423,-0.008,2.62225,0.62225,0.00423,-1.008,3.14215,-0.00015,0.09929,625.0,46.083
107,3.5766,Twilight 19:00,3.0,1,0.00423,-0.008,2.62225,0.62225,0.00423,-1.008,3.14215,-0.00015,0.09929,625.0,46.083
108,3.61,Twilight 19:00,3.0,1,0.00423,-0.008,2.62225,0.62225,0.00423,-1.008,3.14215,-0.00015,0.09929,625.0,46.083
109,3.6435,Twilight 19:00,3.0,1,0.00423,-0.008,2.62225,0.62225,0.00423,-1.008,3.14215,-0.00015,0.09929,625.0,46.083
110,3.6769,Twilight 19:00,3.0,1,0.00423,-0.008,2.62225,0.62225,0.00423,-1.008,3.14215,-0.00015,0.09929,625.0,46.083
111,3.7103,Twilight 19:00,3.0,1,0.00423,-0.008,2.62225,0.62225,0.00423,-1.008,3.14215,-0.00015,0.09929,625.0,46.083
112,3.7437,Twilight 19:00,3.0,1,0.00423,-0.008,2.62225,0.62225,0.00423,-1.008,3.14215,-0.00015,0.09929,625.0,46.083
113,3.7772,Twilight 19:00,3.0,1,0.00423,-0.008,2.62225,0.62225,0.00423,-1.008,3.14215,-0.00015,0.09929,625.0,46.083
114,3.8106,Twilight 19:00,3.0,1,0.00423,-0.008,2.62225,0.62225,0.00423,-1.008,3.14215,-0.00015,0.09929,625.0,46.083
115,3.844,Twilight 19:00,3.0,1,0.00423,-0.008,2.62225,0.62225,0.00423,-1.008,3.14215,-0.00015,0.09929,625.0,46.083
116,3.8774,Twilight 19:00,3.0,1,0.00423,-0.008,2.62225,0.62225,0.00423,-1.008,3.14215,-0.00015,0.09929,625.0,46.083
117,3.9109,Twilight 19:00,3.0,1,0.00423,-0.008,2.62225,0.62225,0.00423,-1.008,3.14215,-0.00015,0.09929,625.0,46.083
118,3.9443,Twilight 19:00,3.0,1,0.00423,-0.008,2.62225,0.62225,0.00423,-1.008,3.14215,-0.00015,0.09929,625.0,46.083
119,3.9777,Twilight 19:00,3.0,1,0.00423,-0.008,2.62225,0.62225,0.00423,-1.008,3.14215,-0.00015,0.09929,625.0,46.083
120,4.0111,Twilight 19:00,3.0,1,0.00423,-0.008,2.62225,0.62225,0.00423,-1.008,3.14215,-0.00015,0.09929,625.0,46.083
121,4.0446,Twilight 19:00,3.0,1,0.00423,-0.008,2.62225,0.62225,0.00423,-1.008,3.14215,-0.00015,0.09929,625.0,46.083
122,4.078,Twilight 19:00,3.0,1,0.00423,-0.008,2.62225,0.62225,0.00423,-1.008,3.14215,-0.00015,0.09929,625.0,46.083
123,4.1114,Twilight 19:00,3.0,1,0.00423,-0.008,2.62225,0.62225,0.00423,-1.008,3.14215,-0.00015,0.09929,625.0,46.083
124,4.1448,Twilight 19:00,3.0,1,0.00423,-0.008,2.62225,0.62225,0.00423,-1.008,3.14215,-0.00015,0.09929,625.0,46.083
125,4.1783,Twilight 19:00,3.0,1,0.00423,-0.008,2.62225,0.62225,0.00423,-1.008,3.14215,-0.00015,0.09929,625.0,46.083
126,4.2117,Twilight 19:00,3.0,1,0.00423,-0.008,2.62225,0.62225,0.00423,-1.008,3.14215,-0.00015,0.09929,625.0,46.083
127,4.2451,Twilight 19:00,3.0,1,0.00423,-0.008,2.62225,0.62225,0.00423,-1.008,3.14215,-0.00015,0.09929,625.0,46.083
128,4.2786,Twilight 19:00,3.0,1,0.00423,-0.008,2.62225,0.62225,0.00423,-1.008,3.14215,-0.00015,0.09929,625.0,46.083
129,4.312,Twilight 19:00,3.0,1,0.00423,-0.008,2.62225,0.62225,0.00423,-1.008,3.14215,-0.00015,0.09929,625.0,46.083
130,4.3454,Twilight 19:00,3.0,1,0.00423,-0.008,2.62225,0.62225,0.00423,-1.008,3.14215,-0.00015,0.09929,625.0,46.083
131,4.3788,Twilight 19:00,3.0,1,0.00423,-0.008,2.62225,0.62225,0.00423,-1.008,3.14215,-0.00015,0.09929,625.0,46.083
132,4.4123,Twilight 19:00,3.0,1,0.00423,-0.008,2.62225,0.62225,0.00423,-1.008,3.14215,-0.00015,0.09929,625.0,46.083
133,4.4457,Twilight 19:00,3.0,1,0.00423,-0.008,2.62225,0.62225,0.00423,-1.008,3.14215,-0.00015,0.09929,625.0,46.083
134,4.4791,Twilight 19:00,3.0,1,0.00423,-0.008,2.62225,0.62225,0.00423,-1.008,3.14215,-0.00015,0.09929,625.0,46.083
135,4.5125,Twilight 19:00,3.0,1,0.00423,-0.008,2.62225,0.62225,0.00423,-1.008,3.14215,-0.00015,0.09929,625.0,46.083
136,4.546,Twilight 19:00,3.0,1,0.00423,-0.008,2.62225,0.62225,0.00423,-1.008,3.14215,-0.00015,0.09929,625.0,46.083
137,4.5794,Twilight 19:00,3.0,1,0.00423,-0.008,2.62225,0.62225,0.00423,-1.008,3.14215,-0.00015,0.09929,625.0,46.083
138,4.6128,Twilight 19:00,3.0,1,0.00423,-0.008,2.62225,0.62225,0.00423,-1.008,3.14215,-0.00015,0.09929,625.0,46.083
139,4.6462,Twilight 19:00,3.0,1,0.00423,-0.008,2.62225,0.62225,0.00423,-1.008,3.14215,-0.00015,0.09929,625.0,46.083
140,4.6797,Twilight 19:00,3.0,1,0.00423,-0.008,2.62225,0.62225,0.00423,-1.008,3.14215,-0.00015,0.09929,625.0,46.083
141,4.7131,Twilight 19:00,3.0,1,0.00423,-0.008,2.62225,0.62225,0.00423,-1.008,3.14215,-0.00015,0.09929,625.0,46.083
142,4.7465,Twilight 19:00,3.0,1,0.00423,-0.008,2.62225,0.62225,0.00423,-1.008,3.14215,-0.00015,0.09929,625.0,46.083
143,4.7799,Twilight 19:00,3.0,1,0.00423,-0.008,2.62225,0.62225,0.00423,-1.008,3.14215,-0.00015,0.09929,625.0,46.083
144,4.8134,Twilight 19:00,3.0,1,0.00423,-0.008,2.62225,0.62225,0.00423,-1.008,3.14215,-0.00015,0.09929,625.0,46.083
145,4.8468,Twilight 19:00,3.0,1,0.00423,-0.008,2.62225,0.62225,0.00423,-1.008,3.14215,-0.00015,0.09929,625.0,46.083
146,4.8802,Twilight 19:00,3.0,1,0.00423,-0.008,2.62225,0.62225,0.00423,-1.008,3.14215,-0.00015,0.09929,625.0,46.083
147,4.9136,Twilight 19:00,3.0,1,0.00423,-0.008,2.62225,0.62225,0.00423,-1.008,3.14215,-0.00015,0.09929,625.0,46.083
148,4.9471,Twilight 19:00,3.0,1,0.00423,-0.008,2.62225,0.62225,0.00423,-1.008,3.14215,-0.00015,0.09929,625.0,46.083
149,4.9805,Twilight 19:00,3.0,1,0.00423,-0.008,2.62225,0.62225,0.00423,-1.008,3.14215,-0.00015,0.09929,625.0,46.083
150,5.0139,Twilight 19:00,3.0,1,0.00423,-0.008,2.62225,0.62225,0.00423,-1.008,3.14215,-0.00015,0.09929,625.0,46.083
151,5.0474,Twilight 19:00,3.0,1,0.00423,-0.008,2.62225,0.62225,0.00423,-1.008,3.14215,-0.00015,0.09929,625.0,46.083
152,5.0808,Twilight 19:00,3.0,1,0.00423,-0.008,2.62225,0.62225,0.00423,-1.008,3.14215,-0.00015,0.09929,625.0,46.083
153,5.1142,Twilight 19:00,3.0,1,0.00423,-0.008,2.62225,0.62225,0.00423,-1.008,3.14215,-0.00015,0.09929,625.0,46.083
154,5.1476,Twilight 19:00,3.0,1,0.00423,-0.008,2.62225,0.62225,0.00423,-1.008,3.14215,-0.00015,0.09929,625.0,46.083
155,5.1811,Twilight 19:00,3.0,1,0.00423,-0.008,2.62225,0.62225,0.00423,-1.008,3.14215,-0.00015,0.09929,625.0,46.083
156,5.2145,Twilight 19:00,3.0,1,0.00423,-0.008,2.62225,0.62225,0.00423,-1.008,3.14215,-0.00015,0.09929,625.0,46.083
157,5.2479,Twilight 19:00,3.0,1,0.00423,-0.008,2.62225,0.62225,0.00423,-1.008,3.14215,-0.00015,0.09929,625.0,46.083
158,5.2813,Twilight 19:00,3.0,1,0.00423,-0.008,2.62225,0.62225,0.00423,-1.008,3.14215,-0.00015,0.09929,625.0,46.083
159,5.3148,Twilight 19:00,3.0,1,0.00423,-0.008,2.62225,0.62225,0.00423,-1.008,3.14215,-0.00015,0.09929,625.0,46.083
160,5.3482,Twilight 19:00,3.0,1,0.00423,-0.008,2.62225,0.62225,0.00423,-1.008,3.14215,-0.00015,0.09929,625.0,46.083
161,5.3816,Twilight 19:00,3.0,1,0.00423,-0.008,2.62225,0.62225,0.00423,-1.008,3.14215,-0.00015,0.09929,625.0,46.083
162,5.415,Twilight 19:00,3.0,1,0.00423,-0.008,2.62225,0.62225,0.00423,-1.008,3.14215,-0.00015,0.09929,625.0,46.083
163,5.4485,Twilight 19:00,3.0,1,0.00423,-0.008,2.62225,0.62225,0.00423,-1.008,3.14215,-0.00015,0.09929,625.0,46.083
164,5.4819,Twilight 19:00,3.0,1,0.00423,-0.008,2.62225,0.62225,0.00423,-1.008,3.14215,-0.00015,0.09929,625.0,46.083
165,5.5153,Twilight 19:00,3.0,1,0.00423,-0.008,2.62225,0.62225,0.00423,-1.008,3.14215,-0.00015,0.09929,625.0,46.083
166,5.5487,Twilight 19:00,3.0,1,0.00423,-0.008,2.62225,0.62225,0.00423,-1.008,3.14215,-0.00015,0.09929,625.0,46.083
167,5.5822,Twilight 19:00,3.0,1,0.00423,-0.008,2.62225,0.62225,0.00423,-1.008,3.14215,-0.00015,0.09929,625.0,46.083
168,5.6156,Twilight 19:00,3.0,1,0.00423,-0.008,2.62225,0.62225,0.00423,-1.008,3.14215,-0.00015,0.09929,625.0,46.083
169,5.649,Twilight 19:00,3.0,1,0.00423,-0.008,2.62225,0.62225,0.00423,-1.008,3.14215,-0.00015,0.09929,625.0,46.083
170,5.6825,Twilight 19:00,3.0,1,0.00423,-0.008,2.62225,0.62225,0.00423,-1.008,3.14215,-0.00015,0.09929,625.0,46.083
171,5.7159,Twilight 19:00,3.0,1,0.00423,-0.008,2.62225,0.62225,0.00423,-1.008,3.14215,-0.00015,0.09929,625.0,46.083
172,5.7493,Twilight 19:00,3.0,1,0.00423,-0.008,2.62225,0.62225,0.00423,-1.008,3.14215,-0.00015,0.09929,625.0,46.083
173,5.7827,Twilight 19:00,3.0,1,0.00423,-0.008,2.62225,0.62225,0.00423,-1.008,3.14215,-0.00015,0.09929,625.0,46.083
174,5.8162,Twilight 19:00,3.0,1,0.00423,-0.008,2.62225,0.62225,0.00423,-1.008,3.14215,-0.00015,0.09929,625.0,46.083
175,5.8496,Twilight 19:00,3.0,1,0.00423,-0.008,2.62225,0.62225,0.00423,-1.008,3.14215,-0.00015,0.09929,625.0,46.083
176,5.883,Twilight 19:00,3.0,1,0.00423,-0.008,2.62225,0.62225,0.00423,-1.008,3.14215,-0.00015,0.09929,625.0,46.083
177,5.9164,Twilight 19:00,3.0,1,0.00423,-0.008,2.62225,0.62225,0.00423,-1.008,3.14215,-0.00015,0.09929,625.0,46.102
178,5.9499,Twilight 19:00,3.0,1,-0.00901,-0.008,2.62288,0.62288,-0.00901,-1.008,3.1122,0.00069,-0.44967,600.0,46.172
179,5.9833,Twilight 19:00,3.0,1,-0.02494,-0.008,2.62278,0.62278,-0.02494,-1.008,3.11341,0.00069,-0.44073,600.0,46.171
180,6.0167,Twilight 19:00,3.0,1,-0.03609,-0.008,2.62163,0.62163,-0.03609,-1.008,3.14214,0.00016,-0.09306,625.0,46.104
181,6.0501,Twilight 19:00,3.0,1,-0.04883,-0.008,2.62263,0.62263,-0.04883,-1.008,3.11514,0.00069,-0.42767,600.0,46.188
182,6.0836,Twilight 19:00,3.0,1,-0.05998,-0.008,2.62124,0.62124,-0.05998,-1.008,3.14213,0.00017,-0.0882,625.0,46.129
183,6.117,Twilight 19:00,3.0,1,-0.0759,-0.008,2.62101,0.62101,-0.0759,-1.008,3.14211,0.00017,-0.085,625.0,46.151
184,6.1504,Twilight 19:00,3.0,1,-0.08864,-0.008,2.62239,0.62239,-0.08864,-1.008,3.11778,0.00069,-0.40685,600.0,46.184
185,6.1838,Twilight 19:00,3.0,1,-0.09979,-0.008,2.62071,0.62071,-0.09979,-1.008,3.14208,0.00017,-0.08036,625.0,46.095
186,6.2173,Twilight 19:00,3.0,1,-0.11252,-0.008,2.62225,0.62225,-0.11252,-1.008,3.11923,0.00069,-0.39491,600.0,46.174
187,6.2507,Twilight 19:00,3.0,1,-0.12367,-0.008,2.62046,0.62046,-0.12367,-1.008,3.14205,0.00017,-0.07595,625.0,46.147
188,6.2841,Twilight 19:00,3.0,1,-0.13958,-0.008,2.6203,0.6203,-0.13958,-1.008,3.14203,0.00017,-0.07315,625.0,46.119
189,6.3175,Twilight 19:00,3.0,1,-0.15232,-0.008,2.62202,0.62202,-0.15232,-1.008,3.12143,0.00069,-0.37593,600.0,46.179
190,6.351,Twilight 19:00,3.0,1,-0.16346,-0.008,2.6201,0.6201,-0.16346,-1.008,3.142,0.00016,-0.06918,625.0,46.11
191,6.3844,Twilight 19:00,3.0,1,-0.1762,-0.008,2.62188,0.62188,-0.1762,-1.008,3.12263,0.00068,-0.36507,600.0,46.159
192,6.4178,Twilight 19:00,3.0,1,-0.19212,-0.008,2.62179,0.62179,-0.19212,-1.008,3.12339,0.00068,-0.35805,600.0,46.166
193,6.4513,Twilight 19:00,3.0,1,-0.20325,-0.008,2.61982,0.61982,-0.20325,-1.008,3.14194,0.00016,-0.06315,625.0,46.101
194,6.4847,Twilight 19:00,3.0,1,-0.216,-0.008,2.62167,0.62167,-0.216,-1.008,3.12446,0.00067,-0.34783,600.0,46.175
195,6.5181,Twilight 19:00,3.0,1,-0.22713,-0.008,2.61968,0.61968,-0.22713,-1.008,3.14191,0.00015,-0.05987,625.0,46.124
196,6.5515,Twilight 19:00,3.0,1,-0.24304,-0.008,2.6196,0.6196,-0.24304,-1.008,3.14189,0.00015,-0.05782,625.0,46.128
197,6.585,Twilight 19:00,3.0,1,-0.2558,-0.008,2.62146,0.62146,-0.2558,-1.008,3.12609,0.00067,-0.33164,600.0,46.173
198,6.6184,Twilight 19:00,3.0,1,-0.26692,-0.008,2.61949,0.61949,-0.26692,-1.008,3.14187,0.00014,-0.05494,625.0,46.09
199,6.6518,Twilight 19:00,3.0,1,-0.27967,-0.008,2.62135,0.62135,-0.27967,-1.008,3.12698,0.00066,-0.32241,600.0,46.152
200,6.6852,Twilight 19:00,3.0,1,-0.29079,-0.008,2.61939,0.61939,-0.29079,-1.008,3.14184,0.00014,-0.05227,625.0,46.138
201,6.7187,Twilight 19:00,3.0,1,-0.30671,-0.008,2.61934,0.61934,-0.30671,-1.008,3.14183,0.00014,-0.0506,625.0,46.101
202,6.7521,Twilight 19:00,3.0,1,-0.31946,-0.008,2.62116,0.62116,-0.31946,-1.008,3.12833,0.00065,-0.30779,600.0,46.155
203,6.7855,Twilight 19:00,3.0,1,-0.33058,-0.008,2.61926,0.61926,-0.33058,-1.008,3.14181,0.00013,-0.04825,625.0,46.093
204,6.8189,Twilight 19:00,3.0,1,-0.3465,-0.008,2.61921,0.61921,-0.3465,-1.008,3.1418,0.00013,-0.04678,625.0,46.124
205,6.8524,Twilight 19:00,3.0,1,-0.35925,-0.008,2.62099,0.62099,-0.35925,-1.008,3.12953,0.00064,-0.29408,600.0,46.149
206,6.8858,Twilight 19:00,3.0,1,-0.37037,-0.008,2.61915,0.61915,-0.37037,-1.008,3.14178,0.00012,-0.04471,625.0,46.082
207,6.9192,Twilight 19:00,3.0,1,-0.38312,-0.008,2.62089,0.62089,-0.38312,-1.008,3.13019,0.00063,-0.28627,600.0,46.149
208,6.9526,Twilight 19:00,3.0,1,-0.39425,-0.008,2.61909,0.61909,-0.39425,-1.008,3.14176,0.00012,-0.04279,625.0,46.116
209,6.9861,Twilight 19:00,3.0,1,-0.41016,-0.008,2.61906,0.61906,-0.41016,-1.008,3.14175,0.00012,-0.04159,625.0,46.099
210,7.0195,Twilight 19:00,3.0,1,-0.42291,-0.008,2.62073,0.62073,-0.42291,-1.008,3.13119,0.00062,-0.27392,600.0,46.145
211,7.0529,Twilight 19:00,3.0,1,-0.43404,-0.008,2.61902,0.61902,-0.43404,-1.008,3.14174,0.00011,-0.03989,625.0,46.065
212,7.0864,Twilight 19:00,3.0,1,-0.44678,-0.008,2.62064,0.62064,-0.44678,-1.008,3.13174,0.00061,-0.26688,600.0,46.12
213,7.1198,Twilight 19:00,3.0,1,-0.45964,-0.00779,2.61566,0.61566,-0.45964,-1.00779,3.18783,-0.00859,-0.17859,612.5,46.115
214,7.1532,Twilight 19:00,3.0,1,-0.47383,-0.008,2.61895,0.61895,-0.47383,-1.008,3.14172,0.00011,-0.03731,625.0,46.066
215,7.1866,Twilight 19:00,3.0,1,-0.48656,-0.008,2.6205,0.6205,-0.48656,-1.008,3.13257,0.0006,-0.25575,600.0,46.124
216,7.2201,Twilight 19:00,3.0,1,-0.49771,-0.008,2.61892,0.61892,-0.49771,-1.008,3.14171,0.0001,-0.0359,625.0,46.076
217,7.2535,Twilight 19:00,3.0,1,-0.51363,-0.008,2.6189,0.6189,-0.51363,-1.008,3.14171,0.0001,-0.03501,625.0,46.091
218,7.2869,Twilight 19:00,3.0,1,-0.52635,-0.008,2.62037,0.62037,-0.52635,-1.008,3.13332,0.00059,-0.24532,600.0,46.116
219,7.3203,Twilight 19:00,3.0,1,-0.5375,-0.008,2.61887,0.61887,-0.5375,-1.008,3.1417,0.0001,-0.03375,625.0,46.05
220,7.3538,Twilight 19:00,3.0,1,-0.55022,-0.008,2.62029,0.62029,-0.55022,-1.008,3.13372,0.00058,-0.23937,600.0,46.106
221,7.3872,Twilight 19:00,3.0,1,-0.56138,-0.008,2.61884,0.61884,-0.56138,-1.008,3.14169,9e-05,-0.03257,625.0,46.081
222,7.4206,Twilight 19:00,3.0,1,-0.5773,-0.008,2.61883,0.61883,-0.5773,-1.008,3.14169,9e-05,-0.03183,625.0,46.05
223,7.454,Twilight 19:00,3.0,1,-0.59,-0.008,2.62018,0.62018,-0.59,-1.008,3.13435,0.00056,-0.22996,600.0,46.101
224,7.4875,Twilight 19:00,3.0,1,-0.60117,-0.008,2.61881,0.61881,-0.60117,-1.008,3.14168,9e-05,-0.03077,625.0,46.051
225,7.5209,Twilight 19:00,3.0,1,-0.61387,-0.008,2.62011,0.62011,-0.61387,-1.008,3.13469,0.00056,-0.22459,600.0,46.072
226,7.5543,Twilight 19:00,3.0,1,-0.62978,-0.008,2.62007,0.62007,-0.62978,-1.008,3.13491,0.00055,-0.22113,600.0,46.085
227,7.5877,Twilight 19:00,3.0,1,-0.64097,-0.008,2.61877,0.61877,-0.64097,-1.008,3.14167,9e-05,-0.02914,625.0,46.024
228,7.6212,Twilight 19:00,3.0,1,-0.65365,-0.008,2.62001,0.62001,-0.65365,-1.008,3.13522,0.00054,-0.21609,600.0,46.075
229,7.6546,Twilight 19:00,3.0,1,-0.66485,-0.008,2.61876,0.61876,-0.66485,-1.008,3.14167,8e-05,-0.02823,625.0,46.046
230,7.688,Twilight 19:00,3.0,1,-0.68077,-0.008,2.61875,0.61875,-0.68077,-1.008,3.14166,8e-05,-0.02766,625.0,46.03
231,7.7214,Twilight 19:00,3.0,1,-0.69344,-0.008,2.61992,0.61992,-0.69344,-1.008,3.1357,0.00053,-0.20811,600.0,46.068
232,7.7549,Twilight 19:00,3.0,1,-0.70465,-0.008,2.61873,0.61873,-0.70465,-1.008,3.14166,8e-05,-0.02684,625.0,46.006
233,7.7883,Twilight 19:00,3.0,1,-0.71731,-0.008,2.61986,0.61986,-0.71731,-1.008,3.13596,0.00052,-0.20355,600.0,46.048
234,7.8217,Twilight 19:00,3.0,1,-0.73322,-0.008,2.61983,0.61983,-0.73322,-1.008,3.13612,0.00052,-0.2006,600.0,46.046
235,7.8552,Twilight 19:00,3.0,1,-0.74444,-0.008,2.61871,0.61871,-0.74444,-1.008,3.14165,8e-05,-0.02557,625.0,45.984
236,7.8886,Twilight 19:00,3.0,1,-0.75709,-0.008,2.61978,0.61978,-0.75709,-1.008,3.13636,0.00051,-0.19631,600.0,46.042
237,7.922,Twilight 19:00,3.0,1,-0.76832,-0.008,2.6187,0.6187,-0.76832,-1.008,3.14165,7e-05,-0.02486,625.0,46.0
238,7.9554,Twilight 19:00,3.0,1,-0.78424,-0.008,2.61869,0.61869,-0.78424,-1.008,3.14165,7e-05,-0.0244,625.0,46.008
239,7.9889,Twilight 19:00,3.0,1,-0.79687,-0.008,2.6197,0.6197,-0.79687,-1.008,3.13673,0.0005,-0.1895,600.0,46.026
240,8.0223,Twilight 19:00,3.0,1,-0.80812,-0.008,2.61868,0.61868,-0.80812,-1.008,3.14165,7e-05,-0.02375,625.0,45.957
241,8.0557,Twilight 19:00,3.0,1,-0.82074,-0.008,2.61966,0.61966,-0.82074,-1.008,3.13693,0.00049,-0.1856,600.0,46.009
242,8.0891,Twilight 19:00,3.0,1,-0.832,-0.008,2.61867,0.61867,-0.832,-1.008,3.14164,7e-05,-0.02313,625.0,45.999
243,8.1226,Twilight 19:00,3.0,1,-0.83996,-0.016,2.61867,0.61867,-0.83996,-1.016,3.14177,0.00014,-0.02293,625.0,45.992
244,8.156,Twilight 19:00,3.0,1,-0.87337,-0.02917,2.72463,0.72463,-0.87337,-1.02917,3.12562,-0.00328,0.21433,600.0,46.041
245,8.1894,Twilight 19:00,3.0,1,-0.87323,-0.04582,2.72417,0.72417,-0.87323,-1.04582,3.12096,-0.00509,0.21265,600.0,46.032
246,8.2228,Twilight 19:00,3.0,1,-0.83998,-0.056,2.61872,0.61872,-0.83998,-1.056,3.14243,0.00048,-0.02285,625.0,45.964
247,8.2563,Twilight 19:00,3.0,1,-0.87291,-0.07079,2.72314,0.72314,-0.87291,-1.07079,3.11447,-0.00767,0.20918,600.0,46.022
248,8.2897,Twilight 19:00,3.0,1,-0.83837,-0.07978,2.61932,0.61932,-0.83837,-1.07978,-3.07466,-0.00237,0.10469,612.5,45.963
249,8.3231,Twilight 19:00,3.0,1,-0.84001,-0.09601,2.61881,0.61881,-0.84001,-1.09601,3.14308,0.00081,-0.02269,625.0,45.98
250,8.3565,Twilight 19:00,3.0,1,-0.87215,-0.11232,2.72074,0.72074,-0.87215,-1.11232,3.10519,-0.01149,0.20153,600.0,46.009
251,8.39,Twilight 19:00,3.0,1,-0.84003,-0.12001,2.6189,0.6189,-0.84003,-1.12001,3.14347,0.00101,-0.02255,625.0,45.957
252,8.4234,Twilight 19:00,3.0,1,-0.87161,-0.13719,2.719,0.719,-0.87161,-1.13719,3.10057,-0.01349,0.19621,600.0,46.028
253,8.4568,Twilight 19:00,3.0,1,-0.85555,-0.14852,2.66788,0.66788,-0.85555,-1.14852,-3.07836,-0.02946,-0.05592,612.5,46.02
254,8.4903,Twilight 19:00,3.0,1,-0.84009,-0.16002,2.61907,0.61907,-0.84009,-1.16002,3.14409,0.00133,-0.02225,625.0,45.999
255,8.5237,Twilight 19:00,3.0,1,-0.8706,-0.17854,2.71581,0.71581,-0.8706,-1.17854,3.09428,-0.01634,0.18674,600.0,46.057
256,8.5571,Twilight 19:00,3.0,1,-0.84013,-0.18404,2.61919,0.61919,-0.84013,-1.18404,3.14445,0.00152,-0.02204,625.0,46.002
257,8.5905,Twilight 19:00,3.0,1,-0.86997,-0.20329,2.71379,0.71379,-0.86997,-1.20329,3.09124,-0.0178,0.18092,600.0,46.047
258,8.624,Twilight 19:00,3.0,1,-0.86954,-0.21977,2.71242,0.71242,-0.86954,-1.21977,3.08948,-0.01868,0.17704,600.0,46.073
259,8.6574,Twilight 19:00,3.0,1,-0.8402,-0.22407,2.61943,0.61943,-0.8402,-1.22407,3.14502,0.00181,-0.02162,625.0,46.013
260,8.6908,Twilight 19:00,3.0,1,-0.86889,-0.24446,2.71035,0.71035,-0.86889,-1.24446,3.08718,-0.01987,0.17128,600.0,46.079
261,8.7242,Twilight 19:00,3.0,1,-0.84183,-0.24882,2.63025,0.63025,-0.84183,-1.24882,-3.06396,-0.00767,0.08918,612.5,46.056
262,8.7577,Twilight 19:00,3.0,1,-0.84029,-0.26411,2.6197,0.6197,-0.84029,-1.26411,3.14556,0.00209,-0.02114,625.0,46.053
263,8.7911,Twilight 19:00,3.0,1,-0.86781,-0.28551,2.70691,0.70691,-0.86781,-1.28551,3.08412,-0.02155,0.16192,600.0,46.096
264,8.8245,Twilight 19:00,3.0,1,-0.84034,-0.28814,2.61988,0.61988,-0.84034,-1.28814,3.14587,0.00224,-0.02083,625.0,46.036
265,8.8579,Twilight 19:00,3.0,1,-0.86717,-0.31009,2.70487,0.70487,-0.86717,-1.31009,3.08267,-0.02241,0.15651,600.0,46.105
266,8.8914,Twilight 19:00,3.0,1,-0.86674,-0.32646,2.70353,0.70353,-0.86674,-1.32646,3.08185,-0.02292,0.15299,600.0,46.101
267,8.9248,Twilight 19:00,3.0,1,-0.84044,-0.32819,2.6202,0.6202,-0.84044,-1.32819,3.14635,0.00249,-0.02026,625.0,46.054
268,8.9582,Twilight 19:00,3.0,1,-0.86612,-0.35099,2.70154,0.70154,-0.86612,-1.35099,3.0808,-0.0236,0.14786,600.0,46.132
269,8.9916,Twilight 19:00,3.0,1,-0.84051,-0.35224,2.6204,0.6204,-0.84051,-1.35224,3.14662,0.00262,-0.01991,625.0,46.082
270,9.0251,Twilight 19:00,3.0,1,-0.84525,-0.3686,2.63533,0.63533,-0.84525,-1.3686,-3.20873,0.03342,0.00173,612.5,46.114
271,9.0585,Twilight 19:00,3.0,1,-0.86511,-0.3918,2.69832,0.69832,-0.86511,-1.3918,3.07947,-0.02457,0.1397,600.0,46.145
272,9.0919,Twilight 19:00,3.0,1,-0.84062,-0.39232,2.62076,0.62076,-0.84062,-1.39232,3.14703,0.00283,-0.01928,625.0,46.068
273,9.1253,Twilight 19:00,3.0,1,-0.86451,-0.41624,2.69644,0.69644,-0.86451,-1.41624,3.07888,-0.02505,0.13504,600.0,46.146
274,9.1588,Twilight 19:00,3.0,1,-0.84611,-0.4197,2.64379,0.64379,-0.84611,-1.4197,-3.0569,-0.0107,0.06954,612.5,46.116
275,9.1922,Twilight 19:00,3.0,1,-0.84074,-0.43241,2.62112,0.62112,-0.84074,-1.43241,3.14739,0.00302,-0.01863,625.0,46.101
276,9.2256,Twilight 19:00,3.0,1,-0.86356,-0.45692,2.69342,0.69342,-0.86356,-1.45692,3.07819,-0.02571,0.12766,600.0,46.152
277,9.2591,Twilight 19:00,3.0,1,-0.84081,-0.45647,2.62135,0.62135,-0.84081,-1.45647,3.14759,0.00312,-0.01824,625.0,46.093
278,9.2925,Twilight 19:00,3.0,1,-0.86301,-0.4813,2.69167,0.69167,-0.86301,-1.4813,3.07793,-0.02603,0.12346,600.0,46.148
279,9.3259,Twilight 19:00,3.0,1,-0.86265,-0.49754,2.69053,0.69053,-0.86265,-1.49754,3.07781,-0.02622,0.12075,600.0,46.153
280,9.3593,Twilight 19:00,3.0,1,-0.84093,-0.49659,2.62173,0.62173,-0.84093,-1.49659,3.14789,0.00327,-0.01756,625.0,46.097
281,9.3928,Twilight 19:00,3.0,1,-0.86213,-0.52187,2.68886,0.68886,-0.86213,-1.52187,3.07771,-0.02646,0.11682,600.0,46.174
282,9.4262,Twilight 19:00,3.0,1,-0.84891,-0.52645,2.65263,0.65263,-0.84891,-1.52645,-3.05491,-0.01125,0.05641,612.5,46.125
283,9.4596,Twilight 19:00,3.0,1,-0.83571,-0.53451,2.61091,0.61091,-0.83571,-1.53451,3.1209,0.02285,-0.11582,612.5,46.138
284,9.493,Twilight 19:00,3.0,1,-0.86129,-0.56239,2.68619,0.68619,-0.86129,-1.56239,3.0777,-0.02677,0.1106,600.0,46.178
285,9.5265,Twilight 19:00,3.0,1,-0.84112,-0.56079,2.62234,0.62234,-0.84112,-1.56079,3.14829,0.00347,-0.01648,625.0,46.102
286,9.5599,Twilight 19:00,3.0,1,-0.8608,-0.58667,2.68465,0.68465,-0.8608,-1.58667,3.07778,-0.02691,0.10707,600.0,46.17
287,9.5933,Twilight 19:00,3.0,1,-0.85871,-0.59923,2.67794,0.67794,-0.85871,-1.59923,-3.12088,-0.0114,-0.08386,612.5,46.152
288,9.6267,Twilight 19:00,3.0,1,-0.84124,-0.60094,2.62272,0.62272,-0.84124,-1.60094,3.14849,0.00356,-0.0158,625.0,46.124
289,9.6602,Twilight 19:00,3.0,1,-0.86002,-0.62711,2.68218,0.68218,-0.86002,-1.62711,3.07804,-0.02707,0.10149,600.0,46.176
290,9.6936,Twilight 19:00,3.0,1,-0.84131,-0.62503,2.62294,0.62294,-0.84131,-1.62503,3.14859,0.00361,-0.0154,625.0,46.113
291,9.727,Twilight 19:00,3.0,1,-0.84213,-0.63992,2.62547,0.62547,-0.84213,-1.63992,-3.19948,0.02888,0.01785,612.5,46.156
292,9.7604,Twilight 19:00,3.0,1,-0.85929,-0.6675,2.67984,0.67984,-0.85929,-1.6675,3.07842,-0.02716,0.09626,600.0,46.174
293,9.7939,Twilight 19:00,3.0,1,-0.84143,-0.66519,2.62331,0.62331,-0.84143,-1.66519,3.14873,0.00368,-0.01475,625.0,46.102
294,9.8273,Twilight 19:00,3.0,1,-0.85886,-0.69171,2.6785,0.6785,-0.85886,-1.69171,3.0787,-0.02718,0.09329,600.0,46.183
295,9.8607,Twilight 19:00,3.0,1,-0.85819,-0.70518,2.6763,0.6763,-0.85819,-1.70518,-3.12788,-0.00828,-0.08216,612.5,46.145
296,9.8942,Twilight 19:00,3.0,1,-0.84154,-0.70536,2.62367,0.62367,-0.84154,-1.70536,3.14885,0.00374,-0.01411,625.0,46.137
297,9.9276,Twilight 19:00,3.0,1,-0.85819,-0.73204,2.67635,0.67635,-0.85819,-1.73204,3.07924,-0.02716,0.08859,600.0,46.181
298,9.961,Twilight 19:00,3.0,1,-0.84161,-0.72947,2.62388,0.62388,-0.84161,-1.72947,3.1489,0.00376,-0.01373,625.0,46.093
299,9.9944,Twilight 19:00,3.0,1,-0.8578,-0.75622,2.67512,0.67512,-0.8578,-1.75622,3.0796,-0.02713,0.08591,600.0,46.168
300,10.0279,Twilight 19:00,3.0,1,-0.85754,-0.77234,2.67432,0.67432,-0.85754,-1.77234,3.07985,-0.0271,0.08419,600.0,46.155
301,10.0613,Twilight 19:00,3.0,1,-0.84172,-0.76965,2.62422,0.62422,-0.84172,-1.76965,3.14897,0.0038,-0.01312,625.0,46.11
302,10.0947,Twilight 19:00,3.0,1,-0.85718,-0.7965,2.67315,0.67315,-0.85718,-1.7965,3.08025,-0.02704,0.08168,600.0,46.175
303,10.1281,Twilight 19:00,3.0,1,-0.84178,-0.79376,2.62441,0.62441,-0.84178,-1.79376,3.149,0.00381,-0.01277,625.0,46.112
304,10.1616,Twilight 19:00,3.0,1,-0.83805,-0.80796,2.61833,0.61833,-0.83805,-1.80796,3.13579,0.03092,-0.10468,612.5,46.148
305,10.195,Twilight 19:00,3.0,1,-0.85659,-0.83675,2.67129,0.67129,-0.85659,-1.83675,3.08095,-0.02691,0.07771,600.0,46.169
306,10.2284,Twilight 19:00,3.0,1,-0.84188,-0.83395,2.62473,0.62473,-0.84188,-1.83395,3.14904,0.00382,-0.01219,625.0,46.098
307,10.2618,Twilight 19:00,3.0,1,-0.85625,-0.86088,2.67022,0.67022,-0.85625,-1.86088,3.08139,-0.02681,0.07545,600.0,46.171
308,10.2953,Twilight 19:00,3.0,1,-0.85709,-0.87578,2.67283,0.67283,-0.85709,-1.87578,-3.13588,-0.00458,-0.07688,612.5,46.14
309,10.3287,Twilight 19:00,3.0,1,-0.8395,-0.87666,2.66856,0.66856,-0.8395,-1.87666,3.08079,-0.02661,0.07351,600.0,46.177
310,10.3621,Twilight 19:00,3.0,1,-0.848,-0.89808,2.73454,0.73454,-0.848,-1.89808,3.1493,0.00383,-0.01181,576.0,46.191
311,10.3955,Twilight 19:00,3.0,1,-0.81471,-0.87618,2.66709,0.66709,-0.81471,-1.87618,3.07944,-0.02638,0.07273,600.0,46.145
312,10.429,Twilight 19:00,3.0,1,-0.82312,-0.89815,2.73473,0.73473,-0.82312,-1.89815,3.14952,0.00382,-0.0118,576.0,46.216
313,10.4624,Twilight 19:00,3.0,1,-0.78995,-0.8757,2.66562,0.66562,-0.78995,-1.8757,3.07809,-0.02612,0.07186,600.0,46.193
314,10.4958,Twilight 19:00,3.0,1,-0.77346,-0.87538,2.66463,0.66463,-0.77346,-1.87538,3.07719,-0.02593,0.07124,600.0,46.189
315,10.5292,Twilight 19:00,3.0,1,-0.78164,-0.89825,2.73507,0.73507,-0.78164,-1.89825,3.1499,0.0038,-0.01175,576.0,46.239
316,10.5627,Twilight 19:00,3.0,1,-0.74874,-0.8749,2.66314,0.66314,-0.74874,-1.8749,3.07583,-0.02562,0.07023,600.0,46.189
317,10.5961,Twilight 19:00,3.0,1,-0.75675,-0.89832,2.73528,0.73528,-0.75675,-1.89832,3.15013,0.00379,-0.0117,576.0,46.243
318,10.6295,Twilight 19:00,3.0,1,-0.74016,-0.89837,2.73542,0.73542,-0.74016,-1.89837,3.15029,0.00377,-0.01166,576.0,46.243
319,10.663,Twilight 19:00,3.0,1,-0.7076,-0.87409,2.66064,0.66064,-0.7076,-1.87409,3.07357,-0.02503,0.06835,600.0,46.204
320,10.6964,Twilight 19:00,3.0,1,-0.71527,-0.89844,2.73563,0.73563,-0.71527,-1.89844,3.15054,0.00375,-0.01159,576.0,46.264
321,10.7298,Twilight 19:00,3.0,1,-0.68295,-0.8736,2.65915,0.65915,-0.68295,-1.8736,3.07222,-0.02462,0.0671,600.0,46.225
322,10.7632,Twilight 19:00,3.0,1,-0.66653,-0.87328,2.65815,0.65815,-0.66653,-1.87328,3.07133,-0.02433,0.06622,600.0,46.243
323,10.7967,Twilight 19:00,3.0,1,-0.67378,-0.89856,2.736,0.736,-0.67378,-1.89856,3.15096,0.0037,-0.01145,576.0,46.276
324,10.8301,Twilight 19:00,3.0,1,-0.64193,-0.87279,2.65666,0.65666,-0.64193,-1.87279,3.07,-0.02387,0.06482,600.0,46.214
325,10.8635,Twilight 19:00,3.0,1,-0.64887,-0.89863,2.73623,0.73623,-0.64887,-1.89863,3.15121,0.00366,-0.01133,576.0,46.29
326,10.8969,Twilight 19:00,3.0,1,-0.63227,-0.89868,2.73638,0.73638,-0.63227,-1.89868,3.15139,0.00363,-0.01125,576.0,46.273
327,10.9304,Twilight 19:00,3.0,1,-0.60737,-0.89875,2.73661,0.73661,-0.60737,-1.89875,3.15165,0.00358,-0.01111,576.0,46.311
328,10.9638,Twilight 19:00,3.0,1,-0.60737,-0.89875,2.73661,0.73661,-0.60737,-1.89875,3.15165,0.00358,-0.01111,576.0,46.311
329,10.9972,Twilight 19:00,3.0,1,-0.57648,-0.87152,2.65274,0.65274,-0.57648,-1.87152,3.06653,-0.02245,0.06063,600.0,46.254
330,11.0306,Twilight 19:00,3.0,1,-0.56573,-0.87615,2.67445,0.67445,-0.56573,-1.87615,-2.40515,-0.01565,-0.54189,588.0,46.293
331,11.0641,Twilight 19:00,3.0,1,-0.56585,-0.89888,2.73701,0.73701,-0.56585,-1.89888,3.1521,0.00349,-0.01082,576.0,46.316
332,11.0975,Twilight 19:00,3.0,1,-0.53568,-0.87074,2.65036,0.65036,-0.53568,-1.87074,3.06445,-0.02143,0.05767,600.0,46.257
333,11.1309,Twilight 19:00,3.0,1,-0.54093,-0.89896,2.73725,0.73725,-0.54093,-1.89896,3.15237,0.00342,-0.01062,576.0,46.324
334,11.1643,Twilight 19:00,3.0,1,-0.51124,-0.87029,2.64897,0.64897,-0.51124,-1.87029,3.06323,-0.02077,0.05578,600.0,46.286
335,11.1978,Twilight 19:00,3.0,1,-0.4994,-0.89909,2.73765,0.73765,-0.4994,-1.89909,3.15283,0.0033,-0.01024,576.0,46.332
336,11.2312,Twilight 19:00,3.0,1,-0.4994,-0.89909,2.73765,0.73765,-0.4994,-1.89909,3.15283,0.0033,-0.01024,576.0,46.332
337,11.2646,Twilight 19:00,3.0,1,-0.47447,-0.89917,2.73789,0.73789,-0.47447,-1.89917,3.15311,0.00321,-0.00998,576.0,46.331
338,11.2981,Twilight 19:00,3.0,1,-0.45785,-0.89922,2.73805,0.73805,-0.45785,-1.89922,3.1533,0.00315,-0.00979,576.0,46.323
339,11.3315,Twilight 19:00,3.0,1,-0.45785,-0.89922,2.73805,0.73805,-0.45785,-1.89922,3.1533,0.00315,-0.00979,576.0,46.323
340,11.3649,Twilight 19:00,3.0,1,-0.43001,-0.86886,2.64458,0.64458,-0.43001,-1.86886,3.05943,-0.0183,0.04885,600.0,46.273
341,11.3983,Twilight 19:00,3.0,1,-0.43291,-0.8993,2.73829,0.73829,-0.43291,-1.8993,3.15357,0.00305,-0.00948,576.0,46.352
342,11.4318,Twilight 19:00,3.0,1,-0.38953,-0.86821,2.64255,0.64255,-0.38953,-1.86821,3.0577,-0.01691,0.04504,600.0,46.321
343,11.4652,Twilight 19:00,3.0,1,-0.39134,-0.89943,2.73868,0.73868,-0.39134,-1.89943,3.15402,0.00286,-0.0089,576.0,46.348
344,11.4986,Twilight 19:00,3.0,1,-0.36527,-0.86783,2.64141,0.64141,-0.36527,-1.86783,3.05672,-0.01604,0.04265,600.0,46.261
345,11.532,Twilight 19:00,3.0,1,-0.3664,-0.8995,2.73892,0.73892,-0.3664,-1.8995,3.15429,0.00274,-0.00852,576.0,46.348
346,11.5655,Twilight 19:00,3.0,1,-0.34105,-0.86748,2.64032,0.64032,-0.34105,-1.86748,3.05579,-0.01514,0.04019,600.0,46.322
347,11.5989,Twilight 19:00,3.0,1,-0.32491,-0.86725,2.63962,0.63962,-0.32491,-1.86725,3.0552,-0.01452,0.03851,600.0,46.294
348,11.6323,Twilight 19:00,3.0,1,-0.32481,-0.89962,2.73929,0.73929,-0.32481,-1.89962,3.15472,0.00251,-0.00782,576.0,46.357
349,11.6657,Twilight 19:00,3.0,1,-0.32481,-0.89962,2.73929,0.73929,-0.32481,-1.89962,3.15472,0.00251,-0.00782,576.0,46.357
350,11.6992,Twilight 19:00,3.0,1,-0.30073,-0.86693,2.63863,0.63863,-0.30073,-1.86693,3.05436,-0.01357,0.03594,600.0,46.272
351,11.7326,Twilight 19:00,3.0,1,-0.2832,-0.89974,2.73964,0.73964,-0.2832,-1.89974,3.15512,0.00226,-0.00703,576.0,46.346
352,11.766,Twilight 19:00,3.0,1,-0.2832,-0.89974,2.73964,0.73964,-0.2832,-1.89974,3.15512,0.00226,-0.00703,576.0,46.346
353,11.7994,Twilight 19:00,3.0,1,-0.25823,-0.8998,2.73983,0.73983,-0.25823,-1.8998,3.15534,0.00209,-0.00652,576.0,46.362
354,11.8329,Twilight 19:00,3.0,1,-0.25823,-0.8998,2.73983,0.73983,-0.25823,-1.8998,3.15534,0.00209,-0.00652,576.0,46.362
355,11.8663,Twilight 19:00,3.0,1,-0.23636,-0.86617,2.63629,0.63629,-0.23636,-1.86617,3.0524,-0.0109,0.02878,600.0,46.308
356,11.8997,Twilight 19:00,3.0,1,-0.2166,-0.8999,2.74013,0.74013,-0.2166,-1.8999,3.15569,0.0018,-0.00561,576.0,46.358
357,11.9331,Twilight 19:00,3.0,1,-0.19621,-0.86578,2.63509,0.63509,-0.19621,-1.86578,3.05139,-0.00915,0.02412,600.0,46.262
358,11.9666,Twilight 19:00,3.0,1,-0.19162,-0.89995,2.74029,0.74029,-0.19162,-1.89995,3.15588,0.00161,-0.00504,576.0,46.353
359,12.0,Twilight 19:00,3.0,1,-0.19162,-0.89995,2.74029,0.74029,-0.19162,-1.89995,3.15588,0.00161,-0.00504,576.0,46.353
360,12.0334,Twilight 19:00,3.0,1,-0.15611,-0.86545,2.63409,0.63409,-0.15611,-1.86545,3.05056,-0.00734,0.01934,600.0,46.296
361,12.0669,Twilight 19:00,3.0,1,-0.15611,-0.86545,2.63409,0.63409,-0.15611,-1.86545,3.05056,-0.00734,0.01934,600.0,46.296
362,12.1003,Twilight 19:00,3.0,1,-0.13207,-0.86529,2.6336,0.6336,-0.13207,-1.86529,3.05015,-0.00624,0.01642,600.0,46.291
363,12.1337,Twilight 19:00,3.0,1,-0.13207,-0.86529,2.6336,0.6336,-0.13207,-1.86529,3.05015,-0.00624,0.01642,600.0,46.291
364,12.1671,Twilight 19:00,3.0,1,-0.11605,-0.8652,2.63331,0.63331,-0.11605,-1.8652,3.04991,-0.0055,0.01446,600.0,46.342
365,12.2006,Twilight 19:00,3.0,1,-0.10833,-0.90008,2.7407,0.7407,-0.10833,-1.90008,3.15635,0.00094,-0.00295,576.0,46.356
366,12.234,Twilight 19:00,3.0,1,-0.09202,-0.86508,2.63295,0.63295,-0.09202,-1.86508,3.04961,-0.00437,0.0115,600.0,46.277
367,12.2674,Twilight 19:00,3.0,1,-0.08333,-0.90011,2.74079,0.74079,-0.08333,-1.90011,3.15645,0.00073,-0.00228,576.0,46.364
368,12.3008,Twilight 19:00,3.0,1,-0.06801,-0.86499,2.63267,0.63267,-0.06801,-1.86499,3.04938,-0.00324,0.00852,600.0,46.324
369,12.3343,Twilight 19:00,3.0,1,-0.05201,-0.86495,2.63254,0.63254,-0.05201,-1.86495,3.04927,-0.00248,0.00652,600.0,46.304
370,12.3677,Twilight 19:00,3.0,1,-0.04167,-0.90014,2.74088,0.74088,-0.04167,-1.90014,3.15655,0.00037,-0.00115,576.0,46.36
371,12.4011,Twilight 19:00,3.0,1,-0.028,-0.8649,2.6324,0.6324,-0.028,-1.8649,3.04915,-0.00134,0.00351,600.0,46.285
372,12.4345,Twilight 19:00,3.0,1,-0.01667,-0.90015,2.7409,0.7409,-0.01667,-1.90015,3.15658,0.00015,-0.00046,576.0,46.354
373,12.468,Twilight 19:00,3.0,1,0.0,-0.90015,2.74091,0.74091,0.0,-1.90015,3.15659,-0.0,0.0,576.0,46.346
374,12.5014,Twilight 19:00,3.0,1,0.012,-0.86489,2.63235,0.63235,0.012,-1.86489,3.04911,0.00057,-0.00151,600.0,46.273
375,12.5348,Twilight 19:00,3.0,1,0.025,-0.90014,2.7409,0.7409,0.025,-1.90014,3.15658,-0.00022,0.00069,576.0,46.369
376,12.5682,Twilight 19:00,3.0,1,0.02812,-0.85315,2.62767,0.62767,0.02812,-1.85315,-3.18891,-0.00578,-0.06579,612.5,46.271
377,12.6017,Twilight 19:00,3.0,1,0.028,-0.84079,2.63243,0.63243,0.028,-1.84079,3.04716,0.00136,-0.00365,600.0,46.289
378,12.6351,Twilight 19:00,3.0,1,0.028,-0.82794,2.63123,0.63123,0.028,-1.82794,3.15718,-0.00027,0.00088,625.0,46.207
379,12.6685,Twilight 19:00,3.0,1,0.028,-0.81669,2.63247,0.63247,0.028,-1.81669,3.04509,0.00138,-0.00379,600.0,46.286
380,12.7019,Twilight 19:00,3.0,1,0.028,-0.80382,2.63121,0.63121,0.028,-1.80382,3.15764,-0.00028,0.00094,625.0,46.254
381,12.7354,Twilight 19:00,3.0,1,0.028,-0.78774,2.6312,0.6312,0.028,-1.78774,3.15796,-0.00028,0.00098,625.0,46.241
382,12.7688,Twilight 19:00,3.0,1,0.028,-0.77651,2.63254,0.63254,0.028,-1.77651,3.04145,0.00142,-0.00405,600.0,46.292
383,12.8022,Twilight 19:00,3.0,1,0.028,-0.76362,2.63119,0.63119,0.028,-1.76362,3.15847,-0.00029,0.00104,625.0,46.21
384,12.8357,Twilight 19:00,3.0,1,0.028,-0.7524,2.63259,0.63259,0.028,-1.7524,3.03916,0.00144,-0.00421,600.0,46.281
385,12.8691,Twilight 19:00,3.0,1,0.028,-0.73633,2.63262,0.63262,0.028,-1.73633,3.03757,0.00146,-0.00432,600.0,46.28
386,12.9025,Twilight 19:00,3.0,1,0.028,-0.71222,2.63267,0.63267,0.028,-1.71222,3.03512,0.00148,-0.0045,600.0,46.298
387,12.9359,Twilight 19:00,3.0,1,0.028,-0.69929,2.63113,0.63113,0.028,-1.69929,3.15997,-0.00032,0.00126,625.0,46.247
388,12.9694,Twilight 19:00,3.0,1,0.028,-0.69929,2.63113,0.63113,0.028,-1.69929,3.15997,-0.00032,0.00126,625.0,46.247
389,13.0028,Twilight 19:00,3.0,1,0.028,-0.68321,2.63112,0.63112,0.028,-1.68321,3.16039,-0.00033,0.00132,625.0,46.26
390,13.0362,Twilight 19:00,3.0,1,0.028,-0.65908,2.63109,0.63109,0.028,-1.65908,3.16106,-0.00034,0.00143,625.0,46.206
391,13.0696,Twilight 19:00,3.0,1,0.028,-0.65908,2.63109,0.63109,0.028,-1.65908,3.16106,-0.00034,0.00143,625.0,46.206
392,13.1031,Twilight 19:00,3.0,1,0.028,-0.63496,2.63107,0.63107,0.028,-1.63496,3.16177,-0.00036,0.00155,625.0,46.267
393,13.1365,Twilight 19:00,3.0,1,0.028,-0.61887,2.63104,0.63104,0.028,-1.61887,3.16227,-0.00037,0.00163,625.0,46.227
394,13.1699,Twilight 19:00,3.0,1,0.028,-0.60776,2.63292,0.63292,0.028,-1.60776,3.02326,0.00158,-0.00537,600.0,46.295
395,13.2033,Twilight 19:00,3.0,1,0.028,-0.60776,2.63292,0.63292,0.028,-1.60776,3.02326,0.00158,-0.00537,600.0,46.295
396,13.2368,Twilight 19:00,3.0,1,0.028,-0.58365,2.63298,0.63298,0.028,-1.58365,3.02021,0.00161,-0.0056,600.0,46.275
397,13.2702,Twilight 19:00,3.0,1,0.028,-0.56758,2.63303,0.63303,0.028,-1.56758,3.0181,0.00162,-0.00576,600.0,46.287
398,13.3036,Twilight 19:00,3.0,1,0.028,-0.56758,2.63303,0.63303,0.028,-1.56758,3.0181,0.00162,-0.00576,600.0,46.287
399,13.337,Twilight 19:00,3.0,1,0.028,-0.54347,2.6331,0.6331,0.028,-1.54347,3.01482,0.00165,-0.00601,600.0,46.293
400,13.3705,Twilight 19:00,3.0,1,0.028,-0.53041,2.63089,0.63089,0.028,-1.53041,3.1655,-0.00043,0.0023,625.0,46.245
401,13.4039,Twilight 19:00,3.0,1,0.028,-0.51432,2.63085,0.63085,0.028,-1.51432,3.16618,-0.00045,0.00246,625.0,46.242
402,13.4373,Twilight 19:00,3.0,1,0.028,-0.5033,2.63323,0.63323,0.028,-1.5033,3.00903,0.00169,-0.00646,600.0,46.288
403,13.4708,Twilight 19:00,3.0,1,0.028,-0.49019,2.63078,0.63078,0.028,-1.49019,3.16728,-0.00047,0.00274,625.0,46.183
404,13.5042,Twilight 19:00,3.0,1,0.028,-0.47919,2.63331,0.63331,0.028,-1.47919,3.00536,0.00171,-0.00674,600.0,46.271
405,13.5376,Twilight 19:00,3.0,1,0.02756,-0.46335,2.62457,0.62457,0.02756,-1.46335,-3.21453,0.00151,0.1584,612.5,46.266
406,13.571,Twilight 19:00,3.0,1,0.02756,-0.46335,2.62457,0.62457,0.02756,-1.46335,-3.21453,0.00151,0.1584,612.5,46.266
407,13.6045,Twilight 19:00,3.0,1,0.028,-0.43901,2.63345,0.63345,0.028,-1.43901,2.99886,0.00175,-0.00724,600.0,46.27
408,13.6379,Twilight 19:00,3.0,1,0.028,-0.42584,2.63054,0.63054,0.028,-1.42584,3.17062,-0.00055,0.00381,625.0,46.201
409,13.6713,Twilight 19:00,3.0,1,0.028,-0.40975,2.63046,0.63046,0.028,-1.40975,3.17155,-0.00058,0.00418,625.0,46.241
410,13.7047,Twilight 19:00,3.0,1,0.028,-0.39883,2.63361,0.63361,0.028,-1.39883,2.99187,0.00179,-0.00778,600.0,46.259
411,13.7382,Twilight 19:00,3.0,1,0.028,-0.38561,2.63031,0.63031,0.028,-1.38561,3.17301,-0.00062,0.00485,625.0,46.176
412,13.7716,Twilight 19:00,3.0,1,0.028,-0.37472,2.63371,0.63371,0.028,-1.37472,2.98742,0.00181,-0.00812,600.0,46.252
413,13.805,Twilight 19:00,3.0,1,0.028,-0.37472,2.63371,0.63371,0.028,-1.37472,2.98742,0.00181,-0.00812,600.0,46.252
414,13.8384,Twilight 19:00,3.0,1,0.028,-0.34538,2.62999,0.62999,0.028,-1.34538,3.17552,-0.00071,0.00641,625.0,46.186
415,13.8719,Twilight 19:00,3.0,1,0.028,-0.33454,2.63389,0.63389,0.028,-1.33454,2.97956,0.00185,-0.00872,600.0,46.24
416,13.9053,Twilight 19:00,3.0,1,0.028,-0.32124,2.62974,0.62974,0.028,-1.32124,3.17698,-0.00077,0.00778,625.0,46.161
417,13.9387,Twilight 19:00,3.0,1,0.028,-0.31043,2.634,0.634,0.028,-1.31043,2.97455,0.00187,-0.0091,600.0,46.217
418,13.9721,Twilight 19:00,3.0,1,0.028,-0.29436,2.63408,0.63408,0.028,-1.29436,2.97108,0.00188,-0.00936,600.0,46.214
419,14.0056,Twilight 19:00,3.0,1,0.028,-0.281,2.62916,0.62916,0.028,-1.281,3.17896,-0.00092,0.01133,625.0,46.129
420,14.039,Twilight 19:00,3.0,1,0.028,-0.27025,2.6342,0.6342,0.028,-1.27025,2.96569,0.0019,-0.00976,600.0,46.22
421,14.0724,Twilight 19:00,3.0,1,0.02801,-0.25685,2.62871,0.62871,0.02801,-1.25685,3.17958,-0.00104,0.01481,625.0,46.162
422,14.1058,Twilight 19:00,3.0,1,0.02801,-0.24076,2.62836,0.62836,0.02801,-1.24076,3.17963,-0.00115,0.01808,625.0,46.173
423,14.1393,Twilight 19:00,3.0,1,0.028,-0.23006,2.63441,0.63441,0.028,-1.23006,2.95617,0.00193,-0.01046,600.0,46.207
424,14.1727,Twilight 19:00,3.0,1,0.02802,-0.21662,2.62773,0.62773,0.02802,-1.21662,3.17903,-0.00135,0.02509,625.0,46.119
425,14.2061,Twilight 19:00,3.0,1,0.028,-0.20595,2.63455,0.63455,0.028,-1.20595,2.95011,0.00194,-0.01089,600.0,46.191
426,14.2396,Twilight 19:00,3.0,1,0.02804,-0.19248,2.62696,0.62696,0.02804,-1.19248,3.17759,-0.0016,0.03535,625.0,46.165
427,14.273,Twilight 19:00,3.0,1,0.02805,-0.1764,2.62637,0.62637,0.02805,-1.1764,3.17614,-0.00176,0.04376,625.0,46.122
428,14.3064,Twilight 19:00,3.0,1,0.02801,-0.16576,2.63478,0.63478,0.02801,-1.16576,2.9394,0.00196,-0.01164,600.0,46.179
429,14.3398,Twilight 19:00,3.0,1,0.02807,-0.15228,2.6254,0.6254,0.02807,-1.15228,3.17321,-0.00192,0.05692,625.0,46.104
430,14.3733,Twilight 19:00,3.0,1,0.02808,-0.13621,2.62475,0.62475,0.02808,-1.13621,3.17074,-0.00194,0.065,625.0,46.144
431,14.4067,Twilight 19:00,3.0,1,0.02801,-0.12556,2.63503,0.63503,0.02801,-1.12556,2.92792,0.00197,-0.01241,600.0,46.152
432,14.4401,Twilight 19:00,3.0,1,0.0281,-0.11213,2.62384,0.62384,0.0281,-1.11213,3.16635,-0.00182,0.07527,625.0,46.079
433,14.4735,Twilight 19:00,3.0,1,0.02801,-0.10144,2.63518,0.63518,0.02801,-1.10144,2.92063,0.00198,-0.01288,600.0,46.157
434,14.507,Twilight 19:00,3.0,1,0.02811,-0.08807,2.62307,0.62307,0.02811,-1.08807,3.16131,-0.00157,0.08316,625.0,46.105
435,14.5404,Twilight 19:00,3.0,1,0.02812,-0.07205,2.62264,0.62264,0.02812,-1.07205,3.15769,-0.00134,0.08719,625.0,46.114
436,14.5738,Twilight 19:00,3.0,1,0.02801,-0.06124,2.63544,0.63544,0.02801,-1.06124,2.90781,0.00198,-0.01367,600.0,46.169
437,14.6072,Twilight 19:00,3.0,1,0.02812,-0.04802,2.62215,0.62215,0.02812,-1.04802,3.15199,-0.00094,0.09155,625.0,46.094
438,14.6407,Twilight 19:00,3.0,1,0.02801,-0.03712,2.6356,0.6356,0.02801,-1.03712,2.89971,0.00198,-0.01415,600.0,46.172
439,14.6741,Twilight 19:00,3.0,1,0.02813,-0.02401,2.62186,0.62186,0.02813,-1.02401,3.14611,-0.00048,0.09401,625.0,46.176
440,14.7075,Twilight 19:00,3.0,1,0.02801,-0.01299,2.63576,0.63576,0.02801,-1.01299,2.89128,0.00197,-0.01463,600.0,46.194
441,14.7409,Twilight 19:00,3.0,1,0.02801,-0.01299,2.63576,0.63576,0.02801,-1.01299,2.89128,0.00197,-0.01463,600.0,46.194
442,14.7744,Twilight 19:00,3.0,1,0.02801,-0.01299,2.63576,0.63576,0.02801,-1.01299,2.89128,0.00197,-0.01463,600.0,46.194
443,14.8078,Twilight 19:00,3.0,1,0.02801,-0.01299,2.63576,0.63576,0.02801,-1.01299,2.89128,0.00197,-0.01463,600.0,46.194
444,14.8412,Twilight 19:00,3.0,1,0.02801,-0.01299,2.63576,0.63576,0.02801,-1.01299,2.89128,0.00197,-0.01463,600.0,46.194
445,14.8747,Twilight 19:00,3.0,1,0.02801,-0.01299,2.63576,0.63576,0.02801,-1.01299,2.89128,0.00197,-0.01463,600.0,46.194
446,14.9081,Twilight 19:00,3.0,1,0.02801,-0.01299,2.63576,0.63576,0.02801,-1.01299,2.89128,0.00197,-0.01463,600.0,46.194
447,14.9415,Twilight 19:00,3.0,1,0.02801,-0.01299,2.63576,0.63576,0.02801,-1.01299,2.89128,0.00197,-0.01463,600.0,46.194
448,14.9749,Twilight 19:00,3.0,1,0.02801,-0.01299,2.63576,0.63576,0.02801,-1.01299,2.89128,0.00197,-0.01463,600.0,46.194
449,15.0084,Twilight 19:00,3.0,1,0.02801,-0.01299,2.63576,0.63576,0.02801,-1.01299,2.89128,0.00197,-0.01463,600.0,46.194
450,15.0418,Twilight 19:00,3.0,1,0.02801,-0.01299,2.63576,0.63576,0.02801,-1.01299,2.89128,0.00197,-0.01463,600.0,46.194
451,15.0752,Twilight 19:00,3.0,1,0.02801,-0.01299,2.63576,0.63576,0.02801,-1.01299,2.89128,0.00197,-0.01463,600.0,46.194
452,15.1086,Twilight 19:00,3.0,1,0.02801,-0.01299,2.63576,0.63576,0.02801,-1.01299,2.89128,0.00197,-0.01463,600.0,46.194
453,15.1421,Twilight 19:00,3.0,1,0.02801,-0.01299,2.63576,0.63576,0.02801,-1.01299,2.89128,0.00197,-0.01463,600.0,46.194
454,15.1755,Twilight 19:00,3.0,1,0.02801,-0.01299,2.63576,0.63576,0.02801,-1.01299,2.89128,0.00197,-0.01463,600.0,46.194
455,15.2089,Twilight 19:00,3.0,1,0.02801,-0.01299,2.63576,0.63576,0.02801,-1.01299,2.89128,0.00197,-0.01463,600.0,46.194
456,15.2423,Twilight 19:00,3.0,1,0.02801,-0.01299,2.63576,0.63576,0.02801,-1.01299,2.89128,0.00197,-0.01463,600.0,46.194
457,15.2758,Twilight 19:00,3.0,1,0.02801,-0.01299,2.63576,0.63576,0.02801,-1.01299,2.89128,0.00197,-0.01463,600.0,46.194
458,15.3092,Twilight 19:00,3.0,1,0.02801,-0.01299,2.63576,0.63576,0.02801,-1.01299,2.89128,0.00197,-0.01463,600.0,46.194
459,15.3426,Twilight 19:00,3.0,1,0.02801,-0.01299,2.63576,0.63576,0.02801,-1.01299,2.89128,0.00197,-0.01463,600.0,46.194
460,15.376,Twilight 19:00,3.0,1,0.02801,-0.01299,2.63576,0.63576,0.02801,-1.01299,2.89128,0.00197,-0.01463,600.0,46.194
461,15.4095,Twilight 19:00,3.0,1,0.02801,-0.01299,2.63576,0.63576,0.02801,-1.01299,2.89128,0.00197,-0.01463,600.0,46.194
462,15.4429,Twilight 19:00,3.0,1,0.02801,-0.01299,2.63576,0.63576,0.02801,-1.01299,2.89128,0.00197,-0.01463,600.0,46.194
463,15.4763,Twilight 19:00,3.0,1,0.02801,-0.01299,2.63576,0.63576,0.02801,-1.01299,2.89128,0.00197,-0.01463,600.0,46.194
464,15.5097,Twilight 19:00,3.0,1,0.02801,-0.01299,2.63576,0.63576,0.02801,-1.01299,2.89128,0.00197,-0.01463,600.0,46.194
465,15.5432,Twilight 19:00,3.0,1,0.02801,-0.01299,2.63576,0.63576,0.02801,-1.01299,2.89128,0.00197,-0.01463,600.0,46.194
466,15.5766,Twilight 19:00,3.0,1,0.02801,-0.01299,2.63576,0.63576,0.02801,-1.01299,2.89128,0.00197,-0.01463,600.0,46.194
467,15.61,Twilight 19:00,3.0,1,0.02801,-0.01299,2.63576,0.63576,0.02801,-1.01299,2.89128,0.00197,-0.01463,600.0,46.194
468,15.6435,Twilight 19:00,3.0,1,0.02801,-0.01299,2.63576,0.63576,0.02801,-1.01299,2.89128,0.00197,-0.01463,600.0,46.194
469,15.6769,Twilight 19:00,3.0,1,0.02801,-0.01299,2.63576,0.63576,0.02801,-1.01299,2.89128,0.00197,-0.01463,600.0,46.194
470,15.7103,Twilight 19:00,3.0,1,0.02801,-0.01299,2.63576,0.63576,0.02801,-1.01299,2.89128,0.00197,-0.01463,600.0,46.194
471,15.7437,Twilight 19:00,3.0,1,0.02801,-0.01299,2.63576,0.63576,0.02801,-1.01299,2.89128,0.00197,-0.01463,600.0,46.194
472,15.7772,Twilight 19:00,3.0,1,0.02801,-0.01299,2.63576,0.63576,0.02801,-1.01299,2.89128,0.00197,-0.01463,600.0,46.194
473,15.8106,Twilight 19:00,3.0,1,0.02801,-0.01299,2.63576,0.63576,0.02801,-1.01299,2.89128,0.00197,-0.01463,600.0,46.194
474,15.844,Twilight 19:00,3.0,1,0.02801,-0.01299,2.63576,0.63576,0.02801,-1.01299,2.89128,0.00197,-0.01463,600.0,46.194
475,15.8774,Twilight 19:00,3.0,1,0.02801,-0.01299,2.63576,0.63576,0.02801,-1.01299,2.89128,0.00197,-0.01463,600.0,46.194
476,15.9109,Twilight 19:00,3.0,1,0.02801,-0.01299,2.63576,0.63576,0.02801,-1.01299,2.89128,0.00197,-0.01463,600.0,46.194
477,15.9443,Twilight 19:00,3.0,1,0.02801,-0.01299,2.63576,0.63576,0.02801,-1.01299,2.89128,0.00197,-0.01463,600.0,46.194
478,15.9777,Twilight 19:00,3.0,1,0.02801,-0.01299,2.63576,0.63576,0.02801,-1.01299,2.89128,0.00197,-0.01463,600.0,46.194
479,16.0111,Twilight 19:00,3.0,1,0.02801,-0.01299,2.63576,0.63576,0.02801,-1.01299,2.89128,0.00197,-0.01463,600.0,46.194
480,16.0446,Twilight 19:00,3.0,1,0.02801,-0.01299,2.63576,0.63576,0.02801,-1.01299,2.89128,0.00197,-0.01463,600.0,46.194
481,16.078,Twilight 19:00,3.0,1,0.02801,-0.01299,2.63576,0.63576,0.02801,-1.01299,2.89128,0.00197,-0.01463,600.0,46.194
482,16.1114,Twilight 19:00,3.0,1,0.02801,-0.01299,2.63576,0.63576,0.02801,-1.01299,2.89128,0.00197,-0.01463,600.0,46.194
483,16.1448,Twilight 19:00,3.0,1,0.02801,-0.01299,2.63576,0.63576,0.02801,-1.01299,2.89128,0.00197,-0.01463,600.0,46.194
484,16.1783,Twilight 19:00,3.0,1,0.02801,-0.01299,2.63576,0.63576,0.02801,-1.01299,2.89128,0.00197,-0.01463,600.0,46.194
485,16.2117,Twilight 19:00,3.0,1,0.02801,-0.01299,2.63576,0.63576,0.02801,-1.01299,2.89128,0.00197,-0.01463,600.0,46.194
486,16.2451,Twilight 19:00,3.0,1,0.02801,-0.01299,2.63576,0.63576,0.02801,-1.01299,2.89128,0.00197,-0.01463,600.0,46.194
487,16.2786,Twilight 19:00,3.0,1,0.02801,-0.01299,2.63576,0.63576,0.02801,-1.01299,2.89128,0.00197,-0.01463,600.0,46.194
488,16.312,Twilight 19:00,3.0,1,0.02801,-0.01299,2.63576,0.63576,0.02801,-1.01299,2.89128,0.00197,-0.01463,600.0,46.194
489,16.3454,Twilight 19:00,3.0,1,0.02801,-0.01299,2.63576,0.63576,0.02801,-1.01299,2.89128,0.00197,-0.01463,600.0,46.194
490,16.3788,Twilight 19:00,3.0,1,0.02801,-0.01299,2.63576,0.63576,0.02801,-1.01299,2.89128,0.00197,-0.01463,600.0,46.194
491,16.4123,Twilight 19:00,3.0,1,0.02801,-0.01299,2.63576,0.63576,0.02801,-1.01299,2.89128,0.00197,-0.01463,600.0,46.194
492,16.4457,Twilight 19:00,3.0,1,0.02801,-0.01299,2.63576,0.63576,0.02801,-1.01299,2.89128,0.00197,-0.01463,600.0,46.194
493,16.4791,Twilight 19:00,3.0,1,0.02801,-0.01299,2.63576,0.63576,0.02801,-1.01299,2.89128,0.00197,-0.01463,600.0,46.194
494,16.5125,Twilight 19:00,3.0,1,0.02801,-0.01299,2.63576,0.63576,0.02801,-1.01299,2.89128,0.00197,-0.01463,600.0,46.194
495,16.546,Twilight 19:00,3.0,1,0.02801,-0.01299,2.63576,0.63576,0.02801,-1.01299,2.89128,0.00197,-0.01463,600.0,46.194
496,16.5794,Twilight 19:00,3.0,1,0.02801,-0.01299,2.63576,0.63576,0.02801,-1.01299,2.89128,0.00197,-0.01463,600.0,46.194
497,16.6128,Twilight 19:00,3.0,1,0.02801,-0.01299,2.63576,0.63576,0.02801,-1.01299,2.89128,0.00197,-0.01463,600.0,46.194
498,16.6462,Twilight 19:00,3.0,1,0.02801,-0.01299,2.63576,0.63576,0.02801,-1.01299,2.89128,0.00197,-0.01463,600.0,46.194
499,16.6797,Twilight 19:00,3.0,1,0.02801,-0.01299,2.63576,0.63576,0.02801,-1.01299,2.89128,0.00197,-0.01463,600.0,46.194
500,16.7131,Twilight 19:00,3.0,1,0.02801,-0.01299,2.63576,0.63576,0.02801,-1.01299,2.89128,0.00197,-0.01463,600.0,46.194
501,16.7465,Twilight 19:00,3.0,1,0.02801,-0.01299,2.63576,0.63576,0.02801,-1.01299,2.89128,0.00197,-0.01463,600.0,46.194
502,16.7799,Twilight 19:00,3.0,1,0.02801,-0.01299,2.63576,0.63576,0.02801,-1.01299,2.89128,0.00197,-0.01463,600.0,46.194
503,16.8134,Twilight 19:00,3.0,1,0.02801,-0.01299,2.63576,0.63576,0.02801,-1.01299,2.89128,0.00197,-0.01463,600.0,46.194
504,16.8468,Twilight 19:00,3.0,1,0.02801,-0.01299,2.63576,0.63576,0.02801,-1.01299,2.89128,0.00197,-0.01463,600.0,46.194
505,16.8802,Twilight 19:00,3.0,1,0.02801,-0.01299,2.63576,0.63576,0.02801,-1.01299,2.89128,0.00197,-0.01463,600.0,46.194
506,16.9136,Twilight 19:00,3.0,1,0.02801,-0.01299,2.63576,0.63576,0.02801,-1.01299,2.89128,0.00197,-0.01463,600.0,46.166
507,16.9471,Twilight 19:00,3.0,1,0.02801,-0.01299,2.63576,0.63576,0.02801,-1.01299,2.89128,0.00197,-0.01463,600.0,46.186
508,16.9805,Twilight 19:00,3.0,1,0.03006,-0.0125,2.73174,0.73174,0.03006,-1.0125,3.1137,-0.00107,0.44879,552.0,46.197
509,17.0139,Twilight 19:00,3.0,1,0.03006,-0.0125,2.73174,0.73174,0.03006,-1.0125,3.1137,-0.00107,0.44879,552.0,46.192
510,17.0474,Twilight 19:00,3.0,1,0.03006,-0.0125,2.73174,0.73174,0.03006,-1.0125,3.1137,-0.00107,0.44879,552.0,46.161
511,17.0808,Twilight 19:00,3.0,1,0.03006,-0.0125,2.73174,0.73174,0.03006,-1.0125,3.1137,-0.00107,0.44879,552.0,46.176
512,17.1142,Twilight 19:00,3.0,1,0.03055,-0.0087,2.84925,0.84925,0.03055,-1.0087,3.14202,-0.00017,0.10221,529.0,46.137
513,17.1476,Twilight 19:00,3.0,1,0.03055,-0.0087,2.84925,0.84925,0.03055,-1.0087,3.14202,-0.00017,0.10221,529.0,46.116
514,17.1811,Twilight 19:00,3.0,1,0.03055,-0.0087,2.84925,0.84925,0.03055,-1.0087,3.14202,-0.00017,0.10221,529.0,46.111
515,17.2145,Twilight 19:00,3.0,1,0.03044,-0.01401,2.86432,0.86432,0.03044,-1.01401,2.87613,0.00208,-0.01469,506.0,46.105
516,17.2479,Twilight 19:00,3.0,1,0.03044,-0.01401,2.86432,0.86432,0.03044,-1.01401,2.87613,0.00208,-0.01469,506.0,46.105
517,17.2813,Twilight 19:00,3.0,1,0.02739,-0.01364,2.97858,0.97858,0.02739,-1.01364,3.14303,-0.00027,0.10685,484.0,46.096
518,17.3148,Twilight 19:00,3.0,1,0.02739,-0.01364,2.97858,0.97858,0.02739,-1.01364,3.14303,-0.00027,0.10685,484.0,46.068
519,17.3482,Twilight 19:00,3.0,1,0.02739,-0.01364,2.97858,0.97858,0.02739,-1.01364,3.14303,-0.00027,0.10685,484.0,46.053
520,17.3816,Twilight 19:00,3.0,1,0.02739,-0.01364,2.97858,0.97858,0.02739,-1.01364,3.14303,-0.00027,0.10685,484.0,46.038
521,17.415,Twilight 19:00,3.0,1,0.02739,-0.01364,2.97858,0.97858,0.02739,-1.01364,3.14303,-0.00027,0.10685,484.0,46.062
522,17.4485,Twilight 19:00,3.0,1,0.03135,-0.01182,3.02733,1.02733,0.03135,-1.01182,3.02748,-0.01629,-0.42235,451.5,46.061
523,17.4819,Twilight 19:00,3.0,1,0.03342,-0.00953,3.12008,1.12008,0.03342,-1.00953,3.14189,-0.00018,0.10894,441.0,46.048
524,17.5153,Twilight 19:00,3.0,1,0.03342,-0.00953,3.12008,1.12008,0.03342,-1.00953,3.14189,-0.00018,0.10894,441.0,46.041
525,17.5487,Twilight 19:00,3.0,1,0.03342,-0.00953,3.12008,1.12008,0.03342,-1.00953,3.14189,-0.00018,0.10894,441.0,46.033
526,17.5822,Twilight 19:00,3.0,1,0.03342,-0.00953,3.12008,1.12008,0.03342,-1.00953,3.14189,-0.00018,0.10894,441.0,46.02
527,17.6156,Twilight 19:00,3.0,1,0.02939,-0.00953,3.12098,1.12098,0.02939,-1.00953,3.10696,-0.00076,0.48437,420.0,46.019
528,17.649,Twilight 19:00,3.0,1,0.0301,-0.015,3.27589,1.27589,0.0301,-1.015,3.14295,-0.00028,0.11342,400.0,46.001
529,17.6825,Twilight 19:00,3.0,1,0.0301,-0.015,3.27589,1.27589,0.0301,-1.015,3.14295,-0.00028,0.11342,400.0,45.995
530,17.7159,Twilight 19:00,3.0,1,0.0301,-0.015,3.27589,1.27589,0.0301,-1.015,3.14295,-0.00028,0.11342,400.0,45.986
531,17.7493,Twilight 19:00,3.0,1,0.0301,-0.015,3.27589,1.27589,0.0301,-1.015,3.14295,-0.00028,0.11342,400.0,45.981
532,17.7827,Twilight 19:00,3.0,1,0.0301,-0.015,3.27589,1.27589,0.0301,-1.015,3.14295,-0.00028,0.11342,400.0,45.976
533,17.8162,Twilight 19:00,3.0,1,0.0301,-0.015,3.27589,1.27589,0.0301,-1.015,3.14295,-0.00028,0.11342,400.0,45.975
534,17.8496,Twilight 19:00,3.0,1,0.0301,-0.015,3.27589,1.27589,0.0301,-1.015,3.14295,-0.00028,0.11342,400.0,45.964
535,17.883,Twilight 19:00,3.0,1,0.0301,-0.015,3.27589,1.27589,0.0301,-1.015,3.14295,-0.00028,0.11342,400.0,45.952
536,17.9164,Twilight 19:00,3.0,1,0.03001,-0.0109,3.29294,1.29294,0.03001,-1.0109,2.84902,0.00194,-0.01267,380.0,45.932
537,17.9499,Twilight 19:00,3.0,1,0.03001,-0.0109,3.29294,1.29294,0.03001,-1.0109,2.84902,0.00194,-0.01267,380.0,45.918
538,17.9833,Twilight 19:00,3.0,1,0.02642,-0.01053,3.44807,1.44807,0.02642,-1.01053,3.14173,-0.00019,0.11805,361.0,45.932
539,18.0167,Twilight 19:00,3.0,1,0.02642,-0.01053,3.44807,1.44807,0.02642,-1.01053,3.14173,-0.00019,0.11805,361.0,45.926
540,18.0501,Twilight 19:00,3.0,1,0.02793,-0.01015,3.42925,1.42925,0.02793,-1.01015,-2.99773,0.01981,0.40676,351.5,45.908
541,18.0836,Twilight 19:00,3.0,1,0.03233,-0.01053,3.44882,1.44882,0.03233,-1.01053,3.10282,-0.0008,0.51026,342.0,45.9
542,18.117,Twilight 19:00,3.0,1,0.03233,-0.01053,3.44882,1.44882,0.03233,-1.01053,3.10282,-0.0008,0.51026,342.0,45.908
543,18.1504,Twilight 19:00,3.0,1,0.0334,-0.01667,3.63932,1.63932,0.0334,-1.01667,3.14288,-0.0003,0.11918,324.0,45.916
544,18.1838,Twilight 19:00,3.0,1,0.0334,-0.01667,3.63932,1.63932,0.0334,-1.01667,3.14288,-0.0003,0.11918,324.0,45.924
545,18.2173,Twilight 19:00,3.0,1,0.0334,-0.01667,3.63932,1.63932,0.0334,-1.01667,3.14288,-0.0003,0.11918,324.0,45.917
546,18.2507,Twilight 19:00,3.0,1,0.0334,-0.01667,3.63932,1.63932,0.0334,-1.01667,3.14288,-0.0003,0.11918,324.0,45.899
547,18.2841,Twilight 19:00,3.0,1,0.0334,-0.01667,3.63932,1.63932,0.0334,-1.01667,3.14288,-0.0003,0.11918,324.0,45.884
548,18.3175,Twilight 19:00,3.0,1,0.0334,-0.01667,3.63932,1.63932,0.0334,-1.01667,3.14288,-0.0003,0.11918,324.0,45.868
549,18.351,Twilight 19:00,3.0,1,0.0334,-0.01667,3.63932,1.63932,0.0334,-1.01667,3.14288,-0.0003,0.11918,324.0,45.871
550,18.3844,Twilight 19:00,3.0,1,0.0334,-0.01667,3.63932,1.63932,0.0334,-1.01667,3.14288,-0.0003,0.11918,324.0,45.878
551,18.4178,Twilight 19:00,3.0,1,0.02852,-0.01667,3.64013,1.64013,0.02852,-1.01667,3.10151,-0.00124,0.52708,306.0,45.878
552,18.4513,Twilight 19:00,3.0,1,0.02949,-0.01177,3.85315,1.85315,0.02949,-1.01177,3.14161,-0.0002,0.12359,289.0,45.876
553,18.4847,Twilight 19:00,3.0,1,0.02949,-0.01177,3.85315,1.85315,0.02949,-1.01177,3.14161,-0.0002,0.12359,289.0,45.867
554,18.5181,Twilight 19:00,3.0,1,0.02949,-0.01177,3.85315,1.85315,0.02949,-1.01177,3.14161,-0.0002,0.12359,289.0,45.846
555,18.5515,Twilight 19:00,3.0,1,0.02949,-0.01177,3.85315,1.85315,0.02949,-1.01177,3.14161,-0.0002,0.12359,289.0,45.836
556,18.585,Twilight 19:00,3.0,1,0.02949,-0.01177,3.85315,1.85315,0.02949,-1.01177,3.14161,-0.0002,0.12359,289.0,45.815
557,18.6184,Twilight 19:00,3.0,1,0.02949,-0.01177,3.85315,1.85315,0.02949,-1.01177,3.14161,-0.0002,0.12359,289.0,45.805
558,18.6518,Twilight 19:00,3.0,1,0.02949,-0.01177,3.85315,1.85315,0.02949,-1.01177,3.14161,-0.0002,0.12359,289.0,45.802
559,18.6852,Twilight 19:00,3.0,1,0.02949,-0.01177,3.85315,1.85315,0.02949,-1.01177,3.14161,-0.0002,0.12359,289.0,45.8
560,18.7187,Twilight 19:00,3.0,1,0.02949,-0.01177,3.85315,1.85315,0.02949,-1.01177,3.14161,-0.0002,0.12359,289.0,45.792
561,18.7521,Twilight 19:00,3.0,1,0.02942,-0.01852,3.87293,1.87293,0.02942,-1.01852,2.81981,0.00176,-0.01048,272.0,45.781
562,18.7855,Twilight 19:00,3.0,1,0.02942,-0.01852,3.87293,1.87293,0.02942,-1.01852,2.81981,0.00176,-0.01048,272.0,45.783
563,18.8189,Twilight 19:00,3.0,1,0.02942,-0.01852,3.87293,1.87293,0.02942,-1.01852,2.81981,0.00176,-0.01048,272.0,45.793
564,18.8524,Twilight 19:00,3.0,1,0.02942,-0.01852,3.87293,1.87293,0.02942,-1.01852,2.81981,0.00176,-0.01048,272.0,45.798
565,18.8858,Twilight 19:00,3.0,0,0.0,0.0,0.0,0.0,0.0,0.0,0.0,0.0,0.0,0.0,45.804
566,18.9192,Twilight 19:00,3.0,0,0.0,0.0,0.0,0.0,0.0,0.0,0.0,0.0,0.0,0.0,45.803
567,18.9526,Twilight 19:00,3.0,0,0.0,0.0,0.0,0.0,0.0,0.0,0.0,0.0,0.0,0.0,45.808
568,18.9861,Twilight 19:00,3.0,1,0.03192,-0.01875,4.09444,2.09444,0.03192,-1.01875,3.09587,-0.00131,0.55932,240.0,45.817
569,19.0195,Twilight 19:00,3.0,1,0.03192,-0.01875,4.09444,2.09444,0.03192,-1.01875,3.09587,-0.00131,0.55932,240.0,45.816
570,19.0529,Twilight 19:00,3.0,1,0.03192,-0.01875,4.09444,2.09444,0.03192,-1.01875,3.09587,-0.00131,0.55932,240.0,45.817
571,19.0864,Twilight 19:00,3.0,1,0.03337,-0.01333,4.36631,2.36631,0.03337,-1.01333,3.1415,-0.00021,0.12838,225.0,45.81
572,19.1198,Twilight 19:00,3.0,1,0.03337,-0.01333,4.36631,2.36631,0.03337,-1.01333,3.1415,-0.00021,0.12838,225.0,45.81
573,19.1532,Twilight 19:00,3.0,1,0.03337,-0.01333,4.36631,2.36631,0.03337,-1.01333,3.1415,-0.00021,0.12838,225.0,45.81
574,19.1866,Twilight 19:00,3.0,1,0.03337,-0.01333,4.36631,2.36631,0.03337,-1.01333,3.1415,-0.00021,0.12838,225.0,45.81
575,19.2201,Twilight 19:00,3.0,1,0.03337,-0.01333,4.36631,2.36631,0.03337,-1.01333,3.1415,-0.00021,0.12838,225.0,45.81
576,19.2535,Twilight 19:00,3.0,1,0.03337,-0.01333,4.36631,2.36631,0.03337,-1.01333,3.1415,-0.00021,0.12838,225.0,45.81
577,19.2869,Twilight 19:00,3.0,1,0.03337,-0.01333,4.36631,2.36631,0.03337,-1.01333,3.1415,-0.00021,0.12838,225.0,45.81
578,19.3203,Twilight 19:00,3.0,1,0.03337,-0.01333,4.36631,2.36631,0.03337,-1.01333,3.1415,-0.00021,0.12838,225.0,45.81
579,19.3538,Twilight 19:00,3.0,1,0.03337,-0.01333,4.36631,2.36631,0.03337,-1.01333,3.1415,-0.00021,0.12838,225.0,45.81
580,19.3872,Twilight 19:00,3.0,1,0.03337,-0.01333,4.36631,2.36631,0.03337,-1.01333,3.1415,-0.00021,0.12838,225.0,45.81
581,19.4206,Twilight 19:00,3.0,1,0.03337,-0.01333,4.36631,2.36631,0.03337,-1.01333,3.1415,-0.00021,0.12838,225.0,45.81
582,19.454,Twilight 19:00,3.0,1,0.03337,-0.01333,4.36631,2.36631,0.03337,-1.01333,3.1415,-0.00021,0.12838,225.0,45.81
583,19.4875,Twilight 19:00,3.0,1,0.03337,-0.01333,4.36631,2.36631,0.03337,-1.01333,3.1415,-0.00021,0.12838,225.0,45.81
584,19.5209,Twilight 19:00,3.0,1,0.03337,-0.01333,4.36631,2.36631,0.03337,-1.01333,3.1415,-0.00021,0.12838,225.0,45.81
585,19.5543,Twilight 19:00,3.0,1,0.03337,-0.01333,4.36631,2.36631,0.03337,-1.01333,3.1415,-0.00021,0.12838,225.0,45.81
586,19.5877,Twilight 19:00,3.0,1,0.03337,-0.01333,4.36631,2.36631,0.03337,-1.01333,3.1415,-0.00021,0.12838,225.0,45.81
587,19.6212,Twilight 19:00,3.0,1,0.03337,-0.01333,4.36631,2.36631,0.03337,-1.01333,3.1415,-0.00021,0.12838,225.0,45.81
588,19.6546,Twilight 19:00,3.0,1,0.03337,-0.01333,4.36631,2.36631,0.03337,-1.01333,3.1415,-0.00021,0.12838,225.0,45.81
589,19.688,Twilight 19:00,3.0,1,0.03337,-0.01333,4.36631,2.36631,0.03337,-1.01333,3.1415,-0.00021,0.12838,225.0,45.81
590,19.7214,Twilight 19:00,3.0,1,0.03337,-0.01333,4.36631,2.36631,0.03337,-1.01333,3.1415,-0.00021,0.12838,225.0,45.81
591,19.7549,Twilight 19:00,3.0,1,0.03337,-0.01333,4.36631,2.36631,0.03337,-1.01333,3.1415,-0.00021,0.12838,225.0,45.81
592,19.7883,Twilight 19:00,3.0,1,0.03337,-0.01333,4.36631,2.36631,0.03337,-1.01333,3.1415,-0.00021,0.12838,225.0,45.81
593,19.8217,Twilight 19:00,3.0,1,0.03337,-0.01333,4.36631,2.36631,0.03337,-1.01333,3.1415,-0.00021,0.12838,225.0,45.81
594,19.8552,Twilight 19:00,3.0,1,0.03337,-0.01333,4.36631,2.36631,0.03337,-1.01333,3.1415,-0.00021,0.12838,225.0,45.81
595,19.8886,Twilight 19:00,3.0,1,0.03337,-0.01333,4.36631,2.36631,0.03337,-1.01333,3.1415,-0.00021,0.12838,225.0,45.81
596,19.922,Twilight 19:00,3.0,1,0.03337,-0.01333,4.36631,2.36631,0.03337,-1.01333,3.1415,-0.00021,0.12838,225.0,45.81
597,19.9554,Twilight 19:00,3.0,1,0.03337,-0.01333,4.36631,2.36631,0.03337,-1.01333,3.1415,-0.00021,0.12838,225.0,45.81
598,19.9889,Twilight 19:00,3.0,1,0.03337,-0.01333,4.36631,2.36631,0.03337,-1.01333,3.1415,-0.00021,0.12838,225.0,45.81
599,20.0223,Twilight 19:00,3.0,1,0.03337,-0.01333,4.36631,2.36631,0.03337,-1.01333,3.1415,-0.00021,0.12838,225.0,45.81
600,20.0557,Twilight 19:00,3.0,1,0.03337,-0.01333,4.36631,2.36631,0.03337,-1.01333,3.1415,-0.00021,0.12838,225.0,45.81
601,20.0891,Twilight 19:00,3.0,1,0.03337,-0.01333,4.36631,2.36631,0.03337,-1.01333,3.1415,-0.00021,0.12838,225.0,45.81
602,20.1226,Twilight 19:00,3.0,1,0.03337,-0.01333,4.36631,2.36631,0.03337,-1.01333,3.1415,-0.00021,0.12838,225.0,45.81
603,20.156,Twilight 19:00,3.0,1,0.03337,-0.01333,4.36631,2.36631,0.03337,-1.01333,3.1415,-0.00021,0.12838,225.0,45.81
604,20.1894,Twilight 19:00,3.0,1,0.03337,-0.01333,4.36631,2.36631,0.03337,-1.01333,3.1415,-0.00021,0.12838,225.0,45.81
605,20.2228,Twilight 19:00,3.0,1,0.03337,-0.01333,4.36631,2.36631,0.03337,-1.01333,3.1415,-0.00021,0.12838,225.0,45.81
606,20.2563,Twilight 19:00,3.0,1,0.03337,-0.01333,4.36631,2.36631,0.03337,-1.01333,3.1415,-0.00021,0.12838,225.0,45.81
607,20.2897,Twilight 19:00,3.0,1,0.03337,-0.01333,4.36631,2.36631,0.03337,-1.01333,3.1415,-0.00021,0.12838,225.0,45.81
608,20.3231,Twilight 19:00,3.0,1,0.03337,-0.01333,4.36631,2.36631,0.03337,-1.01333,3.1415,-0.00021,0.12838,225.0,45.81
609,20.3565,Twilight 19:00,3.0,1,0.03337,-0.01333,4.36631,2.36631,0.03337,-1.01333,3.1415,-0.00021,0.12838,225.0,45.81
610,20.39,Twilight 19:00,3.0,1,0.03337,-0.01333,4.36631,2.36631,0.03337,-1.01333,3.1415,-0.00021,0.12838,225.0,45.81
611,20.4234,Twilight 19:00,3.0,1,0.03337,-0.01333,4.36631,2.36631,0.03337,-1.01333,3.1415,-0.00021,0.12838,225.0,45.81
612,20.4568,Twilight 19:00,3.0,1,0.03337,-0.01333,4.36631,2.36631,0.03337,-1.01333,3.1415,-0.00021,0.12838,225.0,45.81
613,20.4903,Twilight 19:00,3.0,1,0.03337,-0.01333,4.36631,2.36631,0.03337,-1.01333,3.1415,-0.00021,0.12838,225.0,45.81
614,20.5237,Twilight 19:00,3.0,1,0.03337,-0.01333,4.36631,2.36631,0.03337,-1.01333,3.1415,-0.00021,0.12838,225.0,45.81
615,20.5571,Twilight 19:00,3.0,1,0.03337,-0.01333,4.36631,2.36631,0.03337,-1.01333,3.1415,-0.00021,0.12838,225.0,45.81
616,20.5905,Twilight 19:00,3.0,1,0.03337,-0.01333,4.36631,2.36631,0.03337,-1.01333,3.1415,-0.00021,0.12838,225.0,45.81
617,20.624,Twilight 19:00,3.0,1,0.03337,-0.01333,4.36631,2.36631,0.03337,-1.01333,3.1415,-0.00021,0.12838,225.0,45.81
618,20.6574,Twilight 19:00,3.0,1,0.03337,-0.01333,4.36631,2.36631,0.03337,-1.01333,3.1415,-0.00021,0.12838,225.0,45.81
619,20.6908,Twilight 19:00,3.0,1,0.03337,-0.01333,4.36631,2.36631,0.03337,-1.01333,3.1415,-0.00021,0.12838,225.0,45.81
620,20.7242,Twilight 19:00,3.0,1,0.03337,-0.01333,4.36631,2.36631,0.03337,-1.01333,3.1415,-0.00021,0.12838,225.0,45.81
621,20.7577,Twilight 19:00,3.0,1,0.03337,-0.01333,4.36631,2.36631,0.03337,-1.01333,3.1415,-0.00021,0.12838,225.0,45.81
622,20.7911,Twilight 19:00,3.0,1,0.03337,-0.01333,4.36631,2.36631,0.03337,-1.01333,3.1415,-0.00021,0.12838,225.0,45.81
623,20.8245,Twilight 19:00,3.0,1,0.03337,-0.01333,4.36631,2.36631,0.03337,-1.01333,3.1415,-0.00021,0.12838,225.0,45.81
624,20.8579,Twilight 19:00,3.0,1,0.03337,-0.01333,4.36631,2.36631,0.03337,-1.01333,3.1415,-0.00021,0.12838,225.0,45.81
625,20.8914,Twilight 19:00,3.0,1,0.03337,-0.01333,4.36631,2.36631,0.03337,-1.01333,3.1415,-0.00021,0.12838,225.0,45.81
626,20.9248,Twilight 19:00,3.0,1,0.03337,-0.01333,4.36631,2.36631,0.03337,-1.01333,3.1415,-0.00021,0.12838,225.0,45.81
627,20.9582,Twilight 19:00,3.0,1,0.03337,-0.01333,4.36631,2.36631,0.03337,-1.01333,3.1415,-0.00021,0.12838,225.0,45.81
628,20.9916,Twilight 19:00,3.0,1,0.03337,-0.01333,4.36631,2.36631,0.03337,-1.01333,3.1415,-0.00021,0.12838,225.0,45.81
629,21.0251,Twilight 19:00,3.0,1,0.03337,-0.01333,4.36631,2.36631,0.03337,-1.01333,3.1415,-0.00021,0.12838,225.0,45.81
630,21.0585,Twilight 19:00,3.0,1,0.03337,-0.01333,4.36631,2.36631,0.03337,-1.01333,3.1415,-0.00021,0.12838,225.0,45.81
631,21.0919,Twilight 19:00,3.0,1,0.03337,-0.01333,4.36631,2.36631,0.03337,-1.01333,3.1415,-0.00021,0.12838,225.0,45.81
632,21.1253,Twilight 19:00,3.0,1,0.03337,-0.01333,4.36631,2.36631,0.03337,-1.01333,3.1415,-0.00021,0.12838,225.0,45.81
633,21.1588,Twilight 19:00,3.0,1,0.03337,-0.01333,4.36631,2.36631,0.03337,-1.01333,3.1415,-0.00021,0.12838,225.0,45.81
634,21.1922,Twilight 19:00,3.0,1,0.03337,-0.01333,4.36631,2.36631,0.03337,-1.01333,3.1415,-0.00021,0.12838,225.0,45.81
635,21.2256,Twilight 19:00,3.0,1,0.03337,-0.01333,4.36631,2.36631,0.03337,-1.01333,3.1415,-0.00021,0.12838,225.0,45.81
636,21.2591,Twilight 19:00,3.0,1,0.0125,-0.01333,4.11457,2.11457,0.0125,-1.01333,2.80647,0.00073,-0.0042,240.0,45.754
637,21.2925,Twilight 19:00,3.0,1,-0.0125,-0.01333,4.11457,2.11457,-0.0125,-1.01333,2.80647,-0.00073,0.0042,240.0,45.764
638,21.3259,Twilight 19:00,3.0,0,0.0,0.0,0.0,0.0,0.0,0.0,0.0,0.0,0.0,0.0,45.809
639,21.3593,Twilight 19:00,3.0,1,-0.05404,-0.01346,4.20509,2.20509,-0.05404,-1.01346,2.86073,-0.02612,0.19055,232.5,45.779
640,21.3928,Twilight 19:00,3.0,1,-0.07502,-0.01333,4.11523,2.11523,-0.07502,-1.01333,2.80683,-0.00437,0.0252,240.0,45.753
641,21.4262,Twilight 19:00,3.0,1,-0.10004,-0.01333,4.11576,2.11576,-0.10004,-1.01333,2.80711,-0.00581,0.0336,240.0,45.764
642,21.4596,Twilight 19:00,3.0,1,-0.12624,-0.01333,4.36581,2.36581,-0.12624,-1.01333,3.14182,0.00021,-0.10534,225.0,45.807
643,21.493,Twilight 19:00,3.0,1,-0.14354,-0.01346,4.20702,2.20702,-0.14354,-1.01346,2.86018,-0.03033,0.2213,232.5,45.778
644,21.5265,Twilight 19:00,3.0,1,-0.16265,-0.01333,4.11775,2.11775,-0.16265,-1.01333,2.80819,-0.00941,0.05461,240.0,45.754
645,21.5599,Twilight 19:00,3.0,1,-0.18772,-0.01333,4.11881,2.11881,-0.18772,-1.01333,2.80876,-0.01083,0.06301,240.0,45.767
646,21.5933,Twilight 19:00,3.0,1,-0.21911,-0.01333,4.3654,2.3654,-0.21911,-1.01333,3.14191,0.00019,-0.08779,225.0,45.806
647,21.6267,Twilight 19:00,3.0,1,-0.22537,-0.01333,4.12068,2.12068,-0.22537,-1.01333,2.80978,-0.01295,0.07562,240.0,45.776
648,21.6602,Twilight 19:00,3.0,1,-0.25049,-0.01334,4.12212,2.12212,-0.25049,-1.01334,2.81057,-0.01435,0.08402,240.0,45.753
649,21.6936,Twilight 19:00,3.0,1,-0.27565,-0.01334,4.12371,2.12371,-0.27565,-1.01334,2.81144,-0.01573,0.09243,240.0,45.766
650,21.727,Twilight 19:00,3.0,1,-0.31197,-0.01333,4.3651,2.3651,-0.31197,-1.01333,3.1419,0.00018,-0.07432,225.0,45.805
651,21.7604,Twilight 19:00,3.0,1,-0.31344,-0.01334,4.12637,2.12637,-0.31344,-1.01334,2.81291,-0.01778,0.10504,240.0,45.776
652,21.7939,Twilight 19:00,3.0,1,-0.33868,-0.01334,4.12833,2.12833,-0.33868,-1.01334,2.814,-0.01912,0.11344,240.0,45.754
653,21.8273,Twilight 19:00,3.0,1,-0.36395,-0.01335,4.13045,2.13045,-0.36395,-1.01335,2.81518,-0.02044,0.12185,240.0,45.769
654,21.8607,Twilight 19:00,3.0,1,-0.40483,-0.01333,4.36488,2.36488,-0.40483,-1.01333,3.14186,0.00016,-0.06387,225.0,45.805
655,21.8942,Twilight 19:00,3.0,1,-0.40194,-0.01335,4.1339,2.1339,-0.40194,-1.01335,2.81713,-0.02239,0.13447,240.0,45.776
656,21.9276,Twilight 19:00,3.0,1,-0.42731,-0.01335,4.13639,2.13639,-0.42731,-1.01335,2.81854,-0.02366,0.14288,240.0,45.751
657,21.961,Twilight 19:00,3.0,1,-0.45274,-0.01336,4.13902,2.13902,-0.45274,-1.01336,2.82004,-0.02491,0.15129,240.0,45.773
658,21.9944,Twilight 19:00,3.0,1,-0.49769,-0.01333,4.36472,2.36472,-0.49769,-1.01333,3.14182,0.00015,-0.05567,225.0,45.804
659,22.0279,Twilight 19:00,3.0,1,-0.49097,-0.01336,4.14326,2.14326,-0.49097,-1.01336,2.82248,-0.02673,0.16391,240.0,45.772
660,22.0613,Twilight 19:00,3.0,1,-0.51652,-0.01337,4.14627,2.14627,-0.51652,-1.01337,2.82423,-0.02791,0.17233,240.0,45.752
661,22.0947,Twilight 19:00,3.0,1,-0.54213,-0.01197,4.14949,2.14949,-0.54213,-1.01197,3.44967,0.03547,0.22501,240.0,45.773
662,22.1281,Twilight 19:00,3.0,1,-0.59055,-0.01333,4.36461,2.36461,-0.59055,-1.01333,3.14178,0.00014,-0.04912,225.0,45.803
663,22.1616,Twilight 19:00,3.0,1,-0.58066,-0.01338,4.15443,2.15443,-0.58066,-1.01338,2.82906,-0.03072,0.19337,240.0,45.769
664,22.195,Twilight 19:00,3.0,1,-0.60642,-0.01338,4.15796,2.15796,-0.60642,-1.01338,2.83118,-0.03179,0.20179,240.0,45.746
665,22.2284,Twilight 19:00,3.0,1,-0.63224,-0.01339,4.16163,2.16163,-0.63224,-1.01339,2.83341,-0.03282,0.21022,240.0,45.769
666,22.2618,Twilight 19:00,3.0,1,-0.68341,-0.01333,4.36452,2.36452,-0.68341,-1.01333,3.14175,0.00012,-0.04383,225.0,45.8
667,22.2953,Twilight 19:00,3.0,1,-0.69099,-0.01282,4.29009,2.29009,-0.69099,-1.01282,3.27909,0.01644,0.32913,240.0,45.764
668,22.3287,Twilight 19:00,3.0,1,-0.69916,-0.01213,4.18383,2.18383,-0.69916,-1.01213,3.41986,0.04109,0.29989,240.0,45.742
669,22.3621,Twilight 19:00,3.0,1,-0.73334,-0.01352,4.25093,2.25093,-0.73334,-1.01352,2.90795,-0.00561,0.03233,232.5,45.773
670,22.3955,Twilight 19:00,3.0,1,-0.77627,-0.01333,4.36446,2.36446,-0.77627,-1.01333,3.14172,0.00011,-0.03949,225.0,45.798
671,22.429,Twilight 19:00,3.0,1,-0.78189,-0.0131,4.2884,2.2884,-0.78189,-1.0131,3.12901,-0.00039,0.27762,240.0,45.759
672,22.4624,Twilight 19:00,3.0,1,-0.80757,-0.01309,4.28635,2.28635,-0.80757,-1.01309,3.12907,-0.00028,0.2879,240.0,45.739
673,22.4958,Twilight 19:00,3.0,1,-0.82585,-0.01352,4.26165,2.26165,-0.82585,-1.01352,2.91854,-0.0077,0.05025,232.5,45.771
674,22.5292,Twilight 19:00,3.0,1,-0.86914,-0.01333,4.36441,2.36441,-0.86914,-1.01333,3.1417,0.0001,-0.03587,225.0,45.785
675,22.5627,Twilight 19:00,3.0,1,-0.88343,-0.01325,4.33858,2.33858,-0.88343,-1.01325,3.13102,0.00017,0.32941,240.0,45.752
676,22.5961,Twilight 19:00,3.0,1,-0.90971,-0.01325,4.33818,2.33818,-0.90971,-1.01325,3.13065,0.00026,0.33127,240.0,45.734
677,22.6295,Twilight 19:00,3.0,1,-0.93547,-0.01333,4.36438,2.36438,-0.93547,-1.01333,3.14169,0.0001,-0.03365,225.0,45.764
678,22.663,Twilight 19:00,3.0,1,-0.96201,-0.01333,4.36437,2.36437,-0.96201,-1.01333,3.14168,0.0001,-0.03283,225.0,45.776
679,22.6964,Twilight 19:00,3.0,1,-0.97501,-0.01323,4.33548,2.33548,-0.97501,-1.01323,3.13247,0.00077,0.3205,240.0,45.744
680,22.7298,Twilight 19:00,3.0,1,-1.00106,-0.01322,4.33428,2.33428,-1.00106,-1.01322,3.13464,0.00136,0.33519,240.0,45.731
681,22.7632,Twilight 19:00,3.0,1,-1.02834,-0.01333,4.36435,2.36435,-1.02834,-1.01333,3.14168,9e-05,-0.03094,225.0,45.759
682,22.7967,Twilight 19:00,3.0,1,-1.05487,-0.01333,4.36434,2.36434,-1.05487,-1.01333,3.14167,9e-05,-0.03024,225.0,45.769
683,22.8301,Twilight 19:00,3.0,1,-1.06504,-0.01309,4.32696,2.32696,-1.06504,-1.01309,3.17967,0.01054,0.39367,240.0,45.738
684,22.8635,Twilight 19:00,3.0,1,-1.09202,-0.01315,4.3296,2.3296,-1.09202,-1.01315,3.15466,0.00597,0.38317,240.0,45.724
685,22.8969,Twilight 19:00,3.0,1,-1.12121,-0.01333,4.36432,2.36432,-1.12121,-1.01333,3.14166,8e-05,-0.02862,225.0,45.751
686,22.9304,Twilight 19:00,3.0,1,-1.14774,-0.01333,4.36432,2.36432,-1.14774,-1.01333,3.14166,8e-05,-0.02802,225.0,45.762
687,22.9638,Twilight 19:00,3.0,1,-1.15823,-0.01319,4.3313,2.3313,-1.15823,-1.01319,3.13664,0.00333,0.3996,240.0,45.731
688,22.9972,Twilight 19:00,3.0,1,-1.18442,-0.01319,4.33083,2.33083,-1.18442,-1.01319,3.13599,0.00351,0.40741,240.0,45.719
689,23.0306,Twilight 19:00,3.0,1,-1.21408,-0.01333,4.3643,2.3643,-1.21408,-1.01333,3.14165,8e-05,-0.02661,225.0,45.747
690,23.0641,Twilight 19:00,3.0,1,-1.24061,-0.01333,4.3643,2.3643,-1.24061,-1.01333,3.14165,8e-05,-0.02609,225.0,45.756
691,23.0975,Twilight 19:00,3.0,1,-1.25147,-0.0132,4.33526,2.33526,-1.25147,-1.0132,3.13252,0.00383,0.43945,240.0,45.721
692,23.1309,Twilight 19:00,3.0,1,-1.27777,-0.01321,4.33506,2.33506,-1.27777,-1.01321,3.12661,0.00255,0.43031,240.0,45.709
693,23.1643,Twilight 19:00,3.0,1,-1.30695,-0.01333,4.36429,2.36429,-1.30695,-1.01333,3.14165,7e-05,-0.02486,225.0,45.735
694,23.1978,Twilight 19:00,3.0,1,-1.33348,-0.01333,4.36428,2.36428,-1.33348,-1.01333,3.14165,7e-05,-0.0244,225.0,45.742
695,23.2312,Twilight 19:00,3.0,1,-1.35037,-0.0133,4.35669,2.35669,-1.35037,-1.0133,3.11293,0.00017,0.44282,240.0,45.711
696,23.2646,Twilight 19:00,3.0,1,-1.37694,-0.0133,4.35701,2.35701,-1.37694,-1.0133,3.11245,0.00021,0.44485,240.0,45.7
697,23.2981,Twilight 19:00,3.0,1,-1.39982,-0.01333,4.36427,2.36427,-1.39982,-1.01333,3.14164,7e-05,-0.02331,225.0,45.725
698,23.3315,Twilight 19:00,3.0,1,-1.42635,-0.01333,4.36427,2.36427,-1.42635,-1.01333,3.14164,7e-05,-0.0229,225.0,45.733
699,23.3649,Twilight 19:00,3.0,1,-1.43525,-0.01348,4.33327,2.33327,-1.43525,-1.01348,3.0001,-0.02741,0.44386,240.0,45.7
700,23.3983,Twilight 19:00,3.0,1,-1.46416,-0.01346,4.34088,2.34088,-1.46416,-1.01346,3.01847,-0.02348,0.44407,240.0,45.692
701,23.4318,Twilight 19:00,3.0,1,-1.49269,-0.01333,4.36426,2.36426,-1.49269,-1.01333,3.14164,7e-05,-0.02194,225.0,45.716
702,23.4652,Twilight 19:00,3.0,1,-1.51922,-0.01333,4.36426,2.36426,-1.51922,-1.01333,3.14163,6e-05,-0.02158,225.0,45.721
703,23.4986,Twilight 19:00,3.0,1,-1.5354,-0.01336,4.35559,2.35559,-1.5354,-1.01336,3.09082,-0.00676,0.41707,240.0,45.688
704,23.532,Twilight 19:00,3.0,0,0.0,0.0,0.0,0.0,0.0,0.0,0.0,0.0,0.0,0.0,45.688
705,23.5655,Twilight 19:00,3.0,1,-1.54755,-0.05329,4.35246,2.35246,-1.54755,-1.05329,3.07093,-0.01459,0.39508,240.0,45.672
706,23.5989,Twilight 19:00,3.0,1,-1.45539,-0.06875,4.09154,2.09154,-1.45539,-1.06875,3.14213,0.00035,-0.02108,256.0,45.64
707,23.6323,Twilight 19:00,3.0,1,-1.4554,-0.09375,4.09157,2.09157,-1.4554,-1.09375,3.14235,0.00047,-0.02105,256.0,45.652
708,23.6657,Twilight 19:00,3.0,0,0.0,0.0,0.0,0.0,0.0,0.0,0.0,0.0,0.0,0.0,45.681
709,23.6992,Twilight 19:00,3.0,1,-1.54297,-0.14599,4.33941,2.33941,-1.54297,-1.14599,3.04975,-0.02497,0.35153,240.0,45.673
710,23.7326,Twilight 19:00,3.0,1,-1.45545,-0.15626,4.09171,2.09171,-1.45545,-1.15626,3.1429,0.00078,-0.02091,256.0,45.648
711,23.766,Twilight 19:00,3.0,1,-1.45547,-0.18126,4.09178,2.09178,-1.45547,-1.18126,3.14311,0.00091,-0.02084,256.0,45.661
712,23.7994,Twilight 19:00,3.0,0,0.0,0.0,0.0,0.0,0.0,0.0,0.0,0.0,0.0,0.0,45.692
713,23.8329,Twilight 19:00,3.0,1,-1.53834,-0.2381,4.32623,2.32623,-1.53834,-1.2381,3.04125,-0.03097,0.31485,240.0,45.681
714,23.8663,Twilight 19:00,3.0,1,-1.45555,-0.24378,4.092,2.092,-1.45555,-1.24378,3.14364,0.00121,-0.02062,256.0,45.653
715,23.8997,Twilight 19:00,3.0,1,-1.45559,-0.26879,4.09211,2.09211,-1.45559,-1.26879,3.14384,0.00132,-0.02051,256.0,45.666
716,23.9331,Twilight 19:00,3.0,0,0.0,0.0,0.0,0.0,0.0,0.0,0.0,0.0,0.0,0.0,45.695
717,23.9666,Twilight 19:00,3.0,1,-1.5339,-0.32968,4.31362,2.31362,-1.5339,-1.32968,3.03689,-0.03511,0.28468,240.0,45.682
718,24.0,Twilight 19:00,3.0,1,-1.4557,-0.33132,4.09241,2.09241,-1.4557,-1.33132,3.14434,0.00161,-0.0202,256.0,45.658
719,24.0334,Twilight 19:00,3.0,1,-1.45575,-0.35634,4.09255,2.09255,-1.45575,-1.35634,3.14454,0.00172,-0.02006,256.0,45.672
720,24.0669,Twilight 19:00,3.0,1,-1.53087,-0.39479,4.30502,2.30502,-1.53087,-1.39479,3.03514,-0.03735,0.26611,240.0,45.703
721,24.1003,Twilight 19:00,3.0,1,-1.52969,-0.42077,4.30168,2.30168,-1.52969,-1.42077,3.03466,-0.03811,0.25926,240.0,45.685
722,24.1337,Twilight 19:00,3.0,1,-1.45588,-0.4189,4.09292,2.09292,-1.45588,-1.4189,3.145,0.00198,-0.01967,256.0,45.663
723,24.1671,Twilight 19:00,3.0,1,-1.45594,-0.44392,4.09308,2.09308,-1.45594,-1.44392,3.14518,0.00208,-0.01951,256.0,45.677
724,24.2006,Twilight 19:00,3.0,1,-1.52683,-0.48557,4.29357,2.29357,-1.52683,-1.48557,3.03389,-0.03977,0.24332,240.0,45.702
725,24.234,Twilight 19:00,3.0,1,-1.52572,-0.51143,4.29043,2.29043,-1.52572,-1.51143,3.03372,-0.04034,0.23739,240.0,45.689
726,24.2674,Twilight 19:00,3.0,1,-1.45609,-0.5065,4.09351,2.09351,-1.45609,-1.5065,3.1456,0.00232,-0.01906,256.0,45.666
727,24.3008,Twilight 19:00,3.0,1,-1.45615,-0.53154,4.0937,2.0937,-1.45615,-1.53154,3.14576,0.00241,-0.01887,256.0,45.682
728,24.3343,Twilight 19:00,3.0,1,-1.52304,-0.57595,4.28282,2.28282,-1.52304,-1.57595,3.03359,-0.04156,0.2235,240.0,45.706
729,24.3677,Twilight 19:00,3.0,1,-1.522,-0.60171,4.27987,2.27987,-1.522,-1.60171,3.03363,-0.04198,0.2183,240.0,45.69
730,24.4011,Twilight 19:00,3.0,1,-1.45632,-0.59414,4.09418,2.09418,-1.45632,-1.59414,3.14614,0.00262,-0.01838,256.0,45.668
731,24.4345,Twilight 19:00,3.0,1,-1.45639,-0.61919,4.09437,2.09437,-1.45639,-1.61919,3.14628,0.0027,-0.01817,256.0,45.683
732,24.468,Twilight 19:00,3.0,1,-1.51948,-0.66598,4.27273,2.27273,-1.51948,-1.66598,3.03394,-0.04287,0.20605,240.0,45.708
733,24.5014,Twilight 19:00,3.0,1,-1.4674,-0.66467,4.12947,2.12947,-1.4674,-1.66467,-2.58242,-0.00339,-0.90485,248.0,45.69
734,24.5348,Twilight 19:00,3.0,1,-1.45658,-0.68182,4.09489,2.09489,-1.45658,-1.68182,3.14662,0.00289,-0.01764,256.0,45.667
735,24.5682,Twilight 19:00,3.0,1,-1.45665,-0.70687,4.0951,2.0951,-1.45665,-1.70687,3.14674,0.00296,-0.01743,256.0,45.682
736,24.6017,Twilight 19:00,3.0,1,-1.51614,-0.75568,4.26329,2.26329,-1.51614,-1.75568,3.03476,-0.0438,0.19055,240.0,45.707
737,24.6351,Twilight 19:00,3.0,1,-1.45676,-0.74447,4.09542,2.09542,-1.45676,-1.74447,3.14692,0.00306,-0.01709,256.0,45.689
738,24.6685,Twilight 19:00,3.0,1,-1.45684,-0.76953,4.09563,2.09563,-1.45684,-1.76953,3.14703,0.00312,-0.01687,256.0,45.667
739,24.7019,Twilight 19:00,3.0,1,-1.45692,-0.7946,4.09585,2.09585,-1.45692,-1.7946,3.14714,0.00318,-0.01665,256.0,45.682
740,24.7354,Twilight 19:00,3.0,1,-1.51302,-0.8451,4.25444,2.25444,-1.51302,-1.8451,3.03592,-0.04443,0.17668,240.0,45.707
741,24.7688,Twilight 19:00,3.0,1,-1.45703,-0.83221,4.09618,2.09618,-1.45703,-1.83221,3.14729,0.00326,-0.01631,256.0,45.687
742,24.8022,Twilight 19:00,3.0,1,-1.45711,-0.85728,4.0964,2.0964,-1.45711,-1.85728,3.14738,0.00332,-0.01608,256.0,45.664
743,24.8357,Twilight 19:00,3.0,1,-1.45719,-0.88236,4.09662,2.09662,-1.45719,-1.88236,3.14747,0.00336,-0.01585,256.0,45.681
744,24.8691,Twilight 19:00,3.0,1,-1.51009,-0.93427,4.24617,2.24617,-1.51009,-1.93427,3.03731,-0.04482,0.16419,240.0,45.706
745,24.9025,Twilight 19:00,3.0,1,-1.4573,-0.91998,4.09695,2.09695,-1.4573,-1.91998,3.14759,0.00343,-0.01551,256.0,45.685
746,24.9359,Twilight 19:00,3.0,1,-1.45738,-0.94506,4.09717,2.09717,-1.45738,-1.94506,3.14767,0.00347,-0.01528,256.0,45.661
747,24.9694,Twilight 19:00,3.0,1,-1.45746,-0.97015,4.09738,2.09738,-1.45746,-1.97015,3.14774,0.00351,-0.01505,256.0,45.681
748,25.0028,Twilight 19:00,3.0,1,-1.50736,-1.02321,4.23844,2.23844,-1.50736,-2.02321,3.03889,-0.045,0.1529,240.0,45.706
749,25.0362,Twilight 19:00,3.0,1,-1.45757,-1.00778,4.09771,2.09771,-1.45757,-2.00778,3.14784,0.00357,-0.01471,256.0,45.681
750,25.0696,Twilight 19:00,3.0,1,-1.45765,-1.03288,4.09793,2.09793,-1.45765,-2.03288,3.1479,0.0036,-0.01449,256.0,45.659
751,25.1031,Twilight 19:00,3.0,1,-1.45773,-1.05797,4.09814,2.09814,-1.45773,-2.05797,3.14795,0.00363,-0.01426,256.0,45.68
752,25.1365,Twilight 19:00,3.0,1,-1.50481,-1.11195,4.23122,2.23122,-1.50481,-2.11195,3.04059,-0.04502,0.14265,240.0,45.703
753,25.1699,Twilight 19:00,3.0,1,-1.45784,-1.09562,4.09846,2.09846,-1.45784,-2.09562,3.14803,0.00367,-0.01393,256.0,45.677
754,25.2033,Twilight 19:00,3.0,1,-1.45791,-1.12072,4.09867,2.09867,-1.45791,-2.12072,3.14808,0.0037,-0.01371,256.0,45.656
755,25.2368,Twilight 19:00,3.0,1,-1.45799,-1.14582,4.09888,2.09888,-1.45799,-2.14582,3.14812,0.00372,-0.01349,256.0,45.678
756,25.2702,Twilight 19:00,3.0,1,-1.4581,-1.18348,4.09919,2.09919,-1.4581,-2.18348,3.14818,0.00375,-0.01317,256.0,45.667
757,25.3036,Twilight 19:00,3.0,1,-1.4581,-1.18348,4.09919,2.09919,-1.4581,-2.18348,3.14818,0.00375,-0.01317,256.0,45.667
758,25.337,Twilight 19:00,3.0,1,-1.45817,-1.20859,4.09939,2.09939,-1.45817,-2.20859,3.14821,0.00377,-0.01295,256.0,45.654
759,25.3705,Twilight 19:00,3.0,1,-1.5002,-1.28894,4.21817,2.21817,-1.5002,-2.28894,3.04423,-0.04468,0.1248,240.0,45.691
760,25.4039,Twilight 19:00,3.0,1,-1.5002,-1.28894,4.21817,2.21817,-1.5002,-2.28894,3.04423,-0.04468,0.1248,240.0,45.691
761,25.4373,Twilight 19:00,3.0,1,-1.45835,-1.27136,4.09989,2.09989,-1.45835,-2.27136,3.14828,0.00381,-0.01243,256.0,45.662
762,25.4708,Twilight 19:00,3.0,1,-1.49869,-1.35201,4.21392,2.21392,-1.49869,-2.35201,3.04557,-0.04447,0.11916,240.0,45.671
763,25.5042,Twilight 19:00,3.0,1,-1.49869,-1.35201,4.21392,2.21392,-1.49869,-2.35201,3.04557,-0.04447,0.11916,240.0,45.671
764,25.5376,Twilight 19:00,3.0,1,-1.49811,-1.37722,4.21228,2.21228,-1.49811,-2.37722,3.04611,-0.04437,0.117,240.0,45.685
765,25.571,Twilight 19:00,3.0,1,-1.45858,-1.35927,4.10056,2.10056,-1.45858,-2.35927,3.14835,0.00384,-0.01173,256.0,45.655
766,25.6045,Twilight 19:00,3.0,1,-1.45865,-1.38439,4.10075,2.10075,-1.45865,-2.38439,3.14836,0.00385,-0.01153,256.0,45.645
767,25.6379,Twilight 19:00,3.0,1,-1.49671,-1.44021,4.20831,2.20831,-1.49671,-2.44021,3.04747,-0.04409,0.11183,240.0,45.666
768,25.6713,Twilight 19:00,3.0,1,-1.49617,-1.46539,4.20678,2.20678,-1.49617,-2.46539,3.04801,-0.04398,0.10984,240.0,45.679
769,25.7047,Twilight 19:00,3.0,1,-1.45881,-1.44719,4.1012,2.1012,-1.45881,-2.44719,3.14839,0.00386,-0.01106,256.0,45.647
770,25.7382,Twilight 19:00,3.0,0,0.0,0.0,0.0,0.0,0.0,0.0,0.0,0.0,0.0,0.0,45.671
771,25.7716,Twilight 19:00,3.0,0,0.0,0.0,0.0,0.0,0.0,0.0,0.0,0.0,0.0,0.0,45.689
772,25.805,Twilight 19:00,3.0,0,0.0,0.0,0.0,0.0,0.0,0.0,0.0,0.0,0.0,0.0,45.658
773,25.8384,Twilight 19:00,3.0,0,0.0,0.0,0.0,0.0,0.0,0.0,0.0,0.0,0.0,0.0,45.658
774,25.8719,Twilight 19:00,3.0,0,0.0,0.0,0.0,0.0,0.0,0.0,0.0,0.0,0.0,0.0,45.702
775,25.9053,Twilight 19:00,3.0,0,0.0,0.0,0.0,0.0,0.0,0.0,0.0,0.0,0.0,0.0,45.702
776,25.9387,Twilight 19:00,3.0,0,0.0,0.0,0.0,0.0,0.0,0.0,0.0,0.0,0.0,0.0,45.674
777,25.9721,Twilight 19:00,3.0,0,0.0,0.0,0.0,0.0,0.0,0.0,0.0,0.0,0.0,0.0,45.67
778,26.0056,Twilight 19:00,3.0,0,0.0,0.0,0.0,0.0,0.0,0.0,0.0,0.0,0.0,0.0,45.706
779,26.039,Twilight 19:00,3.0,0,0.0,0.0,0.0,0.0,0.0,0.0,0.0,0.0,0.0,0.0,45.716
780,26.0724,Twilight 19:00,3.0,0,0.0,0.0,0.0,0.0,0.0,0.0,0.0,0.0,0.0,0.0,45.686
781,26.1058,Twilight 19:00,3.0,0,0.0,0.0,0.0,0.0,0.0,0.0,0.0,0.0,0.0,0.0,45.68
782,26.1393,Twilight 19:00,3.0,0,0.0,0.0,0.0,0.0,0.0,0.0,0.0,0.0,0.0,0.0,45.718
783,26.1727,Twilight 19:00,3.0,0,0.0,0.0,0.0,0.0,0.0,0.0,0.0,0.0,0.0,0.0,45.694
784,26.2061,Twilight 19:00,3.0,0,0.0,0.0,0.0,0.0,0.0,0.0,0.0,0.0,0.0,0.0,45.694
785,26.2396,Twilight 19:00,3.0,0,0.0,0.0,0.0,0.0,0.0,0.0,0.0,0.0,0.0,0.0,45.693
786,26.273,Twilight 19:00,3.0,0,0.0,0.0,0.0,0.0,0.0,0.0,0.0,0.0,0.0,0.0,45.729
787,26.3064,Twilight 19:00,3.0,0,0.0,0.0,0.0,0.0,0.0,0.0,0.0,0.0,0.0,0.0,45.734
788,26.3398,Twilight 19:00,3.0,0,0.0,0.0,0.0,0.0,0.0,0.0,0.0,0.0,0.0,0.0,45.705
789,26.3733,Twilight 19:00,3.0,0,0.0,0.0,0.0,0.0,0.0,0.0,0.0,0.0,0.0,0.0,45.74
790,26.4067,Twilight 19:00,3.0,0,0.0,0.0,0.0,0.0,0.0,0.0,0.0,0.0,0.0,0.0,45.743
791,26.4401,Twilight 19:00,3.0,0,0.0,0.0,0.0,0.0,0.0,0.0,0.0,0.0,0.0,0.0,45.709
792,26.4735,Twilight 19:00,3.0,0,0.0,0.0,0.0,0.0,0.0,0.0,0.0,0.0,0.0,0.0,45.709
793,26.507,Twilight 19:00,3.0,0,0.0,0.0,0.0,0.0,0.0,0.0,0.0,0.0,0.0,0.0,45.713
794,26.5404,Twilight 19:00,3.0,0,0.0,0.0,0.0,0.0,0.0,0.0,0.0,0.0,0.0,0.0,45.749
795,26.5738,Twilight 19:00,3.0,0,0.0,0.0,0.0,0.0,0.0,0.0,0.0,0.0,0.0,0.0,45.752
796,26.6072,Twilight 19:00,3.0,0,0.0,0.0,0.0,0.0,0.0,0.0,0.0,0.0,0.0,0.0,45.72
797,26.6407,Twilight 19:00,3.0,0,0.0,0.0,0.0,0.0,0.0,0.0,0.0,0.0,0.0,0.0,45.72
798,26.6741,Twilight 19:00,3.0,0,0.0,0.0,0.0,0.0,0.0,0.0,0.0,0.0,0.0,0.0,45.758
799,26.7075,Twilight 19:00,3.0,0,0.0,0.0,0.0,0.0,0.0,0.0,0.0,0.0,0.0,0.0,45.758
800,26.7409,Twilight 19:00,3.0,0,0.0,0.0,0.0,0.0,0.0,0.0,0.0,0.0,0.0,0.0,45.723
801,26.7744,Twilight 19:00,3.0,0,0.0,0.0,0.0,0.0,0.0,0.0,0.0,0.0,0.0,0.0,45.729
802,26.8078,Twilight 19:00,3.0,0,0.0,0.0,0.0,0.0,0.0,0.0,0.0,0.0,0.0,0.0,45.762
803,26.8412,Twilight 19:00,3.0,0,0.0,0.0,0.0,0.0,0.0,0.0,0.0,0.0,0.0,0.0,45.762
804,26.8747,Twilight 19:00,3.0,0,0.0,0.0,0.0,0.0,0.0,0.0,0.0,0.0,0.0,0.0,45.727
805,26.9081,Twilight 19:00,3.0,0,0.0,0.0,0.0,0.0,0.0,0.0,0.0,0.0,0.0,0.0,45.736
806,26.9415,Twilight 19:00,3.0,0,0.0,0.0,0.0,0.0,0.0,0.0,0.0,0.0,0.0,0.0,45.773
807,26.9749,Twilight 19:00,3.0,0,0.0,0.0,0.0,0.0,0.0,0.0,0.0,0.0,0.0,0.0,45.768
808,27.0084,Twilight 19:00,3.0,0,0.0,0.0,0.0,0.0,0.0,0.0,0.0,0.0,0.0,0.0,45.733
809,27.0418,Twilight 19:00,3.0,0,0.0,0.0,0.0,0.0,0.0,0.0,0.0,0.0,0.0,0.0,45.785
810,27.0752,Twilight 19:00,3.0,0,0.0,0.0,0.0,0.0,0.0,0.0,0.0,0.0,0.0,0.0,45.775
811,27.1086,Twilight 19:00,3.0,0,0.0,0.0,0.0,0.0,0.0,0.0,0.0,0.0,0.0,0.0,45.775
812,27.1421,Twilight 19:00,3.0,0,0.0,0.0,0.0,0.0,0.0,0.0,0.0,0.0,0.0,0.0,45.738
813,27.1755,Twilight 19:00,3.0,0,0.0,0.0,0.0,0.0,0.0,0.0,0.0,0.0,0.0,0.0,45.748
814,27.2089,Twilight 19:00,3.0,0,0.0,0.0,0.0,0.0,0.0,0.0,0.0,0.0,0.0,0.0,45.776
815,27.2423,Twilight 19:00,3.0,0,0.0,0.0,0.0,0.0,0.0,0.0,0.0,0.0,0.0,0.0,45.742
816,27.2758,Twilight 19:00,3.0,0,0.0,0.0,0.0,0.0,0.0,0.0,0.0,0.0,0.0,0.0,45.752
817,27.3092,Twilight 19:00,3.0,0,0.0,0.0,0.0,0.0,0.0,0.0,0.0,0.0,0.0,0.0,45.752
818,27.3426,Twilight 19:00,3.0,0,0.0,0.0,0.0,0.0,0.0,0.0,0.0,0.0,0.0,0.0,45.794
819,27.376,Twilight 19:00,3.0,0,0.0,0.0,0.0,0.0,0.0,0.0,0.0,0.0,0.0,0.0,45.777
820,27.4095,Twilight 19:00,3.0,0,0.0,0.0,0.0,0.0,0.0,0.0,0.0,0.0,0.0,0.0,45.756
821,27.4429,Twilight 19:00,3.0,0,0.0,0.0,0.0,0.0,0.0,0.0,0.0,0.0,0.0,0.0,45.797
822,27.4763,Twilight 19:00,3.0,0,0.0,0.0,0.0,0.0,0.0,0.0,0.0,0.0,0.0,0.0,45.777
823,27.5097,Twilight 19:00,3.0,0,0.0,0.0,0.0,0.0,0.0,0.0,0.0,0.0,0.0,0.0,45.747
824,27.5432,Twilight 19:00,3.0,0,0.0,0.0,0.0,0.0,0.0,0.0,0.0,0.0,0.0,0.0,45.747
825,27.5766,Twilight 19:00,3.0,0,0.0,0.0,0.0,0.0,0.0,0.0,0.0,0.0,0.0,0.0,45.798
826,27.61,Twilight 19:00,3.0,0,0.0,0.0,0.0,0.0,0.0,0.0,0.0,0.0,0.0,0.0,45.798
827,27.6435,Twilight 19:00,3.0,0,0.0,0.0,0.0,0.0,0.0,0.0,0.0,0.0,0.0,0.0,45.748
828,27.6769,Twilight 19:00,3.0,0,0.0,0.0,0.0,0.0,0.0,0.0,0.0,0.0,0.0,0.0,45.748
829,27.7103,Twilight 19:00,3.0,0,0.0,0.0,0.0,0.0,0.0,0.0,0.0,0.0,0.0,0.0,45.761
830,27.7437,Twilight 19:00,3.0,0,0.0,0.0,0.0,0.0,0.0,0.0,0.0,0.0,0.0,0.0,45.779
831,27.7772,Twilight 19:00,3.0,0,0.0,0.0,0.0,0.0,0.0,0.0,0.0,0.0,0.0,0.0,45.749
832,27.8106,Twilight 19:00,3.0,0,0.0,0.0,0.0,0.0,0.0,0.0,0.0,0.0,0.0,0.0,45.762
833,27.844,Twilight 19:00,3.0,0,0.0,0.0,0.0,0.0,0.0,0.0,0.0,0.0,0.0,0.0,45.801
834,27.8774,Twilight 19:00,3.0,0,0.0,0.0,0.0,0.0,0.0,0.0,0.0,0.0,0.0,0.0,45.801
835,27.9109,Twilight 19:00,3.0,0,0.0,0.0,0.0,0.0,0.0,0.0,0.0,0.0,0.0,0.0,45.788
836,27.9443,Twilight 19:00,3.0,1,-0.0375,-1.4201,4.1125,2.1125,-0.0375,-2.4201,3.00255,-0.00164,0.00385,240.0,45.799
837,27.9777,Twilight 19:00,3.0,1,-0.0375,-1.4201,4.1125,2.1125,-0.0375,-2.4201,3.00255,-0.00164,0.00385,240.0,45.799
838,28.0111,Twilight 19:00,3.0,1,-0.0375,-1.40056,4.1115,2.1115,-0.0375,-2.40056,3.15624,0.00022,-0.00065,256.0,45.763
839,28.0446,Twilight 19:00,3.0,0,0.0,0.0,0.0,0.0,0.0,0.0,0.0,0.0,0.0,0.0,45.797
840,28.078,Twilight 19:00,3.0,1,-0.0375,-1.33219,4.11257,2.11257,-0.0375,-2.33219,2.9962,-0.00169,0.00415,240.0,45.8
841,28.1114,Twilight 19:00,3.0,1,-0.0375,-1.31262,4.11148,2.11148,-0.0375,-2.31262,3.15725,0.00023,-0.00074,256.0,45.765
842,28.1448,Twilight 19:00,3.0,1,-0.0375,-1.28749,4.11147,2.11147,-0.0375,-2.28749,3.15756,0.00024,-0.00078,256.0,45.759
843,28.1783,Twilight 19:00,3.0,0,0.0,0.0,0.0,0.0,0.0,0.0,0.0,0.0,0.0,0.0,45.8
844,28.2117,Twilight 19:00,3.0,0,0.0,0.0,0.0,0.0,0.0,0.0,0.0,0.0,0.0,0.0,45.8
845,28.2451,Twilight 19:00,3.0,1,-0.0375,-1.24427,4.11264,2.11264,-0.0375,-2.24427,2.98935,-0.00174,0.00448,240.0,45.8
846,28.2786,Twilight 19:00,3.0,1,-0.0375,-1.22468,4.11146,2.11146,-0.0375,-2.22468,3.1584,0.00025,-0.00086,256.0,45.762
847,28.312,Twilight 19:00,3.0,0,0.0,0.0,0.0,0.0,0.0,0.0,0.0,0.0,0.0,0.0,45.799
848,28.3454,Twilight 19:00,3.0,0,0.0,0.0,0.0,0.0,0.0,0.0,0.0,0.0,0.0,0.0,45.799
849,28.3788,Twilight 19:00,3.0,1,-0.0375,-1.15636,4.11273,2.11273,-0.0375,-2.15636,2.98194,-0.00179,0.00484,240.0,45.798
850,28.4123,Twilight 19:00,3.0,1,-0.0375,-1.13674,4.11143,2.11143,-0.0375,-2.13674,3.15973,0.00027,-0.00102,256.0,45.762
851,28.4457,Twilight 19:00,3.0,1,-0.0375,-1.11162,4.11142,2.11142,-0.0375,-2.11162,3.16016,0.00028,-0.00107,256.0,45.76
852,28.4791,Twilight 19:00,3.0,0,0.0,0.0,0.0,0.0,0.0,0.0,0.0,0.0,0.0,0.0,45.801
853,28.5125,Twilight 19:00,3.0,1,-0.0375,-1.0488,4.11139,2.11139,-0.0375,-2.0488,3.1613,0.0003,-0.00121,256.0,45.761
854,28.546,Twilight 19:00,3.0,1,-0.0375,-1.02367,4.11138,2.11138,-0.0375,-2.02367,3.1618,0.0003,-0.00128,256.0,45.761
855,28.5794,Twilight 19:00,3.0,1,-0.0375,-1.02367,4.11138,2.11138,-0.0375,-2.02367,3.1618,0.0003,-0.00128,256.0,45.761
856,28.6128,Twilight 19:00,3.0,1,-0.0375,-0.98053,4.11292,2.11292,-0.0375,-1.98053,2.96523,-0.00189,0.00566,240.0,45.796
857,28.6462,Twilight 19:00,3.0,1,-0.0375,-0.96086,4.11134,2.11134,-0.0375,-1.96086,3.16317,0.00033,-0.00148,256.0,45.761
858,28.6797,Twilight 19:00,3.0,1,-0.0375,-0.93573,4.11132,2.11132,-0.0375,-1.93573,3.16378,0.00034,-0.00157,256.0,45.764
859,28.7131,Twilight 19:00,3.0,0,0.0,0.0,0.0,0.0,0.0,0.0,0.0,0.0,0.0,0.0,45.803
860,28.7465,Twilight 19:00,3.0,1,-0.0375,-0.89262,4.11303,2.11303,-0.0375,-1.89262,2.95581,-0.00194,0.00612,240.0,45.797
861,28.7799,Twilight 19:00,3.0,1,-0.0375,-0.87291,4.11127,2.11127,-0.0375,-1.87291,3.16544,0.00037,-0.00184,256.0,45.76
862,28.8134,Twilight 19:00,3.0,1,-0.0375,-0.84778,4.11125,2.11125,-0.0375,-1.84778,3.16618,0.00038,-0.00197,256.0,45.765
863,28.8468,Twilight 19:00,3.0,1,-0.0375,-0.82982,4.11312,2.11312,-0.0375,-1.82982,2.9486,-0.00197,0.00648,240.0,45.805
864,28.8802,Twilight 19:00,3.0,1,-0.0375,-0.8047,4.11316,2.11316,-0.0375,-1.8047,2.9456,-0.00199,0.00663,240.0,45.795
865,28.9136,Twilight 19:00,3.0,1,-0.0375,-0.78496,4.11117,2.11117,-0.0375,-1.78496,3.16824,0.00042,-0.00237,256.0,45.761
866,28.9471,Twilight 19:00,3.0,1,-0.0375,-0.75983,4.11113,2.11113,-0.0375,-1.75983,3.16917,0.00044,-0.00256,256.0,45.767
867,28.9805,Twilight 19:00,3.0,1,-0.0375,-0.7419,4.11325,2.11325,-0.0375,-1.7419,2.93777,-0.00202,0.00701,240.0,45.806
868,29.0139,Twilight 19:00,3.0,1,-0.0375,-0.71678,4.11329,2.11329,-0.0375,-1.71678,2.93451,-0.00203,0.00717,240.0,45.796
869,29.0474,Twilight 19:00,3.0,1,-0.0375,-0.697,4.11102,2.11102,-0.0375,-1.697,3.17179,0.00049,-0.00318,256.0,45.761
870,29.0808,Twilight 19:00,3.0,1,-0.0375,-0.67187,4.11096,2.11096,-0.0375,-1.67187,3.17297,0.00051,-0.0035,256.0,45.773
871,29.1142,Twilight 19:00,3.0,1,-0.0375,-0.65398,4.11339,2.11339,-0.0375,-1.65398,2.92602,-0.00206,0.00758,240.0,45.811
872,29.1476,Twilight 19:00,3.0,1,-0.0375,-0.62886,4.11343,2.11343,-0.0375,-1.62886,2.92249,-0.00208,0.00775,240.0,45.796
873,29.1811,Twilight 19:00,3.0,1,-0.0375,-0.60903,4.11076,2.11076,-0.0375,-1.60903,3.17636,0.00059,-0.00457,256.0,45.761
874,29.2145,Twilight 19:00,3.0,1,-0.0375,-0.5839,4.11065,2.11065,-0.0375,-1.5839,3.1779,0.00063,-0.00516,256.0,45.773
875,29.2479,Twilight 19:00,3.0,1,-0.0375,-0.56606,4.11354,2.11354,-0.0375,-1.56606,2.91328,-0.0021,0.00819,240.0,45.81
876,29.2813,Twilight 19:00,3.0,1,-0.0375,-0.54094,4.11359,2.11359,-0.0375,-1.54094,2.90945,-0.00211,0.00837,240.0,45.795
877,29.3148,Twilight 19:00,3.0,1,-0.0375,-0.52104,4.11027,2.11027,-0.0375,-1.52104,3.18227,0.00076,-0.00735,256.0,45.76
878,29.3482,Twilight 19:00,3.0,1,-0.0375,-0.4959,4.11005,2.11005,-0.0375,-1.4959,3.18419,0.00083,-0.00871,256.0,45.773
879,29.3816,Twilight 19:00,3.0,1,-0.0375,-0.47814,4.1137,2.1137,-0.0375,-1.47814,2.89948,-0.00214,0.00884,240.0,45.812
880,29.415,Twilight 19:00,3.0,1,-0.0375,-0.45302,4.11375,2.11375,-0.0375,-1.45302,2.89533,-0.00215,0.00903,240.0,45.793
881,29.4485,Twilight 19:00,3.0,1,-0.0375,-0.43301,4.10918,2.10918,-0.0375,-1.43301,3.18897,0.00113,-0.01491,256.0,45.761
882,29.4819,Twilight 19:00,3.0,1,-0.0375,-0.40784,4.10863,2.10863,-0.0375,-1.40784,3.19053,0.00133,-0.01974,256.0,45.774
883,29.5153,Twilight 19:00,3.0,1,-0.0375,-0.39021,4.11388,2.11388,-0.0375,-1.39021,2.88455,-0.00216,0.00951,240.0,45.81
884,29.5487,Twilight 19:00,3.0,1,-0.0375,-0.36509,4.11393,2.11393,-0.0375,-1.36509,2.88007,-0.00217,0.00971,240.0,45.788
885,29.5822,Twilight 19:00,3.0,1,-0.03752,-0.34488,4.10628,2.10628,-0.03752,-1.34488,3.19215,0.00225,-0.04485,256.0,45.755
886,29.6156,Twilight 19:00,3.0,1,-0.03753,-0.31968,4.1049,2.1049,-0.03753,-1.31968,3.19146,0.00264,-0.05842,256.0,45.769
887,29.649,Twilight 19:00,3.0,1,-0.0375,-0.30228,4.11406,2.11406,-0.0375,-1.30228,2.86843,-0.00218,0.01022,240.0,45.799
888,29.6825,Twilight 19:00,3.0,1,-0.0375,-0.27716,4.11412,2.11412,-0.0375,-1.27716,2.8636,-0.00219,0.01042,240.0,45.779
889,29.7159,Twilight 19:00,3.0,1,-0.03754,-0.25675,4.10121,2.10121,-0.03754,-1.25675,3.18563,0.00303,-0.08626,256.0,45.745
890,29.7493,Twilight 19:00,3.0,1,-0.03752,-0.23316,4.08293,2.08293,-0.03752,-1.23316,-2.82158,-0.02931,0.17526,248.0,45.761
891,29.7827,Twilight 19:00,3.0,1,-0.03751,-0.21434,4.11425,2.11425,-0.03751,-1.21434,2.85107,-0.00219,0.01094,240.0,45.788
892,29.8162,Twilight 19:00,3.0,1,-0.03751,-0.18922,4.11431,2.11431,-0.03751,-1.18922,2.84587,-0.0022,0.01115,240.0,45.769
893,29.8496,Twilight 19:00,3.0,1,-0.03753,-0.1689,4.09697,2.09697,-0.03753,-1.1689,3.17161,0.00249,-0.10976,256.0,45.735
894,29.883,Twilight 19:00,3.0,1,-0.03752,-0.14585,4.08154,2.08154,-0.03752,-1.14585,-2.84511,-0.02757,0.17993,248.0,45.749
895,29.9164,Twilight 19:00,3.0,1,-0.03751,-0.1264,4.11445,2.11445,-0.03751,-1.1264,2.83243,-0.0022,0.01167,240.0,45.779
896,29.9499,Twilight 19:00,3.0,1,-0.03751,-0.10127,4.11451,2.11451,-0.03751,-1.10127,2.82686,-0.0022,0.01188,240.0,45.76
897,29.9833,Twilight 19:00,3.0,1,-0.03753,-0.08127,4.09441,2.09441,-0.03753,-1.08127,3.15507,0.00132,-0.12139,256.0,45.729
898,30.0167,Twilight 19:00,3.0,1,-0.03751,-0.0586,4.08051,2.08051,-0.03751,-1.0586,-2.8673,-0.02571,0.18348,248.0,45.745
899,30.0501,Twilight 19:00,3.0,1,-0.03751,-0.03845,4.11466,2.11466,-0.03751,-1.03845,2.81249,-0.00219,0.0124,240.0,45.789
900,30.0836,Twilight 19:00,3.0,1,-0.03753,-0.03125,4.09374,2.09374,-0.03753,-1.03125,3.14527,0.00052,-0.12398,256.0,45.742
901,30.117,Twilight 19:00,3.0,1,-0.03753,-0.03125,4.09374,2.09374,-0.03753,-1.03125,3.14527,0.00052,-0.12398,256.0,45.742
902,30.1504,Twilight 19:00,3.0,1,-0.03753,-0.03125,4.09374,2.09374,-0.03753,-1.03125,3.14527,0.00052,-0.12398,256.0,45.742
903,30.1838,Twilight 19:00,3.0,1,-0.03753,-0.03125,4.09374,2.09374,-0.03753,-1.03125,3.14527,0.00052,-0.12398,256.0,45.742
904,30.2173,Twilight 19:00,3.0,1,-0.03753,-0.03125,4.09374,2.09374,-0.03753,-1.03125,3.14527,0.00052,-0.12398,256.0,45.742
905,30.2507,Twilight 19:00,3.0,1,-0.03753,-0.03125,4.09374,2.09374,-0.03753,-1.03125,3.14527,0.00052,-0.12398,256.0,45.742
906,30.2841,Twilight 19:00,3.0,1,-0.03753,-0.03125,4.09374,2.09374,-0.03753,-1.03125,3.14527,0.00052,-0.12398,256.0,45.742
907,30.3175,Twilight 19:00,3.0,1,-0.03753,-0.03125,4.09374,2.09374,-0.03753,-1.03125,3.14527,0.00052,-0.12398,256.0,45.742
908,30.351,Twilight 19:00,3.0,1,-0.03753,-0.03125,4.09374,2.09374,-0.03753,-1.03125,3.14527,0.00052,-0.12398,256.0,45.742
909,30.3844,Twilight 19:00,3.0,1,-0.03753,-0.03125,4.09374,2.09374,-0.03753,-1.03125,3.14527,0.00052,-0.12398,256.0,45.742
910,30.4178,Twilight 19:00,3.0,1,-0.03753,-0.03125,4.09374,2.09374,-0.03753,-1.03125,3.14527,0.00052,-0.12398,256.0,45.742
911,30.4513,Twilight 19:00,3.0,1,-0.03753,-0.03125,4.09374,2.09374,-0.03753,-1.03125,3.14527,0.00052,-0.12398,256.0,45.742
912,30.4847,Twilight 19:00,3.0,1,-0.03753,-0.03125,4.09374,2.09374,-0.03753,-1.03125,3.14527,0.00052,-0.12398,256.0,45.742
913,30.5181,Twilight 19:00,3.0,1,-0.03753,-0.03125,4.09374,2.09374,-0.03753,-1.03125,3.14527,0.00052,-0.12398,256.0,45.742
914,30.5515,Twilight 19:00,3.0,1,-0.03753,-0.03125,4.09374,2.09374,-0.03753,-1.03125,3.14527,0.00052,-0.12398,256.0,45.742
915,30.585,Twilight 19:00,3.0,1,-0.03753,-0.03125,4.09374,2.09374,-0.03753,-1.03125,3.14527,0.00052,-0.12398,256.0,45.742
916,30.6184,Twilight 19:00,3.0,1,-0.03753,-0.03125,4.09374,2.09374,-0.03753,-1.03125,3.14527,0.00052,-0.12398,256.0,45.742
917,30.6518,Twilight 19:00,3.0,1,-0.03753,-0.03125,4.09374,2.09374,-0.03753,-1.03125,3.14527,0.00052,-0.12398,256.0,45.742
918,30.6852,Twilight 19:00,3.0,1,-0.03753,-0.03125,4.09374,2.09374,-0.03753,-1.03125,3.14527,0.00052,-0.12398,256.0,45.742
919,30.7187,Twilight 19:00,3.0,1,-0.03753,-0.03125,4.09374,2.09374,-0.03753,-1.03125,3.14527,0.00052,-0.12398,256.0,45.742
920,30.7521,Twilight 19:00,3.0,1,-0.03753,-0.03125,4.09374,2.09374,-0.03753,-1.03125,3.14527,0.00052,-0.12398,256.0,45.742
921,30.7855,Twilight 19:00,3.0,1,-0.03753,-0.03125,4.09374,2.09374,-0.03753,-1.03125,3.14527,0.00052,-0.12398,256.0,45.742
922,30.8189,Twilight 19:00,3.0,1,-0.03753,-0.03125,4.09374,2.09374,-0.03753,-1.03125,3.14527,0.00052,-0.12398,256.0,45.742
923,30.8524,Twilight 19:00,3.0,1,-0.03753,-0.03125,4.09374,2.09374,-0.03753,-1.03125,3.14527,0.00052,-0.12398,256.0,45.742
924,30.8858,Twilight 19:00,3.0,1,-0.03753,-0.03125,4.09374,2.09374,-0.03753,-1.03125,3.14527,0.00052,-0.12398,256.0,45.742
925,30.9192,Twilight 19:00,3.0,1,-0.03753,-0.03125,4.09374,2.09374,-0.03753,-1.03125,3.14527,0.00052,-0.12398,256.0,45.742
926,30.9526,Twilight 19:00,3.0,1,-0.03753,-0.03125,4.09374,2.09374,-0.03753,-1.03125,3.14527,0.00052,-0.12398,256.0,45.742
927,30.9861,Twilight 19:00,3.0,1,-0.03753,-0.03125,4.09374,2.09374,-0.03753,-1.03125,3.14527,0.00052,-0.12398,256.0,45.742
928,31.0195,Twilight 19:00,3.0,1,-0.03753,-0.03125,4.09374,2.09374,-0.03753,-1.03125,3.14527,0.00052,-0.12398,256.0,45.742
929,31.0529,Twilight 19:00,3.0,1,-0.03753,-0.03125,4.09374,2.09374,-0.03753,-1.03125,3.14527,0.00052,-0.12398,256.0,45.742
930,31.0864,Twilight 19:00,3.0,1,-0.03753,-0.03125,4.09374,2.09374,-0.03753,-1.03125,3.14527,0.00052,-0.12398,256.0,45.742
931,31.1198,Twilight 19:00,3.0,1,-0.03753,-0.03125,4.09374,2.09374,-0.03753,-1.03125,3.14527,0.00052,-0.12398,256.0,45.742
932,31.1532,Twilight 19:00,3.0,1,-0.03753,-0.03125,4.09374,2.09374,-0.03753,-1.03125,3.14527,0.00052,-0.12398,256.0,45.742
933,31.1866,Twilight 19:00,3.0,1,-0.03753,-0.03125,4.09374,2.09374,-0.03753,-1.03125,3.14527,0.00052,-0.12398,256.0,45.742
934,31.2201,Twilight 19:00,3.0,1,-0.03753,-0.03125,4.09374,2.09374,-0.03753,-1.03125,3.14527,0.00052,-0.12398,256.0,45.742
935,31.2535,Twilight 19:00,3.0,1,-0.03753,-0.03125,4.09374,2.09374,-0.03753,-1.03125,3.14527,0.00052,-0.12398,256.0,45.742
936,31.2869,Twilight 19:00,3.0,1,-0.03753,-0.03125,4.09374,2.09374,-0.03753,-1.03125,3.14527,0.00052,-0.12398,256.0,45.742
937,31.3203,Twilight 19:00,3.0,1,-0.03753,-0.03125,4.09374,2.09374,-0.03753,-1.03125,3.14527,0.00052,-0.12398,256.0,45.742
938,31.3538,Twilight 19:00,3.0,1,-0.03753,-0.03125,4.09374,2.09374,-0.03753,-1.03125,3.14527,0.00052,-0.12398,256.0,45.742
939,31.3872,Twilight 19:00,3.0,1,-0.03753,-0.03125,4.09374,2.09374,-0.03753,-1.03125,3.14527,0.00052,-0.12398,256.0,45.742
940,31.4206,Twilight 19:00,3.0,1,-0.03753,-0.03125,4.09374,2.09374,-0.03753,-1.03125,3.14527,0.00052,-0.12398,256.0,45.742
941,31.454,Twilight 19:00,3.0,1,-0.03753,-0.03125,4.09374,2.09374,-0.03753,-1.03125,3.14527,0.00052,-0.12398,256.0,45.742
942,31.4875,Twilight 19:00,3.0,1,-0.03753,-0.03125,4.09374,2.09374,-0.03753,-1.03125,3.14527,0.00052,-0.12398,256.0,45.742
943,31.5209,Twilight 19:00,3.0,1,-0.03753,-0.03125,4.09374,2.09374,-0.03753,-1.03125,3.14527,0.00052,-0.12398,256.0,45.742
944,31.5543,Twilight 19:00,3.0,1,-0.03753,-0.03125,4.09374,2.09374,-0.03753,-1.03125,3.14527,0.00052,-0.12398,256.0,45.742
945,31.5877,Twilight 19:00,3.0,1,-0.03753,-0.03125,4.09374,2.09374,-0.03753,-1.03125,3.14527,0.00052,-0.12398,256.0,45.742
946,31.6212,Twilight 19:00,3.0,1,-0.03753,-0.03125,4.09374,2.09374,-0.03753,-1.03125,3.14527,0.00052,-0.12398,256.0,45.742
947,31.6546,Twilight 19:00,3.0,1,-0.03753,-0.03125,4.09374,2.09374,-0.03753,-1.03125,3.14527,0.00052,-0.12398,256.0,45.742
948,31.688,Twilight 19:00,3.0,1,-0.03753,-0.03125,4.09374,2.09374,-0.03753,-1.03125,3.14527,0.00052,-0.12398,256.0,45.742
949,31.7214,Twilight 19:00,3.0,1,-0.03753,-0.03125,4.09374,2.09374,-0.03753,-1.03125,3.14527,0.00052,-0.12398,256.0,45.742
950,31.7549,Twilight 19:00,3.0,1,-0.03753,-0.03125,4.09374,2.09374,-0.03753,-1.03125,3.14527,0.00052,-0.12398,256.0,45.742
951,31.7883,Twilight 19:00,3.0,1,-0.03753,-0.03125,4.09374,2.09374,-0.03753,-1.03125,3.14527,0.00052,-0.12398,256.0,45.742
952,31.8217,Twilight 19:00,3.0,1,-0.03753,-0.03125,4.09374,2.09374,-0.03753,-1.03125,3.14527,0.00052,-0.12398,256.0,45.742
953,31.8552,Twilight 19:00,3.0,1,-0.03753,-0.03125,4.09374,2.09374,-0.03753,-1.03125,3.14527,0.00052,-0.12398,256.0,45.742
954,31.8886,Twilight 19:00,3.0,1,-0.03753,-0.03125,4.09374,2.09374,-0.03753,-1.03125,3.14527,0.00052,-0.12398,256.0,45.742
955,31.922,Twilight 19:00,3.0,1,-0.03753,-0.03125,4.09374,2.09374,-0.03753,-1.03125,3.14527,0.00052,-0.12398,256.0,45.742
956,31.9554,Twilight 19:00,3.0,1,-0.03753,-0.03125,4.09374,2.09374,-0.03753,-1.03125,3.14527,0.00052,-0.12398,256.0,45.742
957,31.9889,Twilight 19:00,3.0,1,-0.03753,-0.03125,4.09374,2.09374,-0.03753,-1.03125,3.14527,0.00052,-0.12398,256.0,45.742
958,32.0223,Twilight 19:00,3.0,1,-0.03753,-0.03125,4.09374,2.09374,-0.03753,-1.03125,3.14527,0.00052,-0.12398,256.0,45.742
959,32.0557,Twilight 19:00,3.0,1,-0.03753,-0.03125,4.09374,2.09374,-0.03753,-1.03125,3.14527,0.00052,-0.12398,256.0,45.742
960,32.0891,Twilight 19:00,3.0,1,-0.03753,-0.03125,4.09374,2.09374,-0.03753,-1.03125,3.14527,0.00052,-0.12398,256.0,45.742
961,32.1226,Twilight 19:00,3.0,1,-0.03753,-0.03125,4.09374,2.09374,-0.03753,-1.03125,3.14527,0.00052,-0.12398,256.0,45.742
962,32.156,Twilight 19:00,3.0,1,-0.03753,-0.03125,4.09374,2.09374,-0.03753,-1.03125,3.14527,0.00052,-0.12398,256.0,45.742
963,32.1894,Twilight 19:00,3.0,1,-0.03753,-0.03125,4.09374,2.09374,-0.03753,-1.03125,3.14527,0.00052,-0.12398,256.0,45.742
964,32.2228,Twilight 19:00,3.0,1,-0.03753,-0.03125,4.09374,2.09374,-0.03753,-1.03125,3.14527,0.00052,-0.12398,256.0,45.742
965,32.2563,Twilight 19:00,3.0,1,-0.03753,-0.03125,4.09374,2.09374,-0.03753,-1.03125,3.14527,0.00052,-0.12398,256.0,45.742
966,32.2897,Twilight 19:00,3.0,1,-0.03753,-0.03125,4.09374,2.09374,-0.03753,-1.03125,3.14527,0.00052,-0.12398,256.0,45.737
967,32.3231,Twilight 19:00,3.0,1,-0.03753,-0.03125,4.09374,2.09374,-0.03753,-1.03125,3.14527,0.00052,-0.12398,256.0,45.733
968,32.3565,Twilight 19:00,3.0,1,-0.03753,-0.03125,4.09374,2.09374,-0.03753,-1.03125,3.14527,0.00052,-0.12398,256.0,45.74
969,32.39,Twilight 19:00,3.0,1,-0.03753,-0.03125,4.09374,2.09374,-0.03753,-1.03125,3.14527,0.00052,-0.12398,256.0,45.751
970,32.4234,Twilight 19:00,3.0,1,-0.03753,-0.03125,4.09374,2.09374,-0.03753,-1.03125,3.14527,0.00052,-0.12398,256.0,45.775
971,32.4568,Twilight 19:00,3.0,1,-0.03753,-0.03125,4.09374,2.09374,-0.03753,-1.03125,3.14527,0.00052,-0.12398,256.0,45.787
972,32.4903,Twilight 19:00,3.0,1,-0.03753,-0.03125,4.09374,2.09374,-0.03753,-1.03125,3.14527,0.00052,-0.12398,256.0,45.798
973,32.5237,Twilight 19:00,3.0,1,-0.03753,-0.03125,4.09374,2.09374,-0.03753,-1.03125,3.14527,0.00052,-0.12398,256.0,45.83
974,32.5571,Twilight 19:00,3.0,1,-0.03753,-0.03125,4.09374,2.09374,-0.03753,-1.03125,3.14527,0.00052,-0.12398,256.0,45.849
975,32.5905,Twilight 19:00,3.0,1,-0.03753,-0.03125,4.09374,2.09374,-0.03753,-1.03125,3.14527,0.00052,-0.12398,256.0,45.867
976,32.624,Twilight 19:00,3.0,1,-0.03597,-0.0353,3.85402,1.85402,-0.03597,-1.0353,3.10355,0.00254,-0.54089,272.0,45.872
977,32.6574,Twilight 19:00,3.0,1,-0.03597,-0.0353,3.85402,1.85402,-0.03597,-1.0353,3.10355,0.00254,-0.54089,272.0,45.873
978,32.6908,Twilight 19:00,3.0,1,-0.03597,-0.0353,3.85402,1.85402,-0.03597,-1.0353,3.10355,0.00254,-0.54089,272.0,45.872
979,32.7242,Twilight 19:00,3.0,1,-0.0412,-0.0353,3.8532,1.8532,-0.0412,-1.0353,3.14642,0.00061,-0.11966,289.0,45.864
980,32.7577,Twilight 19:00,3.0,1,-0.0412,-0.0353,3.8532,1.8532,-0.0412,-1.0353,3.14642,0.00061,-0.11966,289.0,45.846
981,32.7911,Twilight 19:00,3.0,1,-0.0412,-0.0353,3.8532,1.8532,-0.0412,-1.0353,3.14642,0.00061,-0.11966,289.0,45.841
982,32.8245,Twilight 19:00,3.0,1,-0.0412,-0.0353,3.8532,1.8532,-0.0412,-1.0353,3.14642,0.00061,-0.11966,289.0,45.844
983,32.8579,Twilight 19:00,3.0,1,-0.03334,-0.03431,3.65807,1.65807,-0.03334,-1.03431,2.83518,-0.00206,0.01243,306.0,45.842
984,32.8914,Twilight 19:00,3.0,1,-0.03334,-0.03431,3.65807,1.65807,-0.03334,-1.03431,2.83518,-0.00206,0.01243,306.0,45.854
985,32.9248,Twilight 19:00,3.0,1,-0.03334,-0.03431,3.65807,1.65807,-0.03334,-1.03431,2.83518,-0.00206,0.01243,306.0,45.864
986,32.9582,Twilight 19:00,3.0,1,-0.0334,-0.02778,3.63939,1.63939,-0.0334,-1.02778,3.14525,0.0005,-0.11894,324.0,45.87
987,32.9916,Twilight 19:00,3.0,1,-0.0334,-0.02778,3.63939,1.63939,-0.0334,-1.02778,3.14525,0.0005,-0.11894,324.0,45.864
988,33.0251,Twilight 19:00,3.0,1,-0.0334,-0.02778,3.63939,1.63939,-0.0334,-1.02778,3.14525,0.0005,-0.11894,324.0,45.859
989,33.0585,Twilight 19:00,3.0,1,-0.0334,-0.02778,3.63939,1.63939,-0.0334,-1.02778,3.14525,0.0005,-0.11894,324.0,45.863
990,33.0919,Twilight 19:00,3.0,1,-0.0334,-0.02778,3.63939,1.63939,-0.0334,-1.02778,3.14525,0.0005,-0.11894,324.0,45.872
991,33.1253,Twilight 19:00,3.0,1,-0.0334,-0.02778,3.63939,1.63939,-0.0334,-1.02778,3.14525,0.0005,-0.11894,324.0,45.872
992,33.1588,Twilight 19:00,3.0,1,-0.03458,-0.03172,3.42907,1.42907,-0.03458,-1.03172,3.01275,0.02075,-0.38119,351.5,45.881
993,33.1922,Twilight 19:00,3.0,1,-0.0369,-0.03158,3.44809,1.44809,-0.0369,-1.03158,3.14635,0.00058,-0.11439,361.0,45.896
994,33.2256,Twilight 19:00,3.0,1,-0.0369,-0.03158,3.44809,1.44809,-0.0369,-1.03158,3.14635,0.00058,-0.11439,361.0,45.908
995,33.2591,Twilight 19:00,3.0,1,-0.0369,-0.03158,3.44809,1.44809,-0.0369,-1.03158,3.14635,0.00058,-0.11439,361.0,45.929
996,33.2925,Twilight 19:00,3.0,1,-0.0369,-0.03158,3.44809,1.44809,-0.0369,-1.03158,3.14635,0.00058,-0.11439,361.0,45.947
997,33.3259,Twilight 19:00,3.0,1,-0.0369,-0.03158,3.44809,1.44809,-0.0369,-1.03158,3.14635,0.00058,-0.11439,361.0,45.953
998,33.3593,Twilight 19:00,3.0,1,-0.0369,-0.03158,3.44809,1.44809,-0.0369,-1.03158,3.14635,0.00058,-0.11439,361.0,45.955
999,33.3928,Twilight 19:00,3.0,1,-0.0369,-0.03158,3.44809,1.44809,-0.0369,-1.03158,3.14635,0.00058,-0.11439,361.0,45.948
1000,33.4262,Twilight 19:00,3.0,1,-0.0369,-0.03158,3.44809,1.44809,-0.0369,-1.03158,3.14635,0.00058,-0.11439,361.0,45.948
1001,33.4596,Twilight 19:00,3.0,1,-0.0369,-0.03158,3.44809,1.44809,-0.0369,-1.03158,3.14635,0.00058,-0.11439,361.0,45.947
1002,33.493,Twilight 19:00,3.0,1,-0.0369,-0.03158,3.44809,1.44809,-0.0369,-1.03158,3.14635,0.00058,-0.11439,361.0,45.954
1003,33.5265,Twilight 19:00,3.0,1,-0.04001,-0.031,3.29296,1.29296,-0.04001,-1.031,2.85496,-0.00258,0.01658,380.0,45.956
1004,33.5599,Twilight 19:00,3.0,1,-0.04001,-0.031,3.29296,1.29296,-0.04001,-1.031,2.85496,-0.00258,0.01658,380.0,45.968
1005,33.5933,Twilight 19:00,3.0,1,-0.04005,-0.03501,3.27593,1.27593,-0.04005,-1.03501,3.14737,0.00066,-0.10982,400.0,45.975
1006,33.6267,Twilight 19:00,3.0,1,-0.03887,-0.02858,3.12105,1.12105,-0.03887,-1.02858,3.11331,0.00229,-0.4806,420.0,46.0
1007,33.6602,Twilight 19:00,3.0,1,-0.03887,-0.02858,3.12105,1.12105,-0.03887,-1.02858,3.11331,0.00229,-0.4806,420.0,45.995
1008,33.6936,Twilight 19:00,3.0,1,-0.03342,-0.02858,3.12019,1.12019,-0.03342,-1.02858,3.14628,0.00055,-0.10839,441.0,46.001
1009,33.727,Twilight 19:00,3.0,1,-0.03342,-0.02858,3.12019,1.12019,-0.03342,-1.02858,3.14628,0.00055,-0.10839,441.0,46.003
1010,33.7604,Twilight 19:00,3.0,1,-0.03342,-0.02858,3.12019,1.12019,-0.03342,-1.02858,3.14628,0.00055,-0.10839,441.0,46.007
1011,33.7939,Twilight 19:00,3.0,1,-0.03342,-0.02858,3.12019,1.12019,-0.03342,-1.02858,3.14628,0.00055,-0.10839,441.0,46.031
1012,33.8273,Twilight 19:00,3.0,1,-0.03342,-0.02858,3.12019,1.12019,-0.03342,-1.02858,3.14628,0.00055,-0.10839,441.0,46.037
1013,33.8607,Twilight 19:00,3.0,1,-0.03637,-0.0283,2.99418,0.99418,-0.03637,-1.0283,2.87242,-0.00244,0.01655,462.0,46.049
1014,33.8942,Twilight 19:00,3.0,1,-0.03637,-0.0283,2.99418,0.99418,-0.03637,-1.0283,2.87242,-0.00244,0.01655,462.0,46.032
1015,33.9276,Twilight 19:00,3.0,1,-0.03644,-0.03183,2.97859,0.97859,-0.03644,-1.03183,3.14724,0.00062,-0.10363,484.0,46.024
1016,33.961,Twilight 19:00,3.0,1,-0.03644,-0.03183,2.97859,0.97859,-0.03644,-1.03183,3.14724,0.00062,-0.10363,484.0,46.044
1017,33.9944,Twilight 19:00,3.0,1,-0.03644,-0.03183,2.97859,0.97859,-0.03644,-1.03183,3.14724,0.00062,-0.10363,484.0,46.049
1018,34.0279,Twilight 19:00,3.0,1,-0.03644,-0.03183,2.97859,0.97859,-0.03644,-1.03183,3.14724,0.00062,-0.10363,484.0,46.077
1019,34.0613,Twilight 19:00,3.0,1,-0.03644,-0.03183,2.97859,0.97859,-0.03644,-1.03183,3.14724,0.00062,-0.10363,484.0,46.104
1020,34.0947,Twilight 19:00,3.0,1,-0.03644,-0.03183,2.97859,0.97859,-0.03644,-1.03183,3.14724,0.00062,-0.10363,484.0,46.125
1021,34.1281,Twilight 19:00,3.0,1,-0.0392,-0.02609,2.84921,0.84921,-0.0392,-1.02609,3.14609,0.00052,-0.09944,529.0,46.111
1022,34.1616,Twilight 19:00,3.0,1,-0.0392,-0.02609,2.84921,0.84921,-0.0392,-1.02609,3.14609,0.00052,-0.09944,529.0,46.121
1023,34.195,Twilight 19:00,3.0,1,-0.0392,-0.02609,2.84921,0.84921,-0.0392,-1.02609,3.14609,0.00052,-0.09944,529.0,46.126
1024,34.2284,Twilight 19:00,3.0,1,-0.03835,-0.02917,2.73181,0.73181,-0.03835,-1.02917,3.11991,0.00249,-0.44495,552.0,46.133
1025,34.2618,Twilight 19:00,3.0,1,-0.03835,-0.02917,2.73181,0.73181,-0.03835,-1.02917,3.11991,0.00249,-0.44495,552.0,46.138
1026,34.2953,Twilight 19:00,3.0,1,-0.03835,-0.02917,2.73181,0.73181,-0.03835,-1.02917,3.11991,0.00249,-0.44495,552.0,46.152
1027,34.3287,Twilight 19:00,3.0,1,-0.03343,-0.02918,2.73083,0.73083,-0.03343,-1.02918,3.1471,0.00058,-0.0967,576.0,46.165
1028,34.3621,Twilight 19:00,3.0,1,-0.03601,-0.02907,2.63575,0.63575,-0.03601,-1.02907,2.89705,-0.00254,0.01839,600.0,46.166
1029,34.3955,Twilight 19:00,3.0,1,-0.03601,-0.02907,2.63575,0.63575,-0.03601,-1.02907,2.89705,-0.00254,0.01839,600.0,46.191
1030,34.429,Twilight 19:00,3.0,1,-0.03601,-0.02907,2.63575,0.63575,-0.03601,-1.02907,2.89705,-0.00254,0.01839,600.0,46.2
1031,34.4624,Twilight 19:00,3.0,1,-0.03601,-0.02907,2.63575,0.63575,-0.03601,-1.02907,2.89705,-0.00254,0.01839,600.0,46.209
1032,34.4958,Twilight 19:00,3.0,1,-0.03601,-0.02907,2.63575,0.63575,-0.03601,-1.02907,2.89705,-0.00254,0.01839,600.0,46.234
1033,34.5292,Twilight 19:00,3.0,1,-0.03553,-0.02693,2.52226,0.52226,-0.03553,-1.02693,3.1226,0.00238,-0.42519,650.0,46.226
1034,34.5627,Twilight 19:00,3.0,1,-0.03553,-0.02693,2.52226,0.52226,-0.03553,-1.02693,3.1226,0.00238,-0.42519,650.0,46.226
1035,34.5961,Twilight 19:00,3.0,1,-0.03553,-0.02693,2.52226,0.52226,-0.03553,-1.02693,3.1226,0.00238,-0.42519,650.0,46.226
1036,34.6295,Twilight 19:00,3.0,1,-0.03553,-0.02693,2.52226,0.52226,-0.03553,-1.02693,3.1226,0.00238,-0.42519,650.0,46.226
1037,34.663,Twilight 19:00,3.0,1,-0.03553,-0.02693,2.52226,0.52226,-0.03553,-1.02693,3.1226,0.00238,-0.42519,650.0,46.226
1038,34.6964,Twilight 19:00,3.0,1,-0.03553,-0.02693,2.52226,0.52226,-0.03553,-1.02693,3.1226,0.00238,-0.42519,650.0,46.226
1039,34.7298,Twilight 19:00,3.0,1,-0.03553,-0.02693,2.52226,0.52226,-0.03553,-1.02693,3.1226,0.00238,-0.42519,650.0,46.226
1040,34.7632,Twilight 19:00,3.0,1,-0.03553,-0.02693,2.52226,0.52226,-0.03553,-1.02693,3.1226,0.00238,-0.42519,650.0,46.226
1041,34.7967,Twilight 19:00,3.0,1,-0.03553,-0.02693,2.52226,0.52226,-0.03553,-1.02693,3.1226,0.00238,-0.42519,650.0,46.226
1042,34.8301,Twilight 19:00,3.0,1,-0.03553,-0.02693,2.52226,0.52226,-0.03553,-1.02693,3.1226,0.00238,-0.42519,650.0,46.226
1043,34.8635,Twilight 19:00,3.0,1,-0.03553,-0.02693,2.52226,0.52226,-0.03553,-1.02693,3.1226,0.00238,-0.42519,650.0,46.226
1044,34.8969,Twilight 19:00,3.0,1,-0.03553,-0.02693,2.52226,0.52226,-0.03553,-1.02693,3.1226,0.00238,-0.42519,650.0,46.226
1045,34.9304,Twilight 19:00,3.0,1,-0.03553,-0.02693,2.52226,0.52226,-0.03553,-1.02693,3.1226,0.00238,-0.42519,650.0,46.226
1046,34.9638,Twilight 19:00,3.0,1,-0.03553,-0.02693,2.52226,0.52226,-0.03553,-1.02693,3.1226,0.00238,-0.42519,650.0,46.226
1047,34.9972,Twilight 19:00,3.0,1,-0.03553,-0.02693,2.52226,0.52226,-0.03553,-1.02693,3.1226,0.00238,-0.42519,650.0,46.226
