frame,time_s,scenario,source,target_lux,detected,est_x,est_y,est_z,err_x,err_y,err_z,rot_x,rot_y,rot_z,marker_area_px,frame_brightness
0,0.0,Evening 21:00,simulation,0.3,1,-0.04402,0.00872,2.61308,0.61308,-0.04402,-0.99128,3.46615,0.00483,0.02844,625.0,11.985
1,0.0334,Evening 21:00,simulation,0.3,1,-0.04402,0.00872,2.61308,0.61308,-0.04402,-0.99128,3.46615,0.00483,0.02844,625.0,11.985
2,0.0669,Evening 21:00,simulation,0.3,1,-0.04402,0.00872,2.61308,0.61308,-0.04402,-0.99128,3.46615,0.00483,0.02844,625.0,11.985
3,0.1003,Evening 21:00,simulation,0.3,1,-0.04402,0.00872,2.61308,0.61308,-0.04402,-0.99128,3.46615,0.00483,0.02844,625.0,11.985
4,0.1337,Evening 21:00,simulation,0.3,1,-0.04402,0.00872,2.61308,0.61308,-0.04402,-0.99128,3.46615,0.00483,0.02844,625.0,11.985
5,0.1671,Evening 21:00,simulation,0.3,1,-0.04402,0.00872,2.61308,0.61308,-0.04402,-0.99128,3.46615,0.00483,0.02844,625.0,11.985
6,0.2006,Evening 21:00,simulation,0.3,1,-0.04402,0.00872,2.61308,0.61308,-0.04402,-0.99128,3.46615,0.00483,0.02844,625.0,11.985
7,0.234,Evening 21:00,simulation,0.3,1,-0.04402,0.00872,2.61308,0.61308,-0.04402,-0.99128,3.46615,0.00483,0.02844,625.0,11.985
8,0.2674,Evening 21:00,simulation,0.3,1,-0.04402,0.00872,2.61308,0.61308,-0.04402,-0.99128,3.46615,0.00483,0.02844,625.0,11.985
9,0.3008,Evening 21:00,simulation,0.3,1,-0.04402,0.00872,2.61308,0.61308,-0.04402,-0.99128,3.46615,0.00483,0.02844,625.0,11.985
10,0.3343,Evening 21:00,simulation,0.3,1,-0.04402,0.00872,2.61308,0.61308,-0.04402,-0.99128,3.46615,0.00483,0.02844,625.0,11.985
11,0.3677,Evening 21:00,simulation,0.3,1,-0.04402,0.00872,2.61308,0.61308,-0.04402,-0.99128,3.46615,0.00483,0.02844,625.0,11.985
12,0.4011,Evening 21:00,simulation,0.3,1,-0.04402,0.00872,2.61308,0.61308,-0.04402,-0.99128,3.46615,0.00483,0.02844,625.0,11.985
13,0.4345,Evening 21:00,simulation,0.3,1,-0.04402,0.00872,2.61308,0.61308,-0.04402,-0.99128,3.46615,0.00483,0.02844,625.0,11.985
14,0.468,Evening 21:00,simulation,0.3,1,-0.04402,0.00872,2.61308,0.61308,-0.04402,-0.99128,3.46615,0.00483,0.02844,625.0,11.985
15,0.5014,Evening 21:00,simulation,0.3,1,-0.04402,0.00872,2.61308,0.61308,-0.04402,-0.99128,3.46615,0.00483,0.02844,625.0,11.985
16,0.5348,Evening 21:00,simulation,0.3,1,-0.04402,0.00872,2.61308,0.61308,-0.04402,-0.99128,3.46615,0.00483,0.02844,625.0,11.985
17,0.5682,Evening 21:00,simulation,0.3,1,-0.04402,0.00872,2.61308,0.61308,-0.04402,-0.99128,3.46615,0.00483,0.02844,625.0,11.985
18,0.6017,Evening 21:00,simulation,0.3,1,-0.04402,0.00872,2.61308,0.61308,-0.04402,-0.99128,3.46615,0.00483,0.02844,625.0,11.985
19,0.6351,Evening 21:00,simulation,0.3,1,-0.04402,0.00872,2.61308,0.61308,-0.04402,-0.99128,3.46615,0.00483,0.02844,625.0,11.985
20,0.6685,Evening 21:00,simulation,0.3,1,-0.04402,0.00872,2.61308,0.61308,-0.04402,-0.99128,3.46615,0.00483,0.02844,625.0,11.985
21,0.7019,Evening 21:00,simulation,0.3,1,-0.04402,0.00872,2.61308,0.61308,-0.04402,-0.99128,3.46615,0.00483,0.02844,625.0,11.985
22,0.7354,Evening 21:00,simulation,0.3,1,-0.04402,0.00872,2.61308,0.61308,-0.04402,-0.99128,3.46615,0.00483,0.02844,625.0,11.985
23,0.7688,Evening 21:00,simulation,0.3,1,-0.04402,0.00872,2.61308,0.61308,-0.04402,-0.99128,3.46615,0.00483,0.02844,625.0,11.985
24,0.8022,Evening 21:00,simulation,0.3,1,-0.04402,0.00872,2.61308,0.61308,-0.04402,-0.99128,3.46615,0.00483,0.02844,625.0,11.985
25,0.8357,Evening 21:00,simulation,0.3,1,-0.04402,0.00872,2.61308,0.61308,-0.04402,-0.99128,3.46615,0.00483,0.02844,625.0,11.985
26,0.8691,Evening 21:00,simulation,0.3,1,-0.04402,0.00872,2.61308,0.61308,-0.04402,-0.99128,3.46615,0.00483,0.02844,625.0,11.985
27,0.9025,Evening 21:00,simulation,0.3,1,-0.04402,0.00872,2.61308,0.61308,-0.04402,-0.99128,3.46615,0.00483,0.02844,625.0,11.985
28,0.9359,Evening 21:00,simulation,0.3,1,-0.04402,0.00872,2.61308,0.61308,-0.04402,-0.99128,3.46615,0.00483,0.02844,625.0,11.985
29,0.9694,Evening 21:00,simulation,0.3,1,-0.04402,0.00872,2.61308,0.61308,-0.04402,-0.99128,3.46615,0.00483,0.02844,625.0,11.985
30,1.0028,Evening 21:00,simulation,0.3,1,-0.04402,0.00872,2.61308,0.61308,-0.04402,-0.99128,3.46615,0.00483,0.02844,625.0,11.985
31,1.0362,Evening 21:00,simulation,0.3,1,-0.04402,0.00872,2.61308,0.61308,-0.04402,-0.99128,3.46615,0.00483,0.02844,625.0,11.985
32,1.0696,Evening 21:00,simulation,0.3,1,-0.04402,0.00872,2.61308,0.61308,-0.04402,-0.99128,3.46615,0.00483,0.02844,625.0,11.985
33,1.1031,Evening 21:00,simulation,0.3,1,-0.05836,0.00847,2.72125,0.72125,-0.05836,-0.99153,3.30662,0.00297,0.03218,600.0,12.012
34,1.1365,Evening 21:00,simulation,0.3,1,-0.06804,0.00872,2.61359,0.61359,-0.06804,-0.99128,3.4654,0.00745,0.04394,625.0,11.999
35,1.1699,Evening 21:00,simulation,0.3,1,-0.08407,0.00872,2.61405,0.61405,-0.08407,-0.99128,3.46472,0.00918,0.05426,625.0,12.005
36,1.2033,Evening 21:00,simulation,0.3,1,-0.10008,0.00847,2.72245,0.72245,-0.10008,-0.99153,3.30367,0.00501,0.05497,600.0,12.013
37,1.2368,Evening 21:00,simulation,0.3,1,-0.10813,0.00872,2.61493,0.61493,-0.10813,-0.99128,3.46342,0.01176,0.06971,625.0,11.991
38,1.2702,Evening 21:00,simulation,0.3,1,-0.12515,0.00846,2.72348,0.72348,-0.12515,-0.99154,3.30112,0.00617,0.06848,600.0,12.016
39,1.3036,Evening 21:00,simulation,0.3,1,-0.12515,0.00846,2.72348,0.72348,-0.12515,-0.99154,3.30112,0.00617,0.06848,600.0,12.016
40,1.337,Evening 21:00,simulation,0.3,1,-0.13595,0.00666,2.6546,0.6546,-0.13595,-0.99334,2.8479,-0.02506,0.17417,612.5,12.005
41,1.3705,Evening 21:00,simulation,0.3,1,-0.14828,0.00872,2.61687,0.61687,-0.14828,-0.99128,3.46054,0.01599,0.09538,625.0,11.993
42,1.4039,Evening 21:00,simulation,0.3,1,-0.16701,0.00845,2.72569,0.72569,-0.16701,-0.99155,3.29552,0.00795,0.09062,600.0,12.014
43,1.4373,Evening 21:00,simulation,0.3,1,-0.17243,0.00871,2.61833,0.61833,-0.17243,-0.99129,3.45837,0.01846,0.11071,625.0,11.988
44,1.4708,Evening 21:00,simulation,0.3,1,-0.19218,0.00844,2.72732,0.72732,-0.19218,-0.99156,3.2913,0.00891,0.10359,600.0,12.006
45,1.5042,Evening 21:00,simulation,0.3,1,-0.20898,0.00843,2.72854,0.72854,-0.20898,-0.99157,3.2881,0.00948,0.11207,600.0,12.007
46,1.5376,Evening 21:00,simulation,0.3,1,-0.21276,0.00871,2.62125,0.62125,-0.21276,-0.99129,3.45402,0.02248,0.13613,625.0,11.987
47,1.571,Evening 21:00,simulation,0.3,1,-0.21276,0.00871,2.62125,0.62125,-0.21276,-0.99129,3.45402,0.02248,0.13613,625.0,11.987
48,1.6045,Evening 21:00,simulation,0.3,1,-0.23703,0.00871,2.62328,0.62328,-0.23703,-0.99129,3.45096,0.0248,0.15129,625.0,11.992
49,1.6379,Evening 21:00,simulation,0.3,1,-0.23703,0.00871,2.62328,0.62328,-0.23703,-0.99129,3.45096,0.0248,0.15129,625.0,11.992
50,1.6713,Evening 21:00,simulation,0.3,1,-0.25325,0.00871,2.62476,0.62476,-0.25325,-0.99129,3.44873,0.02631,0.16134,625.0,11.999
51,1.7047,Evening 21:00,simulation,0.3,1,-0.27762,0.0087,2.62716,0.62716,-0.27762,-0.9913,3.4451,0.02851,0.17635,625.0,11.986
52,1.7382,Evening 21:00,simulation,0.3,1,-0.27762,0.0087,2.62716,0.62716,-0.27762,-0.9913,3.4451,0.02851,0.17635,625.0,11.984
53,1.7716,Evening 21:00,simulation,0.3,1,-0.30188,0.00838,2.73699,0.73699,-0.30188,-0.99162,3.26401,0.01152,0.15483,600.0,12.009
54,1.805,Evening 21:00,simulation,0.3,1,-0.31887,0.00836,2.73885,0.73885,-0.31887,-0.99164,3.25817,0.0116,0.16148,600.0,12.005
55,1.8384,Evening 21:00,simulation,0.3,1,-0.3184,0.00869,2.63164,0.63164,-0.3184,-0.99131,3.43828,0.03199,0.20113,625.0,11.988
56,1.8719,Evening 21:00,simulation,0.3,1,-0.34443,0.00834,2.74182,0.74182,-0.34443,-0.99166,3.24826,0.01151,0.17037,600.0,12.01
57,1.9053,Evening 21:00,simulation,0.3,1,-0.34443,0.00834,2.74182,0.74182,-0.34443,-0.99166,3.24826,0.01151,0.17037,600.0,12.01
58,1.9387,Evening 21:00,simulation,0.3,1,-0.34297,0.00869,2.63461,0.63461,-0.34297,-0.99131,3.43371,0.03394,0.21585,625.0,11.988
59,1.9721,Evening 21:00,simulation,0.3,1,-0.36261,0.0068,2.67319,0.67319,-0.36261,-0.9932,2.87708,-0.01063,0.0757,612.5,11.999
60,2.0056,Evening 21:00,simulation,0.3,1,-0.38721,0.00828,2.74723,0.74723,-0.38721,-0.99172,3.22737,0.01049,0.18059,600.0,12.006
61,2.039,Evening 21:00,simulation,0.3,1,-0.38411,0.00868,2.64004,0.64004,-0.38411,-0.99132,3.42529,0.03696,0.24007,625.0,11.983
62,2.0724,Evening 21:00,simulation,0.3,1,-0.40892,0.00867,2.64359,0.64359,-0.40892,-0.99133,3.41974,0.03861,0.2544,625.0,11.997
63,2.1058,Evening 21:00,simulation,0.3,1,-0.40892,0.00867,2.64359,0.64359,-0.40892,-0.99133,3.41974,0.03861,0.2544,625.0,11.997
64,2.1393,Evening 21:00,simulation,0.3,1,-0.42552,0.00867,2.64606,0.64606,-0.42552,-0.99133,3.41582,0.03964,0.26386,625.0,11.996
65,2.1727,Evening 21:00,simulation,0.3,1,-0.45612,0.00808,2.75615,0.75615,-0.45612,-0.99192,3.16491,0.00385,0.1714,600.0,12.009
66,2.2061,Evening 21:00,simulation,0.3,1,-0.4505,0.00866,2.64996,0.64996,-0.4505,-0.99134,3.40962,0.04107,0.2779,625.0,11.985
67,2.2396,Evening 21:00,simulation,0.3,1,-0.48177,0.00802,2.75775,0.75775,-0.48177,-0.99198,3.14819,0.00173,0.16618,600.0,12.002
68,2.273,Evening 21:00,simulation,0.3,1,-0.49882,0.00801,2.75846,0.75846,-0.49882,-0.99199,3.14467,0.00126,0.16309,600.0,12.002
69,2.3064,Evening 21:00,simulation,0.3,1,-0.49882,0.00801,2.75846,0.75846,-0.49882,-0.99199,3.14467,0.00126,0.16309,600.0,12.002
70,2.3398,Evening 21:00,simulation,0.3,1,-0.49238,0.00865,2.65691,0.65691,-0.49238,-0.99135,3.39836,0.04311,0.30085,625.0,11.985
71,2.3733,Evening 21:00,simulation,0.3,1,-0.52438,0.00801,2.75934,0.75934,-0.52438,-0.99199,3.1424,0.00093,0.15752,600.0,12.004
72,2.4067,Evening 21:00,simulation,0.3,1,-0.51898,0.00863,2.66824,0.66824,-0.51898,-0.99137,3.38181,0.04231,0.32398,625.0,11.991
73,2.4401,Evening 21:00,simulation,0.3,1,-0.53942,0.007,2.69713,0.69713,-0.53942,-0.993,2.91011,-0.01759,0.14406,612.5,11.996
74,2.4735,Evening 21:00,simulation,0.3,1,-0.56694,0.008,2.76039,0.76039,-0.56694,-0.992,3.1411,0.00068,0.14676,600.0,12.0
75,2.507,Evening 21:00,simulation,0.3,1,-0.59246,0.008,2.76084,0.76084,-0.59246,-0.992,3.14083,0.0006,0.14018,600.0,11.998
76,2.5404,Evening 21:00,simulation,0.3,1,-0.59246,0.008,2.76084,0.76084,-0.59246,-0.992,3.14083,0.0006,0.14018,600.0,11.998
77,2.5738,Evening 21:00,simulation,0.3,1,-0.59246,0.008,2.76084,0.76084,-0.59246,-0.992,3.14083,0.0006,0.14018,600.0,11.998
78,2.6072,Evening 21:00,simulation,0.3,1,-0.61818,0.00806,2.74473,0.74473,-0.61818,-0.99194,3.15799,0.0061,0.34,625.0,11.981
79,2.6407,Evening 21:00,simulation,0.3,1,-0.61818,0.00806,2.74473,0.74473,-0.61818,-0.99194,3.15799,0.0061,0.34,625.0,11.983
80,2.6741,Evening 21:00,simulation,0.3,1,-0.63495,0.008,2.76139,0.76139,-0.63495,-0.992,3.14068,0.0005,0.12984,600.0,11.996
81,2.7075,Evening 21:00,simulation,0.3,1,-0.64365,0.00806,2.74585,0.74585,-0.64365,-0.99194,3.15399,0.00597,0.34887,625.0,11.979
82,2.7409,Evening 21:00,simulation,0.3,1,-0.66043,0.008,2.76163,0.76163,-0.66043,-0.992,3.14067,0.00046,0.12416,600.0,11.989
83,2.7744,Evening 21:00,simulation,0.3,1,-0.67741,0.008,2.76177,0.76177,-0.67741,-0.992,3.14068,0.00044,0.12061,600.0,11.993
84,2.8078,Evening 21:00,simulation,0.3,1,-0.67218,0.00856,2.69238,0.69238,-0.67218,-0.99144,3.33645,0.04573,0.38822,625.0,11.976
85,2.8412,Evening 21:00,simulation,0.3,1,-0.70288,0.008,2.76195,0.76195,-0.70288,-0.992,3.1407,0.00041,0.1156,600.0,11.989
86,2.8747,Evening 21:00,simulation,0.3,1,-0.71154,0.00804,2.74809,0.74809,-0.71154,-0.99196,3.14714,0.00549,0.36121,625.0,11.978
87,2.9081,Evening 21:00,simulation,0.3,1,-0.72838,0.00805,2.74833,0.74833,-0.72838,-0.99195,3.14575,0.00608,0.40123,625.0,11.976
88,2.9415,Evening 21:00,simulation,0.3,1,-0.74532,0.008,2.76218,0.76218,-0.74532,-0.992,3.14076,0.00037,0.10809,600.0,11.986
89,2.9749,Evening 21:00,simulation,0.3,1,-0.74532,0.008,2.76218,0.76218,-0.74532,-0.992,3.14076,0.00037,0.10809,600.0,11.986
90,3.0084,Evening 21:00,simulation,0.3,1,-0.75363,0.00806,2.74819,0.74819,-0.75363,-0.99194,3.14959,0.00676,0.36978,625.0,11.969
91,3.0418,Evening 21:00,simulation,0.3,1,-0.77078,0.008,2.76229,0.76229,-0.77078,-0.992,3.1408,0.00035,0.10403,600.0,11.981
92,3.0752,Evening 21:00,simulation,0.3,1,-0.78775,0.008,2.76236,0.76236,-0.78775,-0.992,3.14083,0.00034,0.10148,600.0,11.981
93,3.1086,Evening 21:00,simulation,0.3,1,-0.78722,0.00846,2.71924,0.71924,-0.78722,-0.99154,3.2811,0.04003,0.42711,625.0,11.966
94,3.1421,Evening 21:00,simulation,0.3,1,-0.8132,0.008,2.76244,0.76244,-0.8132,-0.992,3.14087,0.00032,0.0979,600.0,11.981
95,3.1755,Evening 21:00,simulation,0.3,1,-0.8132,0.008,2.76244,0.76244,-0.8132,-0.992,3.14087,0.00032,0.0979,600.0,11.981
96,3.2089,Evening 21:00,simulation,0.3,1,-0.81423,0.00843,2.72594,0.72594,-0.81423,-0.99157,3.26508,0.03734,0.43192,625.0,11.968
97,3.2423,Evening 21:00,simulation,0.3,1,-0.83866,0.008,2.76252,0.76252,-0.83866,-0.992,3.1409,0.00031,0.09456,600.0,11.969
98,3.2758,Evening 21:00,simulation,0.3,1,-0.85562,0.008,2.76257,0.76257,-0.85562,-0.992,3.14093,0.0003,0.09246,600.0,11.976
99,3.3092,Evening 21:00,simulation,0.3,1,-0.88134,-0.00366,2.8481,0.8481,-0.88134,-1.00366,3.24651,0.03344,0.449,576.0,12.0
100,3.3426,Evening 21:00,simulation,0.3,1,-0.85562,-0.016,2.76255,0.76255,-0.85562,-1.016,3.13885,-0.0006,0.09236,600.0,11.97
101,3.376,Evening 21:00,simulation,0.3,1,-0.88086,-0.02928,2.84637,0.84637,-0.88086,-1.02928,2.98756,-0.03142,0.38584,576.0,11.994
102,3.4095,Evening 21:00,simulation,0.3,1,-0.88086,-0.02928,2.84637,0.84637,-0.88086,-1.02928,2.98756,-0.03142,0.38584,576.0,11.994
103,3.4429,Evening 21:00,simulation,0.3,1,-0.88051,-0.04573,2.84514,0.84514,-0.88051,-1.04573,2.99115,-0.03201,0.37367,576.0,11.987
104,3.4763,Evening 21:00,simulation,0.3,1,-0.85553,-0.05599,2.76228,0.76228,-0.85553,-1.05599,3.13543,-0.00209,0.09166,600.0,11.973
105,3.5097,Evening 21:00,simulation,0.3,1,-0.87989,-0.07038,2.843,0.843,-0.87989,-1.07038,2.99518,-0.03302,0.35637,576.0,11.991
106,3.5432,Evening 21:00,simulation,0.3,1,-0.85544,-0.07998,2.76198,0.76198,-0.85544,-1.07998,3.13345,-0.00296,0.09094,600.0,11.975
107,3.5766,Evening 21:00,simulation,0.3,1,-0.85544,-0.07998,2.76198,0.76198,-0.85544,-1.07998,3.13345,-0.00296,0.09094,600.0,11.974
108,3.61,Evening 21:00,simulation,0.3,1,-0.87869,-0.11137,2.83891,0.83891,-0.87869,-1.11137,2.99971,-0.03478,0.32995,576.0,12.001
109,3.6435,Evening 21:00,simulation,0.3,1,-0.85523,-0.11994,2.76127,0.76127,-0.85523,-1.11994,3.13031,-0.00435,0.08928,600.0,11.981
110,3.6769,Evening 21:00,simulation,0.3,1,-0.85523,-0.11994,2.76127,0.76127,-0.85523,-1.11994,3.13031,-0.00435,0.08928,600.0,11.981
111,3.7103,Evening 21:00,simulation,0.3,1,-0.87791,-0.1359,2.83628,0.83628,-0.87791,-1.1359,3.00171,-0.0358,0.31549,576.0,12.006
112,3.7437,Evening 21:00,simulation,0.3,1,-0.85506,-0.1439,2.76073,0.76073,-0.85506,-1.1439,3.12854,-0.00513,0.08804,600.0,11.998
113,3.7772,Evening 21:00,simulation,0.3,1,-0.85494,-0.15987,2.76033,0.76033,-0.85494,-1.15987,3.12742,-0.00564,0.08713,600.0,11.99
114,3.8106,Evening 21:00,simulation,0.3,1,-0.87657,-0.17667,2.83179,0.83179,-0.87657,-1.17667,3.00443,-0.03733,0.29348,576.0,12.007
115,3.844,Evening 21:00,simulation,0.3,1,-0.85474,-0.1838,2.75968,0.75968,-0.85474,-1.1838,3.12582,-0.00636,0.08565,600.0,11.997
116,3.8774,Evening 21:00,simulation,0.3,1,-0.87576,-0.20107,2.82907,0.82907,-0.87576,-1.20107,3.00585,-0.03814,0.28141,576.0,12.018
117,3.9109,Evening 21:00,simulation,0.3,1,-0.87576,-0.20107,2.82907,0.82907,-0.87576,-1.20107,3.00585,-0.03814,0.28141,576.0,12.018
118,3.9443,Evening 21:00,simulation,0.3,1,-0.87522,-0.21732,2.82727,0.82727,-0.87522,-1.21732,3.00674,-0.03863,0.27379,576.0,12.018
119,3.9777,Evening 21:00,simulation,0.3,1,-0.85437,-0.22366,2.75846,0.75846,-0.85437,-1.22366,3.1234,-0.00747,0.08292,600.0,12.001
120,4.0111,Evening 21:00,simulation,0.3,1,-0.87441,-0.24164,2.82458,0.82458,-0.87441,-1.24164,3.00804,-0.03931,0.26296,576.0,12.031
121,4.0446,Evening 21:00,simulation,0.3,1,-0.85413,-0.24755,2.75767,0.75767,-0.85413,-1.24755,3.12209,-0.00807,0.08117,600.0,12.02
122,4.078,Evening 21:00,simulation,0.3,1,-0.85675,-0.26266,2.76619,0.76619,-0.85675,-1.26266,-3.25057,0.04826,-0.09063,588.0,12.026
123,4.1114,Evening 21:00,simulation,0.3,1,-0.87309,-0.28208,2.82019,0.82019,-0.87309,-1.28208,3.0101,-0.04028,0.24634,576.0,12.043
124,4.1448,Evening 21:00,simulation,0.3,1,-0.85371,-0.28733,2.75628,0.75628,-0.85371,-1.28733,3.12016,-0.00898,0.07812,600.0,12.023
125,4.1783,Evening 21:00,simulation,0.3,1,-0.85371,-0.28733,2.75628,0.75628,-0.85371,-1.28733,3.12016,-0.00898,0.07812,600.0,12.023
126,4.2117,Evening 21:00,simulation,0.3,1,-0.87076,-0.31952,2.81223,0.81223,-0.87076,-1.31952,-3.12785,-0.00665,-0.19835,588.0,12.042
127,4.2451,Evening 21:00,simulation,0.3,1,-0.85326,-0.32706,2.75483,0.75483,-0.85326,-1.32706,3.11851,-0.00977,0.07497,600.0,12.03
128,4.2786,Evening 21:00,simulation,0.3,1,-0.85326,-0.32706,2.75483,0.75483,-0.85326,-1.32706,3.11851,-0.00977,0.07497,600.0,12.03
129,4.312,Evening 21:00,simulation,0.3,1,-0.87105,-0.34656,2.81342,0.81342,-0.87105,-1.34656,3.01331,-0.04144,0.22289,576.0,12.05
130,4.3454,Evening 21:00,simulation,0.3,1,-0.85299,-0.35088,2.75394,0.75394,-0.85299,-1.35088,3.11765,-0.01019,0.07306,600.0,12.033
131,4.3788,Evening 21:00,simulation,0.3,1,-0.85403,-0.36557,2.75726,0.75726,-0.85403,-1.36557,-3.24811,0.04798,-0.07201,588.0,12.051
132,4.4123,Evening 21:00,simulation,0.3,1,-0.85403,-0.36557,2.75726,0.75726,-0.85403,-1.36557,-3.24811,0.04798,-0.07201,588.0,12.051
133,4.4457,Evening 21:00,simulation,0.3,1,-0.85254,-0.39054,2.75246,0.75246,-0.85254,-1.39054,3.11642,-0.01081,0.06987,600.0,12.039
134,4.4791,Evening 21:00,simulation,0.3,1,-0.85254,-0.39054,2.75246,0.75246,-0.85254,-1.39054,3.11642,-0.01081,0.06987,600.0,12.039
135,4.5125,Evening 21:00,simulation,0.3,1,-0.86912,-0.41078,2.80704,0.80704,-0.86912,-1.41078,3.01648,-0.04222,0.20263,576.0,12.066
136,4.546,Evening 21:00,simulation,0.3,1,-0.85227,-0.41431,2.75157,0.75157,-0.85227,-1.41431,3.11578,-0.01113,0.06798,600.0,12.052
137,4.5794,Evening 21:00,simulation,0.3,1,-0.85209,-0.43015,2.75098,0.75098,-0.85209,-1.43015,3.11541,-0.01133,0.06673,600.0,12.057
138,4.6128,Evening 21:00,simulation,0.3,1,-0.86797,-0.4508,2.80325,0.80325,-0.86797,-1.4508,3.01845,-0.04254,0.19131,576.0,12.071
139,4.6462,Evening 21:00,simulation,0.3,1,-0.85182,-0.4539,2.75009,0.75009,-0.85182,-1.4539,3.1149,-0.0116,0.06487,600.0,12.047
140,4.6797,Evening 21:00,simulation,0.3,1,-0.85182,-0.4539,2.75009,0.75009,-0.85182,-1.4539,3.1149,-0.0116,0.06487,600.0,12.047
141,4.7131,Evening 21:00,simulation,0.3,1,-0.86731,-0.47477,2.80106,0.80106,-0.86731,-1.47477,3.01964,-0.04267,0.18495,576.0,12.07
142,4.7465,Evening 21:00,simulation,0.3,1,-0.86767,-0.48883,2.80211,0.80211,-0.86767,-1.48883,-3.159,0.00506,-0.18156,588.0,12.067
143,4.7799,Evening 21:00,simulation,0.3,1,-0.85138,-0.49345,2.74865,0.74865,-0.85138,-1.49345,3.1142,-0.01198,0.06185,600.0,12.056
144,4.8134,Evening 21:00,simulation,0.3,1,-0.86624,-0.51467,2.79753,0.79753,-0.86624,-1.51467,3.02161,-0.04282,0.175,576.0,12.075
145,4.8468,Evening 21:00,simulation,0.3,1,-0.85112,-0.51716,2.7478,0.7478,-0.85112,-1.51716,3.11386,-0.01218,0.06008,600.0,12.059
146,4.8802,Evening 21:00,simulation,0.3,1,-0.85112,-0.51716,2.7478,0.7478,-0.85112,-1.51716,3.11386,-0.01218,0.06008,600.0,12.059
147,4.9136,Evening 21:00,simulation,0.3,1,-0.86522,-0.55449,2.79416,0.79416,-0.86522,-1.55449,3.02357,-0.04289,0.16579,576.0,12.074
148,4.9471,Evening 21:00,simulation,0.3,1,-0.86522,-0.55449,2.79416,0.79416,-0.86522,-1.55449,3.02357,-0.04289,0.16579,576.0,12.074
149,4.9805,Evening 21:00,simulation,0.3,1,-0.8507,-0.55666,2.74642,0.74642,-0.8507,-1.55666,3.11341,-0.01245,0.05723,600.0,12.05
150,5.0139,Evening 21:00,simulation,0.3,1,-0.86463,-0.57835,2.79221,0.79221,-0.86463,-1.57835,3.02474,-0.04289,0.16058,576.0,12.078
151,5.0474,Evening 21:00,simulation,0.3,1,-0.8503,-0.59613,2.74509,0.74509,-0.8503,-1.59613,3.11308,-0.01265,0.0545,600.0,12.06
152,5.0808,Evening 21:00,simulation,0.3,1,-0.8503,-0.59613,2.74509,0.74509,-0.8503,-1.59613,3.11308,-0.01265,0.0545,600.0,12.06
153,5.1142,Evening 21:00,simulation,0.3,1,-0.86368,-0.61807,2.78907,0.78907,-0.86368,-1.61807,3.02669,-0.04283,0.1524,576.0,12.08
154,5.1476,Evening 21:00,simulation,0.3,1,-0.85006,-0.61979,2.74432,0.74432,-0.85006,-1.61979,3.11294,-0.01275,0.05292,600.0,12.056
155,5.1811,Evening 21:00,simulation,0.3,1,-0.86313,-0.64187,2.78726,0.78726,-0.86313,-1.64187,3.02785,-0.04277,0.14777,576.0,12.074
156,5.2145,Evening 21:00,simulation,0.3,1,-0.86313,-0.64187,2.78726,0.78726,-0.86313,-1.64187,3.02785,-0.04277,0.14777,576.0,12.074
157,5.2479,Evening 21:00,simulation,0.3,1,-0.86277,-0.65773,2.78609,0.78609,-0.86277,-1.65773,3.02862,-0.04271,0.14478,576.0,12.073
158,5.2813,Evening 21:00,simulation,0.3,1,-0.86224,-0.6815,2.78436,0.78436,-0.86224,-1.6815,3.02976,-0.04262,0.14046,576.0,12.075
159,5.3148,Evening 21:00,simulation,0.3,1,-0.86224,-0.6815,2.78436,0.78436,-0.86224,-1.6815,3.02976,-0.04262,0.14046,576.0,12.075
160,5.3482,Evening 21:00,simulation,0.3,1,-0.84946,-0.68286,2.74235,0.74235,-0.84946,-1.68286,3.11275,-0.01294,0.04892,600.0,12.059
161,5.3816,Evening 21:00,simulation,0.3,1,-0.84931,-0.69862,2.74188,0.74188,-0.84931,-1.69862,3.11273,-0.01297,0.04797,600.0,12.064
162,5.415,Evening 21:00,simulation,0.3,1,-0.8614,-0.72108,2.78159,0.78159,-0.8614,-1.72108,3.03166,-0.04242,0.13364,576.0,12.073
163,5.4485,Evening 21:00,simulation,0.3,1,-0.8491,-0.72225,2.74119,0.74119,-0.8491,-1.72225,3.11273,-0.013,0.04658,600.0,12.049
164,5.4819,Evening 21:00,simulation,0.3,1,-0.86092,-0.74481,2.77999,0.77999,-0.86092,-1.74481,3.03279,-0.04228,0.12977,576.0,12.075
165,5.5153,Evening 21:00,simulation,0.3,1,-0.8606,-0.76062,2.77895,0.77895,-0.8606,-1.76062,3.03354,-0.04218,0.12727,576.0,12.066
166,5.5487,Evening 21:00,simulation,0.3,1,-0.8606,-0.76062,2.77895,0.77895,-0.8606,-1.76062,3.03354,-0.04218,0.12727,576.0,12.066
167,5.5822,Evening 21:00,simulation,0.3,1,-0.81918,-0.73534,2.68561,0.68561,-0.81918,-1.73534,2.95299,-0.06548,0.17457,600.0,12.053
168,5.6156,Evening 21:00,simulation,0.3,1,-0.83422,-0.75988,2.77623,0.77623,-0.83422,-1.75988,3.03113,-0.04177,0.1255,576.0,12.078
169,5.649,Evening 21:00,simulation,0.3,1,-0.80978,-0.74969,2.74785,0.74785,-0.80978,-1.74969,-2.43086,-0.03551,-0.52003,588.0,12.069
170,5.6825,Evening 21:00,simulation,0.3,1,-0.80978,-0.74969,2.74785,0.74785,-0.80978,-1.74969,-2.43086,-0.03551,-0.52003,588.0,12.069
171,5.7159,Evening 21:00,simulation,0.3,1,-0.77612,-0.73358,2.67912,0.67912,-0.77612,-1.73358,2.94842,-0.06362,0.16833,600.0,12.066
172,5.7493,Evening 21:00,simulation,0.3,1,-0.79035,-0.75865,2.77169,0.77169,-0.79035,-1.75865,3.02715,-0.04095,0.12222,576.0,12.085
173,5.7827,Evening 21:00,simulation,0.3,1,-0.7641,-0.75791,2.76896,0.76896,-0.7641,-1.75791,3.02479,-0.04039,0.12004,576.0,12.083
174,5.8162,Evening 21:00,simulation,0.3,1,-0.74662,-0.75742,2.76715,0.76715,-0.74662,-1.75742,3.02324,-0.03998,0.1185,576.0,12.086
175,5.8496,Evening 21:00,simulation,0.3,1,-0.74662,-0.75742,2.76715,0.76715,-0.74662,-1.75742,3.02324,-0.03998,0.1185,576.0,12.086
176,5.883,Evening 21:00,simulation,0.3,1,-0.70774,-0.73086,2.66907,0.66907,-0.70774,-1.73086,2.94147,-0.06022,0.15754,600.0,12.07
177,5.9164,Evening 21:00,simulation,0.3,1,-0.72046,-0.75669,2.76444,0.76444,-0.72046,-1.75669,3.02092,-0.03931,0.11606,576.0,12.09
178,5.9499,Evening 21:00,simulation,0.3,1,-0.68226,-0.72987,2.66542,0.66542,-0.68226,-1.72987,2.93899,-0.05882,0.15324,600.0,12.078
179,5.9833,Evening 21:00,simulation,0.3,1,-0.66532,-0.72923,2.66304,0.66304,-0.66532,-1.72923,2.93737,-0.05785,0.15031,600.0,12.084
180,6.0167,Evening 21:00,simulation,0.3,1,-0.67698,-0.75548,2.75997,0.75997,-0.67698,-1.75548,3.01716,-0.03807,0.11165,576.0,12.094
181,6.0501,Evening 21:00,simulation,0.3,1,-0.67698,-0.75548,2.75997,0.75997,-0.67698,-1.75548,3.01716,-0.03807,0.11165,576.0,12.094
182,6.0836,Evening 21:00,simulation,0.3,1,-0.63998,-0.72827,2.65953,0.65953,-0.63998,-1.72827,2.93502,-0.05633,0.1458,600.0,12.075
183,6.117,Evening 21:00,simulation,0.3,1,-0.65096,-0.75477,2.75733,0.75733,-0.65096,-1.75477,3.01495,-0.03724,0.10881,576.0,12.098
184,6.1504,Evening 21:00,simulation,0.3,1,-0.63365,-0.7543,2.75559,0.75559,-0.63365,-1.7543,3.01351,-0.03665,0.10683,576.0,12.093
185,6.1838,Evening 21:00,simulation,0.3,1,-0.59794,-0.72674,2.65387,0.65387,-0.59794,-1.72674,2.93126,-0.05366,0.13804,600.0,12.084
186,6.2173,Evening 21:00,simulation,0.3,1,-0.60774,-0.7536,2.75302,0.75302,-0.60774,-1.7536,3.01139,-0.03573,0.10374,576.0,12.105
187,6.2507,Evening 21:00,simulation,0.3,1,-0.57282,-0.72586,2.6506,0.6506,-0.57282,-1.72586,2.92911,-0.05197,0.13323,600.0,12.086
188,6.2841,Evening 21:00,simulation,0.3,1,-0.55612,-0.72528,2.64848,0.64848,-0.55612,-1.72528,2.92772,-0.05082,0.12997,600.0,12.097
189,6.3175,Evening 21:00,simulation,0.3,1,-0.55612,-0.72528,2.64848,0.64848,-0.55612,-1.72528,2.92772,-0.05082,0.12997,600.0,12.097
190,6.351,Evening 21:00,simulation,0.3,1,-0.56467,-0.75247,2.74885,0.74885,-0.56467,-1.75247,3.00799,-0.03405,0.09829,576.0,12.104
191,6.3844,Evening 21:00,simulation,0.3,1,-0.53114,-0.72444,2.64538,0.64538,-0.53114,-1.72444,2.92571,-0.04903,0.12498,600.0,12.084
192,6.4178,Evening 21:00,simulation,0.3,1,-0.53891,-0.75182,2.74642,0.74642,-0.53891,-1.75182,3.00603,-0.03297,0.09485,576.0,12.106
193,6.4513,Evening 21:00,simulation,0.3,1,-0.50624,-0.72363,2.6424,0.6424,-0.50624,-1.72363,2.92378,-0.04719,0.11991,600.0,12.094
194,6.4847,Evening 21:00,simulation,0.3,1,-0.48968,-0.72311,2.64047,0.64047,-0.48968,-1.72311,2.92254,-0.04593,0.11647,600.0,12.094
195,6.5181,Evening 21:00,simulation,0.3,1,-0.4961,-0.75077,2.74254,0.74254,-0.4961,-1.75077,3.00291,-0.03104,0.08882,576.0,12.107
196,6.5515,Evening 21:00,simulation,0.3,1,-0.4961,-0.75077,2.74254,0.74254,-0.4961,-1.75077,3.00291,-0.03104,0.08882,576.0,12.107
197,6.585,Evening 21:00,simulation,0.3,1,-0.46491,-0.72235,2.63767,0.63767,-0.46491,-1.72235,2.92075,-0.04399,0.11124,600.0,12.083
198,6.6184,Evening 21:00,simulation,0.3,1,-0.47049,-0.75016,2.74031,0.74031,-0.47049,-1.75016,3.00114,-0.02981,0.08504,576.0,12.104
199,6.6518,Evening 21:00,simulation,0.3,1,-0.45344,-0.74977,2.73886,0.73886,-0.45344,-1.74977,3.0,-0.02896,0.08245,576.0,12.103
200,6.6852,Evening 21:00,simulation,0.3,1,-0.42377,-0.72116,2.63327,0.63327,-0.42377,-1.72116,2.91796,-0.04066,0.10233,600.0,12.084
201,6.7187,Evening 21:00,simulation,0.3,1,-0.42792,-0.74921,2.73677,0.73677,-0.42792,-1.74921,2.99836,-0.02764,0.07849,576.0,12.11
202,6.7521,Evening 21:00,simulation,0.3,1,-0.39918,-0.72049,2.6308,0.6308,-0.39918,-1.72049,2.9164,-0.03859,0.09689,600.0,12.092
203,6.7855,Evening 21:00,simulation,0.3,1,-0.38282,-0.72006,2.62923,0.62923,-0.38282,-1.72006,2.91541,-0.03719,0.09322,600.0,12.098
204,6.8189,Evening 21:00,simulation,0.3,1,-0.38282,-0.72006,2.62923,0.62923,-0.38282,-1.72006,2.91541,-0.03719,0.09322,600.0,12.098
205,6.8524,Evening 21:00,simulation,0.3,1,-0.38551,-0.74832,2.7335,0.7335,-0.38551,-1.74832,2.9958,-0.02534,0.07165,576.0,12.109
206,6.8858,Evening 21:00,simulation,0.3,1,-0.35833,-0.71945,2.62697,0.62697,-0.35833,-1.71945,2.91401,-0.03505,0.08765,600.0,12.079
207,6.9192,Evening 21:00,simulation,0.3,1,-0.36012,-0.74782,2.73166,0.73166,-0.36012,-1.74782,2.99438,-0.02391,0.06742,576.0,12.108
208,6.9526,Evening 21:00,simulation,0.3,1,-0.3339,-0.71888,2.62485,0.62485,-0.3339,-1.71888,2.91269,-0.03287,0.08203,600.0,12.099
209,6.9861,Evening 21:00,simulation,0.3,1,-0.31765,-0.71852,2.62351,0.62351,-0.31765,-1.71852,2.91186,-0.0314,0.07824,600.0,12.092
210,7.0195,Evening 21:00,simulation,0.3,1,-0.31792,-0.74706,2.72883,0.72883,-0.31792,-1.74706,2.9922,-0.02142,0.06017,576.0,12.112
211,7.0529,Evening 21:00,simulation,0.3,1,-0.29331,-0.718,2.62162,0.62162,-0.29331,-1.718,2.91069,-0.02916,0.07252,600.0,12.086
212,7.0864,Evening 21:00,simulation,0.3,1,-0.29265,-0.74664,2.72729,0.72729,-0.29265,-1.74664,2.99102,-0.01987,0.05571,576.0,12.105
213,7.1198,Evening 21:00,simulation,0.3,1,-0.29265,-0.74664,2.72729,0.72729,-0.29265,-1.74664,2.99102,-0.01987,0.05571,576.0,12.105
214,7.1532,Evening 21:00,simulation,0.3,1,-0.27583,-0.74638,2.72632,0.72632,-0.27583,-1.74638,2.99028,-0.01882,0.0527,576.0,12.107
215,7.1866,Evening 21:00,simulation,0.3,1,-0.25063,-0.74601,2.72496,0.72496,-0.25063,-1.74601,2.98924,-0.01722,0.04813,576.0,12.112
216,7.2201,Evening 21:00,simulation,0.3,1,-0.25063,-0.74601,2.72496,0.72496,-0.25063,-1.74601,2.98924,-0.01722,0.04813,576.0,12.112
217,7.2535,Evening 21:00,simulation,0.3,1,-0.22864,-0.71682,2.61727,0.61727,-0.22864,-1.71682,2.90802,-0.02302,0.05701,600.0,12.096
218,7.2869,Evening 21:00,simulation,0.3,1,-0.21252,-0.71657,2.61634,0.61634,-0.21252,-1.71657,2.90745,-0.02146,0.05309,600.0,12.096
219,7.3203,Evening 21:00,simulation,0.3,1,-0.2087,-0.74547,2.72297,0.72297,-0.2087,-1.74547,2.98774,-0.01448,0.04037,576.0,12.111
220,7.3538,Evening 21:00,simulation,0.3,1,-0.18837,-0.71623,2.61507,0.61507,-0.18837,-1.71623,2.90668,-0.01909,0.04717,600.0,12.087
221,7.3872,Evening 21:00,simulation,0.3,1,-0.18837,-0.71623,2.61507,0.61507,-0.18837,-1.71623,2.90668,-0.01909,0.04717,600.0,12.087
222,7.4206,Evening 21:00,simulation,0.3,1,-0.16686,-0.74502,2.72132,0.72132,-0.16686,-1.74502,2.98649,-0.01167,0.03247,576.0,12.105
223,7.454,Evening 21:00,simulation,0.3,1,-0.16686,-0.74502,2.72132,0.72132,-0.16686,-1.74502,2.98649,-0.01167,0.03247,576.0,12.105
224,7.4875,Evening 21:00,simulation,0.3,1,-0.14819,-0.71575,2.61329,0.61329,-0.14819,-1.71575,2.9056,-0.0151,0.03723,600.0,12.092
225,7.5209,Evening 21:00,simulation,0.3,1,-0.14179,-0.7448,2.7205,0.7205,-0.14179,-1.7448,2.98588,-0.00996,0.02767,576.0,12.113
226,7.5543,Evening 21:00,simulation,0.3,1,-0.14179,-0.7448,2.7205,0.7205,-0.14179,-1.7448,2.98588,-0.00996,0.02767,576.0,12.113
227,7.5877,Evening 21:00,simulation,0.3,1,-0.12412,-0.71551,2.61242,0.61242,-0.12412,-1.71551,2.90507,-0.01268,0.03124,600.0,12.092
228,7.6212,Evening 21:00,simulation,0.3,1,-0.10005,-0.74451,2.71943,0.71943,-0.10005,-1.74451,2.98507,-0.00706,0.0196,576.0,12.111
229,7.6546,Evening 21:00,simulation,0.3,1,-0.08404,-0.71521,2.61131,0.61131,-0.08404,-1.71521,2.9044,-0.00861,0.0212,600.0,12.086
230,7.688,Evening 21:00,simulation,0.3,1,-0.08404,-0.71521,2.61131,0.61131,-0.08404,-1.71521,2.9044,-0.00861,0.0212,600.0,12.086
231,7.7214,Evening 21:00,simulation,0.3,1,-0.07502,-0.74439,2.71896,0.71896,-0.07502,-1.74439,2.98472,-0.00531,0.01472,576.0,12.114
232,7.7549,Evening 21:00,simulation,0.3,1,-0.06667,-0.73976,2.71771,0.71771,-0.06667,-1.73976,3.08701,-0.00189,0.00625,600.0,12.106
233,7.7883,Evening 21:00,simulation,0.3,1,-0.06667,-0.73976,2.71771,0.71771,-0.06667,-1.73976,3.08701,-0.00189,0.00625,600.0,12.106
234,7.8217,Evening 21:00,simulation,0.3,1,-0.06667,-0.72404,2.71774,0.71774,-0.06667,-1.72404,3.08608,-0.00192,0.00645,600.0,12.094
235,7.8552,Evening 21:00,simulation,0.3,1,-0.06668,-0.7129,2.71892,0.71892,-0.06668,-1.7129,2.9804,-0.00479,0.01366,576.0,12.115
236,7.8886,Evening 21:00,simulation,0.3,1,-0.06667,-0.70045,2.71778,0.71778,-0.06667,-1.70045,3.08463,-0.00196,0.00677,600.0,12.089
237,7.922,Evening 21:00,simulation,0.3,1,-0.06668,-0.6736,2.71903,0.71903,-0.06668,-1.6736,2.97486,-0.00488,0.01441,576.0,12.111
238,7.9554,Evening 21:00,simulation,0.3,1,-0.06668,-0.6736,2.71903,0.71903,-0.06668,-1.6736,2.97486,-0.00488,0.01441,576.0,12.111
239,7.9889,Evening 21:00,simulation,0.3,1,-0.06667,-0.66114,2.71786,0.71786,-0.06667,-1.66114,3.08205,-0.00203,0.00734,600.0,12.087
240,8.0223,Evening 21:00,simulation,0.3,1,-0.06668,-0.65001,2.7191,0.7191,-0.06668,-1.65001,2.97138,-0.00494,0.01488,576.0,12.114
241,8.0557,Evening 21:00,simulation,0.3,1,-0.06667,-0.63756,2.71791,0.71791,-0.06667,-1.63756,3.0804,-0.00207,0.00772,600.0,12.098
242,8.0891,Evening 21:00,simulation,0.3,1,-0.06668,-0.62183,2.71795,0.71795,-0.06668,-1.62183,3.07925,-0.0021,0.00798,600.0,12.1
243,8.1226,Evening 21:00,simulation,0.3,1,-0.06669,-0.6107,2.71923,0.71923,-0.06669,-1.6107,2.96533,-0.00503,0.01571,576.0,12.113
244,8.156,Evening 21:00,simulation,0.3,1,-0.06669,-0.6107,2.71923,0.71923,-0.06669,-1.6107,2.96533,-0.00503,0.01571,576.0,12.113
245,8.1894,Evening 21:00,simulation,0.3,1,-0.06668,-0.59825,2.71801,0.71801,-0.06668,-1.59825,3.07746,-0.00214,0.0084,600.0,12.089
246,8.2228,Evening 21:00,simulation,0.3,1,-0.06669,-0.58711,2.71931,0.71931,-0.06669,-1.58711,2.96153,-0.00508,0.01623,576.0,12.112
247,8.2563,Evening 21:00,simulation,0.3,1,-0.06669,-0.57139,2.71936,0.71936,-0.06669,-1.57139,2.95893,-0.00511,0.01658,576.0,12.108
248,8.2897,Evening 21:00,simulation,0.3,1,-0.06668,-0.55894,2.71812,0.71812,-0.06668,-1.55894,3.07427,-0.00222,0.00916,600.0,12.088
249,8.3231,Evening 21:00,simulation,0.3,1,-0.06668,-0.55894,2.71812,0.71812,-0.06668,-1.55894,3.07427,-0.00222,0.00916,600.0,12.088
250,8.3565,Evening 21:00,simulation,0.3,1,-0.06669,-0.5478,2.71945,0.71945,-0.06669,-1.5478,2.95492,-0.00516,0.01713,576.0,12.116
251,8.39,Evening 21:00,simulation,0.3,1,-0.06668,-0.53535,2.71818,0.71818,-0.06668,-1.53535,3.07222,-0.00227,0.00966,600.0,12.092
252,8.4234,Evening 21:00,simulation,0.3,1,-0.06669,-0.52421,2.71953,0.71953,-0.06669,-1.52421,2.95076,-0.00521,0.0177,576.0,12.107
253,8.4568,Evening 21:00,simulation,0.3,1,-0.06669,-0.50849,2.71959,0.71959,-0.06669,-1.50849,2.94792,-0.00525,0.01808,576.0,12.113
254,8.4903,Evening 21:00,simulation,0.3,1,-0.06668,-0.49604,2.71831,0.71831,-0.06668,-1.49604,3.06855,-0.00235,0.01057,600.0,12.086
255,8.5237,Evening 21:00,simulation,0.3,1,-0.06668,-0.47246,2.7184,0.7184,-0.06668,-1.47246,3.06619,-0.0024,0.01117,600.0,12.101
256,8.5571,Evening 21:00,simulation,0.3,1,-0.06668,-0.47246,2.7184,0.7184,-0.06668,-1.47246,3.06619,-0.0024,0.01117,600.0,12.101
257,8.5905,Evening 21:00,simulation,0.3,1,-0.06668,-0.45673,2.71845,0.71845,-0.06668,-1.45673,3.06455,-0.00243,0.01159,600.0,12.098
258,8.624,Evening 21:00,simulation,0.3,1,-0.06669,-0.44559,2.71984,0.71984,-0.06669,-1.44559,2.93588,-0.00537,0.01971,576.0,12.111
259,8.6574,Evening 21:00,simulation,0.3,1,-0.06668,-0.43315,2.71855,0.71855,-0.06668,-1.43315,3.06196,-0.00248,0.01226,600.0,12.082
260,8.6908,Evening 21:00,simulation,0.3,1,-0.06669,-0.422,2.71994,0.71994,-0.06669,-1.422,2.93108,-0.00542,0.02035,576.0,12.103
261,8.7242,Evening 21:00,simulation,0.3,1,-0.06669,-0.40627,2.72,0.72,-0.06669,-1.40627,2.92779,-0.00545,0.02079,576.0,12.101
262,8.7577,Evening 21:00,simulation,0.3,1,-0.06669,-0.40627,2.72,0.72,-0.06669,-1.40627,2.92779,-0.00545,0.02079,576.0,12.101
263,8.7911,Evening 21:00,simulation,0.3,1,-0.06668,-0.39384,2.71872,0.71872,-0.06668,-1.39384,3.05732,-0.00256,0.01348,600.0,12.078
264,8.8245,Evening 21:00,simulation,0.3,1,-0.06669,-0.38268,2.72011,0.72011,-0.06669,-1.38268,2.92271,-0.00549,0.02146,576.0,12.102
265,8.8579,Evening 21:00,simulation,0.3,1,-0.06668,-0.37025,2.71883,0.71883,-0.06668,-1.37025,3.05432,-0.00261,0.01427,600.0,12.077
266,8.8914,Evening 21:00,simulation,0.3,1,-0.06671,-0.35608,2.71357,0.71357,-0.06671,-1.35608,-3.31407,0.01665,0.05735,588.0,12.084
267,8.9248,Evening 21:00,simulation,0.3,1,-0.06671,-0.35608,2.71357,0.71357,-0.06671,-1.35608,-3.31407,0.01665,0.05735,588.0,12.084
268,8.9582,Evening 21:00,simulation,0.3,1,-0.06669,-0.34336,2.72028,0.72028,-0.06669,-1.34336,2.91387,-0.00555,0.02262,576.0,12.091
269,8.9916,Evening 21:00,simulation,0.3,1,-0.06668,-0.33094,2.71903,0.71903,-0.06668,-1.33094,3.04891,-0.00269,0.01572,600.0,12.059
270,9.0251,Evening 21:00,simulation,0.3,1,-0.06669,-0.31976,2.72039,0.72039,-0.06669,-1.31976,2.90832,-0.00558,0.02333,576.0,12.081
271,9.0585,Evening 21:00,simulation,0.3,1,-0.06668,-0.30735,2.71916,0.71916,-0.06668,-1.30735,3.0454,-0.00274,0.01666,600.0,12.068
272,9.0919,Evening 21:00,simulation,0.3,1,-0.06668,-0.29163,2.71925,0.71925,-0.06668,-1.29163,3.04295,-0.00277,0.01731,600.0,12.057
273,9.1253,Evening 21:00,simulation,0.3,1,-0.0667,-0.28044,2.72058,0.72058,-0.0667,-1.28044,2.89866,-0.00563,0.02456,576.0,12.072
274,9.1588,Evening 21:00,simulation,0.3,1,-0.0667,-0.25684,2.7207,0.7207,-0.0667,-1.25684,2.89261,-0.00566,0.02531,576.0,12.056
275,9.1922,Evening 21:00,simulation,0.3,1,-0.0667,-0.25684,2.7207,0.7207,-0.0667,-1.25684,2.89261,-0.00566,0.02531,576.0,12.056
276,9.2256,Evening 21:00,simulation,0.3,1,-0.0667,-0.24111,2.72077,0.72077,-0.0667,-1.24111,2.88847,-0.00568,0.02582,576.0,12.058
277,9.2591,Evening 21:00,simulation,0.3,1,-0.06669,-0.22872,2.71965,0.71965,-0.06669,-1.22872,3.03209,-0.00289,0.02021,600.0,12.034
278,9.2925,Evening 21:00,simulation,0.3,1,-0.0667,-0.21751,2.72089,0.72089,-0.0667,-1.21751,2.88209,-0.0057,0.02659,576.0,12.055
279,9.3259,Evening 21:00,simulation,0.3,1,-0.06669,-0.20513,2.71981,0.71981,-0.06669,-1.20513,3.02754,-0.00293,0.0214,600.0,12.034
280,9.3593,Evening 21:00,simulation,0.3,1,-0.06669,-0.20513,2.71981,0.71981,-0.06669,-1.20513,3.02754,-0.00293,0.0214,600.0,12.034
281,9.3928,Evening 21:00,simulation,0.3,1,-0.0667,-0.17817,2.7211,0.7211,-0.0667,-1.17817,2.871,-0.00572,0.0279,576.0,12.046
282,9.4262,Evening 21:00,simulation,0.3,1,-0.0667,-0.17817,2.7211,0.7211,-0.0667,-1.17817,2.871,-0.00572,0.0279,576.0,12.046
283,9.4596,Evening 21:00,simulation,0.3,1,-0.06669,-0.16581,2.7201,0.7201,-0.06669,-1.16581,3.01932,-0.00298,0.02351,600.0,12.019
284,9.493,Evening 21:00,simulation,0.3,1,-0.0667,-0.15457,2.72122,0.72122,-0.0667,-1.15457,2.86406,-0.00574,0.02869,576.0,12.036
285,9.5265,Evening 21:00,simulation,0.3,1,-0.06622,-0.14023,2.71373,0.71373,-0.06622,-1.14023,-3.35971,-0.00723,-0.17687,588.0,12.029
286,9.5599,Evening 21:00,simulation,0.3,1,-0.06669,-0.12648,2.72042,0.72042,-0.06669,-1.12648,3.0102,-0.00302,0.02576,600.0,12.014
287,9.5933,Evening 21:00,simulation,0.3,1,-0.06669,-0.12648,2.72042,0.72042,-0.06669,-1.12648,3.0102,-0.00302,0.02576,600.0,12.014
288,9.6267,Evening 21:00,simulation,0.3,1,-0.06669,-0.10289,2.72061,0.72061,-0.06669,-1.10289,3.00427,-0.00304,0.02717,600.0,12.005
289,9.6602,Evening 21:00,simulation,0.3,1,-0.06669,-0.10289,2.72061,0.72061,-0.06669,-1.10289,3.00427,-0.00304,0.02717,600.0,12.005
290,9.6936,Evening 21:00,simulation,0.3,1,-0.06619,-0.08732,2.71342,0.71342,-0.06619,-1.08732,-2.83411,0.01115,-0.15988,588.0,12.015
291,9.727,Evening 21:00,simulation,0.3,1,-0.0667,-0.07589,2.72165,0.72165,-0.0667,-1.07589,2.83939,-0.00574,0.03138,576.0,12.017
292,9.7604,Evening 21:00,simulation,0.3,1,-0.0667,-0.06355,2.72095,0.72095,-0.0667,-1.06355,2.99355,-0.00306,0.02959,600.0,11.997
293,9.7939,Evening 21:00,simulation,0.3,1,-0.0667,-0.05228,2.72178,0.72178,-0.0667,-1.05228,2.83151,-0.00573,0.03219,576.0,12.028
294,9.8273,Evening 21:00,simulation,0.3,1,-0.0667,-0.03995,2.72116,0.72116,-0.0667,-1.03995,2.98659,-0.00306,0.03109,600.0,12.02
295,9.8607,Evening 21:00,simulation,0.3,1,-0.0667,-0.03995,2.72116,0.72116,-0.0667,-1.03995,2.98659,-0.00306,0.03109,600.0,12.02
296,9.8942,Evening 21:00,simulation,0.3,1,-0.0667,-0.02421,2.7213,0.7213,-0.0667,-1.02421,2.98171,-0.00306,0.03209,600.0,12.018
297,9.9276,Evening 21:00,simulation,0.3,1,-0.06291,-0.01286,2.65722,0.65722,-0.06291,-1.01286,2.7481,-0.0212,0.10388,588.0,12.032
298,9.961,Evening 21:00,simulation,0.3,1,-0.0667,0.0006,2.72151,0.72151,-0.0667,-0.9994,3.30875,0.00339,0.03738,600.0,12.005
299,9.9944,Evening 21:00,simulation,0.3,1,-0.0667,0.0006,2.72151,0.72151,-0.0667,-0.9994,3.30875,0.00339,0.03738,600.0,12.005
300,10.0279,Evening 21:00,simulation,0.3,1,-0.06671,0.01293,2.72199,0.72199,-0.06671,-0.98707,3.46485,0.00702,0.04123,576.0,12.028
301,10.0613,Evening 21:00,simulation,0.3,1,-0.06671,0.02867,2.72191,0.72191,-0.06671,-0.97133,3.45934,0.00701,0.04043,576.0,12.034
302,10.0947,Evening 21:00,simulation,0.3,1,-0.0667,0.05228,2.72178,0.72178,-0.0667,-0.94772,3.45126,0.00699,0.03923,576.0,12.037
303,10.1281,Evening 21:00,simulation,0.3,1,-0.0667,0.05228,2.72178,0.72178,-0.0667,-0.94772,3.45126,0.00699,0.03923,576.0,12.037
304,10.1616,Evening 21:00,simulation,0.3,1,-0.0662,0.07744,2.7135,0.7135,-0.0662,-0.92256,-2.89486,0.00759,-0.15655,588.0,12.028
305,10.195,Evening 21:00,simulation,0.3,1,-0.0662,0.07744,2.7135,0.7135,-0.0662,-0.92256,-2.89486,0.00759,-0.15655,588.0,12.028
306,10.2284,Evening 21:00,simulation,0.3,1,-0.0667,0.09163,2.72156,0.72156,-0.0667,-0.90837,3.43829,0.00694,0.03728,576.0,12.042
307,10.2618,Evening 21:00,simulation,0.3,1,-0.06669,0.10289,2.72061,0.72061,-0.06669,-0.89711,3.27865,0.00332,0.02965,600.0,12.017
308,10.2953,Evening 21:00,simulation,0.3,1,-0.06669,0.10289,2.72061,0.72061,-0.06669,-0.89711,3.27865,0.00332,0.02965,600.0,12.017
309,10.3287,Evening 21:00,simulation,0.3,1,-0.0667,0.13097,2.72135,0.72135,-0.0667,-0.86903,3.42593,0.00689,0.03537,576.0,12.031
310,10.3621,Evening 21:00,simulation,0.3,1,-0.0667,0.13097,2.72135,0.72135,-0.0667,-0.86903,3.42593,0.00689,0.03537,576.0,12.031
311,10.3955,Evening 21:00,simulation,0.3,1,-0.06669,0.14221,2.72029,0.72029,-0.06669,-0.85779,3.26901,0.00326,0.02694,600.0,12.021
312,10.429,Evening 21:00,simulation,0.3,1,-0.06669,0.16581,2.7201,0.7201,-0.06669,-0.83419,3.26368,0.00322,0.02541,600.0,12.015
313,10.4624,Evening 21:00,simulation,0.3,1,-0.06669,0.16581,2.7201,0.7201,-0.06669,-0.83419,3.26368,0.00322,0.02541,600.0,12.015
314,10.4958,Evening 21:00,simulation,0.3,1,-0.0667,0.17817,2.7211,0.7211,-0.0667,-0.82183,3.41188,0.0068,0.03316,576.0,12.025
315,10.5292,Evening 21:00,simulation,0.3,1,-0.0667,0.19391,2.72102,0.72102,-0.0667,-0.80609,3.40739,0.00677,0.03244,576.0,12.024
316,10.5627,Evening 21:00,simulation,0.3,1,-0.06669,0.20513,2.71981,0.71981,-0.06669,-0.79487,3.25548,0.00315,0.02301,600.0,11.997
317,10.5961,Evening 21:00,simulation,0.3,1,-0.0667,0.21751,2.72089,0.72089,-0.0667,-0.78249,3.40082,0.00672,0.03138,576.0,12.016
318,10.6295,Evening 21:00,simulation,0.3,1,-0.06669,0.22872,2.71965,0.71965,-0.06669,-0.77128,3.25095,0.0031,0.02166,600.0,11.993
319,10.663,Evening 21:00,simulation,0.3,1,-0.06669,0.22872,2.71965,0.71965,-0.06669,-0.77128,3.25095,0.0031,0.02166,600.0,11.993
320,10.6964,Evening 21:00,simulation,0.3,1,-0.0667,0.25684,2.7207,0.7207,-0.0667,-0.74316,3.39032,0.00664,0.02966,576.0,11.993
321,10.7298,Evening 21:00,simulation,0.3,1,-0.0667,0.25684,2.7207,0.7207,-0.0667,-0.74316,3.39032,0.00664,0.02966,576.0,11.993
322,10.7632,Evening 21:00,simulation,0.3,1,-0.0667,0.28044,2.72058,0.72058,-0.0667,-0.71956,3.38429,0.00658,0.02867,576.0,11.974
323,10.7967,Evening 21:00,simulation,0.3,1,-0.0667,0.28044,2.72058,0.72058,-0.0667,-0.71956,3.38429,0.00658,0.02867,576.0,11.974
324,10.8301,Evening 21:00,simulation,0.3,1,-0.0667,0.29617,2.7205,0.7205,-0.0667,-0.70383,3.38037,0.00654,0.02802,576.0,11.961
325,10.8635,Evening 21:00,simulation,0.3,1,-0.06668,0.30735,2.71916,0.71916,-0.06668,-0.69265,3.23768,0.00292,0.01771,600.0,11.945
326,10.8969,Evening 21:00,simulation,0.3,1,-0.06669,0.31976,2.72039,0.72039,-0.06669,-0.68024,3.37465,0.00648,0.02707,576.0,11.95
327,10.9304,Evening 21:00,simulation,0.3,1,-0.06669,0.31976,2.72039,0.72039,-0.06669,-0.68024,3.37465,0.00648,0.02707,576.0,11.95
328,10.9638,Evening 21:00,simulation,0.3,1,-0.06668,0.33094,2.71903,0.71903,-0.06668,-0.66906,3.23419,0.00286,0.01667,600.0,11.929
329,10.9972,Evening 21:00,simulation,0.3,1,-0.06628,0.34445,2.71491,0.71491,-0.06628,-0.65555,3.30868,-0.00289,0.15386,588.0,11.932
330,11.0306,Evening 21:00,simulation,0.3,1,-0.06668,0.37025,2.71883,0.71883,-0.06668,-0.62975,3.2288,0.00276,0.01509,600.0,11.899
331,11.0641,Evening 21:00,simulation,0.3,1,-0.06668,0.37025,2.71883,0.71883,-0.06668,-0.62975,3.2288,0.00276,0.01509,600.0,11.899
332,11.0975,Evening 21:00,simulation,0.3,1,-0.06669,0.38268,2.72011,0.72011,-0.06669,-0.61732,3.3603,0.00631,0.02467,576.0,11.91
333,11.1309,Evening 21:00,simulation,0.3,1,-0.06668,0.39384,2.71872,0.71872,-0.06668,-0.60616,3.2258,0.0027,0.01422,600.0,11.889
334,11.1643,Evening 21:00,simulation,0.3,1,-0.06668,0.40956,2.71865,0.71865,-0.06668,-0.59044,3.2239,0.00267,0.01367,600.0,11.887
335,11.1978,Evening 21:00,simulation,0.3,1,-0.06668,0.40956,2.71865,0.71865,-0.06668,-0.59044,3.2239,0.00267,0.01367,600.0,11.887
336,11.2312,Evening 21:00,simulation,0.3,1,-0.06669,0.422,2.71994,0.71994,-0.06669,-0.578,3.35195,0.00619,0.02327,576.0,11.889
337,11.2646,Evening 21:00,simulation,0.3,1,-0.06668,0.43315,2.71855,0.71855,-0.06668,-0.56685,3.22117,0.00261,0.0129,600.0,11.862
338,11.2981,Evening 21:00,simulation,0.3,1,-0.06669,0.44559,2.71984,0.71984,-0.06669,-0.55441,3.34716,0.00613,0.02247,576.0,11.868
339,11.3315,Evening 21:00,simulation,0.3,1,-0.06669,0.46131,2.71977,0.71977,-0.06669,-0.53869,3.34405,0.00608,0.02195,576.0,11.86
340,11.3649,Evening 21:00,simulation,0.3,1,-0.06668,0.47246,2.7184,0.7184,-0.06668,-0.52754,3.21695,0.00251,0.01172,600.0,11.843
341,11.3983,Evening 21:00,simulation,0.3,1,-0.06669,0.4849,2.71968,0.71968,-0.06669,-0.5151,3.33952,0.00601,0.02119,576.0,11.849
342,11.4318,Evening 21:00,simulation,0.3,1,-0.06668,0.49604,2.71831,0.71831,-0.06668,-0.50396,3.21459,0.00246,0.01108,600.0,11.833
343,11.4652,Evening 21:00,simulation,0.3,1,-0.06668,0.51176,2.71826,0.71826,-0.06668,-0.48824,3.21309,0.00242,0.01067,600.0,11.835
344,11.4986,Evening 21:00,simulation,0.3,1,-0.06669,0.52421,2.71953,0.71953,-0.06669,-0.47579,3.3323,0.00589,0.01998,576.0,11.833
345,11.532,Evening 21:00,simulation,0.3,1,-0.06668,0.53535,2.71818,0.71818,-0.06668,-0.46465,3.21093,0.00237,0.0101,600.0,11.818
346,11.5655,Evening 21:00,simulation,0.3,1,-0.06668,0.53535,2.71818,0.71818,-0.06668,-0.46465,3.21093,0.00237,0.0101,600.0,11.818
347,11.5989,Evening 21:00,simulation,0.3,1,-0.06669,0.5478,2.71945,0.71945,-0.06669,-0.4522,3.32816,0.00582,0.01929,576.0,11.821
348,11.6323,Evening 21:00,simulation,0.3,1,-0.06669,0.56353,2.71939,0.71939,-0.06669,-0.43647,3.32547,0.00577,0.01885,576.0,11.811
349,11.6657,Evening 21:00,simulation,0.3,1,-0.06668,0.57466,2.71807,0.71807,-0.06668,-0.42534,3.20758,0.00228,0.00923,600.0,11.805
350,11.6992,Evening 21:00,simulation,0.3,1,-0.06669,0.58711,2.71931,0.71931,-0.06669,-0.41289,3.32155,0.0057,0.0182,576.0,11.811
351,11.7326,Evening 21:00,simulation,0.3,1,-0.06669,0.58711,2.71931,0.71931,-0.06669,-0.41289,3.32155,0.0057,0.0182,576.0,11.811
352,11.766,Evening 21:00,simulation,0.3,1,-0.06669,0.6107,2.71923,0.71923,-0.06669,-0.3893,3.31776,0.00562,0.01758,576.0,11.803
353,11.7994,Evening 21:00,simulation,0.3,1,-0.06669,0.6107,2.71923,0.71923,-0.06669,-0.3893,3.31776,0.00562,0.01758,576.0,11.803
354,11.8329,Evening 21:00,simulation,0.3,1,-0.06669,0.62642,2.71918,0.71918,-0.06669,-0.37358,3.3153,0.00557,0.01717,576.0,11.799
355,11.8663,Evening 21:00,simulation,0.3,1,-0.06667,0.63756,2.71791,0.71791,-0.06667,-0.36244,3.20277,0.00215,0.00802,600.0,11.791
356,11.8997,Evening 21:00,simulation,0.3,1,-0.06668,0.65001,2.7191,0.7191,-0.06668,-0.34999,3.31171,0.0055,0.01659,576.0,11.795
357,11.9331,Evening 21:00,simulation,0.3,1,-0.06667,0.66114,2.71786,0.71786,-0.06667,-0.33886,3.20112,0.0021,0.00763,600.0,11.791
358,11.9666,Evening 21:00,simulation,0.3,1,-0.06667,0.67687,2.71783,0.71783,-0.06667,-0.32313,3.20006,0.00207,0.00737,600.0,11.791
359,12.0,Evening 21:00,simulation,0.3,1,-0.06668,0.68932,2.71898,0.71898,-0.06668,-0.31068,3.30599,0.00538,0.01566,576.0,11.801
360,12.0334,Evening 21:00,simulation,0.3,1,-0.06667,0.70045,2.71778,0.71778,-0.06667,-0.29955,3.19854,0.00203,0.00702,600.0,11.794
361,12.0669,Evening 21:00,simulation,0.3,1,-0.06667,0.70045,2.71778,0.71778,-0.06667,-0.29955,3.19854,0.00203,0.00702,600.0,11.794
362,12.1003,Evening 21:00,simulation,0.3,1,-0.06668,0.7129,2.71892,0.71892,-0.06668,-0.2871,3.30271,0.00531,0.01514,576.0,11.803
363,12.1337,Evening 21:00,simulation,0.3,1,-0.06668,0.72863,2.71887,0.71887,-0.06668,-0.27137,3.30058,0.00526,0.0148,576.0,11.801
364,12.1671,Evening 21:00,simulation,0.3,1,-0.06667,0.73976,2.71771,0.71771,-0.06667,-0.26024,3.19616,0.00196,0.00647,600.0,11.796
365,12.2006,Evening 21:00,simulation,0.3,1,-0.06667,0.74763,2.7177,0.7177,-0.06667,-0.25237,3.1957,0.00194,0.00637,600.0,11.796
366,12.234,Evening 21:00,simulation,0.3,1,-0.06668,0.74435,2.71883,0.71883,-0.06668,-0.25565,3.29849,0.00522,0.01447,576.0,11.799
367,12.2674,Evening 21:00,simulation,0.3,1,-0.06668,0.74435,2.71883,0.71883,-0.06668,-0.25565,3.29849,0.00522,0.01447,576.0,11.799
368,12.3008,Evening 21:00,simulation,0.3,1,-0.06669,0.73301,2.71959,0.71959,-0.06669,-0.26699,3.38425,0.00778,0.01922,552.0,11.796
369,12.3343,Evening 21:00,simulation,0.3,1,-0.06657,0.72715,2.71937,0.71937,-0.06657,-0.27285,3.42282,-0.00139,0.0764,540.0,11.799
370,12.3677,Evening 21:00,simulation,0.3,1,-0.06657,0.72715,2.71937,0.71937,-0.06657,-0.27285,3.42282,-0.00139,0.0764,540.0,11.799
371,12.4011,Evening 21:00,simulation,0.3,1,-0.06522,0.75134,2.83575,0.83575,-0.06522,-0.24866,3.19222,0.00171,0.00583,552.0,11.79
372,12.4345,Evening 21:00,simulation,0.3,1,-0.06523,0.7479,2.83692,0.83692,-0.06523,-0.2521,3.30242,0.00498,0.01413,529.0,11.795
373,12.468,Evening 21:00,simulation,0.3,1,-0.06523,0.7397,2.83694,0.83694,-0.06523,-0.2603,3.3035,0.005,0.01429,529.0,11.79
374,12.5014,Evening 21:00,simulation,0.3,1,-0.06523,0.7315,2.83697,0.83697,-0.06523,-0.2685,3.30459,0.00502,0.01446,529.0,11.785
375,12.5348,Evening 21:00,simulation,0.3,1,-0.06524,0.72783,2.8377,0.8377,-0.06524,-0.27217,3.3942,0.00751,0.01894,506.0,11.787
376,12.5682,Evening 21:00,simulation,0.3,1,-0.06523,0.72329,2.83699,0.83699,-0.06523,-0.27671,3.3057,0.00504,0.01462,529.0,11.771
377,12.6017,Evening 21:00,simulation,0.3,1,-0.06524,0.71963,2.83773,0.83773,-0.06524,-0.28037,3.39563,0.00753,0.01911,506.0,11.785
378,12.6351,Evening 21:00,simulation,0.3,1,-0.06859,0.72524,2.89336,0.89336,-0.06859,-0.27476,-2.91857,-0.03106,-0.08326,495.0,11.788
379,12.6685,Evening 21:00,simulation,0.3,1,-0.07275,0.73939,2.96666,0.96666,-0.07275,-0.26061,3.4017,0.00819,0.02084,462.0,11.796
380,12.7019,Evening 21:00,simulation,0.3,1,-0.07275,0.73939,2.96666,0.96666,-0.07275,-0.26061,3.4017,0.00819,0.02084,462.0,11.796
381,12.7354,Evening 21:00,simulation,0.3,1,-0.07143,0.76884,3.10562,1.10562,-0.07143,-0.23116,3.18225,0.00138,0.00512,462.0,11.79
382,12.7688,Evening 21:00,simulation,0.3,1,-0.07143,0.75985,3.10563,1.10563,-0.07143,-0.24015,3.18264,0.00139,0.00521,462.0,11.801
383,12.8022,Evening 21:00,simulation,0.3,1,-0.07144,0.75606,3.10698,1.10698,-0.07144,-0.24394,3.31064,0.00514,0.01534,441.0,11.802
384,12.8357,Evening 21:00,simulation,0.3,1,-0.07144,0.75606,3.10698,1.10698,-0.07144,-0.24394,3.31064,0.00514,0.01534,441.0,11.802
385,12.8691,Evening 21:00,simulation,0.3,1,-0.07145,0.74708,3.107,1.107,-0.07145,-0.25292,3.31182,0.00517,0.01552,441.0,11.797
386,12.9025,Evening 21:00,simulation,0.3,1,-0.07145,0.74708,3.107,1.107,-0.07145,-0.25292,3.31182,0.00517,0.01552,441.0,11.797
387,12.9359,Evening 21:00,simulation,0.3,1,-0.07145,0.73809,3.10702,1.10702,-0.07145,-0.26191,3.313,0.00519,0.0157,441.0,11.799
388,12.9694,Evening 21:00,simulation,0.3,1,-0.07145,0.73809,3.10702,1.10702,-0.07145,-0.26191,3.313,0.00519,0.0157,441.0,11.794
389,13.0028,Evening 21:00,simulation,0.3,1,-0.07145,0.73809,3.10702,1.10702,-0.07145,-0.26191,3.313,0.00519,0.0157,441.0,11.794
390,13.0362,Evening 21:00,simulation,0.3,1,-0.07145,0.72504,3.1078,1.1078,-0.07145,-0.27496,3.4144,0.00793,0.02072,420.0,11.8
391,13.0696,Evening 21:00,simulation,0.3,1,-0.07145,0.72504,3.1078,1.1078,-0.07145,-0.27496,3.4144,0.00793,0.02072,420.0,11.8
392,13.1031,Evening 21:00,simulation,0.3,1,-0.07145,0.72012,3.10707,1.10707,-0.07145,-0.27988,3.31541,0.00524,0.01606,441.0,11.799
393,13.1365,Evening 21:00,simulation,0.3,1,-0.07145,0.71606,3.10782,1.10782,-0.07145,-0.28394,3.41596,0.00796,0.02091,420.0,11.803
394,13.1699,Evening 21:00,simulation,0.3,1,-0.07001,0.7513,3.26221,1.26221,-0.07001,-0.2487,3.31629,0.0049,0.0151,400.0,11.804
395,13.2033,Evening 21:00,simulation,0.3,1,-0.07001,0.74187,3.26223,1.26223,-0.07001,-0.25813,3.31752,0.00493,0.01527,400.0,11.804
396,13.2368,Evening 21:00,simulation,0.3,1,-0.07402,0.75408,3.33656,1.33656,-0.07402,-0.24592,-2.89763,-0.03384,-0.09461,370.5,11.809
397,13.2702,Evening 21:00,simulation,0.3,1,-0.07895,0.77015,3.43227,1.43227,-0.07895,-0.22985,3.16804,0.00091,0.00381,380.0,11.811
398,13.3036,Evening 21:00,simulation,0.3,1,-0.07897,0.76595,3.43388,1.43388,-0.07897,-0.23405,3.31954,0.00532,0.01667,361.0,11.814
399,13.337,Evening 21:00,simulation,0.3,1,-0.07897,0.76595,3.43388,1.43388,-0.07897,-0.23405,3.31954,0.00532,0.01667,361.0,11.814
400,13.3705,Evening 21:00,simulation,0.3,1,-0.07897,0.75601,3.4339,1.4339,-0.07897,-0.24399,3.32082,0.00534,0.01686,361.0,11.813
401,13.4039,Evening 21:00,simulation,0.3,1,-0.07895,0.75028,3.43229,1.43229,-0.07895,-0.24972,3.16862,0.00093,0.00398,380.0,11.812
402,13.4373,Evening 21:00,simulation,0.3,1,-0.07895,0.75028,3.43229,1.43229,-0.07895,-0.24972,3.16862,0.00093,0.00398,380.0,11.812
403,13.4708,Evening 21:00,simulation,0.3,1,-0.07897,0.74608,3.43392,1.43392,-0.07897,-0.25392,3.32211,0.00536,0.01706,361.0,11.815
404,13.5042,Evening 21:00,simulation,0.3,1,-0.07898,0.74153,3.43469,1.43469,-0.07898,-0.25847,3.43403,0.00835,0.02227,342.0,11.81
405,13.5376,Evening 21:00,simulation,0.3,1,-0.07897,0.73615,3.43395,1.43395,-0.07897,-0.26385,3.32341,0.00539,0.01726,361.0,11.814
406,13.571,Evening 21:00,simulation,0.3,1,-0.07897,0.73615,3.43395,1.43395,-0.07897,-0.26385,3.32341,0.00539,0.01726,361.0,11.814
407,13.6045,Evening 21:00,simulation,0.3,1,-0.07822,0.74799,3.5122,1.5122,-0.07822,-0.25201,-2.88595,0.02294,0.06577,333.0,11.817
408,13.6379,Evening 21:00,simulation,0.3,1,-0.07822,0.74108,3.51338,1.51338,-0.07822,-0.25892,2.5983,0.00391,-0.06409,351.5,11.818
409,13.6713,Evening 21:00,simulation,0.3,1,-0.07779,0.76121,3.6245,1.6245,-0.07779,-0.23879,3.32566,0.00507,0.01641,324.0,11.823
410,13.7047,Evening 21:00,simulation,0.3,1,-0.07779,0.76121,3.6245,1.6245,-0.07779,-0.23879,3.32566,0.00507,0.01641,324.0,11.819
411,13.7382,Evening 21:00,simulation,0.3,1,-0.07779,0.76121,3.6245,1.6245,-0.07779,-0.23879,3.32566,0.00507,0.01641,324.0,11.819
412,13.7716,Evening 21:00,simulation,0.3,1,-0.07779,0.75073,3.62453,1.62453,-0.07779,-0.24927,3.327,0.00509,0.01661,324.0,11.823
413,13.805,Evening 21:00,simulation,0.3,1,-0.07779,0.75073,3.62453,1.62453,-0.07779,-0.24927,3.327,0.00509,0.01661,324.0,11.823
414,13.8384,Evening 21:00,simulation,0.3,1,-0.07779,0.74024,3.62455,1.62455,-0.07779,-0.25976,3.32836,0.00511,0.0168,324.0,11.816
415,13.8719,Evening 21:00,simulation,0.3,1,-0.07779,0.74024,3.62455,1.62455,-0.07779,-0.25976,3.32836,0.00511,0.0168,324.0,11.823
416,13.9053,Evening 21:00,simulation,0.3,1,-0.0778,0.73541,3.6253,1.6253,-0.0778,-0.26459,3.44753,0.00805,0.02183,306.0,11.82
417,13.9387,Evening 21:00,simulation,0.3,1,-0.0778,0.73541,3.6253,1.6253,-0.0778,-0.26459,3.44753,0.00805,0.02183,306.0,11.82
418,13.9721,Evening 21:00,simulation,0.3,1,-0.0778,0.72492,3.62533,1.62533,-0.0778,-0.27508,3.44929,0.00807,0.02202,306.0,11.823
419,14.0056,Evening 21:00,simulation,0.3,1,-0.08245,0.74293,3.71601,1.71601,-0.08245,-0.25707,-2.87579,-0.03609,-0.10575,297.5,11.823
420,14.039,Evening 21:00,simulation,0.3,1,-0.08824,0.76063,3.83559,1.83559,-0.08824,-0.23937,3.14476,0.00011,0.00057,306.0,11.817
421,14.0724,Evening 21:00,simulation,0.3,1,-0.08824,0.76063,3.83559,1.83559,-0.08824,-0.23937,3.14476,0.00011,0.00057,306.0,11.817
422,14.1058,Evening 21:00,simulation,0.3,1,-0.08826,0.75596,3.83774,1.83774,-0.08826,-0.24404,3.33197,0.00554,0.01855,289.0,11.823
423,14.1393,Evening 21:00,simulation,0.3,1,-0.08826,0.75596,3.83774,1.83774,-0.08826,-0.24404,3.33197,0.00554,0.01855,289.0,11.823
424,14.1727,Evening 21:00,simulation,0.3,1,-0.08826,0.74486,3.83776,1.83776,-0.08826,-0.25514,3.33338,0.00556,0.01877,289.0,11.825
425,14.2061,Evening 21:00,simulation,0.3,1,-0.08826,0.74486,3.83776,1.83776,-0.08826,-0.25514,3.33338,0.00556,0.01877,289.0,11.826
426,14.2396,Evening 21:00,simulation,0.3,1,-0.08752,0.7854,4.07735,2.07735,-0.08752,-0.2146,3.33436,0.00521,0.01764,256.0,11.837
427,14.273,Evening 21:00,simulation,0.3,1,-0.08752,0.7854,4.07735,2.07735,-0.08752,-0.2146,3.33436,0.00521,0.01764,256.0,11.837
428,14.3064,Evening 21:00,simulation,0.3,1,-0.0875,0.77855,4.07487,2.07487,-0.0875,-0.22145,3.12703,-0.00051,-0.00277,272.0,11.827
429,14.3398,Evening 21:00,simulation,0.3,1,-0.08752,0.7736,4.07737,2.07737,-0.08752,-0.2264,3.33581,0.00523,0.01785,256.0,11.839
430,14.3733,Evening 21:00,simulation,0.3,1,-0.08752,0.7736,4.07737,2.07737,-0.08752,-0.2264,3.33581,0.00523,0.01785,256.0,11.839
431,14.4067,Evening 21:00,simulation,0.3,1,-0.0875,0.76675,4.07486,2.07486,-0.0875,-0.23325,3.12682,-0.00052,-0.00286,272.0,11.827
432,14.4401,Evening 21:00,simulation,0.3,1,-0.08752,0.76181,4.07739,2.07739,-0.08752,-0.23819,3.33727,0.00525,0.01806,256.0,11.835
433,14.4735,Evening 21:00,simulation,0.3,1,-0.08752,0.76181,4.07739,2.07739,-0.08752,-0.23819,3.33727,0.00525,0.01806,256.0,11.833
434,14.507,Evening 21:00,simulation,0.3,0,0.0,0.0,0.0,0.0,0.0,0.0,0.0,0.0,0.0,0.0,11.829
435,14.5404,Evening 21:00,simulation,0.3,0,0.0,0.0,0.0,0.0,0.0,0.0,0.0,0.0,0.0,0.0,11.829
436,14.5738,Evening 21:00,simulation,0.3,0,0.0,0.0,0.0,0.0,0.0,0.0,0.0,0.0,0.0,0.0,11.829
437,14.6072,Evening 21:00,simulation,0.3,0,0.0,0.0,0.0,0.0,0.0,0.0,0.0,0.0,0.0,0.0,11.829
438,14.6407,Evening 21:00,simulation,0.3,0,0.0,0.0,0.0,0.0,0.0,0.0,0.0,0.0,0.0,0.0,11.829
439,14.6741,Evening 21:00,simulation,0.3,0,0.0,0.0,0.0,0.0,0.0,0.0,0.0,0.0,0.0,0.0,11.829
440,14.7075,Evening 21:00,simulation,0.3,0,0.0,0.0,0.0,0.0,0.0,0.0,0.0,0.0,0.0,0.0,11.829
441,14.7409,Evening 21:00,simulation,0.3,0,0.0,0.0,0.0,0.0,0.0,0.0,0.0,0.0,0.0,0.0,11.829
442,14.7744,Evening 21:00,simulation,0.3,0,0.0,0.0,0.0,0.0,0.0,0.0,0.0,0.0,0.0,0.0,11.829
443,14.8078,Evening 21:00,simulation,0.3,0,0.0,0.0,0.0,0.0,0.0,0.0,0.0,0.0,0.0,0.0,11.829
444,14.8412,Evening 21:00,simulation,0.3,0,0.0,0.0,0.0,0.0,0.0,0.0,0.0,0.0,0.0,0.0,11.829
445,14.8747,Evening 21:00,simulation,0.3,0,0.0,0.0,0.0,0.0,0.0,0.0,0.0,0.0,0.0,0.0,11.829
446,14.9081,Evening 21:00,simulation,0.3,0,0.0,0.0,0.0,0.0,0.0,0.0,0.0,0.0,0.0,0.0,11.829
447,14.9415,Evening 21:00,simulation,0.3,0,0.0,0.0,0.0,0.0,0.0,0.0,0.0,0.0,0.0,0.0,11.829
448,14.9749,Evening 21:00,simulation,0.3,0,0.0,0.0,0.0,0.0,0.0,0.0,0.0,0.0,0.0,0.0,11.829
449,15.0084,Evening 21:00,simulation,0.3,0,0.0,0.0,0.0,0.0,0.0,0.0,0.0,0.0,0.0,0.0,11.829
450,15.0418,Evening 21:00,simulation,0.3,0,0.0,0.0,0.0,0.0,0.0,0.0,0.0,0.0,0.0,0.0,11.829
451,15.0752,Evening 21:00,simulation,0.3,0,0.0,0.0,0.0,0.0,0.0,0.0,0.0,0.0,0.0,0.0,11.829
452,15.1086,Evening 21:00,simulation,0.3,0,0.0,0.0,0.0,0.0,0.0,0.0,0.0,0.0,0.0,0.0,11.829
453,15.1421,Evening 21:00,simulation,0.3,0,0.0,0.0,0.0,0.0,0.0,0.0,0.0,0.0,0.0,0.0,11.829
454,15.1755,Evening 21:00,simulation,0.3,0,0.0,0.0,0.0,0.0,0.0,0.0,0.0,0.0,0.0,0.0,11.829
455,15.2089,Evening 21:00,simulation,0.3,0,0.0,0.0,0.0,0.0,0.0,0.0,0.0,0.0,0.0,0.0,11.829
456,15.2423,Evening 21:00,simulation,0.3,0,0.0,0.0,0.0,0.0,0.0,0.0,0.0,0.0,0.0,0.0,11.829
457,15.2758,Evening 21:00,simulation,0.3,0,0.0,0.0,0.0,0.0,0.0,0.0,0.0,0.0,0.0,0.0,11.829
458,15.3092,Evening 21:00,simulation,0.3,0,0.0,0.0,0.0,0.0,0.0,0.0,0.0,0.0,0.0,0.0,11.829
459,15.3426,Evening 21:00,simulation,0.3,0,0.0,0.0,0.0,0.0,0.0,0.0,0.0,0.0,0.0,0.0,11.829
460,15.376,Evening 21:00,simulation,0.3,0,0.0,0.0,0.0,0.0,0.0,0.0,0.0,0.0,0.0,0.0,11.829
461,15.4095,Evening 21:00,simulation,0.3,0,0.0,0.0,0.0,0.0,0.0,0.0,0.0,0.0,0.0,0.0,11.829
462,15.4429,Evening 21:00,simulation,0.3,0,0.0,0.0,0.0,0.0,0.0,0.0,0.0,0.0,0.0,0.0,11.829
463,15.4763,Evening 21:00,simulation,0.3,0,0.0,0.0,0.0,0.0,0.0,0.0,0.0,0.0,0.0,0.0,11.829
464,15.5097,Evening 21:00,simulation,0.3,0,0.0,0.0,0.0,0.0,0.0,0.0,0.0,0.0,0.0,0.0,11.829
465,15.5432,Evening 21:00,simulation,0.3,0,0.0,0.0,0.0,0.0,0.0,0.0,0.0,0.0,0.0,0.0,11.829
466,15.5766,Evening 21:00,simulation,0.3,0,0.0,0.0,0.0,0.0,0.0,0.0,0.0,0.0,0.0,0.0,11.829
467,15.61,Evening 21:00,simulation,0.3,0,0.0,0.0,0.0,0.0,0.0,0.0,0.0,0.0,0.0,0.0,11.829
468,15.6435,Evening 21:00,simulation,0.3,0,0.0,0.0,0.0,0.0,0.0,0.0,0.0,0.0,0.0,0.0,11.829
469,15.6769,Evening 21:00,simulation,0.3,0,0.0,0.0,0.0,0.0,0.0,0.0,0.0,0.0,0.0,0.0,11.829
470,15.7103,Evening 21:00,simulation,0.3,0,0.0,0.0,0.0,0.0,0.0,0.0,0.0,0.0,0.0,0.0,11.829
471,15.7437,Evening 21:00,simulation,0.3,0,0.0,0.0,0.0,0.0,0.0,0.0,0.0,0.0,0.0,0.0,11.829
472,15.7772,Evening 21:00,simulation,0.3,0,0.0,0.0,0.0,0.0,0.0,0.0,0.0,0.0,0.0,0.0,11.829
473,15.8106,Evening 21:00,simulation,0.3,0,0.0,0.0,0.0,0.0,0.0,0.0,0.0,0.0,0.0,0.0,11.829
474,15.844,Evening 21:00,simulation,0.3,0,0.0,0.0,0.0,0.0,0.0,0.0,0.0,0.0,0.0,0.0,11.829
475,15.8774,Evening 21:00,simulation,0.3,0,0.0,0.0,0.0,0.0,0.0,0.0,0.0,0.0,0.0,0.0,11.829
476,15.9109,Evening 21:00,simulation,0.3,0,0.0,0.0,0.0,0.0,0.0,0.0,0.0,0.0,0.0,0.0,11.829
477,15.9443,Evening 21:00,simulation,0.3,0,0.0,0.0,0.0,0.0,0.0,0.0,0.0,0.0,0.0,0.0,11.829
478,15.9777,Evening 21:00,simulation,0.3,0,0.0,0.0,0.0,0.0,0.0,0.0,0.0,0.0,0.0,0.0,11.829
479,16.0111,Evening 21:00,simulation,0.3,0,0.0,0.0,0.0,0.0,0.0,0.0,0.0,0.0,0.0,0.0,11.829
480,16.0446,Evening 21:00,simulation,0.3,0,0.0,0.0,0.0,0.0,0.0,0.0,0.0,0.0,0.0,0.0,11.829
481,16.078,Evening 21:00,simulation,0.3,0,0.0,0.0,0.0,0.0,0.0,0.0,0.0,0.0,0.0,0.0,11.829
482,16.1114,Evening 21:00,simulation,0.3,0,0.0,0.0,0.0,0.0,0.0,0.0,0.0,0.0,0.0,0.0,11.829
483,16.1448,Evening 21:00,simulation,0.3,0,0.0,0.0,0.0,0.0,0.0,0.0,0.0,0.0,0.0,0.0,11.829
484,16.1783,Evening 21:00,simulation,0.3,0,0.0,0.0,0.0,0.0,0.0,0.0,0.0,0.0,0.0,0.0,11.829
485,16.2117,Evening 21:00,simulation,0.3,0,0.0,0.0,0.0,0.0,0.0,0.0,0.0,0.0,0.0,0.0,11.829
486,16.2451,Evening 21:00,simulation,0.3,0,0.0,0.0,0.0,0.0,0.0,0.0,0.0,0.0,0.0,0.0,11.829
487,16.2786,Evening 21:00,simulation,0.3,0,0.0,0.0,0.0,0.0,0.0,0.0,0.0,0.0,0.0,0.0,11.829
488,16.312,Evening 21:00,simulation,0.3,0,0.0,0.0,0.0,0.0,0.0,0.0,0.0,0.0,0.0,0.0,11.829
489,16.3454,Evening 21:00,simulation,0.3,0,0.0,0.0,0.0,0.0,0.0,0.0,0.0,0.0,0.0,0.0,11.829
490,16.3788,Evening 21:00,simulation,0.3,0,0.0,0.0,0.0,0.0,0.0,0.0,0.0,0.0,0.0,0.0,11.829
491,16.4123,Evening 21:00,simulation,0.3,0,0.0,0.0,0.0,0.0,0.0,0.0,0.0,0.0,0.0,0.0,11.829
492,16.4457,Evening 21:00,simulation,0.3,0,0.0,0.0,0.0,0.0,0.0,0.0,0.0,0.0,0.0,0.0,11.829
493,16.4791,Evening 21:00,simulation,0.3,0,0.0,0.0,0.0,0.0,0.0,0.0,0.0,0.0,0.0,0.0,11.829
494,16.5125,Evening 21:00,simulation,0.3,0,0.0,0.0,0.0,0.0,0.0,0.0,0.0,0.0,0.0,0.0,11.829
495,16.546,Evening 21:00,simulation,0.3,0,0.0,0.0,0.0,0.0,0.0,0.0,0.0,0.0,0.0,0.0,11.829
496,16.5794,Evening 21:00,simulation,0.3,0,0.0,0.0,0.0,0.0,0.0,0.0,0.0,0.0,0.0,0.0,11.829
497,16.6128,Evening 21:00,simulation,0.3,0,0.0,0.0,0.0,0.0,0.0,0.0,0.0,0.0,0.0,0.0,11.829
498,16.6462,Evening 21:00,simulation,0.3,0,0.0,0.0,0.0,0.0,0.0,0.0,0.0,0.0,0.0,0.0,11.829
499,16.6797,Evening 21:00,simulation,0.3,0,0.0,0.0,0.0,0.0,0.0,0.0,0.0,0.0,0.0,0.0,11.829
500,16.7131,Evening 21:00,simulation,0.3,0,0.0,0.0,0.0,0.0,0.0,0.0,0.0,0.0,0.0,0.0,11.829
501,16.7465,Evening 21:00,simulation,0.3,0,0.0,0.0,0.0,0.0,0.0,0.0,0.0,0.0,0.0,0.0,11.829
502,16.7799,Evening 21:00,simulation,0.3,0,0.0,0.0,0.0,0.0,0.0,0.0,0.0,0.0,0.0,0.0,11.827
503,16.8134,Evening 21:00,simulation,0.3,1,-0.1626,0.76213,4.07912,2.07912,-0.1626,-0.23787,3.33607,0.0097,0.03344,256.0,11.829
504,16.8468,Evening 21:00,simulation,0.3,1,-0.1626,0.76213,4.07912,2.07912,-0.1626,-0.23787,3.33607,0.0097,0.03344,256.0,11.829
505,16.8802,Evening 21:00,simulation,0.3,1,-0.17076,0.71794,3.84095,1.84095,-0.17076,-0.28206,3.46235,0.01719,0.04777,272.0,11.827
506,16.9136,Evening 21:00,simulation,0.3,0,0.0,0.0,0.0,0.0,0.0,0.0,0.0,0.0,0.0,0.0,11.828
507,16.9471,Evening 21:00,simulation,0.3,1,-0.22527,0.76254,4.08134,2.08134,-0.22527,-0.23746,3.33453,0.01335,0.04611,256.0,11.829
508,16.9805,Evening 21:00,simulation,0.3,1,-0.25036,0.76274,4.08242,2.08242,-0.25036,-0.23726,3.33378,0.01478,0.05113,256.0,11.826
509,17.0139,Evening 21:00,simulation,0.3,1,-0.27548,0.76296,4.08362,2.08362,-0.27548,-0.23704,3.33295,0.0162,0.05612,256.0,11.829
510,17.0474,Evening 21:00,simulation,0.3,1,-0.27548,0.76296,4.08362,2.08362,-0.27548,-0.23704,3.33295,0.0162,0.05612,256.0,11.829
511,17.0808,Evening 21:00,simulation,0.3,0,0.0,0.0,0.0,0.0,0.0,0.0,0.0,0.0,0.0,0.0,11.828
512,17.1142,Evening 21:00,simulation,0.3,0,0.0,0.0,0.0,0.0,0.0,0.0,0.0,0.0,0.0,0.0,11.828
513,17.1476,Evening 21:00,simulation,0.3,1,-0.33838,0.7636,4.08708,2.08708,-0.33838,-0.2364,3.33054,0.01967,0.06842,256.0,11.829
514,17.1811,Evening 21:00,simulation,0.3,1,-0.36358,0.7639,4.08866,2.08866,-0.36358,-0.2361,3.32944,0.02102,0.07326,256.0,11.828
515,17.2145,Evening 21:00,simulation,0.3,0,0.0,0.0,0.0,0.0,0.0,0.0,0.0,0.0,0.0,0.0,11.826
516,17.2479,Evening 21:00,simulation,0.3,1,-0.41231,0.75822,4.07318,2.07318,-0.41231,-0.24178,3.40939,0.04705,-0.02229,248.0,11.827
517,17.2813,Evening 21:00,simulation,0.3,0,0.0,0.0,0.0,0.0,0.0,0.0,0.0,0.0,0.0,0.0,11.827
518,17.3148,Evening 21:00,simulation,0.3,0,0.0,0.0,0.0,0.0,0.0,0.0,0.0,0.0,0.0,0.0,11.827
519,17.3482,Evening 21:00,simulation,0.3,1,-0.4774,0.76545,4.09703,2.09703,-0.4774,-0.23455,3.32358,0.02682,0.09441,256.0,11.826
520,17.3816,Evening 21:00,simulation,0.3,1,-0.4774,0.76545,4.09703,2.09703,-0.4774,-0.23455,3.32358,0.02682,0.09441,256.0,11.826
521,17.415,Evening 21:00,simulation,0.3,0,0.0,0.0,0.0,0.0,0.0,0.0,0.0,0.0,0.0,0.0,11.829
522,17.4485,Evening 21:00,simulation,0.3,0,0.0,0.0,0.0,0.0,0.0,0.0,0.0,0.0,0.0,0.0,11.827
523,17.4819,Evening 21:00,simulation,0.3,0,0.0,0.0,0.0,0.0,0.0,0.0,0.0,0.0,0.0,0.0,11.827
524,17.5153,Evening 21:00,simulation,0.3,1,-0.56643,0.76691,4.10493,2.10493,-0.56643,-0.23309,3.31802,0.03095,0.10997,256.0,11.827
525,17.5487,Evening 21:00,simulation,0.3,1,-0.59196,0.76736,4.10739,2.10739,-0.59196,-0.23264,3.31628,0.03205,0.11425,256.0,11.825
526,17.5822,Evening 21:00,simulation,0.3,0,0.0,0.0,0.0,0.0,0.0,0.0,0.0,0.0,0.0,0.0,11.827
527,17.6156,Evening 21:00,simulation,0.3,0,0.0,0.0,0.0,0.0,0.0,0.0,0.0,0.0,0.0,0.0,11.827
528,17.649,Evening 21:00,simulation,0.3,0,0.0,0.0,0.0,0.0,0.0,0.0,0.0,0.0,0.0,0.0,11.827
529,17.6825,Evening 21:00,simulation,0.3,1,-0.68167,0.76909,4.11668,2.11668,-0.68167,-0.23091,3.30967,0.03565,0.12857,256.0,11.83
530,17.7159,Evening 21:00,simulation,0.3,1,-0.68167,0.76909,4.11668,2.11668,-0.68167,-0.23091,3.30967,0.03565,0.12857,256.0,11.83
531,17.7493,Evening 21:00,simulation,0.3,1,-0.70741,0.76961,4.11951,2.11951,-0.70741,-0.23039,3.30764,0.0366,0.13245,256.0,11.83
532,17.7827,Evening 21:00,simulation,0.3,1,-0.73319,0.77015,4.12242,2.12242,-0.73319,-0.22985,3.30555,0.0375,0.13624,256.0,11.831
533,17.8162,Evening 21:00,simulation,0.3,1,-0.73319,0.77015,4.12242,2.12242,-0.73319,-0.22985,3.30555,0.0375,0.13624,256.0,11.831
534,17.8496,Evening 21:00,simulation,0.3,1,-0.75902,0.7707,4.1254,2.1254,-0.75902,-0.2293,3.30341,0.03837,0.13993,256.0,11.829
535,17.883,Evening 21:00,simulation,0.3,0,0.0,0.0,0.0,0.0,0.0,0.0,0.0,0.0,0.0,0.0,11.829
536,17.9164,Evening 21:00,simulation,0.3,0,0.0,0.0,0.0,0.0,0.0,0.0,0.0,0.0,0.0,0.0,11.829
537,17.9499,Evening 21:00,simulation,0.3,0,0.0,0.0,0.0,0.0,0.0,0.0,0.0,0.0,0.0,0.0,11.83
538,17.9833,Evening 21:00,simulation,0.3,0,0.0,0.0,0.0,0.0,0.0,0.0,0.0,0.0,0.0,0.0,11.83
539,18.0167,Evening 21:00,simulation,0.3,0,0.0,0.0,0.0,0.0,0.0,0.0,0.0,0.0,0.0,0.0,11.83
540,18.0501,Evening 21:00,simulation,0.3,1,-0.87589,0.77333,4.13959,2.13959,-0.87589,-0.22667,3.29312,0.04175,0.15517,256.0,11.83
541,18.0836,Evening 21:00,simulation,0.3,0,0.0,0.0,0.0,0.0,0.0,0.0,0.0,0.0,0.0,0.0,11.831
542,18.117,Evening 21:00,simulation,0.3,0,0.0,0.0,0.0,0.0,0.0,0.0,0.0,0.0,0.0,0.0,11.832
543,18.1504,Evening 21:00,simulation,0.3,1,-0.94125,0.77487,4.14792,2.14792,-0.94125,-0.22513,3.287,0.04325,0.16261,256.0,11.832
544,18.1838,Evening 21:00,simulation,0.3,0,0.0,0.0,0.0,0.0,0.0,0.0,0.0,0.0,0.0,0.0,11.828
545,18.2173,Evening 21:00,simulation,0.3,0,0.0,0.0,0.0,0.0,0.0,0.0,0.0,0.0,0.0,0.0,11.829
546,18.2507,Evening 21:00,simulation,0.3,0,0.0,0.0,0.0,0.0,0.0,0.0,0.0,0.0,0.0,0.0,11.83
547,18.2841,Evening 21:00,simulation,0.3,0,0.0,0.0,0.0,0.0,0.0,0.0,0.0,0.0,0.0,0.0,11.83
548,18.3175,Evening 21:00,simulation,0.3,1,-1.05969,0.77774,4.16344,2.16344,-1.05969,-0.22226,3.27545,0.04525,0.17394,256.0,11.832
549,18.351,Evening 21:00,simulation,0.3,1,-1.08614,0.77839,4.16694,2.16694,-1.08614,-0.22161,3.27282,0.04557,0.17608,256.0,11.83
550,18.3844,Evening 21:00,simulation,0.3,0,0.0,0.0,0.0,0.0,0.0,0.0,0.0,0.0,0.0,0.0,11.83
551,18.4178,Evening 21:00,simulation,0.3,0,0.0,0.0,0.0,0.0,0.0,0.0,0.0,0.0,0.0,0.0,11.831
552,18.4513,Evening 21:00,simulation,0.3,0,0.0,0.0,0.0,0.0,0.0,0.0,0.0,0.0,0.0,0.0,11.832
553,18.4847,Evening 21:00,simulation,0.3,0,0.0,0.0,0.0,0.0,0.0,0.0,0.0,0.0,0.0,0.0,11.832
554,18.5181,Evening 21:00,simulation,0.3,1,-1.17907,0.78066,4.17922,2.17922,-1.17907,-0.21934,3.26348,0.04634,0.18246,256.0,11.83
555,18.5515,Evening 21:00,simulation,0.3,1,-1.20571,0.78131,4.18271,2.18271,-1.20571,-0.21869,3.2608,0.04647,0.18396,256.0,11.832
556,18.585,Evening 21:00,simulation,0.3,1,-1.2591,0.78259,4.18963,2.18963,-1.2591,-0.21741,3.25545,0.0466,0.18652,256.0,11.833
557,18.6184,Evening 21:00,simulation,0.3,0,0.0,0.0,0.0,0.0,0.0,0.0,0.0,0.0,0.0,0.0,11.832
558,18.6518,Evening 21:00,simulation,0.3,0,0.0,0.0,0.0,0.0,0.0,0.0,0.0,0.0,0.0,0.0,11.832
559,18.6852,Evening 21:00,simulation,0.3,0,0.0,0.0,0.0,0.0,0.0,0.0,0.0,0.0,0.0,0.0,11.836
560,18.7187,Evening 21:00,simulation,0.3,1,-1.32604,0.78416,4.19812,2.19812,-1.32604,-0.21584,3.24881,0.04654,0.18892,256.0,11.837
561,18.7521,Evening 21:00,simulation,0.3,1,-1.32604,0.78416,4.19812,2.19812,-1.32604,-0.21584,3.24881,0.04654,0.18892,256.0,11.837
562,18.7855,Evening 21:00,simulation,0.3,0,0.0,0.0,0.0,0.0,0.0,0.0,0.0,0.0,0.0,0.0,11.836
563,18.8189,Evening 21:00,simulation,0.3,0,0.0,0.0,0.0,0.0,0.0,0.0,0.0,0.0,0.0,0.0,11.834
564,18.8524,Evening 21:00,simulation,0.3,0,0.0,0.0,0.0,0.0,0.0,0.0,0.0,0.0,0.0,0.0,11.834
565,18.8858,Evening 21:00,simulation,0.3,1,-1.44693,0.78685,4.21269,2.21269,-1.44693,-0.21315,3.2372,0.04591,0.19109,256.0,11.836
566,18.9192,Evening 21:00,simulation,0.3,1,-1.44693,0.78685,4.21269,2.21269,-1.44693,-0.21315,3.2372,0.04591,0.19109,256.0,11.836
567,18.9526,Evening 21:00,simulation,0.3,0,0.0,0.0,0.0,0.0,0.0,0.0,0.0,0.0,0.0,0.0,11.834
568,18.9861,Evening 21:00,simulation,0.3,1,-1.47467,0.76344,4.21812,2.21812,-1.47467,-0.23656,3.23456,0.04551,0.19525,256.0,11.834
569,19.0195,Evening 21:00,simulation,0.3,1,-1.47549,0.73943,4.2205,2.2205,-1.47549,-0.26057,3.23436,0.0453,0.1994,256.0,11.836
570,19.0529,Evening 21:00,simulation,0.3,1,-1.47634,0.71541,4.22293,2.22293,-1.47634,-0.28459,3.23411,0.04508,0.20367,256.0,11.839
571,19.0864,Evening 21:00,simulation,0.3,0,0.0,0.0,0.0,0.0,0.0,0.0,0.0,0.0,0.0,0.0,11.842
572,19.1198,Evening 21:00,simulation,0.3,0,0.0,0.0,0.0,0.0,0.0,0.0,0.0,0.0,0.0,0.0,11.842
573,19.1532,Evening 21:00,simulation,0.3,1,-1.47763,0.67933,4.22666,2.22666,-1.47763,-0.32067,3.23364,0.04469,0.21032,256.0,11.843
574,19.1866,Evening 21:00,simulation,0.3,1,-1.47851,0.65525,4.2292,2.2292,-1.47851,-0.34475,3.23325,0.04439,0.21492,256.0,11.846
575,19.2201,Evening 21:00,simulation,0.3,1,-1.47941,0.63115,4.23179,2.23179,-1.47941,-0.36885,3.2328,0.04407,0.21967,256.0,11.853
576,19.2535,Evening 21:00,simulation,0.3,1,-1.48032,0.60702,4.23442,2.23442,-1.48032,-0.39298,3.23227,0.04371,0.22456,256.0,11.854
577,19.2869,Evening 21:00,simulation,0.3,1,-1.48032,0.60702,4.23442,2.23442,-1.48032,-0.39298,3.23227,0.04371,0.22456,256.0,11.854
578,19.3203,Evening 21:00,simulation,0.3,1,-1.47334,0.58914,4.21429,2.21429,-1.47334,-0.41086,3.34779,0.10113,0.18637,248.0,11.858
579,19.3538,Evening 21:00,simulation,0.3,1,-1.48172,0.57079,4.23846,2.23846,-1.48172,-0.42921,3.23134,0.04311,0.23221,256.0,11.864
580,19.3872,Evening 21:00,simulation,0.3,1,-1.48268,0.5466,4.24121,2.24121,-1.48268,-0.4534,3.23061,0.04266,0.23751,256.0,11.865
581,19.4206,Evening 21:00,simulation,0.3,1,-1.48365,0.52239,4.24401,2.24401,-1.48365,-0.47761,3.22979,0.04218,0.243,256.0,11.869
582,19.454,Evening 21:00,simulation,0.3,1,-1.48464,0.49815,4.24686,2.24686,-1.48464,-0.50185,3.22886,0.04164,0.24867,256.0,11.872
583,19.4875,Evening 21:00,simulation,0.3,1,-1.4214,0.45894,4.0649,2.0649,-1.4214,-0.54106,3.13931,-0.00125,-0.01121,272.0,11.877
584,19.5209,Evening 21:00,simulation,0.3,1,-1.4214,0.45894,4.0649,2.0649,-1.4214,-0.54106,3.13931,-0.00125,-0.01121,272.0,11.877
585,19.5543,Evening 21:00,simulation,0.3,1,-1.48718,0.43743,4.2542,2.2542,-1.48718,-0.56257,3.22603,0.0401,0.26374,256.0,11.883
586,19.5877,Evening 21:00,simulation,0.3,1,-1.48718,0.43743,4.2542,2.2542,-1.48718,-0.56257,3.22603,0.0401,0.26374,256.0,11.883
587,19.6212,Evening 21:00,simulation,0.3,1,-1.48823,0.41309,4.25723,2.25723,-1.48823,-0.58691,3.22465,0.03939,0.27016,256.0,11.887
588,19.6546,Evening 21:00,simulation,0.3,1,-1.48929,0.38872,4.26031,2.26031,-1.48929,-0.61128,3.22312,0.03862,0.27683,256.0,11.888
589,19.688,Evening 21:00,simulation,0.3,1,-1.48929,0.38872,4.26031,2.26031,-1.48929,-0.61128,3.22312,0.03862,0.27683,256.0,11.888
590,19.7214,Evening 21:00,simulation,0.3,1,-1.49093,0.3521,4.26502,2.26502,-1.49093,-0.6479,3.22047,0.03733,0.28731,256.0,11.894
591,19.7549,Evening 21:00,simulation,0.3,1,-1.49093,0.3521,4.26502,2.26502,-1.49093,-0.6479,3.22047,0.03733,0.28731,256.0,11.894
592,19.7883,Evening 21:00,simulation,0.3,1,-1.49203,0.32765,4.26822,2.26822,-1.49203,-0.67235,3.21845,0.03637,0.29465,256.0,11.9
593,19.8217,Evening 21:00,simulation,0.3,1,-1.49316,0.30316,4.27147,2.27147,-1.49316,-0.69684,3.21619,0.03533,0.3023,256.0,11.899
594,19.8552,Evening 21:00,simulation,0.3,1,-1.4943,0.27864,4.27477,2.27477,-1.4943,-0.72136,3.21365,0.03419,0.31027,256.0,11.906
595,19.8886,Evening 21:00,simulation,0.3,1,-1.49546,0.25409,4.27812,2.27812,-1.49546,-0.74591,3.2108,0.03294,0.31859,256.0,11.907
596,19.922,Evening 21:00,simulation,0.3,0,0.0,0.0,0.0,0.0,0.0,0.0,0.0,0.0,0.0,0.0,11.912
597,19.9554,Evening 21:00,simulation,0.3,0,0.0,0.0,0.0,0.0,0.0,0.0,0.0,0.0,0.0,0.0,11.912
598,19.9889,Evening 21:00,simulation,0.3,1,-1.49842,0.19253,4.28668,2.28668,-1.49842,-0.80747,3.20191,0.02925,0.34104,256.0,11.909
599,20.0223,Evening 21:00,simulation,0.3,1,-1.49962,0.16784,4.29016,2.29016,-1.49962,-0.83216,3.19744,0.02747,0.35072,256.0,11.903
600,20.0557,Evening 21:00,simulation,0.3,1,-1.50083,0.14311,4.29367,2.29367,-1.50083,-0.85689,3.19225,0.02547,0.36078,256.0,11.908
601,20.0891,Evening 21:00,simulation,0.3,1,-1.50083,0.14311,4.29367,2.29367,-1.50083,-0.85689,3.19225,0.02547,0.36078,256.0,11.908
602,20.1226,Evening 21:00,simulation,0.3,1,-1.45638,0.12336,4.16542,2.16542,-1.45638,-0.87664,3.03808,-0.04831,0.09181,264.0,11.904
603,20.156,Evening 21:00,simulation,0.3,1,-1.50265,0.10593,4.29895,2.29895,-1.50265,-0.89407,3.18265,0.02191,0.37644,256.0,11.902
604,20.1894,Evening 21:00,simulation,0.3,1,-1.50265,0.10593,4.29895,2.29895,-1.50265,-0.89407,3.18265,0.02191,0.37644,256.0,11.902
605,20.2228,Evening 21:00,simulation,0.3,1,-1.50385,0.08109,4.30242,2.30242,-1.50385,-0.91891,3.17447,0.019,0.38688,256.0,11.902
606,20.2563,Evening 21:00,simulation,0.3,1,-1.50501,0.0562,4.30579,2.30579,-1.50501,-0.9438,3.16391,0.01536,0.39653,256.0,11.899
607,20.2897,Evening 21:00,simulation,0.3,1,-1.50607,0.03126,4.30886,2.30886,-1.50607,-0.96874,3.14883,0.01037,0.4035,256.0,11.899
608,20.3231,Evening 21:00,simulation,0.3,1,-1.57545,0.01332,4.50726,2.50726,-1.57545,-0.98668,3.2402,0.0373,0.51682,240.0,11.893
609,20.3565,Evening 21:00,simulation,0.3,1,-1.50678,-0.00626,4.3109,2.3109,-1.50678,-1.00626,3.10751,-0.00247,0.40204,256.0,11.888
610,20.39,Evening 21:00,simulation,0.3,1,-1.50607,-0.03126,4.30886,2.30886,-1.50607,-1.03126,3.08337,-0.01015,0.39511,256.0,11.885
611,20.4234,Evening 21:00,simulation,0.3,1,-1.50385,-0.08109,4.30242,2.30242,-1.50385,-1.08109,3.06246,-0.01833,0.37323,256.0,11.89
612,20.4568,Evening 21:00,simulation,0.3,1,-1.50385,-0.08109,4.30242,2.30242,-1.50385,-1.08109,3.06246,-0.01833,0.37323,256.0,11.89
613,20.4903,Evening 21:00,simulation,0.3,1,-1.42106,-0.09412,4.06392,2.06392,-1.42106,-1.09412,3.14207,0.00028,-0.01227,272.0,11.887
614,20.5237,Evening 21:00,simulation,0.3,1,-1.42106,-0.09412,4.06392,2.06392,-1.42106,-1.09412,3.14207,0.00028,-0.01227,272.0,11.887
615,20.5571,Evening 21:00,simulation,0.3,1,-1.50205,-0.11833,4.29719,2.29719,-1.50205,-1.11833,3.05467,-0.02223,0.35586,256.0,11.889
616,20.5905,Evening 21:00,simulation,0.3,1,-1.49962,-0.16784,4.29016,2.29016,-1.49962,-1.16784,3.04806,-0.02619,0.33433,256.0,11.892
617,20.624,Evening 21:00,simulation,0.3,1,-1.49842,-0.19253,4.28668,2.28668,-1.49842,-1.19253,3.04568,-0.02782,0.3244,256.0,11.893
618,20.6574,Evening 21:00,simulation,0.3,1,-1.4595,-0.20823,4.17438,2.17438,-1.4595,-1.20823,-3.04185,-0.04611,-0.1028,264.0,11.893
619,20.6908,Evening 21:00,simulation,0.3,1,-1.4595,-0.20823,4.17438,2.17438,-1.4595,-1.20823,-3.04185,-0.04611,-0.1028,264.0,11.893
620,20.7242,Evening 21:00,simulation,0.3,0,0.0,0.0,0.0,0.0,0.0,0.0,0.0,0.0,0.0,0.0,11.898
621,20.7577,Evening 21:00,simulation,0.3,0,0.0,0.0,0.0,0.0,0.0,0.0,0.0,0.0,0.0,0.0,11.898
622,20.7911,Evening 21:00,simulation,0.3,1,-1.49546,-0.25409,4.27812,2.27812,-1.49546,-1.25409,3.04136,-0.03121,0.30178,256.0,11.9
623,20.8245,Evening 21:00,simulation,0.3,1,-1.49316,-0.30316,4.27147,2.27147,-1.49316,-1.30316,3.03905,-0.03338,0.28565,256.0,11.901
624,20.8579,Evening 21:00,simulation,0.3,1,-1.49203,-0.32765,4.26822,2.26822,-1.49203,-1.32765,3.03817,-0.03433,0.27815,256.0,11.905
625,20.8914,Evening 21:00,simulation,0.3,1,-1.49203,-0.32765,4.26822,2.26822,-1.49203,-1.32765,3.03817,-0.03433,0.27815,256.0,11.905
626,20.9248,Evening 21:00,simulation,0.3,1,-1.49038,-0.36431,4.26343,2.26343,-1.49038,-1.36431,3.03712,-0.03561,0.26752,256.0,11.905
627,20.9582,Evening 21:00,simulation,0.3,1,-1.48929,-0.38872,4.26031,2.26031,-1.48929,-1.38872,3.03657,-0.03638,0.2608,256.0,11.906
628,20.9916,Evening 21:00,simulation,0.3,1,-1.48929,-0.38872,4.26031,2.26031,-1.48929,-1.38872,3.03657,-0.03638,0.2608,256.0,11.906
629,21.0251,Evening 21:00,simulation,0.3,1,-1.48823,-0.41309,4.25723,2.25723,-1.48823,-1.41309,3.03613,-0.03709,0.25437,256.0,11.906
630,21.0585,Evening 21:00,simulation,0.3,1,-1.48718,-0.43743,4.2542,2.2542,-1.48718,-1.43743,3.03578,-0.03774,0.24819,256.0,11.906
631,21.0919,Evening 21:00,simulation,0.3,0,0.0,0.0,0.0,0.0,0.0,0.0,0.0,0.0,0.0,0.0,11.905
632,21.1253,Evening 21:00,simulation,0.3,1,-1.48564,-0.47388,4.24976,2.24976,-1.48564,-1.47388,3.03541,-0.03862,0.23937,256.0,11.907
633,21.1588,Evening 21:00,simulation,0.3,1,-1.48564,-0.47388,4.24976,2.24976,-1.48564,-1.47388,3.03541,-0.03862,0.23937,256.0,11.907
634,21.1922,Evening 21:00,simulation,0.3,1,-1.48464,-0.49815,4.24686,2.24686,-1.48464,-1.49815,3.03525,-0.03915,0.23376,256.0,11.904
635,21.2256,Evening 21:00,simulation,0.3,1,-1.48365,-0.52239,4.24401,2.24401,-1.48365,-1.52239,3.03516,-0.03963,0.22835,256.0,11.906
636,21.2591,Evening 21:00,simulation,0.3,1,-1.48268,-0.5466,4.24121,2.24121,-1.48268,-1.5466,3.03512,-0.04008,0.22314,256.0,11.908
637,21.2925,Evening 21:00,simulation,0.3,1,-1.42152,-0.54136,4.06525,2.06525,-1.42152,-1.54136,3.14415,0.00143,-0.01085,272.0,11.908
638,21.3259,Evening 21:00,simulation,0.3,1,-1.48125,-0.58287,4.2371,2.2371,-1.48125,-1.58287,3.03515,-0.04069,0.21565,256.0,11.909
639,21.3593,Evening 21:00,simulation,0.3,1,-1.48125,-0.58287,4.2371,2.2371,-1.48125,-1.58287,3.03515,-0.04069,0.21565,256.0,11.909
640,21.3928,Evening 21:00,simulation,0.3,1,-1.47941,-0.63115,4.23179,2.23179,-1.47941,-1.63115,3.03535,-0.04138,0.20625,256.0,11.909
641,21.4262,Evening 21:00,simulation,0.3,1,-1.47941,-0.63115,4.23179,2.23179,-1.47941,-1.63115,3.03535,-0.04138,0.20625,256.0,11.909
642,21.4596,Evening 21:00,simulation,0.3,1,-1.47851,-0.65525,4.2292,2.2292,-1.47851,-1.65525,3.03551,-0.04168,0.20178,256.0,11.909
643,21.493,Evening 21:00,simulation,0.3,1,-1.4217,-0.64736,4.06574,2.06574,-1.4217,-1.64736,3.14451,0.00163,-0.01032,272.0,11.909
644,21.5265,Evening 21:00,simulation,0.3,1,-1.4217,-0.64736,4.06574,2.06574,-1.4217,-1.64736,3.14451,0.00163,-0.01032,272.0,11.909
645,21.5599,Evening 21:00,simulation,0.3,1,-1.47634,-0.71541,4.22293,2.22293,-1.47634,-1.71541,3.03604,-0.04232,0.19119,256.0,11.908
646,21.5933,Evening 21:00,simulation,0.3,1,-1.47634,-0.71541,4.22293,2.22293,-1.47634,-1.71541,3.03604,-0.04232,0.19119,256.0,11.908
647,21.6267,Evening 21:00,simulation,0.3,1,-1.47467,-0.76344,4.21812,2.21812,-1.47467,-1.76344,3.03659,-0.04272,0.1833,256.0,11.909
648,21.6602,Evening 21:00,simulation,0.3,1,-1.47467,-0.76344,4.21812,2.21812,-1.47467,-1.76344,3.03659,-0.04272,0.1833,256.0,11.909
649,21.6936,Evening 21:00,simulation,0.3,1,-1.42188,-0.75339,4.06627,2.06627,-1.42188,-1.75339,3.1448,0.00179,-0.00975,272.0,11.908
650,21.727,Evening 21:00,simulation,0.3,0,0.0,0.0,0.0,0.0,0.0,0.0,0.0,0.0,0.0,0.0,11.908
651,21.7604,Evening 21:00,simulation,0.3,1,-1.47266,-0.82337,4.21235,2.21235,-1.47266,-1.82337,3.03741,-0.04311,0.17407,256.0,11.906
652,21.7939,Evening 21:00,simulation,0.3,1,-1.47189,-0.84731,4.21011,2.21011,-1.47189,-1.84731,3.03776,-0.04323,0.17056,256.0,11.905
653,21.8273,Evening 21:00,simulation,0.3,1,-1.47112,-0.87123,4.20792,2.20792,-1.47112,-1.87123,3.03814,-0.04334,0.16715,256.0,11.909
654,21.8607,Evening 21:00,simulation,0.3,1,-1.47037,-0.89513,4.20576,2.20576,-1.47037,-1.89513,3.03853,-0.04343,0.16384,256.0,11.906
655,21.8942,Evening 21:00,simulation,0.3,1,-1.47037,-0.89513,4.20576,2.20576,-1.47037,-1.89513,3.03853,-0.04343,0.16384,256.0,11.906
656,21.9276,Evening 21:00,simulation,0.3,1,-1.46928,-0.93096,4.2026,2.2026,-1.46928,-1.93096,3.03914,-0.04354,0.15904,256.0,11.907
657,21.961,Evening 21:00,simulation,0.3,1,-1.46856,-0.95482,4.20055,2.20055,-1.46856,-1.95482,3.03956,-0.04359,0.15594,256.0,11.907
658,21.9944,Evening 21:00,simulation,0.3,1,-1.46856,-0.95482,4.20055,2.20055,-1.46856,-1.95482,3.03956,-0.04359,0.15594,256.0,11.907
659,22.0279,Evening 21:00,simulation,0.3,1,-1.46786,-0.97867,4.19853,2.19853,-1.46786,-1.97867,3.03999,-0.04364,0.15293,256.0,11.906
660,22.0613,Evening 21:00,simulation,0.3,1,-1.46786,-0.97867,4.19853,2.19853,-1.46786,-1.97867,3.03999,-0.04364,0.15293,256.0,11.906
661,22.0947,Evening 21:00,simulation,0.3,1,-1.46717,-1.00251,4.19654,2.19654,-1.46717,-2.00251,3.04044,-0.04366,0.15,256.0,11.907
662,22.1281,Evening 21:00,simulation,0.3,0,0.0,0.0,0.0,0.0,0.0,0.0,0.0,0.0,0.0,0.0,11.906
663,22.1616,Evening 21:00,simulation,0.3,1,-1.46617,-1.03824,4.19364,2.19364,-1.46617,-2.03824,3.04112,-0.04369,0.14575,256.0,11.905
664,22.195,Evening 21:00,simulation,0.3,1,-1.46551,-1.06204,4.19175,2.19175,-1.46551,-2.06204,3.04158,-0.04369,0.143,256.0,11.906
665,22.2284,Evening 21:00,simulation,0.3,1,-1.46486,-1.08582,4.18989,2.18989,-1.46486,-2.08582,3.04205,-0.04368,0.14033,256.0,11.907
666,22.2618,Evening 21:00,simulation,0.3,1,-1.46423,-1.1096,4.18807,2.18807,-1.46423,-2.1096,3.04253,-0.04366,0.13772,256.0,11.905
667,22.2953,Evening 21:00,simulation,0.3,1,-1.42364,-1.09339,4.07131,2.07131,-1.42364,-2.09339,-3.22536,0.04633,0.01012,264.0,11.903
668,22.3287,Evening 21:00,simulation,0.3,1,-1.42364,-1.09339,4.07131,2.07131,-1.42364,-2.09339,-3.22536,0.04633,0.01012,264.0,11.903
669,22.3621,Evening 21:00,simulation,0.3,1,-1.4633,-1.14524,4.1854,2.1854,-1.4633,-2.14524,3.04326,-0.04361,0.13394,256.0,11.904
670,22.3955,Evening 21:00,simulation,0.3,1,-1.4627,-1.16899,4.18366,2.18366,-1.4627,-2.16899,3.04375,-0.04357,0.13149,256.0,11.903
671,22.429,Evening 21:00,simulation,0.3,1,-1.46211,-1.19272,4.18195,2.18195,-1.46211,-2.19272,3.04425,-0.04352,0.1291,256.0,11.901
672,22.4624,Evening 21:00,simulation,0.3,1,-1.46152,-1.21645,4.18028,2.18028,-1.46152,-2.21645,3.04475,-0.04346,0.12677,256.0,11.903
673,22.4958,Evening 21:00,simulation,0.3,1,-1.46152,-1.21645,4.18028,2.18028,-1.46152,-2.21645,3.04475,-0.04346,0.12677,256.0,11.903
674,22.5292,Evening 21:00,simulation,0.3,1,-1.42265,-1.20137,4.06849,2.06849,-1.42265,-2.20137,3.14548,0.00216,-0.00735,272.0,11.901
675,22.5627,Evening 21:00,simulation,0.3,1,-1.46067,-1.25202,4.17782,2.17782,-1.46067,-2.25202,3.0455,-0.04336,0.12339,256.0,11.901
676,22.5961,Evening 21:00,simulation,0.3,1,-1.45957,-1.29941,4.17466,2.17466,-1.45957,-2.29941,3.04652,-0.0432,0.11906,256.0,11.899
677,22.6295,Evening 21:00,simulation,0.3,1,-1.45904,-1.32309,4.17312,2.17312,-1.45904,-2.32309,3.04703,-0.04311,0.11697,256.0,11.899
678,22.663,Evening 21:00,simulation,0.3,1,-1.45904,-1.32309,4.17312,2.17312,-1.45904,-2.32309,3.04703,-0.04311,0.11697,256.0,11.899
679,22.6964,Evening 21:00,simulation,0.3,1,-1.45851,-1.34677,4.17161,2.17161,-1.45851,-2.34677,3.04754,-0.04302,0.11493,256.0,11.898
680,22.7298,Evening 21:00,simulation,0.3,1,-1.45825,-1.3586,4.17086,2.17086,-1.45825,-2.3586,3.0478,-0.04297,0.11393,256.0,11.898
681,22.7632,Evening 21:00,simulation,0.3,1,-1.45774,-1.38226,4.16939,2.16939,-1.45774,-2.38226,3.04832,-0.04287,0.11197,256.0,11.892
682,22.7967,Evening 21:00,simulation,0.3,1,-1.45774,-1.38226,4.16939,2.16939,-1.45774,-2.38226,3.04832,-0.04287,0.11197,256.0,11.892
683,22.8301,Evening 21:00,simulation,0.3,0,0.0,0.0,0.0,0.0,0.0,0.0,0.0,0.0,0.0,0.0,11.882
684,22.8635,Evening 21:00,simulation,0.3,0,0.0,0.0,0.0,0.0,0.0,0.0,0.0,0.0,0.0,0.0,11.882
685,22.8969,Evening 21:00,simulation,0.3,0,0.0,0.0,0.0,0.0,0.0,0.0,0.0,0.0,0.0,0.0,11.859
686,22.9304,Evening 21:00,simulation,0.3,0,0.0,0.0,0.0,0.0,0.0,0.0,0.0,0.0,0.0,0.0,11.859
687,22.9638,Evening 21:00,simulation,0.3,0,0.0,0.0,0.0,0.0,0.0,0.0,0.0,0.0,0.0,0.0,11.851
688,22.9972,Evening 21:00,simulation,0.3,0,0.0,0.0,0.0,0.0,0.0,0.0,0.0,0.0,0.0,0.0,11.851
689,23.0306,Evening 21:00,simulation,0.3,0,0.0,0.0,0.0,0.0,0.0,0.0,0.0,0.0,0.0,0.0,11.849
690,23.0641,Evening 21:00,simulation,0.3,0,0.0,0.0,0.0,0.0,0.0,0.0,0.0,0.0,0.0,0.0,11.843
691,23.0975,Evening 21:00,simulation,0.3,0,0.0,0.0,0.0,0.0,0.0,0.0,0.0,0.0,0.0,0.0,11.843
692,23.1309,Evening 21:00,simulation,0.3,0,0.0,0.0,0.0,0.0,0.0,0.0,0.0,0.0,0.0,0.0,11.834
693,23.1643,Evening 21:00,simulation,0.3,0,0.0,0.0,0.0,0.0,0.0,0.0,0.0,0.0,0.0,0.0,11.824
694,23.1978,Evening 21:00,simulation,0.3,0,0.0,0.0,0.0,0.0,0.0,0.0,0.0,0.0,0.0,0.0,11.815
695,23.2312,Evening 21:00,simulation,0.3,0,0.0,0.0,0.0,0.0,0.0,0.0,0.0,0.0,0.0,0.0,11.815
696,23.2646,Evening 21:00,simulation,0.3,0,0.0,0.0,0.0,0.0,0.0,0.0,0.0,0.0,0.0,0.0,11.815
697,23.2981,Evening 21:00,simulation,0.3,0,0.0,0.0,0.0,0.0,0.0,0.0,0.0,0.0,0.0,0.0,11.815
698,23.3315,Evening 21:00,simulation,0.3,0,0.0,0.0,0.0,0.0,0.0,0.0,0.0,0.0,0.0,0.0,11.815
699,23.3649,Evening 21:00,simulation,0.3,0,0.0,0.0,0.0,0.0,0.0,0.0,0.0,0.0,0.0,0.0,11.815
700,23.3983,Evening 21:00,simulation,0.3,0,0.0,0.0,0.0,0.0,0.0,0.0,0.0,0.0,0.0,0.0,11.815
701,23.4318,Evening 21:00,simulation,0.3,0,0.0,0.0,0.0,0.0,0.0,0.0,0.0,0.0,0.0,0.0,11.815
702,23.4652,Evening 21:00,simulation,0.3,0,0.0,0.0,0.0,0.0,0.0,0.0,0.0,0.0,0.0,0.0,11.815
703,23.4986,Evening 21:00,simulation,0.3,0,0.0,0.0,0.0,0.0,0.0,0.0,0.0,0.0,0.0,0.0,11.815
704,23.532,Evening 21:00,simulation,0.3,0,0.0,0.0,0.0,0.0,0.0,0.0,0.0,0.0,0.0,0.0,11.815
705,23.5655,Evening 21:00,simulation,0.3,0,0.0,0.0,0.0,0.0,0.0,0.0,0.0,0.0,0.0,0.0,11.815
706,23.5989,Evening 21:00,simulation,0.3,0,0.0,0.0,0.0,0.0,0.0,0.0,0.0,0.0,0.0,0.0,11.815
707,23.6323,Evening 21:00,simulation,0.3,0,0.0,0.0,0.0,0.0,0.0,0.0,0.0,0.0,0.0,0.0,11.815
708,23.6657,Evening 21:00,simulation,0.3,0,0.0,0.0,0.0,0.0,0.0,0.0,0.0,0.0,0.0,0.0,11.815
709,23.6992,Evening 21:00,simulation,0.3,0,0.0,0.0,0.0,0.0,0.0,0.0,0.0,0.0,0.0,0.0,11.817
710,23.7326,Evening 21:00,simulation,0.3,0,0.0,0.0,0.0,0.0,0.0,0.0,0.0,0.0,0.0,0.0,11.832
711,23.766,Evening 21:00,simulation,0.3,0,0.0,0.0,0.0,0.0,0.0,0.0,0.0,0.0,0.0,0.0,11.832
712,23.7994,Evening 21:00,simulation,0.3,0,0.0,0.0,0.0,0.0,0.0,0.0,0.0,0.0,0.0,0.0,11.842
713,23.8329,Evening 21:00,simulation,0.3,0,0.0,0.0,0.0,0.0,0.0,0.0,0.0,0.0,0.0,0.0,11.842
714,23.8663,Evening 21:00,simulation,0.3,0,0.0,0.0,0.0,0.0,0.0,0.0,0.0,0.0,0.0,0.0,11.843
715,23.8997,Evening 21:00,simulation,0.3,0,0.0,0.0,0.0,0.0,0.0,0.0,0.0,0.0,0.0,0.0,11.845
716,23.9331,Evening 21:00,simulation,0.3,0,0.0,0.0,0.0,0.0,0.0,0.0,0.0,0.0,0.0,0.0,11.845
717,23.9666,Evening 21:00,simulation,0.3,0,0.0,0.0,0.0,0.0,0.0,0.0,0.0,0.0,0.0,0.0,11.85
718,24.0,Evening 21:00,simulation,0.3,0,0.0,0.0,0.0,0.0,0.0,0.0,0.0,0.0,0.0,0.0,11.868
719,24.0334,Evening 21:00,simulation,0.3,0,0.0,0.0,0.0,0.0,0.0,0.0,0.0,0.0,0.0,0.0,11.868
720,24.0669,Evening 21:00,simulation,0.3,0,0.0,0.0,0.0,0.0,0.0,0.0,0.0,0.0,0.0,0.0,11.877
721,24.1003,Evening 21:00,simulation,0.3,1,-1.44811,-1.40621,4.14169,2.14169,-1.44811,-2.40621,-3.30412,0.08651,-0.07789,248.0,11.876
722,24.1337,Evening 21:00,simulation,0.3,1,-1.45749,-1.39409,4.16867,2.16867,-1.45749,-2.39409,3.04857,-0.04282,0.111,256.0,11.883
723,24.1671,Evening 21:00,simulation,0.3,1,-1.45825,-1.3586,4.17086,2.17086,-1.45825,-2.3586,3.0478,-0.04297,0.11393,256.0,11.898
724,24.2006,Evening 21:00,simulation,0.3,1,-1.45825,-1.3586,4.17086,2.17086,-1.45825,-2.3586,3.0478,-0.04297,0.11393,256.0,11.898
725,24.234,Evening 21:00,simulation,0.3,1,-1.45877,-1.33493,4.17236,2.17236,-1.45877,-2.33493,3.04729,-0.04307,0.11595,256.0,11.899
726,24.2674,Evening 21:00,simulation,0.3,1,-1.45877,-1.33493,4.17236,2.17236,-1.45877,-2.33493,3.04729,-0.04307,0.11595,256.0,11.899
727,24.3008,Evening 21:00,simulation,0.3,1,-1.4593,-1.31125,4.17388,2.17388,-1.4593,-2.31125,3.04678,-0.04316,0.11801,256.0,11.898
728,24.3343,Evening 21:00,simulation,0.3,1,-1.45984,-1.28757,4.17544,2.17544,-1.45984,-2.28757,3.04626,-0.04324,0.12012,256.0,11.9
729,24.3677,Evening 21:00,simulation,0.3,0,0.0,0.0,0.0,0.0,0.0,0.0,0.0,0.0,0.0,0.0,11.902
730,24.4011,Evening 21:00,simulation,0.3,1,-1.46067,-1.25202,4.17782,2.17782,-1.46067,-2.25202,3.0455,-0.04336,0.12339,256.0,11.901
731,24.4345,Evening 21:00,simulation,0.3,1,-1.46181,-1.20459,4.18111,2.18111,-1.46181,-2.20459,3.0445,-0.04349,0.12793,256.0,11.902
732,24.468,Evening 21:00,simulation,0.3,1,-1.46181,-1.20459,4.18111,2.18111,-1.46181,-2.20459,3.0445,-0.04349,0.12793,256.0,11.902
733,24.5014,Evening 21:00,simulation,0.3,1,-1.4624,-1.18086,4.1828,2.1828,-1.4624,-2.18086,3.044,-0.04354,0.13029,256.0,11.903
734,24.5348,Evening 21:00,simulation,0.3,0,0.0,0.0,0.0,0.0,0.0,0.0,0.0,0.0,0.0,0.0,11.903
735,24.5682,Evening 21:00,simulation,0.3,1,-1.4633,-1.14524,4.1854,2.1854,-1.4633,-2.14524,3.04326,-0.04361,0.13394,256.0,11.902
736,24.6017,Evening 21:00,simulation,0.3,1,-1.46392,-1.12148,4.18717,2.18717,-1.46392,-2.12148,3.04277,-0.04364,0.13644,256.0,11.905
737,24.6351,Evening 21:00,simulation,0.3,1,-1.46392,-1.12148,4.18717,2.18717,-1.46392,-2.12148,3.04277,-0.04364,0.13644,256.0,11.905
738,24.6685,Evening 21:00,simulation,0.3,1,-1.46455,-1.09771,4.18898,2.18898,-1.46455,-2.09771,3.04229,-0.04367,0.13902,256.0,11.903
739,24.7019,Evening 21:00,simulation,0.3,1,-1.46518,-1.07393,4.19081,2.19081,-1.46518,-2.07393,3.04182,-0.04368,0.14166,256.0,11.904
740,24.7354,Evening 21:00,simulation,0.3,1,-1.46584,-1.05014,4.19269,2.19269,-1.46584,-2.05014,3.04135,-0.04369,0.14437,256.0,11.905
741,24.7688,Evening 21:00,simulation,0.3,1,-1.46584,-1.05014,4.19269,2.19269,-1.46584,-2.05014,3.04135,-0.04369,0.14437,256.0,11.905
742,24.8022,Evening 21:00,simulation,0.3,1,-1.42232,-1.0009,4.06753,2.06753,-1.42232,-2.0009,3.14528,0.00205,-0.0084,272.0,11.905
743,24.8357,Evening 21:00,simulation,0.3,1,-1.46752,-0.99059,4.19753,2.19753,-1.46752,-1.99059,3.04021,-0.04365,0.15146,256.0,11.907
744,24.8691,Evening 21:00,simulation,0.3,1,-1.46752,-0.99059,4.19753,2.19753,-1.46752,-1.99059,3.04021,-0.04365,0.15146,256.0,11.907
745,24.9025,Evening 21:00,simulation,0.3,1,-1.46821,-0.96675,4.19953,2.19953,-1.46821,-1.96675,3.03977,-0.04362,0.15443,256.0,11.906
746,24.9359,Evening 21:00,simulation,0.3,1,-1.42213,-0.89481,4.06699,2.06699,-1.42213,-1.89481,3.14511,0.00196,-0.00898,272.0,11.908
747,24.9694,Evening 21:00,simulation,0.3,1,-1.42213,-0.89481,4.06699,2.06699,-1.42213,-1.89481,3.14511,0.00196,-0.00898,272.0,11.908
748,25.0028,Evening 21:00,simulation,0.3,1,-1.47001,-0.90708,4.2047,2.2047,-1.47001,-1.90708,3.03873,-0.04347,0.16222,256.0,11.908
749,25.0362,Evening 21:00,simulation,0.3,1,-1.47075,-0.88318,4.20683,2.20683,-1.47075,-1.88318,3.03833,-0.04339,0.16548,256.0,11.908
750,25.0696,Evening 21:00,simulation,0.3,1,-1.4715,-0.85927,4.20901,2.20901,-1.4715,-1.85927,3.03795,-0.04329,0.16885,256.0,11.909
751,25.1031,Evening 21:00,simulation,0.3,1,-1.4715,-0.85927,4.20901,2.20901,-1.4715,-1.85927,3.03795,-0.04329,0.16885,256.0,11.909
752,25.1365,Evening 21:00,simulation,0.3,1,-1.47227,-0.83534,4.21122,2.21122,-1.47227,-1.83534,3.03758,-0.04317,0.1723,256.0,11.908
753,25.1699,Evening 21:00,simulation,0.3,1,-1.42194,-0.78874,4.06645,2.06645,-1.42194,-1.78874,3.14489,0.00184,-0.00956,272.0,11.908
754,25.2033,Evening 21:00,simulation,0.3,1,-1.47426,-0.77543,4.21694,2.21694,-1.47426,-1.77543,3.03675,-0.04281,0.1814,256.0,11.907
755,25.2368,Evening 21:00,simulation,0.3,1,-1.47426,-0.77543,4.21694,2.21694,-1.47426,-1.77543,3.03675,-0.04281,0.1814,256.0,11.907
756,25.2702,Evening 21:00,simulation,0.3,1,-1.47508,-0.75144,4.21931,2.21931,-1.47508,-1.75144,3.03645,-0.04263,0.18523,256.0,11.905
757,25.3036,Evening 21:00,simulation,0.3,1,-1.47591,-0.72742,4.22171,2.22171,-1.47591,-1.72742,3.03617,-0.04243,0.18918,256.0,11.908
758,25.337,Evening 21:00,simulation,0.3,0,0.0,0.0,0.0,0.0,0.0,0.0,0.0,0.0,0.0,0.0,11.908
759,25.3705,Evening 21:00,simulation,0.3,1,-1.47719,-0.69136,4.2254,2.2254,-1.47719,-1.69136,3.03581,-0.04208,0.19533,256.0,11.909
760,25.4039,Evening 21:00,simulation,0.3,1,-1.47807,-0.66729,4.22792,2.22792,-1.47807,-1.66729,3.0356,-0.04182,0.19959,256.0,11.909
761,25.4373,Evening 21:00,simulation,0.3,1,-1.47807,-0.66729,4.22792,2.22792,-1.47807,-1.66729,3.0356,-0.04182,0.19959,256.0,11.909
762,25.4708,Evening 21:00,simulation,0.3,1,-1.47986,-0.61909,4.2331,2.2331,-1.47986,-1.61909,3.03529,-0.04122,0.20854,256.0,11.908
763,25.5042,Evening 21:00,simulation,0.3,1,-1.47986,-0.61909,4.2331,2.2331,-1.47986,-1.61909,3.03529,-0.04122,0.20854,256.0,11.908
764,25.5376,Evening 21:00,simulation,0.3,0,0.0,0.0,0.0,0.0,0.0,0.0,0.0,0.0,0.0,0.0,11.908
765,25.571,Evening 21:00,simulation,0.3,1,-1.46901,-0.5746,4.20174,2.20174,-1.46901,-1.5746,-3.07636,-0.03016,-0.14198,264.0,11.909
766,25.6045,Evening 21:00,simulation,0.3,1,-1.46901,-0.5746,4.20174,2.20174,-1.46901,-1.5746,-3.07636,-0.03016,-0.14198,264.0,11.909
767,25.6379,Evening 21:00,simulation,0.3,1,-1.48316,-0.5345,4.2426,2.2426,-1.48316,-1.5345,3.03513,-0.03986,0.22572,256.0,11.908
768,25.6713,Evening 21:00,simulation,0.3,1,-1.48365,-0.52239,4.24401,2.24401,-1.48365,-1.52239,3.03516,-0.03963,0.22835,256.0,11.909
769,25.7047,Evening 21:00,simulation,0.3,1,-1.48365,-0.52239,4.24401,2.24401,-1.48365,-1.52239,3.03516,-0.03963,0.22835,256.0,11.909
770,25.7382,Evening 21:00,simulation,0.3,1,-1.48365,-0.52239,4.24401,2.24401,-1.48365,-1.52239,3.03516,-0.03963,0.22835,256.0,11.909
771,25.7716,Evening 21:00,simulation,0.3,1,-1.48365,-0.52239,4.24401,2.24401,-1.48365,-1.52239,3.03516,-0.03963,0.22835,256.0,11.909
772,25.805,Evening 21:00,simulation,0.3,1,-1.48365,-0.52239,4.24401,2.24401,-1.48365,-1.52239,3.03516,-0.03963,0.22835,256.0,11.909
773,25.8384,Evening 21:00,simulation,0.3,1,-1.48365,-0.52239,4.24401,2.24401,-1.48365,-1.52239,3.03516,-0.03963,0.22835,256.0,11.909
774,25.8719,Evening 21:00,simulation,0.3,1,-1.48365,-0.52239,4.24401,2.24401,-1.48365,-1.52239,3.03516,-0.03963,0.22835,256.0,11.909
775,25.9053,Evening 21:00,simulation,0.3,1,-1.48365,-0.52239,4.24401,2.24401,-1.48365,-1.52239,3.03516,-0.03963,0.22835,256.0,11.909
776,25.9387,Evening 21:00,simulation,0.3,1,-1.48365,-0.52239,4.24401,2.24401,-1.48365,-1.52239,3.03516,-0.03963,0.22835,256.0,11.909
777,25.9721,Evening 21:00,simulation,0.3,1,-1.48365,-0.52239,4.24401,2.24401,-1.48365,-1.52239,3.03516,-0.03963,0.22835,256.0,11.909
778,26.0056,Evening 21:00,simulation,0.3,1,-1.48365,-0.52239,4.24401,2.24401,-1.48365,-1.52239,3.03516,-0.03963,0.22835,256.0,11.909
779,26.039,Evening 21:00,simulation,0.3,1,-1.48365,-0.52239,4.24401,2.24401,-1.48365,-1.52239,3.03516,-0.03963,0.22835,256.0,11.909
780,26.0724,Evening 21:00,simulation,0.3,1,-1.48365,-0.52239,4.24401,2.24401,-1.48365,-1.52239,3.03516,-0.03963,0.22835,256.0,11.909
781,26.1058,Evening 21:00,simulation,0.3,1,-1.48365,-0.52239,4.24401,2.24401,-1.48365,-1.52239,3.03516,-0.03963,0.22835,256.0,11.909
782,26.1393,Evening 21:00,simulation,0.3,1,-1.48365,-0.52239,4.24401,2.24401,-1.48365,-1.52239,3.03516,-0.03963,0.22835,256.0,11.909
783,26.1727,Evening 21:00,simulation,0.3,1,-1.48365,-0.52239,4.24401,2.24401,-1.48365,-1.52239,3.03516,-0.03963,0.22835,256.0,11.909
784,26.2061,Evening 21:00,simulation,0.3,1,-1.48365,-0.52239,4.24401,2.24401,-1.48365,-1.52239,3.03516,-0.03963,0.22835,256.0,11.909
785,26.2396,Evening 21:00,simulation,0.3,1,-1.48365,-0.52239,4.24401,2.24401,-1.48365,-1.52239,3.03516,-0.03963,0.22835,256.0,11.909
786,26.273,Evening 21:00,simulation,0.3,1,-1.48365,-0.52239,4.24401,2.24401,-1.48365,-1.52239,3.03516,-0.03963,0.22835,256.0,11.909
787,26.3064,Evening 21:00,simulation,0.3,1,-1.48365,-0.52239,4.24401,2.24401,-1.48365,-1.52239,3.03516,-0.03963,0.22835,256.0,11.909
788,26.3398,Evening 21:00,simulation,0.3,1,-1.48365,-0.52239,4.24401,2.24401,-1.48365,-1.52239,3.03516,-0.03963,0.22835,256.0,11.909
789,26.3733,Evening 21:00,simulation,0.3,1,-1.48365,-0.52239,4.24401,2.24401,-1.48365,-1.52239,3.03516,-0.03963,0.22835,256.0,11.909
790,26.4067,Evening 21:00,simulation,0.3,1,-1.48365,-0.52239,4.24401,2.24401,-1.48365,-1.52239,3.03516,-0.03963,0.22835,256.0,11.909
791,26.4401,Evening 21:00,simulation,0.3,1,-1.48365,-0.52239,4.24401,2.24401,-1.48365,-1.52239,3.03516,-0.03963,0.22835,256.0,11.909
792,26.4735,Evening 21:00,simulation,0.3,1,-1.48365,-0.52239,4.24401,2.24401,-1.48365,-1.52239,3.03516,-0.03963,0.22835,256.0,11.909
793,26.507,Evening 21:00,simulation,0.3,1,-1.48365,-0.52239,4.24401,2.24401,-1.48365,-1.52239,3.03516,-0.03963,0.22835,256.0,11.909
794,26.5404,Evening 21:00,simulation,0.3,1,-1.48365,-0.52239,4.24401,2.24401,-1.48365,-1.52239,3.03516,-0.03963,0.22835,256.0,11.909
795,26.5738,Evening 21:00,simulation,0.3,1,-1.48365,-0.52239,4.24401,2.24401,-1.48365,-1.52239,3.03516,-0.03963,0.22835,256.0,11.909
796,26.6072,Evening 21:00,simulation,0.3,1,-1.48365,-0.52239,4.24401,2.24401,-1.48365,-1.52239,3.03516,-0.03963,0.22835,256.0,11.909
797,26.6407,Evening 21:00,simulation,0.3,1,-1.48365,-0.52239,4.24401,2.24401,-1.48365,-1.52239,3.03516,-0.03963,0.22835,256.0,11.909
798,26.6741,Evening 21:00,simulation,0.3,1,-1.48365,-0.52239,4.24401,2.24401,-1.48365,-1.52239,3.03516,-0.03963,0.22835,256.0,11.909
799,26.7075,Evening 21:00,simulation,0.3,1,-1.48365,-0.52239,4.24401,2.24401,-1.48365,-1.52239,3.03516,-0.03963,0.22835,256.0,11.909
800,26.7409,Evening 21:00,simulation,0.3,1,-1.48365,-0.52239,4.24401,2.24401,-1.48365,-1.52239,3.03516,-0.03963,0.22835,256.0,11.909
801,26.7744,Evening 21:00,simulation,0.3,1,-1.48365,-0.52239,4.24401,2.24401,-1.48365,-1.52239,3.03516,-0.03963,0.22835,256.0,11.909
802,26.8078,Evening 21:00,simulation,0.3,1,-1.48365,-0.52239,4.24401,2.24401,-1.48365,-1.52239,3.03516,-0.03963,0.22835,256.0,11.909
803,26.8412,Evening 21:00,simulation,0.3,1,-1.48365,-0.52239,4.24401,2.24401,-1.48365,-1.52239,3.03516,-0.03963,0.22835,256.0,11.909
804,26.8747,Evening 21:00,simulation,0.3,1,-1.48365,-0.52239,4.24401,2.24401,-1.48365,-1.52239,3.03516,-0.03963,0.22835,256.0,11.909
805,26.9081,Evening 21:00,simulation,0.3,1,-1.48365,-0.52239,4.24401,2.24401,-1.48365,-1.52239,3.03516,-0.03963,0.22835,256.0,11.909
806,26.9415,Evening 21:00,simulation,0.3,1,-1.48365,-0.52239,4.24401,2.24401,-1.48365,-1.52239,3.03516,-0.03963,0.22835,256.0,11.909
807,26.9749,Evening 21:00,simulation,0.3,1,-1.48365,-0.52239,4.24401,2.24401,-1.48365,-1.52239,3.03516,-0.03963,0.22835,256.0,11.909
808,27.0084,Evening 21:00,simulation,0.3,1,-1.48365,-0.52239,4.24401,2.24401,-1.48365,-1.52239,3.03516,-0.03963,0.22835,256.0,11.909
809,27.0418,Evening 21:00,simulation,0.3,1,-1.48365,-0.52239,4.24401,2.24401,-1.48365,-1.52239,3.03516,-0.03963,0.22835,256.0,11.909
810,27.0752,Evening 21:00,simulation,0.3,1,-1.48365,-0.52239,4.24401,2.24401,-1.48365,-1.52239,3.03516,-0.03963,0.22835,256.0,11.909
811,27.1086,Evening 21:00,simulation,0.3,1,-1.48365,-0.52239,4.24401,2.24401,-1.48365,-1.52239,3.03516,-0.03963,0.22835,256.0,11.909
812,27.1421,Evening 21:00,simulation,0.3,1,-1.48365,-0.52239,4.24401,2.24401,-1.48365,-1.52239,3.03516,-0.03963,0.22835,256.0,11.909
813,27.1755,Evening 21:00,simulation,0.3,1,-1.48365,-0.52239,4.24401,2.24401,-1.48365,-1.52239,3.03516,-0.03963,0.22835,256.0,11.909
814,27.2089,Evening 21:00,simulation,0.3,1,-1.48365,-0.52239,4.24401,2.24401,-1.48365,-1.52239,3.03516,-0.03963,0.22835,256.0,11.909
815,27.2423,Evening 21:00,simulation,0.3,1,-1.48365,-0.52239,4.24401,2.24401,-1.48365,-1.52239,3.03516,-0.03963,0.22835,256.0,11.909
816,27.2758,Evening 21:00,simulation,0.3,1,-1.48365,-0.52239,4.24401,2.24401,-1.48365,-1.52239,3.03516,-0.03963,0.22835,256.0,11.909
817,27.3092,Evening 21:00,simulation,0.3,1,-1.48365,-0.52239,4.24401,2.24401,-1.48365,-1.52239,3.03516,-0.03963,0.22835,256.0,11.909
818,27.3426,Evening 21:00,simulation,0.3,1,-1.48365,-0.52239,4.24401,2.24401,-1.48365,-1.52239,3.03516,-0.03963,0.22835,256.0,11.909
819,27.376,Evening 21:00,simulation,0.3,1,-1.48365,-0.52239,4.24401,2.24401,-1.48365,-1.52239,3.03516,-0.03963,0.22835,256.0,11.909
820,27.4095,Evening 21:00,simulation,0.3,1,-1.48365,-0.52239,4.24401,2.24401,-1.48365,-1.52239,3.03516,-0.03963,0.22835,256.0,11.909
821,27.4429,Evening 21:00,simulation,0.3,1,-1.48365,-0.52239,4.24401,2.24401,-1.48365,-1.52239,3.03516,-0.03963,0.22835,256.0,11.909
822,27.4763,Evening 21:00,simulation,0.3,1,-1.48365,-0.52239,4.24401,2.24401,-1.48365,-1.52239,3.03516,-0.03963,0.22835,256.0,11.909
823,27.5097,Evening 21:00,simulation,0.3,1,-1.48365,-0.52239,4.24401,2.24401,-1.48365,-1.52239,3.03516,-0.03963,0.22835,256.0,11.909
824,27.5432,Evening 21:00,simulation,0.3,1,-1.48365,-0.52239,4.24401,2.24401,-1.48365,-1.52239,3.03516,-0.03963,0.22835,256.0,11.909
825,27.5766,Evening 21:00,simulation,0.3,1,-1.48365,-0.52239,4.24401,2.24401,-1.48365,-1.52239,3.03516,-0.03963,0.22835,256.0,11.909
826,27.61,Evening 21:00,simulation,0.3,1,-1.48365,-0.52239,4.24401,2.24401,-1.48365,-1.52239,3.03516,-0.03963,0.22835,256.0,11.909
827,27.6435,Evening 21:00,simulation,0.3,1,-1.48365,-0.52239,4.24401,2.24401,-1.48365,-1.52239,3.03516,-0.03963,0.22835,256.0,11.909
828,27.6769,Evening 21:00,simulation,0.3,1,-1.48365,-0.52239,4.24401,2.24401,-1.48365,-1.52239,3.03516,-0.03963,0.22835,256.0,11.909
829,27.7103,Evening 21:00,simulation,0.3,1,-1.48365,-0.52239,4.24401,2.24401,-1.48365,-1.52239,3.03516,-0.03963,0.22835,256.0,11.909
830,27.7437,Evening 21:00,simulation,0.3,1,-1.48365,-0.52239,4.24401,2.24401,-1.48365,-1.52239,3.03516,-0.03963,0.22835,256.0,11.909
831,27.7772,Evening 21:00,simulation,0.3,1,-1.48365,-0.52239,4.24401,2.24401,-1.48365,-1.52239,3.03516,-0.03963,0.22835,256.0,11.909
832,27.8106,Evening 21:00,simulation,0.3,1,-1.48365,-0.52239,4.24401,2.24401,-1.48365,-1.52239,3.03516,-0.03963,0.22835,256.0,11.909
833,27.844,Evening 21:00,simulation,0.3,1,-1.48365,-0.52239,4.24401,2.24401,-1.48365,-1.52239,3.03516,-0.03963,0.22835,256.0,11.909
834,27.8774,Evening 21:00,simulation,0.3,1,-1.48365,-0.52239,4.24401,2.24401,-1.48365,-1.52239,3.03516,-0.03963,0.22835,256.0,11.909
835,27.9109,Evening 21:00,simulation,0.3,1,-1.48365,-0.52239,4.24401,2.24401,-1.48365,-1.52239,3.03516,-0.03963,0.22835,256.0,11.909
836,27.9443,Evening 21:00,simulation,0.3,1,-1.48365,-0.52239,4.24401,2.24401,-1.48365,-1.52239,3.03516,-0.03963,0.22835,256.0,11.909
837,27.9777,Evening 21:00,simulation,0.3,1,-1.48365,-0.52239,4.24401,2.24401,-1.48365,-1.52239,3.03516,-0.03963,0.22835,256.0,11.909
838,28.0111,Evening 21:00,simulation,0.3,1,-1.48365,-0.52239,4.24401,2.24401,-1.48365,-1.52239,3.03516,-0.03963,0.22835,256.0,11.909
839,28.0446,Evening 21:00,simulation,0.3,1,-1.48365,-0.52239,4.24401,2.24401,-1.48365,-1.52239,3.03516,-0.03963,0.22835,256.0,11.909
840,28.078,Evening 21:00,simulation,0.3,1,-1.48365,-0.52239,4.24401,2.24401,-1.48365,-1.52239,3.03516,-0.03963,0.22835,256.0,11.909
841,28.1114,Evening 21:00,simulation,0.3,1,-1.48365,-0.52239,4.24401,2.24401,-1.48365,-1.52239,3.03516,-0.03963,0.22835,256.0,11.909
842,28.1448,Evening 21:00,simulation,0.3,1,-1.48365,-0.52239,4.24401,2.24401,-1.48365,-1.52239,3.03516,-0.03963,0.22835,256.0,11.909
843,28.1783,Evening 21:00,simulation,0.3,1,-1.48365,-0.52239,4.24401,2.24401,-1.48365,-1.52239,3.03516,-0.03963,0.22835,256.0,11.909
844,28.2117,Evening 21:00,simulation,0.3,1,-1.48365,-0.52239,4.24401,2.24401,-1.48365,-1.52239,3.03516,-0.03963,0.22835,256.0,11.909
845,28.2451,Evening 21:00,simulation,0.3,1,-1.48365,-0.52239,4.24401,2.24401,-1.48365,-1.52239,3.03516,-0.03963,0.22835,256.0,11.909
846,28.2786,Evening 21:00,simulation,0.3,1,-1.48365,-0.52239,4.24401,2.24401,-1.48365,-1.52239,3.03516,-0.03963,0.22835,256.0,11.909
847,28.312,Evening 21:00,simulation,0.3,1,-1.48365,-0.52239,4.24401,2.24401,-1.48365,-1.52239,3.03516,-0.03963,0.22835,256.0,11.909
848,28.3454,Evening 21:00,simulation,0.3,1,-1.48365,-0.52239,4.24401,2.24401,-1.48365,-1.52239,3.03516,-0.03963,0.22835,256.0,11.909
849,28.3788,Evening 21:00,simulation,0.3,1,-1.48365,-0.52239,4.24401,2.24401,-1.48365,-1.52239,3.03516,-0.03963,0.22835,256.0,11.909
850,28.4123,Evening 21:00,simulation,0.3,1,-1.48365,-0.52239,4.24401,2.24401,-1.48365,-1.52239,3.03516,-0.03963,0.22835,256.0,11.909
851,28.4457,Evening 21:00,simulation,0.3,1,-1.48365,-0.52239,4.24401,2.24401,-1.48365,-1.52239,3.03516,-0.03963,0.22835,256.0,11.909
852,28.4791,Evening 21:00,simulation,0.3,1,-1.48365,-0.52239,4.24401,2.24401,-1.48365,-1.52239,3.03516,-0.03963,0.22835,256.0,11.909
853,28.5125,Evening 21:00,simulation,0.3,1,-1.48365,-0.52239,4.24401,2.24401,-1.48365,-1.52239,3.03516,-0.03963,0.22835,256.0,11.909
854,28.546,Evening 21:00,simulation,0.3,1,-1.48365,-0.52239,4.24401,2.24401,-1.48365,-1.52239,3.03516,-0.03963,0.22835,256.0,11.909
855,28.5794,Evening 21:00,simulation,0.3,1,-1.48365,-0.52239,4.24401,2.24401,-1.48365,-1.52239,3.03516,-0.03963,0.22835,256.0,11.909
856,28.6128,Evening 21:00,simulation,0.3,1,-1.48365,-0.52239,4.24401,2.24401,-1.48365,-1.52239,3.03516,-0.03963,0.22835,256.0,11.909
857,28.6462,Evening 21:00,simulation,0.3,1,-1.48365,-0.52239,4.24401,2.24401,-1.48365,-1.52239,3.03516,-0.03963,0.22835,256.0,11.909
858,28.6797,Evening 21:00,simulation,0.3,1,-1.48365,-0.52239,4.24401,2.24401,-1.48365,-1.52239,3.03516,-0.03963,0.22835,256.0,11.909
859,28.7131,Evening 21:00,simulation,0.3,1,-1.48365,-0.52239,4.24401,2.24401,-1.48365,-1.52239,3.03516,-0.03963,0.22835,256.0,11.909
860,28.7465,Evening 21:00,simulation,0.3,1,-1.48365,-0.52239,4.24401,2.24401,-1.48365,-1.52239,3.03516,-0.03963,0.22835,256.0,11.909
861,28.7799,Evening 21:00,simulation,0.3,1,-1.48365,-0.52239,4.24401,2.24401,-1.48365,-1.52239,3.03516,-0.03963,0.22835,256.0,11.909
862,28.8134,Evening 21:00,simulation,0.3,1,-1.48365,-0.52239,4.24401,2.24401,-1.48365,-1.52239,3.03516,-0.03963,0.22835,256.0,11.909
863,28.8468,Evening 21:00,simulation,0.3,1,-1.48365,-0.52239,4.24401,2.24401,-1.48365,-1.52239,3.03516,-0.03963,0.22835,256.0,11.909
864,28.8802,Evening 21:00,simulation,0.3,1,-1.48365,-0.52239,4.24401,2.24401,-1.48365,-1.52239,3.03516,-0.03963,0.22835,256.0,11.909
865,28.9136,Evening 21:00,simulation,0.3,1,-1.48365,-0.52239,4.24401,2.24401,-1.48365,-1.52239,3.03516,-0.03963,0.22835,256.0,11.909
866,28.9471,Evening 21:00,simulation,0.3,1,-1.48365,-0.52239,4.24401,2.24401,-1.48365,-1.52239,3.03516,-0.03963,0.22835,256.0,11.909
867,28.9805,Evening 21:00,simulation,0.3,1,-1.48365,-0.52239,4.24401,2.24401,-1.48365,-1.52239,3.03516,-0.03963,0.22835,256.0,11.909
868,29.0139,Evening 21:00,simulation,0.3,1,-1.48365,-0.52239,4.24401,2.24401,-1.48365,-1.52239,3.03516,-0.03963,0.22835,256.0,11.909
869,29.0474,Evening 21:00,simulation,0.3,1,-1.48365,-0.52239,4.24401,2.24401,-1.48365,-1.52239,3.03516,-0.03963,0.22835,256.0,11.909
870,29.0808,Evening 21:00,simulation,0.3,1,-1.48365,-0.52239,4.24401,2.24401,-1.48365,-1.52239,3.03516,-0.03963,0.22835,256.0,11.909
871,29.1142,Evening 21:00,simulation,0.3,1,-1.48365,-0.52239,4.24401,2.24401,-1.48365,-1.52239,3.03516,-0.03963,0.22835,256.0,11.909
872,29.1476,Evening 21:00,simulation,0.3,1,-1.48365,-0.52239,4.24401,2.24401,-1.48365,-1.52239,3.03516,-0.03963,0.22835,256.0,11.909
873,29.1811,Evening 21:00,simulation,0.3,1,-1.48365,-0.52239,4.24401,2.24401,-1.48365,-1.52239,3.03516,-0.03963,0.22835,256.0,11.909
874,29.2145,Evening 21:00,simulation,0.3,1,-1.48365,-0.52239,4.24401,2.24401,-1.48365,-1.52239,3.03516,-0.03963,0.22835,256.0,11.909
875,29.2479,Evening 21:00,simulation,0.3,1,-1.48365,-0.52239,4.24401,2.24401,-1.48365,-1.52239,3.03516,-0.03963,0.22835,256.0,11.909
876,29.2813,Evening 21:00,simulation,0.3,1,-1.48365,-0.52239,4.24401,2.24401,-1.48365,-1.52239,3.03516,-0.03963,0.22835,256.0,11.909
877,29.3148,Evening 21:00,simulation,0.3,1,-1.48365,-0.52239,4.24401,2.24401,-1.48365,-1.52239,3.03516,-0.03963,0.22835,256.0,11.909
878,29.3482,Evening 21:00,simulation,0.3,1,-1.48365,-0.52239,4.24401,2.24401,-1.48365,-1.52239,3.03516,-0.03963,0.22835,256.0,11.909
879,29.3816,Evening 21:00,simulation,0.3,1,-1.48365,-0.52239,4.24401,2.24401,-1.48365,-1.52239,3.03516,-0.03963,0.22835,256.0,11.909
880,29.415,Evening 21:00,simulation,0.3,1,-1.48365,-0.52239,4.24401,2.24401,-1.48365,-1.52239,3.03516,-0.03963,0.22835,256.0,11.909
881,29.4485,Evening 21:00,simulation,0.3,1,-1.48365,-0.52239,4.24401,2.24401,-1.48365,-1.52239,3.03516,-0.03963,0.22835,256.0,11.909
882,29.4819,Evening 21:00,simulation,0.3,1,-1.48365,-0.52239,4.24401,2.24401,-1.48365,-1.52239,3.03516,-0.03963,0.22835,256.0,11.909
883,29.5153,Evening 21:00,simulation,0.3,1,-1.48365,-0.52239,4.24401,2.24401,-1.48365,-1.52239,3.03516,-0.03963,0.22835,256.0,11.909
884,29.5487,Evening 21:00,simulation,0.3,1,-1.48365,-0.52239,4.24401,2.24401,-1.48365,-1.52239,3.03516,-0.03963,0.22835,256.0,11.909
885,29.5822,Evening 21:00,simulation,0.3,1,-1.48365,-0.52239,4.24401,2.24401,-1.48365,-1.52239,3.03516,-0.03963,0.22835,256.0,11.909
886,29.6156,Evening 21:00,simulation,0.3,1,-1.48365,-0.52239,4.24401,2.24401,-1.48365,-1.52239,3.03516,-0.03963,0.22835,256.0,11.909
887,29.649,Evening 21:00,simulation,0.3,1,-1.48365,-0.52239,4.24401,2.24401,-1.48365,-1.52239,3.03516,-0.03963,0.22835,256.0,11.909
888,29.6825,Evening 21:00,simulation,0.3,1,-1.48365,-0.52239,4.24401,2.24401,-1.48365,-1.52239,3.03516,-0.03963,0.22835,256.0,11.909
889,29.7159,Evening 21:00,simulation,0.3,1,-1.48365,-0.52239,4.24401,2.24401,-1.48365,-1.52239,3.03516,-0.03963,0.22835,256.0,11.909
890,29.7493,Evening 21:00,simulation,0.3,1,-1.48365,-0.52239,4.24401,2.24401,-1.48365,-1.52239,3.03516,-0.03963,0.22835,256.0,11.909
891,29.7827,Evening 21:00,simulation,0.3,1,-1.48365,-0.52239,4.24401,2.24401,-1.48365,-1.52239,3.03516,-0.03963,0.22835,256.0,11.909
892,29.8162,Evening 21:00,simulation,0.3,1,-1.48365,-0.52239,4.24401,2.24401,-1.48365,-1.52239,3.03516,-0.03963,0.22835,256.0,11.909
893,29.8496,Evening 21:00,simulation,0.3,1,-1.48365,-0.52239,4.24401,2.24401,-1.48365,-1.52239,3.03516,-0.03963,0.22835,256.0,11.909
894,29.883,Evening 21:00,simulation,0.3,1,-1.48365,-0.52239,4.24401,2.24401,-1.48365,-1.52239,3.03516,-0.03963,0.22835,256.0,11.909
895,29.9164,Evening 21:00,simulation,0.3,1,-1.48365,-0.52239,4.24401,2.24401,-1.48365,-1.52239,3.03516,-0.03963,0.22835,256.0,11.909
896,29.9499,Evening 21:00,simulation,0.3,1,-1.48365,-0.52239,4.24401,2.24401,-1.48365,-1.52239,3.03516,-0.03963,0.22835,256.0,11.909
897,29.9833,Evening 21:00,simulation,0.3,1,-1.48365,-0.52239,4.24401,2.24401,-1.48365,-1.52239,3.03516,-0.03963,0.22835,256.0,11.909
898,30.0167,Evening 21:00,simulation,0.3,1,-1.48365,-0.52239,4.24401,2.24401,-1.48365,-1.52239,3.03516,-0.03963,0.22835,256.0,11.909
899,30.0501,Evening 21:00,simulation,0.3,1,-1.48365,-0.52239,4.24401,2.24401,-1.48365,-1.52239,3.03516,-0.03963,0.22835,256.0,11.909
900,30.0836,Evening 21:00,simulation,0.3,1,-1.48365,-0.52239,4.24401,2.24401,-1.48365,-1.52239,3.03516,-0.03963,0.22835,256.0,11.909
901,30.117,Evening 21:00,simulation,0.3,1,-1.48365,-0.52239,4.24401,2.24401,-1.48365,-1.52239,3.03516,-0.03963,0.22835,256.0,11.909
902,30.1504,Evening 21:00,simulation,0.3,1,-1.48365,-0.52239,4.24401,2.24401,-1.48365,-1.52239,3.03516,-0.03963,0.22835,256.0,11.909
903,30.1838,Evening 21:00,simulation,0.3,1,-1.48365,-0.52239,4.24401,2.24401,-1.48365,-1.52239,3.03516,-0.03963,0.22835,256.0,11.909
904,30.2173,Evening 21:00,simulation,0.3,1,-1.48365,-0.52239,4.24401,2.24401,-1.48365,-1.52239,3.03516,-0.03963,0.22835,256.0,11.909
905,30.2507,Evening 21:00,simulation,0.3,1,-1.48365,-0.52239,4.24401,2.24401,-1.48365,-1.52239,3.03516,-0.03963,0.22835,256.0,11.909
906,30.2841,Evening 21:00,simulation,0.3,1,-1.48365,-0.52239,4.24401,2.24401,-1.48365,-1.52239,3.03516,-0.03963,0.22835,256.0,11.909
