frame,time_s,scenario,source,target_lux,detected,est_x,est_y,est_z,err_x,err_y,err_z,rot_x,rot_y,rot_z,marker_area_px,frame_brightness
0,0.0,Evening 21:00,simulation,0.3,1,0.0044,-0.004,2.63269,0.63269,0.0044,-1.004,3.13758,-0.00014,0.18248,625.0,15.188
1,0.0334,Evening 21:00,simulation,0.3,1,0.0044,-0.004,2.63269,0.63269,0.0044,-1.004,3.13758,-0.00014,0.18248,625.0,15.188
2,0.0669,Evening 21:00,simulation,0.3,1,0.0044,-0.004,2.63269,0.63269,0.0044,-1.004,3.13758,-0.00014,0.18248,625.0,15.188
3,0.1003,Evening 21:00,simulation,0.3,1,0.0044,-0.004,2.63269,0.63269,0.0044,-1.004,3.13758,-0.00014,0.18248,625.0,15.188
4,0.1337,Evening 21:00,simulation,0.3,1,0.0044,-0.004,2.63269,0.63269,0.0044,-1.004,3.13758,-0.00014,0.18248,625.0,15.188
5,0.1671,Evening 21:00,simulation,0.3,1,0.0044,-0.004,2.63269,0.63269,0.0044,-1.004,3.13758,-0.00014,0.18248,625.0,15.188
6,0.2006,Evening 21:00,simulation,0.3,1,0.0044,-0.004,2.63269,0.63269,0.0044,-1.004,3.13758,-0.00014,0.18248,625.0,15.188
7,0.234,Evening 21:00,simulation,0.3,1,0.0044,-0.004,2.63269,0.63269,0.0044,-1.004,3.13758,-0.00014,0.18248,625.0,15.188
8,0.2674,Evening 21:00,simulation,0.3,1,0.0044,-0.004,2.63269,0.63269,0.0044,-1.004,3.13758,-0.00014,0.18248,625.0,15.188
9,0.3008,Evening 21:00,simulation,0.3,1,0.0044,-0.004,2.63269,0.63269,0.0044,-1.004,3.13758,-0.00014,0.18248,625.0,15.188
10,0.3343,Evening 21:00,simulation,0.3,1,0.0044,-0.004,2.63269,0.63269,0.0044,-1.004,3.13758,-0.00014,0.18248,625.0,15.188
11,0.3677,Evening 21:00,simulation,0.3,1,0.0044,-0.004,2.63269,0.63269,0.0044,-1.004,3.13758,-0.00014,0.18248,625.0,15.188
12,0.4011,Evening 21:00,simulation,0.3,1,0.0044,-0.004,2.63269,0.63269,0.0044,-1.004,3.13758,-0.00014,0.18248,625.0,15.188
13,0.4345,Evening 21:00,simulation,0.3,1,0.0044,-0.004,2.63269,0.63269,0.0044,-1.004,3.13758,-0.00014,0.18248,625.0,15.188
14,0.468,Evening 21:00,simulation,0.3,1,0.0044,-0.004,2.63269,0.63269,0.0044,-1.004,3.13758,-0.00014,0.18248,625.0,15.188
15,0.5014,Evening 21:00,simulation,0.3,1,0.0044,-0.004,2.63269,0.63269,0.0044,-1.004,3.13758,-0.00014,0.18248,625.0,15.188
16,0.5348,Evening 21:00,simulation,0.3,1,0.0044,-0.004,2.63269,0.63269,0.0044,-1.004,3.13758,-0.00014,0.18248,625.0,15.188
17,0.5682,Evening 21:00,simulation,0.3,1,0.0044,-0.004,2.63269,0.63269,0.0044,-1.004,3.13758,-0.00014,0.18248,625.0,15.188
18,0.6017,Evening 21:00,simulation,0.3,1,0.0044,-0.004,2.63269,0.63269,0.0044,-1.004,3.13758,-0.00014,0.18248,625.0,15.188
19,0.6351,Evening 21:00,simulation,0.3,1,0.0044,-0.004,2.63269,0.63269,0.0044,-1.004,3.13758,-0.00014,0.18248,625.0,15.188
20,0.6685,Evening 21:00,simulation,0.3,1,0.0044,-0.004,2.63269,0.63269,0.0044,-1.004,3.13758,-0.00014,0.18248,625.0,15.188
21,0.7019,Evening 21:00,simulation,0.3,1,0.0044,-0.004,2.63269,0.63269,0.0044,-1.004,3.13758,-0.00014,0.18248,625.0,15.188
22,0.7354,Evening 21:00,simulation,0.3,1,0.0044,-0.004,2.63269,0.63269,0.0044,-1.004,3.13758,-0.00014,0.18248,625.0,15.188
23,0.7688,Evening 21:00,simulation,0.3,1,0.0044,-0.004,2.63269,0.63269,0.0044,-1.004,3.13758,-0.00014,0.18248,625.0,15.188
24,0.8022,Evening 21:00,simulation,0.3,1,0.0044,-0.004,2.63269,0.63269,0.0044,-1.004,3.13758,-0.00014,0.18248,625.0,15.188
25,0.8357,Evening 21:00,simulation,0.3,1,0.0044,-0.004,2.63269,0.63269,0.0044,-1.004,3.13758,-0.00014,0.18248,625.0,15.188
26,0.8691,Evening 21:00,simulation,0.3,1,0.0044,-0.004,2.63269,0.63269,0.0044,-1.004,3.13758,-0.00014,0.18248,625.0,15.188
27,0.9025,Evening 21:00,simulation,0.3,1,0.0044,-0.004,2.63269,0.63269,0.0044,-1.004,3.13758,-0.00014,0.18248,625.0,15.188
28,0.9359,Evening 21:00,simulation,0.3,1,0.0044,-0.004,2.63269,0.63269,0.0044,-1.004,3.13758,-0.00014,0.18248,625.0,15.188
29,0.9694,Evening 21:00,simulation,0.3,1,0.0044,-0.004,2.63269,0.63269,0.0044,-1.004,3.13758,-0.00014,0.18248,625.0,15.188
30,1.0028,Evening 21:00,simulation,0.3,1,0.0044,-0.004,2.63269,0.63269,0.0044,-1.004,3.13758,-0.00014,0.18248,625.0,15.188
31,1.0362,Evening 21:00,simulation,0.3,1,0.0044,-0.004,2.63269,0.63269,0.0044,-1.004,3.13758,-0.00014,0.18248,625.0,15.188
32,1.0696,Evening 21:00,simulation,0.3,1,-0.0,-0.0041,2.69604,0.69604,-0.0,-1.0041,3.14303,0.0,-0.0,600.0,15.215
33,1.1031,Evening 21:00,simulation,0.3,1,-0.0,-0.0041,2.69604,0.69604,-0.0,-1.0041,3.14303,0.0,-0.0,600.0,15.215
34,1.1365,Evening 21:00,simulation,0.3,1,-0.02487,-0.004,2.63318,0.63318,-0.02487,-1.004,3.10839,0.00036,-0.46531,600.0,15.221
35,1.1699,Evening 21:00,simulation,0.3,1,-0.0361,-0.004,2.6323,0.6323,-0.0361,-1.004,3.13825,0.00014,-0.16849,625.0,15.203
36,1.2033,Evening 21:00,simulation,0.3,1,-0.05195,-0.004,2.63212,0.63212,-0.05195,-1.004,3.13854,0.00014,-0.16205,625.0,15.212
37,1.2368,Evening 21:00,simulation,0.3,1,-0.05195,-0.004,2.63212,0.63212,-0.05195,-1.004,3.13854,0.00014,-0.16205,625.0,15.212
38,1.2702,Evening 21:00,simulation,0.3,1,-0.07571,-0.004,2.63185,0.63185,-0.07571,-1.004,3.13892,0.00014,-0.15304,625.0,15.197
39,1.3036,Evening 21:00,simulation,0.3,1,-0.07571,-0.004,2.63185,0.63185,-0.07571,-1.004,3.13892,0.00014,-0.15304,625.0,15.197
40,1.337,Evening 21:00,simulation,0.3,1,-0.09948,-0.004,2.63161,0.63161,-0.09948,-1.004,3.13924,0.00014,-0.14473,625.0,15.212
41,1.3705,Evening 21:00,simulation,0.3,1,-0.09948,-0.004,2.63161,0.63161,-0.09948,-1.004,3.13924,0.00014,-0.14473,625.0,15.211
42,1.4039,Evening 21:00,simulation,0.3,1,-0.11532,-0.004,2.63145,0.63145,-0.11532,-1.004,3.13943,0.00014,-0.13955,625.0,15.202
43,1.4373,Evening 21:00,simulation,0.3,1,-0.12787,-0.004,2.63257,0.63257,-0.12787,-1.004,3.11575,0.00036,-0.41175,600.0,15.221
44,1.4708,Evening 21:00,simulation,0.3,1,-0.13908,-0.004,2.63124,0.63124,-0.13908,-1.004,3.13967,0.00014,-0.13228,625.0,15.199
45,1.5042,Evening 21:00,simulation,0.3,1,-0.15164,-0.004,2.63244,0.63244,-0.15164,-1.004,3.11719,0.00036,-0.40042,600.0,15.214
46,1.5376,Evening 21:00,simulation,0.3,1,-0.16748,-0.004,2.63236,0.63236,-0.16748,-1.004,3.1181,0.00036,-0.39307,600.0,15.223
47,1.571,Evening 21:00,simulation,0.3,1,-0.17868,-0.004,2.63092,0.63092,-0.17868,-1.004,3.14001,0.00013,-0.12135,625.0,15.196
48,1.6045,Evening 21:00,simulation,0.3,1,-0.20243,-0.004,2.63075,0.63075,-0.20243,-1.004,3.14018,0.00013,-0.11543,625.0,15.21
49,1.6379,Evening 21:00,simulation,0.3,1,-0.20243,-0.004,2.63075,0.63075,-0.20243,-1.004,3.14018,0.00013,-0.11543,625.0,15.21
50,1.6713,Evening 21:00,simulation,0.3,1,-0.21827,-0.004,2.63064,0.63064,-0.21827,-1.004,3.14027,0.00013,-0.11173,625.0,15.212
51,1.7047,Evening 21:00,simulation,0.3,1,-0.23085,-0.004,2.63203,0.63203,-0.23085,-1.004,3.12137,0.00035,-0.36531,600.0,15.221
52,1.7382,Evening 21:00,simulation,0.3,1,-0.24203,-0.004,2.6305,0.6305,-0.24203,-1.004,3.14041,0.00013,-0.10651,625.0,15.193
53,1.7716,Evening 21:00,simulation,0.3,1,-0.25461,-0.004,2.63191,0.63191,-0.25461,-1.004,3.12246,0.00035,-0.35555,600.0,15.218
54,1.805,Evening 21:00,simulation,0.3,1,-0.26579,-0.004,2.63037,0.63037,-0.26579,-1.004,3.14052,0.00012,-0.10166,625.0,15.217
55,1.8384,Evening 21:00,simulation,0.3,1,-0.28162,-0.004,2.63029,0.63029,-0.28162,-1.004,3.14059,0.00012,-0.09862,625.0,15.2
56,1.8719,Evening 21:00,simulation,0.3,1,-0.29421,-0.004,2.63172,0.63172,-0.29421,-1.004,3.12412,0.00035,-0.34003,600.0,15.22
57,1.9053,Evening 21:00,simulation,0.3,1,-0.30538,-0.004,2.63017,0.63017,-0.30538,-1.004,3.14068,0.00012,-0.09433,625.0,15.197
58,1.9387,Evening 21:00,simulation,0.3,1,-0.33381,-0.004,2.63154,0.63154,-0.33381,-1.004,3.12562,0.00034,-0.32542,600.0,15.217
59,1.9721,Evening 21:00,simulation,0.3,1,-0.34497,-0.004,2.63001,0.63001,-0.34497,-1.004,3.14081,0.00011,-0.08781,625.0,15.192
60,2.0056,Evening 21:00,simulation,0.3,1,-0.35757,-0.004,2.63144,0.63144,-0.35757,-1.004,3.12645,0.00034,-0.31707,600.0,15.214
61,2.039,Evening 21:00,simulation,0.3,1,-0.36873,-0.004,2.62993,0.62993,-0.36873,-1.004,3.14088,0.00011,-0.08425,625.0,15.203
62,2.0724,Evening 21:00,simulation,0.3,1,-0.38456,-0.004,2.62987,0.62987,-0.38456,-1.004,3.14091,0.00011,-0.082,625.0,15.197
63,2.1058,Evening 21:00,simulation,0.3,1,-0.39716,-0.004,2.63128,0.63128,-0.39716,-1.004,3.12771,0.00033,-0.30382,600.0,15.21
64,2.1393,Evening 21:00,simulation,0.3,1,-0.40832,-0.004,2.6298,0.6298,-0.40832,-1.004,3.14097,0.0001,-0.07882,625.0,15.192
65,2.1727,Evening 21:00,simulation,0.3,1,-0.42092,-0.004,2.63119,0.63119,-0.42092,-1.004,3.1284,0.00033,-0.29625,600.0,15.208
66,2.2061,Evening 21:00,simulation,0.3,1,-0.43676,-0.004,2.63113,0.63113,-0.43676,-1.004,3.12884,0.00033,-0.29135,600.0,15.209
67,2.2396,Evening 21:00,simulation,0.3,1,-0.44792,-0.004,2.62969,0.62969,-0.44792,-1.004,3.14105,0.0001,-0.07397,625.0,15.192
68,2.273,Evening 21:00,simulation,0.3,1,-0.46051,-0.004,2.63104,0.63104,-0.46051,-1.004,3.12947,0.00032,-0.28423,600.0,15.212
69,2.3064,Evening 21:00,simulation,0.3,1,-0.47167,-0.004,2.62963,0.62963,-0.47167,-1.004,3.14109,0.0001,-0.07129,625.0,15.197
70,2.3398,Evening 21:00,simulation,0.3,1,-0.47167,-0.004,2.62963,0.62963,-0.47167,-1.004,3.14109,0.0001,-0.07129,625.0,15.197
71,2.3733,Evening 21:00,simulation,0.3,1,-0.5001,-0.004,2.6309,0.6309,-0.5001,-1.004,3.13043,0.00032,-0.27294,600.0,15.209
72,2.4067,Evening 21:00,simulation,0.3,1,-0.51127,-0.004,2.62955,0.62955,-0.51127,-1.004,3.14115,9e-05,-0.0672,625.0,15.188
73,2.4401,Evening 21:00,simulation,0.3,1,-0.52386,-0.004,2.63083,0.63083,-0.52386,-1.004,3.13096,0.00031,-0.26648,600.0,15.204
74,2.4735,Evening 21:00,simulation,0.3,1,-0.53503,-0.004,2.62951,0.62951,-0.53503,-1.004,3.14118,9e-05,-0.06493,625.0,15.198
75,2.507,Evening 21:00,simulation,0.3,1,-0.55086,-0.004,2.62948,0.62948,-0.55086,-1.004,3.14119,9e-05,-0.0635,625.0,15.185
76,2.5404,Evening 21:00,simulation,0.3,1,-0.56345,-0.004,2.6307,0.6307,-0.56345,-1.004,3.13177,0.00031,-0.25624,600.0,15.202
77,2.5738,Evening 21:00,simulation,0.3,1,-0.57462,-0.004,2.62944,0.62944,-0.57462,-1.004,3.14122,9e-05,-0.06145,625.0,15.185
78,2.6072,Evening 21:00,simulation,0.3,1,-0.5872,-0.004,2.63063,0.63063,-0.5872,-1.004,3.13222,0.0003,-0.25039,600.0,15.192
79,2.6407,Evening 21:00,simulation,0.3,1,-0.60304,-0.004,2.63059,0.63059,-0.60304,-1.004,3.13251,0.0003,-0.2466,600.0,15.197
80,2.6741,Evening 21:00,simulation,0.3,1,-0.61422,-0.004,2.62938,0.62938,-0.61422,-1.004,3.14126,8e-05,-0.05828,625.0,15.179
81,2.7075,Evening 21:00,simulation,0.3,1,-0.62679,-0.004,2.63053,0.63053,-0.62679,-1.004,3.13291,0.0003,-0.24109,600.0,15.197
82,2.7409,Evening 21:00,simulation,0.3,1,-0.63798,-0.004,2.62935,0.62935,-0.63798,-1.004,3.14128,8e-05,-0.05652,625.0,15.188
83,2.7744,Evening 21:00,simulation,0.3,1,-0.65382,-0.004,2.62933,0.62933,-0.65382,-1.004,3.14129,8e-05,-0.0554,625.0,15.183
84,2.8078,Evening 21:00,simulation,0.3,1,-0.66638,-0.004,2.63042,0.63042,-0.66638,-1.004,3.13354,0.00029,-0.23234,600.0,15.194
85,2.8412,Evening 21:00,simulation,0.3,1,-0.67758,-0.004,2.62931,0.62931,-0.67758,-1.004,3.14131,8e-05,-0.0538,625.0,15.173
86,2.8747,Evening 21:00,simulation,0.3,1,-0.69014,-0.004,2.63037,0.63037,-0.69014,-1.004,3.13389,0.00029,-0.22734,600.0,15.186
87,2.9081,Evening 21:00,simulation,0.3,1,-0.70283,-0.00416,2.62658,0.62658,-0.70283,-1.00416,-3.1803,-0.00701,0.15319,612.5,15.187
88,2.9415,Evening 21:00,simulation,0.3,1,-0.71718,-0.004,2.62927,0.62927,-0.71718,-1.004,3.14134,7e-05,-0.0513,625.0,15.168
89,2.9749,Evening 21:00,simulation,0.3,1,-0.72973,-0.004,2.63028,0.63028,-0.72973,-1.004,3.13442,0.00028,-0.21938,600.0,15.186
90,3.0084,Evening 21:00,simulation,0.3,1,-0.72973,-0.004,2.63028,0.63028,-0.72973,-1.004,3.13442,0.00028,-0.21938,600.0,15.186
91,3.0418,Evening 21:00,simulation,0.3,1,-0.75678,-0.004,2.62923,0.62923,-0.75678,-1.004,3.14136,7e-05,-0.04901,625.0,15.175
92,3.0752,Evening 21:00,simulation,0.3,1,-0.76932,-0.004,2.63019,0.63019,-0.76932,-1.004,3.13491,0.00027,-0.21187,600.0,15.183
93,3.1086,Evening 21:00,simulation,0.3,1,-0.78054,-0.004,2.62921,0.62921,-0.78054,-1.004,3.14137,7e-05,-0.04773,625.0,15.161
94,3.1421,Evening 21:00,simulation,0.3,1,-0.78054,-0.004,2.62921,0.62921,-0.78054,-1.004,3.14137,7e-05,-0.04773,625.0,15.161
95,3.1755,Evening 21:00,simulation,0.3,1,-0.80575,-0.00415,2.6268,0.6268,-0.80575,-1.00415,-3.17871,-0.00621,0.13769,612.5,15.171
96,3.2089,Evening 21:00,simulation,0.3,1,-0.81742,-0.00378,2.62616,0.62616,-0.81742,-1.00378,-3.08049,0.00111,0.13075,612.5,15.165
97,3.2423,Evening 21:00,simulation,0.3,1,-0.81742,-0.00378,2.62616,0.62616,-0.81742,-1.00378,-3.08049,0.00111,0.13075,612.5,15.165
98,3.2758,Evening 21:00,simulation,0.3,1,-0.84631,-0.01846,2.68201,0.68201,-0.84631,-1.01846,2.91387,0.00279,1.05786,588.0,15.195
99,3.3092,Evening 21:00,simulation,0.3,1,-0.84631,-0.01846,2.68201,0.68201,-0.84631,-1.01846,2.91387,0.00279,1.05786,588.0,15.195
100,3.3426,Evening 21:00,simulation,0.3,1,-0.86668,-0.03333,2.73873,0.73873,-0.86668,-1.03333,3.14228,0.00053,-0.0452,576.0,15.193
101,3.376,Evening 21:00,simulation,0.3,1,-0.83272,-0.04401,2.63025,0.63025,-0.83272,-1.04401,3.1399,0.00288,-0.20078,600.0,15.171
102,3.4095,Evening 21:00,simulation,0.3,1,-0.8667,-0.05834,2.73879,0.73879,-0.8667,-1.05834,3.14303,0.00092,-0.0451,576.0,15.188
103,3.4429,Evening 21:00,simulation,0.3,1,-0.86672,-0.075,2.73886,0.73886,-0.86672,-1.075,3.14353,0.00118,-0.045,576.0,15.172
104,3.4763,Evening 21:00,simulation,0.3,1,-0.86674,-0.08334,2.73889,0.73889,-0.86674,-1.08334,3.14378,0.00131,-0.04495,576.0,15.172
105,3.5097,Evening 21:00,simulation,0.3,1,-0.83299,-0.10805,2.63114,0.63114,-0.83299,-1.10805,3.14676,0.00706,-0.20007,600.0,15.166
106,3.5432,Evening 21:00,simulation,0.3,1,-0.86681,-0.12502,2.73914,0.73914,-0.86681,-1.12502,3.14501,0.00195,-0.04456,576.0,15.184
107,3.5766,Evening 21:00,simulation,0.3,1,-0.86681,-0.12502,2.73914,0.73914,-0.86681,-1.12502,3.14501,0.00195,-0.04456,576.0,15.184
108,3.61,Evening 21:00,simulation,0.3,1,-0.84863,-0.13644,2.68099,0.68099,-0.84863,-1.13644,-3.07867,-0.03396,0.137,588.0,15.187
109,3.6435,Evening 21:00,simulation,0.3,1,-0.86692,-0.16671,2.73948,0.73948,-0.86692,-1.16671,3.1462,0.00257,-0.04403,576.0,15.195
110,3.6769,Evening 21:00,simulation,0.3,1,-0.86692,-0.16671,2.73948,0.73948,-0.86692,-1.16671,3.1462,0.00257,-0.04403,576.0,15.195
111,3.7103,Evening 21:00,simulation,0.3,1,-0.8335,-0.17218,2.63276,0.63276,-0.8335,-1.17218,3.15357,0.01116,-0.1984,600.0,15.184
112,3.7437,Evening 21:00,simulation,0.3,1,-0.86705,-0.20843,2.7399,0.7399,-0.86705,-1.20843,3.14735,0.00316,-0.04336,576.0,15.207
113,3.7772,Evening 21:00,simulation,0.3,1,-0.86705,-0.20843,2.7399,0.7399,-0.86705,-1.20843,3.14735,0.00316,-0.04336,576.0,15.207
114,3.8106,Evening 21:00,simulation,0.3,1,-0.83393,-0.21234,2.63413,0.63413,-0.83393,-1.21234,3.15775,0.01366,-0.19688,600.0,15.191
115,3.844,Evening 21:00,simulation,0.3,1,-0.86714,-0.23346,2.74019,0.74019,-0.86714,-1.23346,3.14802,0.00351,-0.04289,576.0,15.215
116,3.8774,Evening 21:00,simulation,0.3,1,-0.84454,-0.24163,2.67639,0.67639,-0.84454,-1.24163,-2.75989,0.01358,-1.01095,588.0,15.209
117,3.9109,Evening 21:00,simulation,0.3,1,-0.86731,-0.27521,2.74073,0.74073,-0.86731,-1.27521,3.14908,0.00405,-0.04201,576.0,15.226
118,3.9443,Evening 21:00,simulation,0.3,1,-0.83479,-0.27673,2.63687,0.63687,-0.83479,-1.27673,3.1643,0.01752,-0.19371,600.0,15.203
119,3.9777,Evening 21:00,simulation,0.3,1,-0.86742,-0.30027,2.74109,0.74109,-0.86742,-1.30027,3.14968,0.00436,-0.04143,576.0,15.229
120,4.0111,Evening 21:00,simulation,0.3,1,-0.8675,-0.31698,2.74134,0.74134,-0.8675,-1.31698,3.15007,0.00456,-0.04103,576.0,15.231
121,4.0446,Evening 21:00,simulation,0.3,1,-0.8675,-0.31698,2.74134,0.74134,-0.8675,-1.31698,3.15007,0.00456,-0.04103,576.0,15.231
122,4.078,Evening 21:00,simulation,0.3,1,-0.83543,-0.31708,2.63891,0.63891,-0.83543,-1.31708,3.16826,0.01983,-0.19127,600.0,15.219
123,4.1114,Evening 21:00,simulation,0.3,1,-0.83585,-0.34134,2.64025,0.64025,-0.83585,-1.34134,3.17059,0.02117,-0.18965,600.0,15.231
124,4.1448,Evening 21:00,simulation,0.3,1,-0.83614,-0.35753,2.64118,0.64118,-0.83614,-1.35753,3.17211,0.02204,-0.18851,600.0,15.238
125,4.1783,Evening 21:00,simulation,0.3,1,-0.86784,-0.38386,2.74241,0.74241,-0.86784,-1.38386,3.15151,0.00529,-0.03927,576.0,15.25
126,4.2117,Evening 21:00,simulation,0.3,1,-0.8366,-0.38185,2.64265,0.64265,-0.8366,-1.38185,3.17436,0.02332,-0.1867,600.0,15.232
127,4.2451,Evening 21:00,simulation,0.3,1,-0.86797,-0.40896,2.74285,0.74285,-0.86797,-1.40896,3.15199,0.00554,-0.03856,576.0,15.256
128,4.2786,Evening 21:00,simulation,0.3,1,-0.86806,-0.4257,2.74314,0.74314,-0.86806,-1.4257,3.1523,0.00569,-0.03807,576.0,15.254
129,4.312,Evening 21:00,simulation,0.3,1,-0.83742,-0.42246,2.64525,0.64525,-0.83742,-1.42246,3.17799,0.02537,-0.18344,600.0,15.24
130,4.3454,Evening 21:00,simulation,0.3,1,-0.8682,-0.45081,2.74359,0.74359,-0.8682,-1.45081,3.15275,0.00591,-0.03733,576.0,15.261
131,4.3788,Evening 21:00,simulation,0.3,1,-0.8682,-0.45081,2.74359,0.74359,-0.8682,-1.45081,3.15275,0.00591,-0.03733,576.0,15.261
132,4.4123,Evening 21:00,simulation,0.3,1,-0.83794,-0.44688,2.64691,0.64691,-0.83794,-1.44688,3.1801,0.02654,-0.18135,600.0,15.244
133,4.4457,Evening 21:00,simulation,0.3,1,-0.86844,-0.4927,2.74436,0.74436,-0.86844,-1.4927,3.15342,0.00625,-0.03606,576.0,15.261
134,4.4791,Evening 21:00,simulation,0.3,1,-0.83884,-0.48768,2.6498,0.6498,-0.83884,-1.48768,3.18347,0.02839,-0.17765,600.0,15.235
135,4.5125,Evening 21:00,simulation,0.3,1,-0.83884,-0.48768,2.6498,0.6498,-0.83884,-1.48768,3.18347,0.02839,-0.17765,600.0,15.235
136,4.546,Evening 21:00,simulation,0.3,1,-0.83941,-0.51221,2.65161,0.65161,-0.83941,-1.51221,3.18542,0.02944,-0.17531,600.0,15.252
137,4.5794,Evening 21:00,simulation,0.3,1,-0.8398,-0.52859,2.65285,0.65285,-0.8398,-1.52859,3.18668,0.03011,-0.1737,600.0,15.253
138,4.6128,Evening 21:00,simulation,0.3,1,-0.86884,-0.55976,2.74561,0.74561,-0.86884,-1.55976,3.15433,0.0067,-0.03398,576.0,15.268
139,4.6462,Evening 21:00,simulation,0.3,1,-0.84039,-0.5532,2.65474,0.65474,-0.84039,-1.5532,3.18851,0.03108,-0.17123,600.0,15.245
140,4.6797,Evening 21:00,simulation,0.3,1,-0.84039,-0.5532,2.65474,0.65474,-0.84039,-1.5532,3.18851,0.03108,-0.17123,600.0,15.245
141,4.7131,Evening 21:00,simulation,0.3,1,-0.86898,-0.58493,2.74609,0.74609,-0.86898,-1.58493,3.15462,0.00684,-0.03319,576.0,15.265
142,4.7465,Evening 21:00,simulation,0.3,1,-0.84141,-0.59431,2.65799,0.65799,-0.84141,-1.59431,3.19141,0.03258,-0.16694,600.0,15.245
143,4.7799,Evening 21:00,simulation,0.3,1,-0.86923,-0.62689,2.74687,0.74687,-0.86923,-1.62689,3.15505,0.00705,-0.03188,576.0,15.267
144,4.8134,Evening 21:00,simulation,0.3,1,-0.86923,-0.62689,2.74687,0.74687,-0.86923,-1.62689,3.15505,0.00705,-0.03188,576.0,15.267
145,4.8468,Evening 21:00,simulation,0.3,1,-0.84203,-0.61903,2.65998,0.65998,-0.84203,-1.61903,3.19305,0.03342,-0.16428,600.0,15.247
146,4.8802,Evening 21:00,simulation,0.3,1,-0.84245,-0.63554,2.66133,0.66133,-0.84245,-1.63554,3.1941,0.03395,-0.16247,600.0,15.26
147,4.9136,Evening 21:00,simulation,0.3,1,-0.86947,-0.66887,2.74765,0.74765,-0.86947,-1.66887,3.15541,0.00722,-0.03058,576.0,15.264
148,4.9471,Evening 21:00,simulation,0.3,1,-0.84309,-0.66034,2.66337,0.66337,-0.84309,-1.66034,3.19562,0.03469,-0.15972,600.0,15.242
149,4.9805,Evening 21:00,simulation,0.3,1,-0.86962,-0.69407,2.74811,0.74811,-0.86962,-1.69407,3.1556,0.0073,-0.0298,576.0,15.268
150,5.0139,Evening 21:00,simulation,0.3,1,-0.84417,-0.70176,2.66682,0.66682,-0.84417,-1.70176,3.19798,0.03583,-0.15503,600.0,15.253
151,5.0474,Evening 21:00,simulation,0.3,1,-0.86985,-0.73609,2.74887,0.74887,-0.86985,-1.73609,3.15586,0.00742,-0.02853,576.0,15.269
152,5.0808,Evening 21:00,simulation,0.3,1,-0.84483,-0.72667,2.66891,0.66891,-0.84483,-1.72667,3.19929,0.03644,-0.15217,600.0,15.245
153,5.1142,Evening 21:00,simulation,0.3,1,-0.86999,-0.76131,2.74931,0.74931,-0.86999,-1.76131,3.15599,0.00748,-0.02779,576.0,15.263
154,5.1476,Evening 21:00,simulation,0.3,1,-0.87008,-0.77812,2.7496,0.7496,-0.87008,-1.77812,3.15606,0.00751,-0.0273,576.0,15.263
155,5.1811,Evening 21:00,simulation,0.3,1,-0.87008,-0.77812,2.7496,0.7496,-0.87008,-1.77812,3.15606,0.00751,-0.0273,576.0,15.263
156,5.2145,Evening 21:00,simulation,0.3,1,-0.84592,-0.76828,2.6724,0.6724,-0.84592,-1.76828,3.20131,0.03735,-0.14733,600.0,15.243
157,5.2479,Evening 21:00,simulation,0.3,1,-0.84658,-0.7933,2.6745,0.6745,-0.84658,-1.7933,3.20241,0.03782,-0.1444,600.0,15.249
158,5.2813,Evening 21:00,simulation,0.3,1,-0.84658,-0.7933,2.6745,0.6745,-0.84658,-1.7933,3.20241,0.03782,-0.1444,600.0,15.249
159,5.3148,Evening 21:00,simulation,0.3,1,-0.84702,-0.81,2.6759,0.6759,-0.84702,-1.81,3.20311,0.03812,-0.14244,600.0,15.256
160,5.3482,Evening 21:00,simulation,0.3,1,-0.87043,-0.8454,2.75072,0.75072,-0.87043,-1.8454,3.15628,0.0076,-0.0254,576.0,15.263
161,5.3816,Evening 21:00,simulation,0.3,1,-0.84767,-0.83508,2.67799,0.67799,-0.84767,-1.83508,3.20408,0.03851,-0.13949,600.0,15.24
162,5.415,Evening 21:00,simulation,0.3,1,-0.87064,-0.88747,2.75139,0.75139,-0.87064,-1.88747,3.15636,0.00763,-0.02426,576.0,15.257
163,5.4485,Evening 21:00,simulation,0.3,1,-0.83828,-0.86734,2.68821,0.68821,-0.83828,-1.86734,3.08879,-0.02319,0.06597,600.0,15.249
164,5.4819,Evening 21:00,simulation,0.3,1,-0.84588,-0.88759,2.75176,0.75176,-0.84588,-1.88759,3.15679,0.00763,-0.02429,576.0,15.263
165,5.5153,Evening 21:00,simulation,0.3,1,-0.81648,-0.86941,2.68897,0.68897,-0.81648,-1.86941,3.14953,-0.02432,-0.03622,600.5,15.248
166,5.5487,Evening 21:00,simulation,0.3,1,-0.81648,-0.86941,2.68897,0.68897,-0.81648,-1.86941,3.14953,-0.02432,-0.03622,600.5,15.248
167,5.5822,Evening 21:00,simulation,0.3,1,-0.80067,-0.86784,2.6968,0.6968,-0.80067,-1.86784,-2.38588,-0.01775,-0.7362,588.0,15.266
168,5.6156,Evening 21:00,simulation,0.3,1,-0.77249,-0.86624,2.68476,0.68476,-0.77249,-1.86624,3.08552,-0.02267,0.06413,600.0,15.257
169,5.649,Evening 21:00,simulation,0.3,1,-0.76277,-0.87025,2.69166,0.69166,-0.76277,-1.87025,-3.12478,-0.00855,0.1328,588.0,15.278
170,5.6825,Evening 21:00,simulation,0.3,1,-0.76277,-0.87025,2.69166,0.69166,-0.76277,-1.87025,-3.12478,-0.00855,0.1328,588.0,15.278
171,5.7159,Evening 21:00,simulation,0.3,1,-0.74785,-0.86582,2.68344,0.68344,-0.74785,-1.86582,3.08427,-0.02242,0.06329,600.0,15.267
172,5.7493,Evening 21:00,simulation,0.3,1,-0.73144,-0.86553,2.68256,0.68256,-0.73144,-1.86553,3.08345,-0.02223,0.06269,600.0,15.27
173,5.7827,Evening 21:00,simulation,0.3,1,-0.73854,-0.88814,2.75347,0.75347,-0.73854,-1.88814,3.1588,0.00756,-0.02416,576.0,15.283
174,5.8162,Evening 21:00,simulation,0.3,1,-0.71376,-0.88827,2.7539,0.7539,-0.71376,-1.88827,3.15931,0.00752,-0.02406,576.0,15.286
175,5.8496,Evening 21:00,simulation,0.3,1,-0.68254,-0.87135,2.6951,0.6951,-0.68254,-1.87135,-3.12035,-0.00999,0.13868,588.0,15.284
176,5.883,Evening 21:00,simulation,0.3,1,-0.68254,-0.87135,2.6951,0.6951,-0.68254,-1.87135,-3.12035,-0.00999,0.13868,588.0,15.284
177,5.9164,Evening 21:00,simulation,0.3,1,-0.65327,-0.86909,2.68237,0.68237,-0.65327,-1.86909,3.19622,0.06853,-0.24367,587.5,15.294
178,5.9499,Evening 21:00,simulation,0.3,1,-0.65327,-0.86909,2.68237,0.68237,-0.65327,-1.86909,3.19622,0.06853,-0.24367,587.5,15.294
179,5.9833,Evening 21:00,simulation,0.3,1,-0.64136,-0.86398,2.67769,0.67769,-0.64136,-1.86398,3.07891,-0.02098,0.05871,600.0,15.276
180,6.0167,Evening 21:00,simulation,0.3,1,-0.63111,-0.88874,2.75538,0.75538,-0.63111,-1.88874,3.16107,0.00733,-0.02352,576.0,15.297
181,6.0501,Evening 21:00,simulation,0.3,1,-0.60052,-0.86328,2.67549,0.67549,-0.60052,-1.86328,3.07688,-0.02026,0.05652,600.0,15.279
182,6.0836,Evening 21:00,simulation,0.3,1,-0.604,-0.89007,2.75375,0.75375,-0.604,-1.89007,3.22249,0.06997,-0.13272,576.0,15.303
183,6.117,Evening 21:00,simulation,0.3,1,-0.57606,-0.86286,2.67418,0.67418,-0.57606,-1.86286,3.07569,-0.01978,0.05509,600.0,15.293
184,6.1504,Evening 21:00,simulation,0.3,1,-0.55976,-0.86258,2.67332,0.67332,-0.55976,-1.86258,3.0749,-0.01945,0.05408,600.0,15.289
185,6.1838,Evening 21:00,simulation,0.3,1,-0.56494,-0.88915,2.75664,0.75664,-0.56494,-1.88915,3.16258,0.00708,-0.02279,576.0,15.306
186,6.2173,Evening 21:00,simulation,0.3,1,-0.53534,-0.86218,2.67204,0.67204,-0.53534,-1.86218,3.07374,-0.01892,0.0525,600.0,15.287
187,6.2507,Evening 21:00,simulation,0.3,1,-0.54011,-0.8893,2.75713,0.75713,-0.54011,-1.8893,3.16316,0.00696,-0.02243,576.0,15.306
188,6.2841,Evening 21:00,simulation,0.3,1,-0.52355,-0.8894,2.75745,0.75745,-0.52355,-1.8894,3.16355,0.00688,-0.02216,576.0,15.304
189,6.3175,Evening 21:00,simulation,0.3,1,-0.4947,-0.86151,2.66995,0.66995,-0.4947,-1.86151,3.07185,-0.01795,0.04967,600.0,15.287
190,6.351,Evening 21:00,simulation,0.3,1,-0.48956,-0.8747,2.70563,0.70563,-0.48956,-1.8747,-3.10658,-0.01306,0.1529,588.0,15.314
191,6.3844,Evening 21:00,simulation,0.3,1,-0.47035,-0.86112,2.66874,0.66874,-0.47035,-1.86112,3.07076,-0.01733,0.04787,600.0,15.297
192,6.4178,Evening 21:00,simulation,0.3,1,-0.45414,-0.86087,2.66795,0.66795,-0.45414,-1.86087,3.07005,-0.0169,0.04661,600.0,15.303
193,6.4513,Evening 21:00,simulation,0.3,1,-0.45414,-0.86087,2.66795,0.66795,-0.45414,-1.86087,3.07005,-0.0169,0.04661,600.0,15.303
194,6.4847,Evening 21:00,simulation,0.3,1,-0.42983,-0.8605,2.66679,0.66679,-0.42983,-1.8605,3.06902,-0.01622,0.04467,600.0,15.289
195,6.5181,Evening 21:00,simulation,0.3,1,-0.43243,-0.88998,2.75928,0.75928,-0.43243,-1.88998,3.16575,0.00627,-0.02028,576.0,15.314
196,6.5515,Evening 21:00,simulation,0.3,1,-0.43243,-0.88998,2.75928,0.75928,-0.43243,-1.88998,3.16575,0.00627,-0.02028,576.0,15.314
197,6.585,Evening 21:00,simulation,0.3,1,-0.4073,-0.86758,2.68892,0.68892,-0.4073,-1.86758,3.08517,0.01765,-0.05252,588.0,15.306
198,6.6184,Evening 21:00,simulation,0.3,1,-0.38939,-0.85991,2.66495,0.66495,-0.38939,-1.85991,3.06738,-0.01502,0.04125,600.0,15.294
199,6.6518,Evening 21:00,simulation,0.3,1,-0.39097,-0.89025,2.7601,0.7601,-0.39097,-1.89025,3.16675,0.00591,-0.01915,576.0,15.315
200,6.6852,Evening 21:00,simulation,0.3,1,-0.36516,-0.85958,2.6639,0.6639,-0.36516,-1.85958,3.06645,-0.01425,0.03909,600.0,15.292
201,6.7187,Evening 21:00,simulation,0.3,1,-0.34902,-0.85936,2.66323,0.66323,-0.34902,-1.85936,3.06586,-0.01373,0.03762,600.0,15.308
202,6.7521,Evening 21:00,simulation,0.3,1,-0.34948,-0.8905,2.76091,0.76091,-0.34948,-1.8905,3.16774,0.0055,-0.01785,576.0,15.312
203,6.7855,Evening 21:00,simulation,0.3,1,-0.32483,-0.85906,2.66226,0.66226,-0.32483,-1.85906,3.065,-0.01292,0.03534,600.0,15.289
204,6.8189,Evening 21:00,simulation,0.3,1,-0.32457,-0.89065,2.76138,0.76138,-0.32457,-1.89065,3.16832,0.00522,-0.01697,576.0,15.32
205,6.8524,Evening 21:00,simulation,0.3,1,-0.30067,-0.85876,2.66135,0.66135,-0.30067,-1.85876,3.0642,-0.01208,0.03301,600.0,15.302
206,6.8858,Evening 21:00,simulation,0.3,1,-0.28457,-0.85858,2.66077,0.66077,-0.28457,-1.85858,3.0637,-0.0115,0.03141,600.0,15.302
207,6.9192,Evening 21:00,simulation,0.3,1,-0.28304,-0.89089,2.76213,0.76213,-0.28304,-1.89089,3.16924,0.00472,-0.01536,576.0,15.319
208,6.9526,Evening 21:00,simulation,0.3,1,-0.26044,-0.85832,2.65995,0.65995,-0.26044,-1.85832,3.06298,-0.01062,0.02897,600.0,15.291
209,6.9861,Evening 21:00,simulation,0.3,1,-0.25811,-0.89103,2.76256,0.76256,-0.25811,-1.89103,3.16977,0.00438,-0.01429,576.0,15.314
210,7.0195,Evening 21:00,simulation,0.3,1,-0.24148,-0.89111,2.76283,0.76283,-0.24148,-1.89111,3.1701,0.00415,-0.01355,576.0,15.309
211,7.0529,Evening 21:00,simulation,0.3,1,-0.22027,-0.85793,2.65873,0.65873,-0.22027,-1.85793,3.06192,-0.0091,0.02479,600.0,15.295
212,7.0864,Evening 21:00,simulation,0.3,1,-0.21653,-0.89124,2.76321,0.76321,-0.21653,-1.89124,3.17058,0.00379,-0.01237,576.0,15.315
213,7.1198,Evening 21:00,simulation,0.3,1,-0.19619,-0.85772,2.65809,0.65809,-0.19619,-1.85772,3.06136,-0.00816,0.02221,600.0,15.297
214,7.1532,Evening 21:00,simulation,0.3,1,-0.18015,-0.8576,2.6577,0.6577,-0.18015,-1.8576,3.06102,-0.00753,0.02046,600.0,15.31
215,7.1866,Evening 21:00,simulation,0.3,1,-0.17493,-0.89142,2.76379,0.76379,-0.17493,-1.89142,3.17129,0.00314,-0.01026,576.0,15.316
216,7.2201,Evening 21:00,simulation,0.3,1,-0.1561,-0.85743,2.65717,0.65717,-0.1561,-1.85743,3.06056,-0.00656,0.01782,600.0,15.289
217,7.2535,Evening 21:00,simulation,0.3,1,-0.14995,-0.89151,2.76409,0.76409,-0.14995,-1.89151,3.17166,0.00273,-0.00892,576.0,15.321
218,7.2869,Evening 21:00,simulation,0.3,1,-0.11604,-0.8572,2.65645,0.65645,-0.11604,-1.8572,3.05993,-0.00491,0.01333,600.0,15.302
219,7.3203,Evening 21:00,simulation,0.3,1,-0.11604,-0.8572,2.65645,0.65645,-0.11604,-1.8572,3.05993,-0.00491,0.01333,600.0,15.302
220,7.3538,Evening 21:00,simulation,0.3,1,-0.10832,-0.89164,2.76449,0.76449,-0.10832,-1.89164,3.17216,0.002,-0.00656,576.0,15.32
221,7.3872,Evening 21:00,simulation,0.3,1,-0.09202,-0.85709,2.65611,0.65611,-0.09202,-1.85709,3.05965,-0.00391,0.0106,600.0,15.292
222,7.4206,Evening 21:00,simulation,0.3,1,-0.08333,-0.8917,2.76468,0.76468,-0.08333,-1.8917,3.1724,0.00155,-0.00509,576.0,15.316
223,7.454,Evening 21:00,simulation,0.3,1,-0.06666,-0.89173,2.76478,0.76478,-0.06666,-1.89173,3.17252,0.00125,-0.00409,576.0,15.314
224,7.4875,Evening 21:00,simulation,0.3,1,-0.052,-0.85697,2.65573,0.65573,-0.052,-1.85697,3.05931,-0.00222,0.00601,600.0,15.292
225,7.5209,Evening 21:00,simulation,0.3,1,-0.04167,-0.89177,2.76489,0.76489,-0.04167,-1.89177,3.17265,0.00078,-0.00257,576.0,15.317
226,7.5543,Evening 21:00,simulation,0.3,1,-0.028,-0.85693,2.6556,0.6556,-0.028,-1.85693,3.0592,-0.0012,0.00324,600.0,15.302
227,7.5877,Evening 21:00,simulation,0.3,1,-0.012,-0.85691,2.65555,0.65555,-0.012,-1.85691,3.05916,-0.00051,0.00139,600.0,15.308
228,7.6212,Evening 21:00,simulation,0.3,1,-0.0,-0.89179,2.76496,0.76496,-0.0,-1.89179,3.17274,0.0,-0.0,576.0,15.318
229,7.6546,Evening 21:00,simulation,0.3,1,0.012,-0.84398,2.65431,0.65431,0.012,-1.84398,3.17311,-0.00024,0.0008,625.0,15.264
230,7.688,Evening 21:00,simulation,0.3,1,0.012,-0.84398,2.65431,0.65431,0.012,-1.84398,3.17311,-0.00024,0.0008,625.0,15.264
231,7.7214,Evening 21:00,simulation,0.3,1,0.012,-0.83269,2.65559,0.65559,0.012,-1.83269,3.05732,0.00052,-0.00145,600.0,15.295
232,7.7549,Evening 21:00,simulation,0.3,1,0.012,-0.81973,2.65428,0.65428,0.012,-1.81973,3.17408,-0.00025,0.00085,625.0,15.275
233,7.7883,Evening 21:00,simulation,0.3,1,0.012,-0.80357,2.65426,0.65426,0.012,-1.80357,3.17475,-0.00025,0.00089,625.0,15.282
234,7.8217,Evening 21:00,simulation,0.3,1,0.012,-0.79231,2.65565,0.65565,0.012,-1.79231,3.05409,0.00054,-0.00155,600.0,15.298
235,7.8552,Evening 21:00,simulation,0.3,1,0.012,-0.77932,2.65423,0.65423,0.012,-1.77932,3.17582,-0.00026,0.00096,625.0,15.266
236,7.8886,Evening 21:00,simulation,0.3,1,0.012,-0.76809,2.65569,0.65569,0.012,-1.76809,3.05205,0.00055,-0.00161,600.0,15.294
237,7.922,Evening 21:00,simulation,0.3,1,0.012,-0.75508,2.65419,0.65419,0.012,-1.75508,3.17695,-0.00027,0.00103,625.0,15.288
238,7.9554,Evening 21:00,simulation,0.3,1,0.012,-0.73891,2.65416,0.65416,0.012,-1.73891,3.17775,-0.00028,0.00108,625.0,15.273
239,7.9889,Evening 21:00,simulation,0.3,1,0.012,-0.72771,2.65576,0.65576,0.012,-1.72771,3.04845,0.00056,-0.00173,600.0,15.296
240,8.0223,Evening 21:00,simulation,0.3,1,0.0118,-0.70011,2.65143,0.65143,0.0118,-1.70011,-3.18221,0.00547,0.0791,612.5,15.288
241,8.0557,Evening 21:00,simulation,0.3,1,0.012,-0.68733,2.65584,0.65584,0.012,-1.68733,3.04459,0.00058,-0.00185,600.0,15.294
242,8.0891,Evening 21:00,simulation,0.3,1,0.012,-0.67425,2.65403,0.65403,0.012,-1.67425,3.18134,-0.00031,0.00135,625.0,15.266
243,8.1226,Evening 21:00,simulation,0.3,1,0.012,-0.66311,2.65589,0.65589,0.012,-1.66311,3.04214,0.00059,-0.00193,600.0,15.297
244,8.156,Evening 21:00,simulation,0.3,1,0.012,-0.66311,2.65589,0.65589,0.012,-1.66311,3.04214,0.00059,-0.00193,600.0,15.297
245,8.1894,Evening 21:00,simulation,0.3,1,0.012,-0.64999,2.65396,0.65396,0.012,-1.64999,3.18287,-0.00033,0.00148,625.0,15.28
246,8.2228,Evening 21:00,simulation,0.3,1,0.012,-0.62273,2.65598,0.65598,0.012,-1.62273,3.03782,0.0006,-0.00208,600.0,15.298
247,8.2563,Evening 21:00,simulation,0.3,1,0.012,-0.60957,2.65383,0.65383,0.012,-1.60957,3.18569,-0.00036,0.00175,625.0,15.269
248,8.2897,Evening 21:00,simulation,0.3,1,0.012,-0.59851,2.65603,0.65603,0.012,-1.59851,3.03507,0.00061,-0.00217,600.0,15.293
249,8.3231,Evening 21:00,simulation,0.3,1,0.012,-0.58531,2.65373,0.65373,0.012,-1.58531,3.18757,-0.00038,0.00195,625.0,15.29
250,8.3565,Evening 21:00,simulation,0.3,1,0.012,-0.56914,2.65366,0.65366,0.012,-1.56914,3.18889,-0.0004,0.0021,625.0,15.272
251,8.39,Evening 21:00,simulation,0.3,1,0.012,-0.55814,2.65614,0.65614,0.012,-1.55814,3.03021,0.00063,-0.00234,600.0,15.296
252,8.4234,Evening 21:00,simulation,0.3,1,0.012,-0.54488,2.65353,0.65353,0.012,-1.54488,3.19102,-0.00042,0.00238,625.0,15.277
253,8.4568,Evening 21:00,simulation,0.3,1,0.012,-0.5287,2.65342,0.65342,0.012,-1.5287,3.19252,-0.00044,0.00259,625.0,15.287
254,8.4903,Evening 21:00,simulation,0.3,1,0.012,-0.51776,2.65625,0.65625,0.012,-1.51776,3.02497,0.00065,-0.00252,600.0,15.294
255,8.5237,Evening 21:00,simulation,0.3,1,0.012,-0.50444,2.65325,0.65325,0.012,-1.50444,3.19492,-0.00048,0.00298,625.0,15.268
256,8.5571,Evening 21:00,simulation,0.3,1,0.012,-0.49354,2.65633,0.65633,0.012,-1.49354,3.02163,0.00066,-0.00264,600.0,15.291
257,8.5905,Evening 21:00,simulation,0.3,1,0.012,-0.48017,2.65303,0.65303,0.012,-1.48017,3.19746,-0.00052,0.00348,625.0,15.274
258,8.624,Evening 21:00,simulation,0.3,1,0.012,-0.46398,2.65286,0.65286,0.012,-1.46398,3.19923,-0.00055,0.0039,625.0,15.269
259,8.6574,Evening 21:00,simulation,0.3,1,0.012,-0.45316,2.65646,0.65646,0.012,-1.45316,3.01572,0.00068,-0.00285,600.0,15.291
260,8.6908,Evening 21:00,simulation,0.3,1,0.012,-0.4397,2.65254,0.65254,0.012,-1.4397,3.20194,-0.00061,0.00472,625.0,15.257
261,8.7242,Evening 21:00,simulation,0.3,1,0.012,-0.42894,2.65655,0.65655,0.012,-1.42894,3.01194,0.00069,-0.00298,600.0,15.279
262,8.7577,Evening 21:00,simulation,0.3,1,0.012,-0.41279,2.65661,0.65661,0.012,-1.41279,3.00932,0.00069,-0.00308,600.0,15.276
263,8.7911,Evening 21:00,simulation,0.3,1,0.012,-0.39922,2.65183,0.65183,0.012,-1.39922,3.20632,-0.00076,0.00698,625.0,15.251
264,8.8245,Evening 21:00,simulation,0.3,1,0.012,-0.38857,2.6567,0.6567,0.012,-1.38857,3.00524,0.0007,-0.00322,600.0,15.273
265,8.8579,Evening 21:00,simulation,0.3,1,0.01201,-0.37492,2.65126,0.65126,0.01201,-1.37492,3.20853,-0.00091,0.00946,625.0,15.254
266,8.8914,Evening 21:00,simulation,0.3,1,0.01201,-0.35871,2.6508,0.6508,0.01201,-1.35871,3.20964,-0.00107,0.01213,625.0,15.256
267,8.9248,Evening 21:00,simulation,0.3,1,0.012,-0.34819,2.65687,0.65687,0.012,-1.34819,2.998,0.00072,-0.00348,600.0,15.266
268,8.9582,Evening 21:00,simulation,0.3,1,0.01202,-0.33441,2.64997,0.64997,0.01202,-1.33441,3.2106,-0.00148,0.01959,625.0,15.237
269,8.9916,Evening 21:00,simulation,0.3,1,0.012,-0.32396,2.65698,0.65698,0.012,-1.32396,2.99337,0.00073,-0.00364,600.0,15.258
270,9.0251,Evening 21:00,simulation,0.3,1,0.012,-0.30781,2.65705,0.65705,0.012,-1.30781,2.99015,0.00073,-0.00375,600.0,15.245
271,9.0585,Evening 21:00,simulation,0.3,1,0.0121,-0.29383,2.64773,0.64773,0.0121,-1.29383,3.21072,-0.00345,0.05769,625.0,15.23
272,9.0919,Evening 21:00,simulation,0.3,1,0.012,-0.28359,2.65717,0.65717,0.012,-1.28359,2.98515,0.00074,-0.00393,600.0,15.249
273,9.1253,Evening 21:00,simulation,0.3,1,0.01216,-0.26945,2.64567,0.64567,0.01216,-1.26945,3.20955,-0.00469,0.08732,625.0,15.216
274,9.1588,Evening 21:00,simulation,0.3,1,0.012,-0.25936,2.65729,0.65729,0.012,-1.25936,2.97989,0.00075,-0.00411,600.0,15.231
275,9.1922,Evening 21:00,simulation,0.3,1,0.012,-0.25936,2.65729,0.65729,0.012,-1.25936,2.97989,0.00075,-0.00411,600.0,15.231
276,9.2256,Evening 21:00,simulation,0.3,1,0.01223,-0.22891,2.64219,0.64219,0.01223,-1.22891,3.20339,-0.00548,0.12136,625.0,15.202
277,9.2591,Evening 21:00,simulation,0.3,1,0.012,-0.21898,2.65751,0.65751,0.012,-1.21898,2.97057,0.00076,-0.00442,600.0,15.223
278,9.2925,Evening 21:00,simulation,0.3,1,0.01225,-0.20466,2.64031,0.64031,0.01225,-1.20466,3.19794,-0.00547,0.13567,625.0,15.211
279,9.3259,Evening 21:00,simulation,0.3,1,0.01227,-0.18853,2.63916,0.63916,0.01227,-1.18853,3.19385,-0.00532,0.14353,625.0,15.207
280,9.3593,Evening 21:00,simulation,0.3,1,0.012,-0.17859,2.65774,0.65774,0.012,-1.17859,2.96049,0.00077,-0.00475,600.0,15.217
281,9.3928,Evening 21:00,simulation,0.3,1,0.01228,-0.16436,2.6376,0.6376,0.01228,-1.16436,3.18725,-0.00495,0.15333,625.0,15.189
282,9.4262,Evening 21:00,simulation,0.3,1,0.012,-0.15436,2.65789,0.65789,0.012,-1.15436,2.95406,0.00077,-0.00496,600.0,15.21
283,9.4596,Evening 21:00,simulation,0.3,1,0.012,-0.13821,2.65799,0.65799,0.012,-1.13821,2.9496,0.00078,-0.0051,600.0,15.203
284,9.493,Evening 21:00,simulation,0.3,1,0.012,-0.13821,2.65799,0.65799,0.012,-1.13821,2.9496,0.00078,-0.0051,600.0,15.203
285,9.5265,Evening 21:00,simulation,0.3,1,0.012,-0.11397,2.65814,0.65814,0.012,-1.11397,2.94267,0.00078,-0.00531,600.0,15.201
286,9.5599,Evening 21:00,simulation,0.3,1,0.01231,-0.1001,2.63446,0.63446,0.01231,-1.1001,3.16803,-0.00335,0.17066,625.0,15.181
287,9.5933,Evening 21:00,simulation,0.3,1,0.01231,-0.1001,2.63446,0.63446,0.01231,-1.1001,3.16803,-0.00335,0.17066,625.0,15.181
288,9.6267,Evening 21:00,simulation,0.3,1,0.012,-0.07358,2.6584,0.6584,0.012,-1.07358,2.9304,0.00078,-0.00567,600.0,15.196
289,9.6602,Evening 21:00,simulation,0.3,1,0.01232,-0.06003,2.63326,0.63326,0.01232,-1.06003,3.15547,-0.00208,0.17637,625.0,15.17
290,9.6936,Evening 21:00,simulation,0.3,1,0.01232,-0.06003,2.63326,0.63326,0.01232,-1.06003,3.15547,-0.00208,0.17637,625.0,15.17
291,9.727,Evening 21:00,simulation,0.3,1,0.01233,-0.03601,2.63283,0.63283,0.01233,-1.03601,3.14787,-0.00126,0.17818,625.0,15.194
292,9.7604,Evening 21:00,simulation,0.3,1,0.01233,-0.02001,2.63266,0.63266,0.01233,-1.02001,3.14281,-0.0007,0.17875,625.0,15.192
293,9.7939,Evening 21:00,simulation,0.3,1,0.012,-0.00894,2.65885,0.65885,0.012,-1.00894,2.90885,0.00078,-0.00625,600.0,15.212
294,9.8273,Evening 21:00,simulation,0.3,1,0.01233,-0.004,2.63259,0.63259,0.01233,-1.004,3.13776,-0.00014,0.17883,625.0,15.194
295,9.8607,Evening 21:00,simulation,0.3,1,0.01233,-0.004,2.63259,0.63259,0.01233,-1.004,3.13776,-0.00014,0.17883,625.0,15.194
296,9.8942,Evening 21:00,simulation,0.3,1,0.01233,-0.004,2.63259,0.63259,0.01233,-1.004,3.13776,-0.00014,0.17883,625.0,15.194
297,9.9276,Evening 21:00,simulation,0.3,1,0.01233,-0.004,2.63259,0.63259,0.01233,-1.004,3.13776,-0.00014,0.17883,625.0,15.194
298,9.961,Evening 21:00,simulation,0.3,1,0.01233,-0.004,2.63259,0.63259,0.01233,-1.004,3.13776,-0.00014,0.17883,625.0,15.194
299,9.9944,Evening 21:00,simulation,0.3,1,0.01233,-0.004,2.63259,0.63259,0.01233,-1.004,3.13776,-0.00014,0.17883,625.0,15.194
300,10.0279,Evening 21:00,simulation,0.3,1,0.01233,-0.004,2.63259,0.63259,0.01233,-1.004,3.13776,-0.00014,0.17883,625.0,15.194
301,10.0613,Evening 21:00,simulation,0.3,1,0.01233,-0.004,2.63259,0.63259,0.01233,-1.004,3.13776,-0.00014,0.17883,625.0,15.194
302,10.0947,Evening 21:00,simulation,0.3,1,0.01233,-0.004,2.63259,0.63259,0.01233,-1.004,3.13776,-0.00014,0.17883,625.0,15.194
303,10.1281,Evening 21:00,simulation,0.3,1,0.01233,-0.004,2.63259,0.63259,0.01233,-1.004,3.13776,-0.00014,0.17883,625.0,15.194
304,10.1616,Evening 21:00,simulation,0.3,1,0.01233,-0.004,2.63259,0.63259,0.01233,-1.004,3.13776,-0.00014,0.17883,625.0,15.194
305,10.195,Evening 21:00,simulation,0.3,1,0.01233,-0.004,2.63259,0.63259,0.01233,-1.004,3.13776,-0.00014,0.17883,625.0,15.194
306,10.2284,Evening 21:00,simulation,0.3,1,0.01233,-0.004,2.63259,0.63259,0.01233,-1.004,3.13776,-0.00014,0.17883,625.0,15.194
307,10.2618,Evening 21:00,simulation,0.3,1,0.01233,-0.004,2.63259,0.63259,0.01233,-1.004,3.13776,-0.00014,0.17883,625.0,15.194
308,10.2953,Evening 21:00,simulation,0.3,1,0.01233,-0.004,2.63259,0.63259,0.01233,-1.004,3.13776,-0.00014,0.17883,625.0,15.194
309,10.3287,Evening 21:00,simulation,0.3,1,0.01233,-0.004,2.63259,0.63259,0.01233,-1.004,3.13776,-0.00014,0.17883,625.0,15.194
310,10.3621,Evening 21:00,simulation,0.3,1,0.01233,-0.004,2.63259,0.63259,0.01233,-1.004,3.13776,-0.00014,0.17883,625.0,15.194
311,10.3955,Evening 21:00,simulation,0.3,1,0.01233,-0.004,2.63259,0.63259,0.01233,-1.004,3.13776,-0.00014,0.17883,625.0,15.194
312,10.429,Evening 21:00,simulation,0.3,1,0.01233,-0.004,2.63259,0.63259,0.01233,-1.004,3.13776,-0.00014,0.17883,625.0,15.194
313,10.4624,Evening 21:00,simulation,0.3,1,0.01233,-0.004,2.63259,0.63259,0.01233,-1.004,3.13776,-0.00014,0.17883,625.0,15.194
314,10.4958,Evening 21:00,simulation,0.3,1,0.01233,-0.004,2.63259,0.63259,0.01233,-1.004,3.13776,-0.00014,0.17883,625.0,15.194
315,10.5292,Evening 21:00,simulation,0.3,1,0.01233,-0.004,2.63259,0.63259,0.01233,-1.004,3.13776,-0.00014,0.17883,625.0,15.194
316,10.5627,Evening 21:00,simulation,0.3,1,0.01233,-0.004,2.63259,0.63259,0.01233,-1.004,3.13776,-0.00014,0.17883,625.0,15.194
317,10.5961,Evening 21:00,simulation,0.3,1,0.01233,-0.004,2.63259,0.63259,0.01233,-1.004,3.13776,-0.00014,0.17883,625.0,15.194
318,10.6295,Evening 21:00,simulation,0.3,1,0.01233,-0.004,2.63259,0.63259,0.01233,-1.004,3.13776,-0.00014,0.17883,625.0,15.194
319,10.663,Evening 21:00,simulation,0.3,1,0.01233,-0.004,2.63259,0.63259,0.01233,-1.004,3.13776,-0.00014,0.17883,625.0,15.194
320,10.6964,Evening 21:00,simulation,0.3,1,0.01233,-0.004,2.63259,0.63259,0.01233,-1.004,3.13776,-0.00014,0.17883,625.0,15.194
321,10.7298,Evening 21:00,simulation,0.3,1,0.01233,-0.004,2.63259,0.63259,0.01233,-1.004,3.13776,-0.00014,0.17883,625.0,15.194
322,10.7632,Evening 21:00,simulation,0.3,1,0.01233,-0.004,2.63259,0.63259,0.01233,-1.004,3.13776,-0.00014,0.17883,625.0,15.194
323,10.7967,Evening 21:00,simulation,0.3,1,0.01233,-0.004,2.63259,0.63259,0.01233,-1.004,3.13776,-0.00014,0.17883,625.0,15.194
324,10.8301,Evening 21:00,simulation,0.3,1,0.01233,-0.004,2.63259,0.63259,0.01233,-1.004,3.13776,-0.00014,0.17883,625.0,15.194
325,10.8635,Evening 21:00,simulation,0.3,1,0.01233,-0.004,2.63259,0.63259,0.01233,-1.004,3.13776,-0.00014,0.17883,625.0,15.194
326,10.8969,Evening 21:00,simulation,0.3,1,0.01233,-0.004,2.63259,0.63259,0.01233,-1.004,3.13776,-0.00014,0.17883,625.0,15.194
327,10.9304,Evening 21:00,simulation,0.3,1,0.01233,-0.004,2.63259,0.63259,0.01233,-1.004,3.13776,-0.00014,0.17883,625.0,15.194
328,10.9638,Evening 21:00,simulation,0.3,1,0.01233,-0.004,2.63259,0.63259,0.01233,-1.004,3.13776,-0.00014,0.17883,625.0,15.194
329,10.9972,Evening 21:00,simulation,0.3,1,0.01233,-0.004,2.63259,0.63259,0.01233,-1.004,3.13776,-0.00014,0.17883,625.0,15.194
330,11.0306,Evening 21:00,simulation,0.3,1,0.01233,-0.004,2.63259,0.63259,0.01233,-1.004,3.13776,-0.00014,0.17883,625.0,15.194
331,11.0641,Evening 21:00,simulation,0.3,1,0.01233,-0.004,2.63259,0.63259,0.01233,-1.004,3.13776,-0.00014,0.17883,625.0,15.194
332,11.0975,Evening 21:00,simulation,0.3,1,0.01233,-0.004,2.63259,0.63259,0.01233,-1.004,3.13776,-0.00014,0.17883,625.0,15.194
333,11.1309,Evening 21:00,simulation,0.3,1,0.01233,-0.004,2.63259,0.63259,0.01233,-1.004,3.13776,-0.00014,0.17883,625.0,15.194
334,11.1643,Evening 21:00,simulation,0.3,1,0.01233,-0.004,2.63259,0.63259,0.01233,-1.004,3.13776,-0.00014,0.17883,625.0,15.194
335,11.1978,Evening 21:00,simulation,0.3,1,0.01233,-0.004,2.63259,0.63259,0.01233,-1.004,3.13776,-0.00014,0.17883,625.0,15.194
336,11.2312,Evening 21:00,simulation,0.3,1,0.01233,-0.004,2.63259,0.63259,0.01233,-1.004,3.13776,-0.00014,0.17883,625.0,15.194
337,11.2646,Evening 21:00,simulation,0.3,1,0.01233,-0.004,2.63259,0.63259,0.01233,-1.004,3.13776,-0.00014,0.17883,625.0,15.194
338,11.2981,Evening 21:00,simulation,0.3,1,0.01233,-0.004,2.63259,0.63259,0.01233,-1.004,3.13776,-0.00014,0.17883,625.0,15.194
339,11.3315,Evening 21:00,simulation,0.3,1,0.01233,-0.004,2.63259,0.63259,0.01233,-1.004,3.13776,-0.00014,0.17883,625.0,15.194
340,11.3649,Evening 21:00,simulation,0.3,1,0.01233,-0.004,2.63259,0.63259,0.01233,-1.004,3.13776,-0.00014,0.17883,625.0,15.194
341,11.3983,Evening 21:00,simulation,0.3,1,0.01233,-0.004,2.63259,0.63259,0.01233,-1.004,3.13776,-0.00014,0.17883,625.0,15.194
342,11.4318,Evening 21:00,simulation,0.3,1,0.01233,-0.004,2.63259,0.63259,0.01233,-1.004,3.13776,-0.00014,0.17883,625.0,15.194
343,11.4652,Evening 21:00,simulation,0.3,1,0.01233,-0.004,2.63259,0.63259,0.01233,-1.004,3.13776,-0.00014,0.17883,625.0,15.194
344,11.4986,Evening 21:00,simulation,0.3,1,0.01233,-0.004,2.63259,0.63259,0.01233,-1.004,3.13776,-0.00014,0.17883,625.0,15.194
345,11.532,Evening 21:00,simulation,0.3,1,0.01233,-0.004,2.63259,0.63259,0.01233,-1.004,3.13776,-0.00014,0.17883,625.0,15.194
346,11.5655,Evening 21:00,simulation,0.3,1,0.01233,-0.004,2.63259,0.63259,0.01233,-1.004,3.13776,-0.00014,0.17883,625.0,15.194
347,11.5989,Evening 21:00,simulation,0.3,1,0.01233,-0.004,2.63259,0.63259,0.01233,-1.004,3.13776,-0.00014,0.17883,625.0,15.194
348,11.6323,Evening 21:00,simulation,0.3,1,0.01233,-0.004,2.63259,0.63259,0.01233,-1.004,3.13776,-0.00014,0.17883,625.0,15.194
349,11.6657,Evening 21:00,simulation,0.3,1,0.01233,-0.004,2.63259,0.63259,0.01233,-1.004,3.13776,-0.00014,0.17883,625.0,15.194
350,11.6992,Evening 21:00,simulation,0.3,1,0.01233,-0.004,2.63259,0.63259,0.01233,-1.004,3.13776,-0.00014,0.17883,625.0,15.194
351,11.7326,Evening 21:00,simulation,0.3,1,0.01233,-0.004,2.63259,0.63259,0.01233,-1.004,3.13776,-0.00014,0.17883,625.0,15.194
352,11.766,Evening 21:00,simulation,0.3,1,0.01233,-0.004,2.63259,0.63259,0.01233,-1.004,3.13776,-0.00014,0.17883,625.0,15.194
353,11.7994,Evening 21:00,simulation,0.3,1,0.01233,-0.004,2.63259,0.63259,0.01233,-1.004,3.13776,-0.00014,0.17883,625.0,15.194
354,11.8329,Evening 21:00,simulation,0.3,1,0.01233,-0.004,2.63259,0.63259,0.01233,-1.004,3.13776,-0.00014,0.17883,625.0,15.194
355,11.8663,Evening 21:00,simulation,0.3,1,0.01233,-0.004,2.63259,0.63259,0.01233,-1.004,3.13776,-0.00014,0.17883,625.0,15.194
356,11.8997,Evening 21:00,simulation,0.3,1,0.01233,-0.004,2.63259,0.63259,0.01233,-1.004,3.13776,-0.00014,0.17883,625.0,15.194
357,11.9331,Evening 21:00,simulation,0.3,1,0.01233,-0.004,2.63259,0.63259,0.01233,-1.004,3.13776,-0.00014,0.17883,625.0,15.194
358,11.9666,Evening 21:00,simulation,0.3,1,0.01233,-0.004,2.63259,0.63259,0.01233,-1.004,3.13776,-0.00014,0.17883,625.0,15.194
359,12.0,Evening 21:00,simulation,0.3,1,0.01233,-0.004,2.63259,0.63259,0.01233,-1.004,3.13776,-0.00014,0.17883,625.0,15.194
360,12.0334,Evening 21:00,simulation,0.3,1,0.01233,-0.004,2.63259,0.63259,0.01233,-1.004,3.13776,-0.00014,0.17883,625.0,15.194
361,12.0669,Evening 21:00,simulation,0.3,1,0.01233,-0.004,2.63259,0.63259,0.01233,-1.004,3.13776,-0.00014,0.17883,625.0,15.194
362,12.1003,Evening 21:00,simulation,0.3,1,0.01233,-0.004,2.63259,0.63259,0.01233,-1.004,3.13776,-0.00014,0.17883,625.0,15.194
363,12.1337,Evening 21:00,simulation,0.3,1,0.012,0.00085,2.65891,0.65891,0.012,-0.99915,3.37718,-0.0009,-0.00734,600.0,15.193
364,12.1671,Evening 21:00,simulation,0.3,1,0.01525,0.00034,2.73145,0.73145,0.01525,-0.99966,-3.02238,-0.0152,-0.37018,564.0,15.218
365,12.2006,Evening 21:00,simulation,0.3,1,0.01334,-0.00435,2.8609,0.8609,0.01334,-1.00435,3.13748,-0.00014,0.1843,529.0,15.231
366,12.234,Evening 21:00,simulation,0.3,1,0.01334,-0.00435,2.8609,0.8609,0.01334,-1.00435,3.13748,-0.00014,0.1843,529.0,15.231
367,12.2674,Evening 21:00,simulation,0.3,1,0.01334,-0.00435,2.8609,0.8609,0.01334,-1.00435,3.13748,-0.00014,0.1843,529.0,15.225
368,12.3008,Evening 21:00,simulation,0.3,1,0.01334,-0.00435,2.8609,0.8609,0.01334,-1.00435,3.13748,-0.00014,0.1843,529.0,15.194
369,12.3343,Evening 21:00,simulation,0.3,1,0.01334,-0.00435,2.8609,0.8609,0.01334,-1.00435,3.13748,-0.00014,0.1843,529.0,15.194
370,12.3677,Evening 21:00,simulation,0.3,1,0.01334,-0.00435,2.8609,0.8609,0.01334,-1.00435,3.13748,-0.00014,0.1843,529.0,15.164
371,12.4011,Evening 21:00,simulation,0.3,1,0.01334,-0.00435,2.8609,0.8609,0.01334,-1.00435,3.13748,-0.00014,0.1843,529.0,15.168
372,12.4345,Evening 21:00,simulation,0.3,1,0.01334,-0.00435,2.8609,0.8609,0.01334,-1.00435,3.13748,-0.00014,0.1843,529.0,15.176
373,12.468,Evening 21:00,simulation,0.3,1,0.01334,-0.00435,2.8609,0.8609,0.01334,-1.00435,3.13748,-0.00014,0.1843,529.0,15.176
374,12.5014,Evening 21:00,simulation,0.3,1,0.01305,0.00084,2.88948,0.88948,0.01305,-0.99916,3.39355,-0.00097,-0.00746,506.0,15.187
375,12.5348,Evening 21:00,simulation,0.3,1,0.01286,-0.00206,3.04089,1.04089,0.01286,-1.00206,-3.02602,-0.01769,0.43569,451.5,15.201
376,12.5682,Evening 21:00,simulation,0.3,1,0.01454,-0.00476,3.13275,1.13275,0.01454,-1.00476,3.13721,-0.00015,0.1892,441.0,15.196
377,12.6017,Evening 21:00,simulation,0.3,1,0.01454,-0.00476,3.13275,1.13275,0.01454,-1.00476,3.13721,-0.00015,0.1892,441.0,15.188
378,12.6351,Evening 21:00,simulation,0.3,1,0.01454,-0.00476,3.13275,1.13275,0.01454,-1.00476,3.13721,-0.00015,0.1892,441.0,15.174
379,12.6685,Evening 21:00,simulation,0.3,1,0.01454,-0.00476,3.13275,1.13275,0.01454,-1.00476,3.13721,-0.00015,0.1892,441.0,15.171
380,12.7019,Evening 21:00,simulation,0.3,1,0.01454,-0.00476,3.13275,1.13275,0.01454,-1.00476,3.13721,-0.00015,0.1892,441.0,15.165
381,12.7354,Evening 21:00,simulation,0.3,1,0.01454,-0.00476,3.13275,1.13275,0.01454,-1.00476,3.13721,-0.00015,0.1892,441.0,15.165
382,12.7688,Evening 21:00,simulation,0.3,1,0.01454,-0.00476,3.13275,1.13275,0.01454,-1.00476,3.13721,-0.00015,0.1892,441.0,15.162
383,12.8022,Evening 21:00,simulation,0.3,1,0.01454,-0.00476,3.13275,1.13275,0.01454,-1.00476,3.13721,-0.00015,0.1892,441.0,15.161
384,12.8357,Evening 21:00,simulation,0.3,1,0.01454,-0.00476,3.13275,1.13275,0.01454,-1.00476,3.13721,-0.00015,0.1892,441.0,15.166
385,12.8691,Evening 21:00,simulation,0.3,1,0.01254,-0.00505,3.11896,1.11896,0.01254,-1.00505,3.01504,-0.01783,0.39582,430.5,15.161
386,12.9025,Evening 21:00,simulation,0.3,1,0.01028,0.0,3.28911,1.28911,0.01028,-1.0,3.13563,-0.0,0.19341,400.0,15.159
387,12.9359,Evening 21:00,simulation,0.3,1,0.01028,0.0,3.28911,1.28911,0.01028,-1.0,3.13563,-0.0,0.19341,400.0,15.154
388,12.9694,Evening 21:00,simulation,0.3,0,0.0,0.0,0.0,0.0,0.0,0.0,0.0,0.0,0.0,0.0,15.152
389,13.0028,Evening 21:00,simulation,0.3,1,0.016,-0.00526,3.46188,1.46188,0.016,-1.00526,3.13697,-0.00015,0.19357,361.0,15.15
390,13.0362,Evening 21:00,simulation,0.3,1,0.016,-0.00526,3.46188,1.46188,0.016,-1.00526,3.13697,-0.00015,0.19357,361.0,15.148
391,13.0696,Evening 21:00,simulation,0.3,1,0.016,-0.00526,3.46188,1.46188,0.016,-1.00526,3.13697,-0.00015,0.19357,361.0,15.151
392,13.1031,Evening 21:00,simulation,0.3,1,0.016,-0.00526,3.46188,1.46188,0.016,-1.00526,3.13697,-0.00015,0.19357,361.0,15.152
393,13.1365,Evening 21:00,simulation,0.3,1,0.016,-0.00526,3.46188,1.46188,0.016,-1.00526,3.13697,-0.00015,0.19357,361.0,15.153
394,13.1699,Evening 21:00,simulation,0.3,1,0.016,-0.00526,3.46188,1.46188,0.016,-1.00526,3.13697,-0.00015,0.19357,361.0,15.153
395,13.2033,Evening 21:00,simulation,0.3,1,0.016,-0.00526,3.46188,1.46188,0.016,-1.00526,3.13697,-0.00015,0.19357,361.0,15.152
396,13.2368,Evening 21:00,simulation,0.3,1,0.016,-0.00526,3.46188,1.46188,0.016,-1.00526,3.13697,-0.00015,0.19357,361.0,15.146
397,13.2702,Evening 21:00,simulation,0.3,1,0.016,-0.00526,3.46188,1.46188,0.016,-1.00526,3.13697,-0.00015,0.19357,361.0,15.146
398,13.3036,Evening 21:00,simulation,0.3,1,0.016,-0.00526,3.46188,1.46188,0.016,-1.00526,3.13697,-0.00015,0.19357,361.0,15.13
399,13.337,Evening 21:00,simulation,0.3,1,0.01372,-0.00553,3.44498,1.44498,0.01372,-1.00553,3.00821,-0.0197,0.41367,351.5,15.128
400,13.3705,Evening 21:00,simulation,0.3,1,0.01135,-0.00526,3.46254,1.46254,0.01135,-1.00526,3.09626,-0.00041,0.54042,342.0,15.123
401,13.4039,Evening 21:00,simulation,0.3,1,0.01135,-0.0,3.65393,1.65393,0.01135,-1.0,3.13537,0.0,0.19758,324.0,15.118
402,13.4373,Evening 21:00,simulation,0.3,1,0.01135,-0.0,3.65393,1.65393,0.01135,-1.0,3.13537,0.0,0.19758,324.0,15.12
403,13.4708,Evening 21:00,simulation,0.3,1,0.01135,-0.0,3.65393,1.65393,0.01135,-1.0,3.13537,0.0,0.19758,324.0,15.121
404,13.5042,Evening 21:00,simulation,0.3,1,0.01135,-0.0,3.65393,1.65393,0.01135,-1.0,3.13537,0.0,0.19758,324.0,15.125
405,13.5376,Evening 21:00,simulation,0.3,1,0.01111,-0.00638,3.69029,1.69029,0.01111,-1.00638,2.84289,0.00065,-0.00421,306.0,15.129
406,13.571,Evening 21:00,simulation,0.3,1,0.01781,-0.00588,3.86853,1.86853,0.01781,-1.00588,3.13676,-0.00016,0.19744,289.0,15.133
407,13.6045,Evening 21:00,simulation,0.3,1,0.01781,-0.00588,3.86853,1.86853,0.01781,-1.00588,3.13676,-0.00016,0.19744,289.0,15.135
408,13.6379,Evening 21:00,simulation,0.3,1,0.01781,-0.00588,3.86853,1.86853,0.01781,-1.00588,3.13676,-0.00016,0.19744,289.0,15.131
409,13.6713,Evening 21:00,simulation,0.3,1,0.01781,-0.00588,3.86853,1.86853,0.01781,-1.00588,3.13676,-0.00016,0.19744,289.0,15.124
410,13.7047,Evening 21:00,simulation,0.3,1,0.01781,-0.00588,3.86853,1.86853,0.01781,-1.00588,3.13676,-0.00016,0.19744,289.0,15.118
411,13.7382,Evening 21:00,simulation,0.3,1,0.01781,-0.00588,3.86853,1.86853,0.01781,-1.00588,3.13676,-0.00016,0.19744,289.0,15.116
412,13.7716,Evening 21:00,simulation,0.3,1,0.01781,-0.00588,3.86853,1.86853,0.01781,-1.00588,3.13676,-0.00016,0.19744,289.0,15.115
413,13.805,Evening 21:00,simulation,0.3,1,0.01781,-0.00588,3.86853,1.86853,0.01781,-1.00588,3.13676,-0.00016,0.19744,289.0,15.109
414,13.8384,Evening 21:00,simulation,0.3,1,0.01781,-0.00588,3.86853,1.86853,0.01781,-1.00588,3.13676,-0.00016,0.19744,289.0,15.104
415,13.8719,Evening 21:00,simulation,0.3,1,0.01781,-0.00588,3.86853,1.86853,0.01781,-1.00588,3.13676,-0.00016,0.19744,289.0,15.102
416,13.9053,Evening 21:00,simulation,0.3,1,0.01781,-0.00588,3.86853,1.86853,0.01781,-1.00588,3.13676,-0.00016,0.19744,289.0,15.102
417,13.9387,Evening 21:00,simulation,0.3,1,0.01252,-0.00588,3.86917,1.86917,0.01252,-1.00588,3.09114,-0.00044,0.56898,272.0,15.105
418,13.9721,Evening 21:00,simulation,0.3,1,0.01252,-0.00588,3.86917,1.86917,0.01252,-1.00588,3.09114,-0.00044,0.56898,272.0,15.107
419,14.0056,Evening 21:00,simulation,0.3,0,0.0,0.0,0.0,0.0,0.0,0.0,0.0,0.0,0.0,0.0,15.108
420,14.039,Evening 21:00,simulation,0.3,1,0.01269,0.0,4.11003,2.11003,0.01269,-1.0,3.13514,-0.0,0.20126,256.0,15.106
421,14.0724,Evening 21:00,simulation,0.3,0,0.0,0.0,0.0,0.0,0.0,0.0,0.0,0.0,0.0,0.0,15.109
422,14.1058,Evening 21:00,simulation,0.3,0,0.0,0.0,0.0,0.0,0.0,0.0,0.0,0.0,0.0,0.0,15.112
423,14.1393,Evening 21:00,simulation,0.3,1,0.01269,0.0,4.11003,2.11003,0.01269,-1.0,3.13514,-0.0,0.20126,256.0,15.11
424,14.1727,Evening 21:00,simulation,0.3,1,0.0125,-0.00704,4.1509,2.1509,0.0125,-1.00704,2.81904,0.00069,-0.0042,240.0,15.105
425,14.2061,Evening 21:00,simulation,0.3,1,0.0125,-0.00704,4.1509,2.1509,0.0125,-1.00704,2.81904,0.00069,-0.0042,240.0,15.103
426,14.2396,Evening 21:00,simulation,0.3,1,0.0125,-0.00704,4.1509,2.1509,0.0125,-1.00704,2.81904,0.00069,-0.0042,240.0,15.103
427,14.273,Evening 21:00,simulation,0.3,1,0.0125,-0.00704,4.1509,2.1509,0.0125,-1.00704,2.81904,0.00069,-0.0042,240.0,15.104
428,14.3064,Evening 21:00,simulation,0.3,1,0.0125,-0.00704,4.1509,2.1509,0.0125,-1.00704,2.81904,0.00069,-0.0042,240.0,15.104
429,14.3398,Evening 21:00,simulation,0.3,1,0.0125,-0.00704,4.1509,2.1509,0.0125,-1.00704,2.81904,0.00069,-0.0042,240.0,15.104
430,14.3733,Evening 21:00,simulation,0.3,1,0.0125,-0.00704,4.1509,2.1509,0.0125,-1.00704,2.81904,0.00069,-0.0042,240.0,15.104
431,14.4067,Evening 21:00,simulation,0.3,1,0.0125,-0.00704,4.1509,2.1509,0.0125,-1.00704,2.81904,0.00069,-0.0042,240.0,15.104
432,14.4401,Evening 21:00,simulation,0.3,1,0.0125,-0.00704,4.1509,2.1509,0.0125,-1.00704,2.81904,0.00069,-0.0042,240.0,15.104
433,14.4735,Evening 21:00,simulation,0.3,1,0.0125,-0.00704,4.1509,2.1509,0.0125,-1.00704,2.81904,0.00069,-0.0042,240.0,15.104
434,14.507,Evening 21:00,simulation,0.3,1,0.0125,-0.00704,4.1509,2.1509,0.0125,-1.00704,2.81904,0.00069,-0.0042,240.0,15.104
435,14.5404,Evening 21:00,simulation,0.3,1,0.0125,-0.00704,4.1509,2.1509,0.0125,-1.00704,2.81904,0.00069,-0.0042,240.0,15.104
436,14.5738,Evening 21:00,simulation,0.3,1,0.0125,-0.00704,4.1509,2.1509,0.0125,-1.00704,2.81904,0.00069,-0.0042,240.0,15.104
437,14.6072,Evening 21:00,simulation,0.3,1,0.0125,-0.00704,4.1509,2.1509,0.0125,-1.00704,2.81904,0.00069,-0.0042,240.0,15.104
438,14.6407,Evening 21:00,simulation,0.3,1,0.0125,-0.00704,4.1509,2.1509,0.0125,-1.00704,2.81904,0.00069,-0.0042,240.0,15.104
439,14.6741,Evening 21:00,simulation,0.3,1,0.0125,-0.00704,4.1509,2.1509,0.0125,-1.00704,2.81904,0.00069,-0.0042,240.0,15.104
440,14.7075,Evening 21:00,simulation,0.3,1,0.0125,-0.00704,4.1509,2.1509,0.0125,-1.00704,2.81904,0.00069,-0.0042,240.0,15.104
441,14.7409,Evening 21:00,simulation,0.3,1,0.0125,-0.00704,4.1509,2.1509,0.0125,-1.00704,2.81904,0.00069,-0.0042,240.0,15.104
442,14.7744,Evening 21:00,simulation,0.3,1,0.0125,-0.00704,4.1509,2.1509,0.0125,-1.00704,2.81904,0.00069,-0.0042,240.0,15.104
443,14.8078,Evening 21:00,simulation,0.3,1,0.0125,-0.00704,4.1509,2.1509,0.0125,-1.00704,2.81904,0.00069,-0.0042,240.0,15.104
444,14.8412,Evening 21:00,simulation,0.3,1,0.0125,-0.00704,4.1509,2.1509,0.0125,-1.00704,2.81904,0.00069,-0.0042,240.0,15.104
445,14.8747,Evening 21:00,simulation,0.3,1,0.0125,-0.00704,4.1509,2.1509,0.0125,-1.00704,2.81904,0.00069,-0.0042,240.0,15.104
446,14.9081,Evening 21:00,simulation,0.3,1,0.0125,-0.00704,4.1509,2.1509,0.0125,-1.00704,2.81904,0.00069,-0.0042,240.0,15.104
447,14.9415,Evening 21:00,simulation,0.3,1,0.0125,-0.00704,4.1509,2.1509,0.0125,-1.00704,2.81904,0.00069,-0.0042,240.0,15.104
448,14.9749,Evening 21:00,simulation,0.3,1,0.0125,-0.00704,4.1509,2.1509,0.0125,-1.00704,2.81904,0.00069,-0.0042,240.0,15.104
449,15.0084,Evening 21:00,simulation,0.3,1,0.0125,-0.00704,4.1509,2.1509,0.0125,-1.00704,2.81904,0.00069,-0.0042,240.0,15.104
450,15.0418,Evening 21:00,simulation,0.3,1,0.0125,-0.00704,4.1509,2.1509,0.0125,-1.00704,2.81904,0.00069,-0.0042,240.0,15.104
451,15.0752,Evening 21:00,simulation,0.3,1,0.0125,-0.00704,4.1509,2.1509,0.0125,-1.00704,2.81904,0.00069,-0.0042,240.0,15.104
452,15.1086,Evening 21:00,simulation,0.3,1,0.0125,-0.00704,4.1509,2.1509,0.0125,-1.00704,2.81904,0.00069,-0.0042,240.0,15.104
453,15.1421,Evening 21:00,simulation,0.3,1,0.0125,-0.00704,4.1509,2.1509,0.0125,-1.00704,2.81904,0.00069,-0.0042,240.0,15.104
454,15.1755,Evening 21:00,simulation,0.3,1,0.0125,-0.00704,4.1509,2.1509,0.0125,-1.00704,2.81904,0.00069,-0.0042,240.0,15.104
455,15.2089,Evening 21:00,simulation,0.3,1,0.0125,-0.00704,4.1509,2.1509,0.0125,-1.00704,2.81904,0.00069,-0.0042,240.0,15.104
456,15.2423,Evening 21:00,simulation,0.3,1,0.0125,-0.00704,4.1509,2.1509,0.0125,-1.00704,2.81904,0.00069,-0.0042,240.0,15.104
457,15.2758,Evening 21:00,simulation,0.3,1,0.0125,-0.00704,4.1509,2.1509,0.0125,-1.00704,2.81904,0.00069,-0.0042,240.0,15.104
458,15.3092,Evening 21:00,simulation,0.3,1,0.0125,-0.00704,4.1509,2.1509,0.0125,-1.00704,2.81904,0.00069,-0.0042,240.0,15.104
459,15.3426,Evening 21:00,simulation,0.3,1,0.0125,-0.00704,4.1509,2.1509,0.0125,-1.00704,2.81904,0.00069,-0.0042,240.0,15.104
460,15.376,Evening 21:00,simulation,0.3,1,0.0125,-0.00704,4.1509,2.1509,0.0125,-1.00704,2.81904,0.00069,-0.0042,240.0,15.104
461,15.4095,Evening 21:00,simulation,0.3,1,0.0125,-0.00704,4.1509,2.1509,0.0125,-1.00704,2.81904,0.00069,-0.0042,240.0,15.104
462,15.4429,Evening 21:00,simulation,0.3,1,0.0125,-0.00704,4.1509,2.1509,0.0125,-1.00704,2.81904,0.00069,-0.0042,240.0,15.104
463,15.4763,Evening 21:00,simulation,0.3,1,0.0125,-0.00704,4.1509,2.1509,0.0125,-1.00704,2.81904,0.00069,-0.0042,240.0,15.104
464,15.5097,Evening 21:00,simulation,0.3,1,0.0125,-0.00704,4.1509,2.1509,0.0125,-1.00704,2.81904,0.00069,-0.0042,240.0,15.104
465,15.5432,Evening 21:00,simulation,0.3,1,0.0125,-0.00704,4.1509,2.1509,0.0125,-1.00704,2.81904,0.00069,-0.0042,240.0,15.104
466,15.5766,Evening 21:00,simulation,0.3,1,0.0125,-0.00704,4.1509,2.1509,0.0125,-1.00704,2.81904,0.00069,-0.0042,240.0,15.104
467,15.61,Evening 21:00,simulation,0.3,1,0.0125,-0.00704,4.1509,2.1509,0.0125,-1.00704,2.81904,0.00069,-0.0042,240.0,15.104
468,15.6435,Evening 21:00,simulation,0.3,1,0.0125,-0.00704,4.1509,2.1509,0.0125,-1.00704,2.81904,0.00069,-0.0042,240.0,15.104
469,15.6769,Evening 21:00,simulation,0.3,1,0.0125,-0.00704,4.1509,2.1509,0.0125,-1.00704,2.81904,0.00069,-0.0042,240.0,15.104
470,15.7103,Evening 21:00,simulation,0.3,1,0.0125,-0.00704,4.1509,2.1509,0.0125,-1.00704,2.81904,0.00069,-0.0042,240.0,15.104
471,15.7437,Evening 21:00,simulation,0.3,1,0.0125,-0.00704,4.1509,2.1509,0.0125,-1.00704,2.81904,0.00069,-0.0042,240.0,15.104
472,15.7772,Evening 21:00,simulation,0.3,1,0.0125,-0.00704,4.1509,2.1509,0.0125,-1.00704,2.81904,0.00069,-0.0042,240.0,15.104
473,15.8106,Evening 21:00,simulation,0.3,1,0.0125,-0.00704,4.1509,2.1509,0.0125,-1.00704,2.81904,0.00069,-0.0042,240.0,15.104
474,15.844,Evening 21:00,simulation,0.3,1,0.0125,-0.00704,4.1509,2.1509,0.0125,-1.00704,2.81904,0.00069,-0.0042,240.0,15.104
475,15.8774,Evening 21:00,simulation,0.3,1,0.0125,-0.00704,4.1509,2.1509,0.0125,-1.00704,2.81904,0.00069,-0.0042,240.0,15.104
476,15.9109,Evening 21:00,simulation,0.3,1,0.0125,-0.00704,4.1509,2.1509,0.0125,-1.00704,2.81904,0.00069,-0.0042,240.0,15.104
477,15.9443,Evening 21:00,simulation,0.3,1,0.0125,-0.00704,4.1509,2.1509,0.0125,-1.00704,2.81904,0.00069,-0.0042,240.0,15.104
478,15.9777,Evening 21:00,simulation,0.3,1,0.0125,-0.00704,4.1509,2.1509,0.0125,-1.00704,2.81904,0.00069,-0.0042,240.0,15.104
479,16.0111,Evening 21:00,simulation,0.3,1,0.0125,-0.00704,4.1509,2.1509,0.0125,-1.00704,2.81904,0.00069,-0.0042,240.0,15.104
480,16.0446,Evening 21:00,simulation,0.3,1,0.0125,-0.00704,4.1509,2.1509,0.0125,-1.00704,2.81904,0.00069,-0.0042,240.0,15.104
481,16.078,Evening 21:00,simulation,0.3,1,0.0125,-0.00704,4.1509,2.1509,0.0125,-1.00704,2.81904,0.00069,-0.0042,240.0,15.104
482,16.1114,Evening 21:00,simulation,0.3,1,0.0125,-0.00704,4.1509,2.1509,0.0125,-1.00704,2.81904,0.00069,-0.0042,240.0,15.104
483,16.1448,Evening 21:00,simulation,0.3,1,0.0125,-0.00704,4.1509,2.1509,0.0125,-1.00704,2.81904,0.00069,-0.0042,240.0,15.104
484,16.1783,Evening 21:00,simulation,0.3,1,0.0125,-0.00704,4.1509,2.1509,0.0125,-1.00704,2.81904,0.00069,-0.0042,240.0,15.104
485,16.2117,Evening 21:00,simulation,0.3,1,0.0125,-0.00704,4.1509,2.1509,0.0125,-1.00704,2.81904,0.00069,-0.0042,240.0,15.104
486,16.2451,Evening 21:00,simulation,0.3,1,0.0125,-0.00704,4.1509,2.1509,0.0125,-1.00704,2.81904,0.00069,-0.0042,240.0,15.104
487,16.2786,Evening 21:00,simulation,0.3,1,0.0125,-0.00704,4.1509,2.1509,0.0125,-1.00704,2.81904,0.00069,-0.0042,240.0,15.104
488,16.312,Evening 21:00,simulation,0.3,1,0.0125,-0.00704,4.1509,2.1509,0.0125,-1.00704,2.81904,0.00069,-0.0042,240.0,15.104
489,16.3454,Evening 21:00,simulation,0.3,1,0.0125,-0.00704,4.1509,2.1509,0.0125,-1.00704,2.81904,0.00069,-0.0042,240.0,15.104
490,16.3788,Evening 21:00,simulation,0.3,1,0.0125,-0.00704,4.1509,2.1509,0.0125,-1.00704,2.81904,0.00069,-0.0042,240.0,15.104
491,16.4123,Evening 21:00,simulation,0.3,1,0.0125,-0.00704,4.1509,2.1509,0.0125,-1.00704,2.81904,0.00069,-0.0042,240.0,15.104
492,16.4457,Evening 21:00,simulation,0.3,1,0.0125,-0.00704,4.1509,2.1509,0.0125,-1.00704,2.81904,0.00069,-0.0042,240.0,15.104
493,16.4791,Evening 21:00,simulation,0.3,1,-0.0,-0.00704,4.15089,2.15089,-0.0,-1.00704,2.81903,0.0,-0.0,240.0,15.098
494,16.5125,Evening 21:00,simulation,0.3,1,-0.025,-0.00704,4.15096,2.15096,-0.025,-1.00704,2.81907,-0.00139,0.0084,240.0,15.102
495,16.546,Evening 21:00,simulation,0.3,0,0.0,0.0,0.0,0.0,0.0,0.0,0.0,0.0,0.0,0.0,15.114
496,16.5794,Evening 21:00,simulation,0.3,1,-0.07292,-0.00667,4.38348,2.38348,-0.07292,-1.00667,3.13744,0.00016,-0.18451,225.0,15.11
497,16.6128,Evening 21:00,simulation,0.3,1,-0.08753,-0.00704,4.1518,2.1518,-0.08753,-1.00704,2.81954,-0.00485,0.02939,240.0,15.098
498,16.6462,Evening 21:00,simulation,0.3,1,-0.11255,-0.00704,4.15241,2.15241,-0.11255,-1.00704,2.81988,-0.00623,0.03778,240.0,15.102
499,16.6797,Evening 21:00,simulation,0.3,0,0.0,0.0,0.0,0.0,0.0,0.0,0.0,0.0,0.0,0.0,15.115
500,16.7131,Evening 21:00,simulation,0.3,1,-0.16534,-0.00667,4.38313,2.38313,-0.16534,-1.00667,3.1386,0.00015,-0.1597,225.0,15.111
501,16.7465,Evening 21:00,simulation,0.3,1,-0.17518,-0.00704,4.15456,2.15456,-0.17518,-1.00704,2.82111,-0.00965,0.05878,240.0,15.1
502,16.7799,Evening 21:00,simulation,0.3,1,-0.20026,-0.00704,4.15569,2.15569,-0.20026,-1.00704,2.82175,-0.011,0.06718,240.0,15.102
503,16.8134,Evening 21:00,simulation,0.3,0,0.0,0.0,0.0,0.0,0.0,0.0,0.0,0.0,0.0,0.0,15.116
504,16.8468,Evening 21:00,simulation,0.3,1,-0.25775,-0.00667,4.38283,2.38283,-0.25775,-1.00667,3.1394,0.00015,-0.13916,225.0,15.11
505,16.8802,Evening 21:00,simulation,0.3,1,-0.26306,-0.00704,4.15916,2.15916,-0.26306,-1.00704,2.82374,-0.01432,0.08818,240.0,15.1
506,16.9136,Evening 21:00,simulation,0.3,1,-0.28822,-0.00704,4.16081,2.16081,-0.28822,-1.00704,2.82469,-0.01563,0.09658,240.0,15.101
507,16.9471,Evening 21:00,simulation,0.3,0,0.0,0.0,0.0,0.0,0.0,0.0,0.0,0.0,0.0,0.0,15.115
508,16.9805,Evening 21:00,simulation,0.3,1,-0.33562,-0.0059,4.2487,2.2487,-0.33562,-1.0059,-2.86984,-0.03768,-0.30281,232.5,15.105
509,17.0139,Evening 21:00,simulation,0.3,1,-0.35128,-0.00563,4.16561,2.16561,-0.35128,-1.00563,3.45309,0.02299,0.14503,240.0,15.098
510,17.0474,Evening 21:00,simulation,0.3,1,-0.37657,-0.00564,4.16778,2.16778,-0.37657,-1.00564,3.45099,0.02448,0.15524,240.0,15.101
511,17.0808,Evening 21:00,simulation,0.3,0,0.0,0.0,0.0,0.0,0.0,0.0,0.0,0.0,0.0,0.0,15.111
512,17.1142,Evening 21:00,simulation,0.3,1,-0.41458,-0.00565,4.17131,2.17131,-0.41458,-1.00565,3.44755,0.02666,0.1705,240.0,15.101
513,17.1476,Evening 21:00,simulation,0.3,1,-0.43997,-0.00566,4.17385,2.17385,-0.43997,-1.00566,3.44507,0.02807,0.18063,240.0,15.095
514,17.1811,Evening 21:00,simulation,0.3,1,-0.47152,-0.00703,4.25723,2.25723,-0.47152,-1.00703,2.89605,0.00383,-0.04233,232.5,15.1
515,17.2145,Evening 21:00,simulation,0.3,0,0.0,0.0,0.0,0.0,0.0,0.0,0.0,0.0,0.0,0.0,15.11
516,17.2479,Evening 21:00,simulation,0.3,1,-0.50367,-0.00568,4.18085,2.18085,-0.50367,-1.00568,3.43819,0.03143,0.20579,240.0,15.099
517,17.2813,Evening 21:00,simulation,0.3,0,0.0,0.0,0.0,0.0,0.0,0.0,0.0,0.0,0.0,0.0,15.093
518,17.3148,Evening 21:00,simulation,0.3,1,-0.5624,-0.00595,4.26566,2.26566,-0.5624,-1.00595,-2.90125,0.00054,0.01793,232.5,15.101
519,17.3482,Evening 21:00,simulation,0.3,0,0.0,0.0,0.0,0.0,0.0,0.0,0.0,0.0,0.0,0.0,15.11
520,17.3816,Evening 21:00,simulation,0.3,1,-0.59342,-0.00572,4.19219,2.19219,-0.59342,-1.00572,3.42687,0.03567,0.24057,240.0,15.098
521,17.415,Evening 21:00,simulation,0.3,0,0.0,0.0,0.0,0.0,0.0,0.0,0.0,0.0,0.0,0.0,15.092
522,17.4485,Evening 21:00,simulation,0.3,1,-0.65369,-0.00598,4.27446,2.27446,-0.65369,-1.00598,-2.91,-0.00213,-0.00315,232.5,15.101
523,17.4819,Evening 21:00,simulation,0.3,0,0.0,0.0,0.0,0.0,0.0,0.0,0.0,0.0,0.0,0.0,15.108
524,17.5153,Evening 21:00,simulation,0.3,1,-0.68394,-0.00577,4.20532,2.20532,-0.68394,-1.00577,3.41351,0.03927,0.27471,240.0,15.097
525,17.5487,Evening 21:00,simulation,0.3,0,0.0,0.0,0.0,0.0,0.0,0.0,0.0,0.0,0.0,0.0,15.09
526,17.5822,Evening 21:00,simulation,0.3,1,-0.74549,-0.00602,4.28401,2.28401,-0.74549,-1.00602,-2.9198,-0.00439,-0.02213,232.5,15.099
527,17.6156,Evening 21:00,simulation,0.3,1,-0.78579,-0.00667,4.3819,2.3819,-0.78579,-1.00667,3.14104,0.0001,-0.07384,225.0,15.106
528,17.649,Evening 21:00,simulation,0.3,1,-0.77534,-0.00582,4.22021,2.22021,-0.77534,-1.00582,3.39794,0.04212,0.30808,240.0,15.095
529,17.6825,Evening 21:00,simulation,0.3,0,0.0,0.0,0.0,0.0,0.0,0.0,0.0,0.0,0.0,0.0,15.089
530,17.7159,Evening 21:00,simulation,0.3,0,0.0,0.0,0.0,0.0,0.0,0.0,0.0,0.0,0.0,0.0,15.098
531,17.7493,Evening 21:00,simulation,0.3,1,-0.87821,-0.00667,4.38183,2.38183,-0.87821,-1.00667,3.14113,9e-05,-0.0677,225.0,15.104
532,17.7827,Evening 21:00,simulation,0.3,1,-0.89258,-0.00661,4.35739,2.35739,-0.89258,-1.00661,3.13443,0.00105,0.31895,240.0,15.092
533,17.8162,Evening 21:00,simulation,0.3,0,0.0,0.0,0.0,0.0,0.0,0.0,0.0,0.0,0.0,0.0,15.088
534,17.8496,Evening 21:00,simulation,0.3,0,0.0,0.0,0.0,0.0,0.0,0.0,0.0,0.0,0.0,0.0,15.096
535,17.883,Evening 21:00,simulation,0.3,1,-0.97062,-0.00667,4.38177,2.38177,-0.97062,-1.00667,3.1412,9e-05,-0.06242,225.0,15.097
536,17.9164,Evening 21:00,simulation,0.3,1,-0.96121,-0.00594,4.25524,2.25524,-0.96121,-1.00594,3.35924,0.04495,0.37188,240.0,15.087
537,17.9499,Evening 21:00,simulation,0.3,0,0.0,0.0,0.0,0.0,0.0,0.0,0.0,0.0,0.0,0.0,15.084
538,17.9833,Evening 21:00,simulation,0.3,0,0.0,0.0,0.0,0.0,0.0,0.0,0.0,0.0,0.0,0.0,15.097
539,18.0167,Evening 21:00,simulation,0.3,1,-1.06303,-0.00667,4.38173,2.38173,-1.06303,-1.00667,3.14126,8e-05,-0.05785,225.0,15.095
540,18.0501,Evening 21:00,simulation,0.3,1,-1.07457,-0.00654,4.35054,2.35054,-1.07457,-1.00654,3.15741,0.00643,0.37222,240.0,15.087
541,18.0836,Evening 21:00,simulation,0.3,1,-1.10081,-0.00655,4.35077,2.35077,-1.10081,-1.00655,3.15351,0.00632,0.38907,240.0,15.083
542,18.117,Evening 21:00,simulation,0.3,0,0.0,0.0,0.0,0.0,0.0,0.0,0.0,0.0,0.0,0.0,15.095
543,18.1504,Evening 21:00,simulation,0.3,1,-1.15544,-0.00667,4.38169,2.38169,-1.15544,-1.00667,3.14131,8e-05,-0.05386,225.0,15.093
544,18.1838,Evening 21:00,simulation,0.3,1,-1.1665,-0.00657,4.35141,2.35141,-1.1665,-1.00657,3.13974,0.00417,0.39788,240.0,15.083
545,18.2173,Evening 21:00,simulation,0.3,1,-1.19273,-0.00656,4.35147,2.35147,-1.19273,-1.00656,3.14586,0.00574,0.40405,240.0,15.083
546,18.2507,Evening 21:00,simulation,0.3,0,0.0,0.0,0.0,0.0,0.0,0.0,0.0,0.0,0.0,0.0,15.094
547,18.2841,Evening 21:00,simulation,0.3,1,-1.24786,-0.00667,4.38165,2.38165,-1.24786,-1.00667,3.14134,7e-05,-0.05036,225.0,15.096
548,18.3175,Evening 21:00,simulation,0.3,1,-1.2645,-0.00663,4.37295,2.37295,-1.2645,-1.00663,3.12314,0.00185,0.42023,240.0,15.084
549,18.351,Evening 21:00,simulation,0.3,1,-1.29114,-0.00664,4.37403,2.37403,-1.29114,-1.00664,3.11974,0.00169,0.43717,240.0,15.084
550,18.3844,Evening 21:00,simulation,0.3,0,0.0,0.0,0.0,0.0,0.0,0.0,0.0,0.0,0.0,0.0,15.092
551,18.4178,Evening 21:00,simulation,0.3,1,-1.34028,-0.00667,4.38163,2.38163,-1.34028,-1.00667,3.14137,7e-05,-0.04726,225.0,15.09
552,18.4513,Evening 21:00,simulation,0.3,1,-1.34818,-0.00634,4.3457,2.3457,-1.34818,-1.00634,3.2308,0.0303,0.4695,240.0,15.081
553,18.4847,Evening 21:00,simulation,0.3,1,-1.37674,-0.00638,4.3532,2.3532,-1.37674,-1.00638,3.21524,0.02685,0.4697,240.0,15.08
554,18.5181,Evening 21:00,simulation,0.3,0,0.0,0.0,0.0,0.0,0.0,0.0,0.0,0.0,0.0,0.0,15.091
555,18.5515,Evening 21:00,simulation,0.3,1,-1.43269,-0.00667,4.3816,2.3816,-1.43269,-1.00667,3.1414,7e-05,-0.0445,225.0,15.09
556,18.585,Evening 21:00,simulation,0.3,1,-1.44813,-0.00674,4.37052,2.37052,-1.44813,-1.00674,3.07605,-0.00995,0.41156,240.0,15.08
557,18.6184,Evening 21:00,simulation,0.3,1,-1.47559,-0.00668,4.37377,2.37377,-1.47559,-1.00668,3.10509,-0.00319,0.3977,240.0,15.08
558,18.6518,Evening 21:00,simulation,0.3,1,-1.39886,-0.0125,4.10777,2.10777,-1.39886,-1.0125,3.14153,0.00013,-0.04284,256.0,15.066
559,18.6852,Evening 21:00,simulation,0.3,1,-1.48842,-0.03334,4.37268,2.37268,-1.48842,-1.03334,3.08597,-0.00972,0.38342,240.0,15.068
560,18.7187,Evening 21:00,simulation,0.3,1,-1.48737,-0.05994,4.36956,2.36956,-1.48737,-1.05994,3.07316,-0.01438,0.37243,240.0,15.071
561,18.7521,Evening 21:00,simulation,0.3,1,-1.39889,-0.075,4.10786,2.10786,-1.39889,-1.075,3.14265,0.00075,-0.04276,256.0,15.063
562,18.7855,Evening 21:00,simulation,0.3,1,-1.39892,-0.1,4.10793,2.10793,-1.39892,-1.1,3.14309,0.001,-0.04269,256.0,15.06
563,18.8189,Evening 21:00,simulation,0.3,1,-1.48439,-0.12621,4.36069,2.36069,-1.48439,-1.12621,3.0574,-0.0216,0.34229,240.0,15.071
564,18.8524,Evening 21:00,simulation,0.3,1,-1.48317,-0.15264,4.35705,2.35705,-1.48317,-1.15264,3.05372,-0.02367,0.33096,240.0,15.077
565,18.8858,Evening 21:00,simulation,0.3,1,-1.48195,-0.17901,4.35342,2.35342,-1.48195,-1.17901,3.05081,-0.02547,0.32026,240.0,15.069
566,18.9192,Evening 21:00,simulation,0.3,1,-1.39906,-0.18753,4.10836,2.10836,-1.39906,-1.18753,3.14463,0.00186,-0.04227,256.0,15.069
567,18.9526,Evening 21:00,simulation,0.3,1,-1.48014,-0.2185,4.34804,2.34804,-1.48014,-1.2185,3.04743,-0.02778,0.30534,240.0,15.076
568,18.9861,Evening 21:00,simulation,0.3,1,-1.47895,-0.24477,4.34451,2.34451,-1.47895,-1.24477,3.04568,-0.02912,0.29607,240.0,15.082
569,19.0195,Evening 21:00,simulation,0.3,1,-1.39922,-0.25006,4.10882,2.10882,-1.39922,-1.25006,3.1457,0.00245,-0.04182,256.0,15.072
570,19.0529,Evening 21:00,simulation,0.3,1,-1.39929,-0.27509,4.10903,2.10903,-1.39929,-1.27509,3.14612,0.00268,-0.04161,256.0,15.07
571,19.0864,Evening 21:00,simulation,0.3,0,0.0,0.0,0.0,0.0,0.0,0.0,0.0,0.0,0.0,0.0,15.076
572,19.1198,Evening 21:00,simulation,0.3,1,-1.47491,-0.3364,4.33253,2.33253,-1.47491,-1.3364,3.04158,-0.03287,0.26729,240.0,15.081
573,19.1532,Evening 21:00,simulation,0.3,1,-1.3995,-0.33766,4.10965,2.10965,-1.3995,-1.33766,3.14713,0.00325,-0.04098,256.0,15.073
574,19.1866,Evening 21:00,simulation,0.3,1,-1.39959,-0.36269,4.10992,2.10992,-1.39959,-1.36269,3.14753,0.00346,-0.0407,256.0,15.074
575,19.2201,Evening 21:00,simulation,0.3,1,-1.47217,-0.40158,4.32439,2.32439,-1.47217,-1.40158,3.03996,-0.03488,0.24955,240.0,15.081
576,19.2535,Evening 21:00,simulation,0.3,1,-1.4711,-0.42759,4.32123,2.32123,-1.4711,-1.42759,3.03952,-0.03556,0.243,240.0,15.086
577,19.2869,Evening 21:00,simulation,0.3,1,-1.39985,-0.4253,4.11068,2.11068,-1.39985,-1.4253,3.14847,0.00399,-0.03993,256.0,15.076
578,19.3203,Evening 21:00,simulation,0.3,1,-1.39996,-0.45036,4.11101,2.11101,-1.39996,-1.45036,3.14884,0.00419,-0.0396,256.0,15.074
579,19.3538,Evening 21:00,simulation,0.3,1,-1.46852,-0.49247,4.31358,2.31358,-1.46852,-1.49247,3.03884,-0.03704,0.22778,240.0,15.081
580,19.3872,Evening 21:00,simulation,0.3,1,-1.46752,-0.51837,4.31062,2.31062,-1.46752,-1.51837,3.03871,-0.03754,0.2221,240.0,15.085
581,19.4206,Evening 21:00,simulation,0.3,1,-1.40026,-0.51302,4.11189,2.11189,-1.40026,-1.51302,3.14971,0.00466,-0.0387,256.0,15.077
582,19.454,Evening 21:00,simulation,0.3,1,-1.40038,-0.53809,4.11226,2.11226,-1.40038,-1.53809,3.15004,0.00484,-0.03832,256.0,15.075
583,19.4875,Evening 21:00,simulation,0.3,1,-1.40038,-0.53809,4.11226,2.11226,-1.40038,-1.53809,3.15004,0.00484,-0.03832,256.0,15.075
584,19.5209,Evening 21:00,simulation,0.3,0,0.0,0.0,0.0,0.0,0.0,0.0,0.0,0.0,0.0,0.0,15.085
585,19.5543,Evening 21:00,simulation,0.3,1,-1.40071,-0.6008,4.11323,2.11323,-1.40071,-1.6008,3.15082,0.00527,-0.03732,256.0,15.077
586,19.5877,Evening 21:00,simulation,0.3,1,-1.40085,-0.6259,4.11363,2.11363,-1.40085,-1.6259,3.15112,0.00543,-0.0369,256.0,15.077
587,19.6212,Evening 21:00,simulation,0.3,0,0.0,0.0,0.0,0.0,0.0,0.0,0.0,0.0,0.0,0.0,15.085
588,19.6546,Evening 21:00,simulation,0.3,1,-1.46102,-0.69889,4.29138,2.29138,-1.46102,-1.69889,3.03931,-0.03999,0.18778,240.0,15.085
589,19.688,Evening 21:00,simulation,0.3,1,-1.40121,-0.68866,4.11468,2.11468,-1.40121,-1.68866,3.15181,0.0058,-0.03583,256.0,15.077
590,19.7214,Evening 21:00,simulation,0.3,1,-1.40135,-0.71378,4.11511,2.11511,-1.40135,-1.71378,3.15206,0.00594,-0.03538,256.0,15.076
591,19.7549,Evening 21:00,simulation,0.3,1,-1.45891,-0.76307,4.28512,2.28512,-1.45891,-1.76307,3.03998,-0.04052,0.1774,240.0,15.085
592,19.7883,Evening 21:00,simulation,0.3,1,-1.45809,-0.78871,4.2827,2.2827,-1.45809,-1.78871,3.04029,-0.04069,0.17348,240.0,15.084
593,19.8217,Evening 21:00,simulation,0.3,1,-1.40172,-0.7766,4.1162,2.1162,-1.40172,-1.7766,3.15266,0.00626,-0.03425,256.0,15.077
594,19.8552,Evening 21:00,simulation,0.3,1,-1.40187,-0.80174,4.11664,2.11664,-1.40187,-1.80174,3.15288,0.00638,-0.03379,256.0,15.076
595,19.8886,Evening 21:00,simulation,0.3,1,-1.45612,-0.85271,4.27686,2.27686,-1.45612,-1.85271,3.04118,-0.04102,0.16419,240.0,15.085
596,19.922,Evening 21:00,simulation,0.3,0,0.0,0.0,0.0,0.0,0.0,0.0,0.0,0.0,0.0,0.0,15.083
597,19.9554,Evening 21:00,simulation,0.3,1,-1.40225,-0.86461,4.11775,2.11775,-1.40225,-1.86461,3.15339,0.00665,-0.03263,256.0,15.076
598,19.9889,Evening 21:00,simulation,0.3,1,-1.4024,-0.88977,4.1182,2.1182,-1.4024,-1.88977,3.15357,0.00674,-0.03216,256.0,15.076
599,20.0223,Evening 21:00,simulation,0.3,0,0.0,0.0,0.0,0.0,0.0,0.0,0.0,0.0,0.0,0.0,15.086
600,20.0557,Evening 21:00,simulation,0.3,1,-1.4528,-0.96762,4.26705,2.26705,-1.4528,-1.96762,3.04305,-0.04135,0.14915,240.0,15.083
601,20.0891,Evening 21:00,simulation,0.3,1,-1.40278,-0.95268,4.11932,2.11932,-1.40278,-1.95268,3.15399,0.00696,-0.03099,256.0,15.075
602,20.1226,Evening 21:00,simulation,0.3,1,-1.40293,-0.97786,4.11977,2.11977,-1.40293,-1.97786,3.15414,0.00704,-0.03052,256.0,15.077
603,20.156,Evening 21:00,simulation,0.3,1,-1.45108,-1.03131,4.26197,2.26197,-1.45108,-2.03131,3.0442,-0.0414,0.14161,240.0,15.085
604,20.1894,Evening 21:00,simulation,0.3,1,-1.45108,-1.03131,4.26197,2.26197,-1.45108,-2.03131,3.0442,-0.0414,0.14161,240.0,15.085
605,20.2228,Evening 21:00,simulation,0.3,1,-1.45042,-1.05677,4.26001,2.26001,-1.45042,-2.05677,3.04468,-0.0414,0.13874,240.0,15.082
606,20.2563,Evening 21:00,simulation,0.3,1,-1.40345,-1.06602,4.12131,2.12131,-1.40345,-2.06602,3.15459,0.00727,-0.0289,256.0,15.076
607,20.2897,Evening 21:00,simulation,0.3,0,0.0,0.0,0.0,0.0,0.0,0.0,0.0,0.0,0.0,0.0,15.084
608,20.3231,Evening 21:00,simulation,0.3,1,-1.4482,-1.14574,4.25345,2.25345,-1.4482,-2.14574,3.04642,-0.04131,0.1293,240.0,15.08
609,20.3565,Evening 21:00,simulation,0.3,1,-1.40382,-1.12903,4.1224,2.1224,-1.40382,-2.12903,3.15485,0.0074,-0.02775,256.0,15.073
610,20.39,Evening 21:00,simulation,0.3,1,-1.40397,-1.15424,4.12282,2.12282,-1.40397,-2.15424,3.15494,0.00745,-0.0273,256.0,15.075
611,20.4234,Evening 21:00,simulation,0.3,1,-1.44671,-1.20921,4.24904,2.24904,-1.44671,-2.20921,3.0477,-0.04118,0.12308,240.0,15.082
612,20.4568,Evening 21:00,simulation,0.3,1,-1.44613,-1.23457,4.24734,2.24734,-1.44613,-2.23457,3.04823,-0.04111,0.12071,240.0,15.077
613,20.4903,Evening 21:00,simulation,0.3,1,-1.40432,-1.21728,4.12387,2.12387,-1.40432,-2.21728,3.15513,0.00754,-0.02619,256.0,15.071
614,20.5237,Evening 21:00,simulation,0.3,1,-1.40446,-1.2425,4.12428,2.12428,-1.40446,-2.2425,3.1552,0.00757,-0.02576,256.0,15.075
615,20.5571,Evening 21:00,simulation,0.3,1,-1.44474,-1.29794,4.24323,2.24323,-1.44474,-2.29794,3.04954,-0.04091,0.11504,240.0,15.082
616,20.5905,Evening 21:00,simulation,0.3,1,-1.4442,-1.32327,4.24164,2.24164,-1.4442,-2.32327,3.05007,-0.04082,0.11287,240.0,15.075
617,20.624,Evening 21:00,simulation,0.3,1,-1.4048,-1.30557,4.12529,2.12529,-1.4048,-2.30557,3.15533,0.00763,-0.02469,256.0,15.069
618,20.6574,Evening 21:00,simulation,0.3,1,-1.44342,-1.36125,4.23932,2.23932,-1.44342,-2.36125,3.05087,-0.04067,0.10972,240.0,15.074
619,20.6908,Evening 21:00,simulation,0.3,1,-1.44291,-1.38655,4.23782,2.23782,-1.44291,-2.38655,3.05141,-0.04056,0.10769,240.0,15.08
620,20.7242,Evening 21:00,simulation,0.3,1,-1.44241,-1.41185,4.23634,2.23634,-1.44241,-2.41185,3.05194,-0.04045,0.10571,240.0,15.074
621,20.7577,Evening 21:00,simulation,0.3,1,-1.40526,-1.3939,4.12663,2.12663,-1.40526,-2.3939,3.15545,0.00768,-0.02326,256.0,15.067
622,20.7911,Evening 21:00,simulation,0.3,1,-1.44168,-1.44979,4.23418,2.23418,-1.44168,-2.44979,3.05275,-0.04027,0.10282,240.0,15.073
623,20.8245,Evening 21:00,simulation,0.3,1,-1.42972,-1.46256,4.21647,2.21647,-1.42972,-2.46256,3.22221,0.05692,-0.1904,240.0,15.074
624,20.8579,Evening 21:00,simulation,0.3,1,-1.38069,-1.43189,4.12753,2.12753,-1.38069,-2.43189,3.15573,0.00769,-0.02268,256.0,15.068
625,20.8914,Evening 21:00,simulation,0.3,1,-1.35638,-1.43246,4.12401,2.12401,-1.35638,-2.43246,-2.27226,0.00613,-0.88543,240.0,15.074
626,20.9248,Evening 21:00,simulation,0.3,1,-1.36757,-1.46402,4.22071,2.22071,-1.36757,-2.46402,3.226,0.05745,-0.19359,240.0,15.083
627,20.9582,Evening 21:00,simulation,0.3,1,-1.35206,-1.47211,4.24681,2.24681,-1.35206,-2.47211,-2.48342,0.04664,-0.80742,248.0,15.077
628,20.9916,Evening 21:00,simulation,0.3,1,-1.29401,-1.43232,4.12879,2.12879,-1.29401,-2.43232,3.15664,0.00768,-0.02269,256.0,15.073
629,21.0251,Evening 21:00,simulation,0.3,1,-1.2686,-1.42847,4.12142,2.12142,-1.2686,-2.42847,-2.36191,0.00367,-0.87311,248.0,15.079
630,21.0585,Evening 21:00,simulation,0.3,1,-1.28044,-1.46618,4.22697,2.22697,-1.28044,-2.46618,3.23171,0.05816,-0.19816,240.0,15.089
631,21.0919,Evening 21:00,simulation,0.3,1,-1.26453,-1.4739,4.23927,2.23927,-1.26453,-2.4739,-3.13674,-0.00349,-0.12835,248.0,15.081
632,21.1253,Evening 21:00,simulation,0.3,1,-1.20731,-1.43278,4.13012,2.13012,-1.20731,-2.43278,3.15761,0.00763,-0.02259,256.0,15.077
633,21.1588,Evening 21:00,simulation,0.3,1,-1.18283,-1.4298,4.12529,2.12529,-1.18283,-2.4298,-2.37613,0.00471,-0.83059,248.0,15.084
634,21.1922,Evening 21:00,simulation,0.3,1,-1.19316,-1.46848,4.23364,2.23364,-1.19316,-2.46848,3.23797,0.05879,-0.20281,240.0,15.093
635,21.2256,Evening 21:00,simulation,0.3,1,-1.17346,-1.47186,4.23337,2.23337,-1.17346,-2.47186,-3.14088,-0.00199,-0.13151,248.0,15.085
636,21.2591,Evening 21:00,simulation,0.3,1,-1.12056,-1.43327,4.13153,2.13153,-1.12056,-2.43327,3.15865,0.00755,-0.02238,256.0,15.082
637,21.2925,Evening 21:00,simulation,0.3,1,-1.09701,-1.43128,4.12957,2.12957,-1.09701,-2.43128,-2.3902,0.00574,-0.78754,248.0,15.088
638,21.3259,Evening 21:00,simulation,0.3,1,-1.1057,-1.47092,4.24074,2.24074,-1.1057,-2.47092,3.24484,0.05935,-0.20753,240.0,15.095
639,21.3593,Evening 21:00,simulation,0.3,0,0.0,0.0,0.0,0.0,0.0,0.0,0.0,0.0,0.0,0.0,15.087
640,21.3928,Evening 21:00,simulation,0.3,1,-1.03378,-1.43378,4.13301,2.13301,-1.03378,-2.43378,3.15974,0.00742,-0.02203,256.0,15.084
641,21.4262,Evening 21:00,simulation,0.3,1,-1.04312,-1.47276,4.24608,2.24608,-1.04312,-2.47276,3.25017,0.05969,-0.21095,240.0,15.092
642,21.4596,Evening 21:00,simulation,0.3,1,-1.01806,-1.47352,4.24828,2.24828,-1.01806,-2.47352,3.25242,0.05981,-0.21233,240.0,15.099
643,21.493,Evening 21:00,simulation,0.3,1,-0.99165,-1.46714,4.21974,2.21974,-0.99165,-2.46714,-3.15034,0.00055,-0.13628,248.0,15.089
644,21.5265,Evening 21:00,simulation,0.3,1,-0.94695,-1.43431,4.13455,2.13455,-0.94695,-2.43431,3.16088,0.00723,-0.02152,256.0,15.088
645,21.5599,Evening 21:00,simulation,0.3,1,-0.95533,-1.47548,4.25396,2.25396,-0.95533,-2.47548,3.25831,0.06007,-0.21579,240.0,15.096
646,21.5933,Evening 21:00,simulation,0.3,1,-0.9302,-1.47628,4.2563,2.2563,-0.9302,-2.47628,3.26079,0.06015,-0.21718,240.0,15.103
647,21.6267,Evening 21:00,simulation,0.3,1,-0.8849,-1.4347,4.13569,2.13569,-0.8849,-2.4347,3.16172,0.00706,-0.02104,256.0,15.093
648,21.6602,Evening 21:00,simulation,0.3,1,-0.86007,-1.43486,4.13615,2.13615,-0.86007,-2.43486,3.16207,0.00698,-0.02081,256.0,15.09
649,21.6936,Evening 21:00,simulation,0.3,1,-0.8673,-1.47835,4.26232,2.26232,-0.8673,-2.47835,3.26733,0.0603,-0.22068,240.0,15.099
650,21.727,Evening 21:00,simulation,0.3,1,-0.8421,-1.4792,4.26479,2.26479,-0.8421,-2.4792,3.27008,0.06034,-0.22208,240.0,15.106
651,21.7604,Evening 21:00,simulation,0.3,1,-0.79797,-1.43526,4.13731,2.13731,-0.79797,-2.43526,3.16294,0.00676,-0.02018,256.0,15.095
652,21.7939,Evening 21:00,simulation,0.3,1,-0.77312,-1.43542,4.13778,2.13778,-0.77312,-2.43542,3.16329,0.00666,-0.01989,256.0,15.094
653,21.8273,Evening 21:00,simulation,0.3,1,-0.77901,-1.4814,4.27116,2.27116,-0.77901,-2.4814,3.27737,0.06038,-0.22561,240.0,15.103
654,21.8607,Evening 21:00,simulation,0.3,1,-0.75373,-1.4823,4.27378,2.27378,-0.75373,-2.4823,3.28046,0.06036,-0.22702,240.0,15.108
655,21.8942,Evening 21:00,simulation,0.3,1,-0.71097,-1.43583,4.13895,2.13895,-0.71097,-2.43583,3.16417,0.00638,-0.01908,256.0,15.097
656,21.9276,Evening 21:00,simulation,0.3,1,-0.68611,-1.43599,4.13942,2.13942,-0.68611,-2.43599,3.16452,0.00625,-0.01872,256.0,15.097
657,21.961,Evening 21:00,simulation,0.3,1,-0.69042,-1.48461,4.2805,2.2805,-0.69042,-2.48461,3.28863,0.06025,-0.23057,240.0,15.11
658,21.9944,Evening 21:00,simulation,0.3,1,-0.66505,-1.48555,4.28326,2.28326,-0.66505,-2.48555,3.2921,0.06018,-0.232,240.0,15.109
659,22.0279,Evening 21:00,simulation,0.3,1,-0.62391,-1.43639,4.14058,2.14058,-0.62391,-2.43639,3.16539,0.00591,-0.01771,256.0,15.098
660,22.0613,Evening 21:00,simulation,0.3,1,-0.59902,-1.43655,4.14104,2.14104,-0.59902,-2.43655,3.16574,0.00576,-0.01727,256.0,15.1
661,22.0947,Evening 21:00,simulation,0.3,1,-0.6015,-1.48798,4.29031,2.29031,-0.6015,-2.48798,3.30132,0.0599,-0.2356,240.0,15.112
662,22.1281,Evening 21:00,simulation,0.3,1,-0.57603,-1.48897,4.2932,2.2932,-0.57603,-2.48897,3.30525,0.05975,-0.23705,240.0,15.111
663,22.1616,Evening 21:00,simulation,0.3,1,-0.53677,-1.43694,4.14216,2.14216,-0.53677,-2.43694,3.16659,0.00534,-0.01606,256.0,15.1
664,22.195,Evening 21:00,simulation,0.3,1,-0.51186,-1.43709,4.1426,2.1426,-0.51186,-2.43709,3.16692,0.00517,-0.01553,256.0,15.102
665,22.2284,Evening 21:00,simulation,0.3,1,-0.51223,-1.4915,4.30056,2.30056,-0.51223,-2.4915,3.31574,0.05928,-0.24075,240.0,15.113
666,22.2618,Evening 21:00,simulation,0.3,1,-0.48665,-1.49253,4.30356,2.30356,-0.48665,-2.49253,3.32023,0.05904,-0.24226,240.0,15.111
667,22.2953,Evening 21:00,simulation,0.3,1,-0.44955,-1.43745,4.14365,2.14365,-0.44955,-2.43745,3.16772,0.00468,-0.0141,256.0,15.101
668,22.3287,Evening 21:00,simulation,0.3,1,-0.42461,-1.43759,4.14405,2.14405,-0.42461,-2.43759,3.16802,0.00448,-0.01348,256.0,15.103
669,22.3621,Evening 21:00,simulation,0.3,1,-0.42255,-1.49513,4.31115,2.31115,-0.42255,-2.49513,3.33228,0.05835,-0.24619,240.0,15.116
670,22.3955,Evening 21:00,simulation,0.3,1,-0.39685,-1.49618,4.31421,2.31421,-0.39685,-2.49618,3.33747,0.05803,-0.24785,240.0,15.11
671,22.429,Evening 21:00,simulation,0.3,1,-0.36225,-1.43791,4.14498,2.14498,-0.36225,-2.43791,3.16874,0.00393,-0.01184,256.0,15.102
672,22.4624,Evening 21:00,simulation,0.3,1,-0.3373,-1.43803,4.14533,2.14533,-0.3373,-2.43803,3.16901,0.00369,-0.01114,256.0,15.104
673,22.4958,Evening 21:00,simulation,0.3,1,-0.33244,-1.49881,4.32187,2.32187,-0.33244,-2.49881,3.35146,0.05711,-0.25233,240.0,15.118
674,22.5292,Evening 21:00,simulation,0.3,1,-0.30661,-1.49985,4.32492,2.32492,-0.30661,-2.49985,3.35751,0.0567,-0.25432,240.0,15.112
675,22.5627,Evening 21:00,simulation,0.3,1,-0.27489,-1.4383,4.14612,2.14612,-0.27489,-2.4383,3.16961,0.00308,-0.00929,256.0,15.102
676,22.5961,Evening 21:00,simulation,0.3,1,-0.24992,-1.4384,4.14639,2.14639,-0.24992,-2.4384,3.16982,0.00282,-0.00852,256.0,15.106
677,22.6295,Evening 21:00,simulation,0.3,1,-0.24186,-1.50238,4.33234,2.33234,-0.24186,-2.50238,3.37392,0.05559,-0.26011,240.0,15.118
678,22.663,Evening 21:00,simulation,0.3,1,-0.21589,-1.50335,4.33518,2.33518,-0.21589,-2.50335,3.38104,0.05513,-0.2629,240.0,15.112
679,22.6964,Evening 21:00,simulation,0.3,1,-0.18746,-1.4386,4.14699,2.14699,-0.18746,-2.4386,3.17028,0.00215,-0.0065,256.0,15.103
680,22.7298,Evening 21:00,simulation,0.3,1,-0.16248,-1.43867,4.14719,2.14719,-0.16248,-2.43867,3.17043,0.00187,-0.00567,256.0,15.107
681,22.7632,Evening 21:00,simulation,0.3,1,-0.15081,-1.50557,4.3417,2.3417,-0.15081,-2.50557,3.40033,0.054,-0.27179,240.0,15.119
682,22.7967,Evening 21:00,simulation,0.3,1,-0.12471,-1.50634,4.34397,2.34397,-0.12471,-2.50634,3.40865,0.0536,-0.27644,240.0,15.112
683,22.8301,Evening 21:00,simulation,0.3,1,-0.09999,-1.4388,4.14756,2.14756,-0.09999,-2.4388,3.17072,0.00117,-0.00352,256.0,15.104
684,22.8635,Evening 21:00,simulation,0.3,1,-0.07916,-1.46322,4.22155,2.22155,-0.07916,-2.46322,-2.5527,0.01116,-0.23673,248.0,15.108
685,22.8969,Evening 21:00,simulation,0.3,1,-0.05993,-1.52951,4.41096,2.41096,-0.05993,-2.52951,3.46807,0.01914,-0.09211,240.0,15.121
686,22.9304,Evening 21:00,simulation,0.3,1,-0.03332,-1.5299,4.41198,2.41198,-0.03332,-2.5299,3.46283,0.01316,-0.06715,240.0,15.111
687,22.9638,Evening 21:00,simulation,0.3,1,-0.0125,-1.43888,4.14779,2.14779,-0.0125,-2.43888,3.17089,0.00015,-0.00044,256.0,15.103
688,22.9972,Evening 21:00,simulation,0.3,1,0.00983,-1.46744,4.23367,2.23367,0.00983,-2.46744,-2.56753,0.00985,-0.18291,248.0,15.111
689,23.0306,Evening 21:00,simulation,0.3,1,0.03332,-1.5299,4.41198,2.41198,0.03332,-2.5299,3.46283,-0.01316,0.06715,240.0,15.119
690,23.0641,Evening 21:00,simulation,0.3,1,0.05993,-1.52951,4.41096,2.41096,0.05993,-2.52951,3.46807,-0.01914,0.09211,240.0,15.109
691,23.0975,Evening 21:00,simulation,0.3,0,0.0,0.0,0.0,0.0,0.0,0.0,0.0,0.0,0.0,0.0,15.128
692,23.1309,Evening 21:00,simulation,0.3,1,0.07319,-1.50158,4.40759,2.40759,0.07319,-2.50158,3.45444,-0.02343,0.11599,240.0,15.117
693,23.1643,Evening 21:00,simulation,0.3,1,0.0722,-1.44946,4.33212,2.33212,0.0722,-2.44946,3.41684,-0.05631,0.31935,240.0,15.12
694,23.1978,Evening 21:00,simulation,0.3,0,0.0,0.0,0.0,0.0,0.0,0.0,0.0,0.0,0.0,0.0,15.131
695,23.2312,Evening 21:00,simulation,0.3,0,0.0,0.0,0.0,0.0,0.0,0.0,0.0,0.0,0.0,0.0,15.127
696,23.2646,Evening 21:00,simulation,0.3,1,0.07193,-1.37752,4.31319,2.31319,0.07193,-2.37752,3.40374,-0.05915,0.35302,240.0,15.116
697,23.2981,Evening 21:00,simulation,0.3,1,0.07183,-1.34896,4.3058,2.3058,0.07183,-2.34896,3.39822,-0.05995,0.36523,240.0,15.121
698,23.3315,Evening 21:00,simulation,0.3,0,0.0,0.0,0.0,0.0,0.0,0.0,0.0,0.0,0.0,0.0,15.128
699,23.3649,Evening 21:00,simulation,0.3,0,0.0,0.0,0.0,0.0,0.0,0.0,0.0,0.0,0.0,0.0,15.122
700,23.3983,Evening 21:00,simulation,0.3,1,0.07157,-1.27811,4.28783,2.28783,0.07157,-2.27811,3.38391,-0.06125,0.39308,240.0,15.115
701,23.4318,Evening 21:00,simulation,0.3,1,0.07148,-1.2503,4.28191,2.28191,0.07148,-2.2503,3.37897,-0.06127,0.40159,240.0,15.121
702,23.4652,Evening 21:00,simulation,0.3,0,0.0,0.0,0.0,0.0,0.0,0.0,0.0,0.0,0.0,0.0,15.131
703,23.4986,Evening 21:00,simulation,0.3,1,0.07163,-1.21383,4.29089,2.29089,0.07163,-2.21383,3.35157,-0.0585,0.39705,240.0,15.122
704,23.532,Evening 21:00,simulation,0.3,1,0.07274,-1.21003,4.37097,2.37097,0.07274,-2.21003,3.35638,-0.03279,0.22047,240.0,15.116
705,23.5655,Evening 21:00,simulation,0.3,1,0.07275,-1.18377,4.37277,2.37277,0.07275,-2.18377,3.42733,-0.03217,0.21725,240.0,15.121
706,23.5989,Evening 21:00,simulation,0.3,0,0.0,0.0,0.0,0.0,0.0,0.0,0.0,0.0,0.0,0.0,15.131
707,23.6323,Evening 21:00,simulation,0.3,1,0.07098,-1.11115,4.24789,2.24789,0.07098,-2.11115,3.34797,-0.06102,0.44748,240.0,15.122
708,23.6657,Evening 21:00,simulation,0.3,1,0.07236,-1.10879,4.33852,2.33852,0.07236,-2.10879,3.27209,-0.04423,0.33614,240.0,15.117
709,23.6992,Evening 21:00,simulation,0.3,1,0.07089,-1.07767,4.30911,2.30911,0.07089,-2.07767,-2.72125,-0.0609,0.35062,232.5,15.123
710,23.7326,Evening 21:00,simulation,0.3,0,0.0,0.0,0.0,0.0,0.0,0.0,0.0,0.0,0.0,0.0,15.133
711,23.766,Evening 21:00,simulation,0.3,1,0.07224,-1.04073,4.32988,2.32988,0.07224,-2.04073,3.26461,-0.04369,0.35309,240.0,15.121
712,23.7994,Evening 21:00,simulation,0.3,1,0.0728,-1.02694,4.38405,2.38405,0.0728,-2.02694,3.36878,-0.01403,0.10603,240.0,15.118
713,23.8329,Evening 21:00,simulation,0.3,1,0.07062,-0.98265,4.29473,2.29473,0.07062,-1.98265,-2.74851,-0.06029,0.37222,232.5,15.124
714,23.8663,Evening 21:00,simulation,0.3,0,0.0,0.0,0.0,0.0,0.0,0.0,0.0,0.0,0.0,0.0,15.131
715,23.8997,Evening 21:00,simulation,0.3,1,0.07038,-0.92137,4.20735,2.20735,0.07038,-1.92137,3.30492,-0.0564,0.49429,240.0,15.121
716,23.9331,Evening 21:00,simulation,0.3,1,0.07199,-0.91815,4.31101,2.31101,0.07199,-1.91815,3.26165,-0.04315,0.39266,240.0,15.118
717,23.9666,Evening 21:00,simulation,0.3,1,0.07333,-0.92196,4.42334,2.42334,0.07333,-1.92196,3.19304,-0.0016,0.00884,225.0,15.124
718,24.0,Evening 21:00,simulation,0.3,0,0.0,0.0,0.0,0.0,0.0,0.0,0.0,0.0,0.0,0.0,15.132
719,24.0334,Evening 21:00,simulation,0.3,1,0.07012,-0.82828,4.18962,2.18962,0.07012,-1.82828,3.28332,-0.0528,0.51243,240.0,15.119
720,24.0669,Evening 21:00,simulation,0.3,1,0.07005,-0.80189,4.18488,2.18488,0.07005,-1.80189,3.27715,-0.05164,0.51706,240.0,15.118
721,24.1003,Evening 21:00,simulation,0.3,1,0.07332,-0.82762,4.42284,2.42284,0.07332,-1.82762,3.19997,-0.00193,0.01243,225.0,15.125
722,24.1337,Evening 21:00,simulation,0.3,0,0.0,0.0,0.0,0.0,0.0,0.0,0.0,0.0,0.0,0.0,15.132
723,24.1671,Evening 21:00,simulation,0.3,1,0.06988,-0.73626,4.17364,2.17364,0.06988,-1.73626,3.26177,-0.04852,0.52759,240.0,15.121
724,24.2006,Evening 21:00,simulation,0.3,1,0.06981,-0.71015,4.16939,2.16939,0.06981,-1.71015,3.25564,-0.0472,0.53141,240.0,15.118
725,24.234,Evening 21:00,simulation,0.3,1,0.07332,-0.73322,4.42185,2.42185,0.07332,-1.73322,3.20876,-0.0025,0.01946,225.0,15.125
726,24.2674,Evening 21:00,simulation,0.3,0,0.0,0.0,0.0,0.0,0.0,0.0,0.0,0.0,0.0,0.0,15.132
727,24.3008,Evening 21:00,simulation,0.3,1,0.06966,-0.64519,4.15941,2.15941,0.06966,-1.64519,3.24034,-0.04369,0.54004,240.0,15.12
728,24.3343,Evening 21:00,simulation,0.3,1,0.06961,-0.61933,4.15567,2.15567,0.06961,-1.61933,3.23424,-0.04223,0.54313,240.0,15.118
729,24.3677,Evening 21:00,simulation,0.3,1,0.0733,-0.63866,4.41946,2.41946,0.0733,-1.63866,3.21846,-0.00369,0.03693,225.0,15.126
730,24.4011,Evening 21:00,simulation,0.3,0,0.0,0.0,0.0,0.0,0.0,0.0,0.0,0.0,0.0,0.0,15.129
731,24.4345,Evening 21:00,simulation,0.3,1,0.06948,-0.55497,4.14697,2.14697,0.06948,-1.55497,3.21906,-0.03841,0.55001,240.0,15.12
732,24.468,Evening 21:00,simulation,0.3,1,0.06943,-0.52933,4.14374,2.14374,0.06943,-1.52933,3.21301,-0.03683,0.55242,240.0,15.119
733,24.5014,Evening 21:00,simulation,0.3,1,0.07326,-0.54376,4.41347,2.41347,0.07326,-1.54376,3.22282,-0.00585,0.07736,225.0,15.131
734,24.5348,Evening 21:00,simulation,0.3,0,0.0,0.0,0.0,0.0,0.0,0.0,0.0,0.0,0.0,0.0,15.13
735,24.5682,Evening 21:00,simulation,0.3,1,0.06932,-0.46548,4.13633,2.13633,0.06932,-1.46548,3.19797,-0.03277,0.55767,240.0,15.121
736,24.6017,Evening 21:00,simulation,0.3,1,0.06928,-0.44003,4.13362,2.13362,0.06928,-1.44003,3.19198,-0.0311,0.55945,240.0,15.121
737,24.6351,Evening 21:00,simulation,0.3,0,0.0,0.0,0.0,0.0,0.0,0.0,0.0,0.0,0.0,0.0,15.134
738,24.6685,Evening 21:00,simulation,0.3,0,0.0,0.0,0.0,0.0,0.0,0.0,0.0,0.0,0.0,0.0,15.131
739,24.7019,Evening 21:00,simulation,0.3,1,0.06918,-0.37661,4.1275,2.1275,0.06918,-1.37661,3.17708,-0.02684,0.56316,240.0,15.121
740,24.7354,Evening 21:00,simulation,0.3,1,0.06915,-0.35131,4.12532,2.12532,0.06915,-1.35131,3.17116,-0.02511,0.56435,240.0,15.12
741,24.7688,Evening 21:00,simulation,0.3,0,0.0,0.0,0.0,0.0,0.0,0.0,0.0,0.0,0.0,0.0,15.132
742,24.8022,Evening 21:00,simulation,0.3,0,0.0,0.0,0.0,0.0,0.0,0.0,0.0,0.0,0.0,0.0,15.128
743,24.8357,Evening 21:00,simulation,0.3,1,0.06908,-0.28824,4.12051,2.12051,0.06908,-1.28824,3.15643,-0.02071,0.56661,240.0,15.117
744,24.8691,Evening 21:00,simulation,0.3,1,0.06905,-0.26307,4.11885,2.11885,0.06905,-1.26307,3.15057,-0.01893,0.56723,240.0,15.119
745,24.9025,Evening 21:00,simulation,0.3,0,0.0,0.0,0.0,0.0,0.0,0.0,0.0,0.0,0.0,0.0,15.127
746,24.9359,Evening 21:00,simulation,0.3,0,0.0,0.0,0.0,0.0,0.0,0.0,0.0,0.0,0.0,0.0,15.123
747,24.9694,Evening 21:00,simulation,0.3,1,0.069,-0.20027,4.11535,2.11535,0.069,-1.20027,3.13603,-0.01445,0.56811,240.0,15.112
748,25.0028,Evening 21:00,simulation,0.3,1,0.06898,-0.17518,4.11422,2.11422,0.06898,-1.17518,3.13025,-0.01265,0.56819,240.0,15.113
749,25.0362,Evening 21:00,simulation,0.3,0,0.0,0.0,0.0,0.0,0.0,0.0,0.0,0.0,0.0,0.0,15.125
750,25.0696,Evening 21:00,simulation,0.3,0,0.0,0.0,0.0,0.0,0.0,0.0,0.0,0.0,0.0,0.0,15.115
751,25.1031,Evening 21:00,simulation,0.3,1,0.06895,-0.11256,4.11204,2.11204,0.06895,-1.11256,3.1159,-0.00812,0.56773,240.0,15.105
752,25.1365,Evening 21:00,simulation,0.3,1,0.06894,-0.08753,4.11144,2.11144,0.06894,-1.08753,3.1102,-0.00631,0.56729,240.0,15.107
753,25.1699,Evening 21:00,simulation,0.3,0,0.0,0.0,0.0,0.0,0.0,0.0,0.0,0.0,0.0,0.0,15.115
754,25.2033,Evening 21:00,simulation,0.3,0,0.0,0.0,0.0,0.0,0.0,0.0,0.0,0.0,0.0,0.0,15.114
755,25.2368,Evening 21:00,simulation,0.3,1,0.06893,-0.025,4.11059,2.11059,0.06893,-1.025,3.09606,-0.0018,0.56554,240.0,15.104
756,25.2702,Evening 21:00,simulation,0.3,1,0.06893,-0.0,4.11051,2.11051,0.06893,-1.0,3.09044,-0.0,0.56459,240.0,15.111
757,25.3036,Evening 21:00,simulation,0.3,1,0.06893,-0.0,4.11051,2.11051,0.06893,-1.0,3.09044,-0.0,0.56459,240.0,15.107
758,25.337,Evening 21:00,simulation,0.3,1,0.06893,-0.0,4.11051,2.11051,0.06893,-1.0,3.09044,-0.0,0.56459,240.0,15.107
759,25.3705,Evening 21:00,simulation,0.3,1,0.06893,-0.0,4.11051,2.11051,0.06893,-1.0,3.09044,-0.0,0.56459,240.0,15.107
760,25.4039,Evening 21:00,simulation,0.3,1,0.06893,-0.0,4.11051,2.11051,0.06893,-1.0,3.09044,-0.0,0.56459,240.0,15.107
761,25.4373,Evening 21:00,simulation,0.3,1,0.06893,-0.0,4.11051,2.11051,0.06893,-1.0,3.09044,-0.0,0.56459,240.0,15.107
762,25.4708,Evening 21:00,simulation,0.3,1,0.06893,-0.0,4.11051,2.11051,0.06893,-1.0,3.09044,-0.0,0.56459,240.0,15.107
763,25.5042,Evening 21:00,simulation,0.3,1,0.06893,-0.0,4.11051,2.11051,0.06893,-1.0,3.09044,-0.0,0.56459,240.0,15.107
764,25.5376,Evening 21:00,simulation,0.3,1,0.06893,-0.0,4.11051,2.11051,0.06893,-1.0,3.09044,-0.0,0.56459,240.0,15.107
765,25.571,Evening 21:00,simulation,0.3,1,0.06893,-0.0,4.11051,2.11051,0.06893,-1.0,3.09044,-0.0,0.56459,240.0,15.107
766,25.6045,Evening 21:00,simulation,0.3,1,0.06893,-0.0,4.11051,2.11051,0.06893,-1.0,3.09044,-0.0,0.56459,240.0,15.107
767,25.6379,Evening 21:00,simulation,0.3,1,0.06893,-0.0,4.11051,2.11051,0.06893,-1.0,3.09044,-0.0,0.56459,240.0,15.107
768,25.6713,Evening 21:00,simulation,0.3,1,0.06893,-0.0,4.11051,2.11051,0.06893,-1.0,3.09044,-0.0,0.56459,240.0,15.107
769,25.7047,Evening 21:00,simulation,0.3,1,0.06893,-0.0,4.11051,2.11051,0.06893,-1.0,3.09044,-0.0,0.56459,240.0,15.107
770,25.7382,Evening 21:00,simulation,0.3,1,0.06893,-0.0,4.11051,2.11051,0.06893,-1.0,3.09044,-0.0,0.56459,240.0,15.107
771,25.7716,Evening 21:00,simulation,0.3,1,0.06893,-0.0,4.11051,2.11051,0.06893,-1.0,3.09044,-0.0,0.56459,240.0,15.107
772,25.805,Evening 21:00,simulation,0.3,1,0.06893,-0.0,4.11051,2.11051,0.06893,-1.0,3.09044,-0.0,0.56459,240.0,15.107
773,25.8384,Evening 21:00,simulation,0.3,1,0.06893,-0.0,4.11051,2.11051,0.06893,-1.0,3.09044,-0.0,0.56459,240.0,15.107
774,25.8719,Evening 21:00,simulation,0.3,1,0.06893,-0.0,4.11051,2.11051,0.06893,-1.0,3.09044,-0.0,0.56459,240.0,15.107
775,25.9053,Evening 21:00,simulation,0.3,1,0.06893,-0.0,4.11051,2.11051,0.06893,-1.0,3.09044,-0.0,0.56459,240.0,15.107
776,25.9387,Evening 21:00,simulation,0.3,1,0.06893,-0.0,4.11051,2.11051,0.06893,-1.0,3.09044,-0.0,0.56459,240.0,15.107
777,25.9721,Evening 21:00,simulation,0.3,1,0.06893,-0.0,4.11051,2.11051,0.06893,-1.0,3.09044,-0.0,0.56459,240.0,15.107
778,26.0056,Evening 21:00,simulation,0.3,1,0.06893,-0.0,4.11051,2.11051,0.06893,-1.0,3.09044,-0.0,0.56459,240.0,15.107
779,26.039,Evening 21:00,simulation,0.3,1,0.06893,-0.0,4.11051,2.11051,0.06893,-1.0,3.09044,-0.0,0.56459,240.0,15.107
780,26.0724,Evening 21:00,simulation,0.3,1,0.06893,-0.0,4.11051,2.11051,0.06893,-1.0,3.09044,-0.0,0.56459,240.0,15.107
781,26.1058,Evening 21:00,simulation,0.3,1,0.06893,-0.0,4.11051,2.11051,0.06893,-1.0,3.09044,-0.0,0.56459,240.0,15.107
782,26.1393,Evening 21:00,simulation,0.3,1,0.06893,-0.0,4.11051,2.11051,0.06893,-1.0,3.09044,-0.0,0.56459,240.0,15.107
783,26.1727,Evening 21:00,simulation,0.3,1,0.06893,-0.0,4.11051,2.11051,0.06893,-1.0,3.09044,-0.0,0.56459,240.0,15.107
784,26.2061,Evening 21:00,simulation,0.3,1,0.06893,-0.0,4.11051,2.11051,0.06893,-1.0,3.09044,-0.0,0.56459,240.0,15.107
785,26.2396,Evening 21:00,simulation,0.3,1,0.06893,-0.0,4.11051,2.11051,0.06893,-1.0,3.09044,-0.0,0.56459,240.0,15.107
786,26.273,Evening 21:00,simulation,0.3,1,0.06893,-0.0,4.11051,2.11051,0.06893,-1.0,3.09044,-0.0,0.56459,240.0,15.107
787,26.3064,Evening 21:00,simulation,0.3,1,0.06893,-0.0,4.11051,2.11051,0.06893,-1.0,3.09044,-0.0,0.56459,240.0,15.107
788,26.3398,Evening 21:00,simulation,0.3,1,0.06893,-0.0,4.11051,2.11051,0.06893,-1.0,3.09044,-0.0,0.56459,240.0,15.107
789,26.3733,Evening 21:00,simulation,0.3,1,0.06893,-0.0,4.11051,2.11051,0.06893,-1.0,3.09044,-0.0,0.56459,240.0,15.107
790,26.4067,Evening 21:00,simulation,0.3,1,0.06893,-0.0,4.11051,2.11051,0.06893,-1.0,3.09044,-0.0,0.56459,240.0,15.107
791,26.4401,Evening 21:00,simulation,0.3,1,0.06893,-0.0,4.11051,2.11051,0.06893,-1.0,3.09044,-0.0,0.56459,240.0,15.107
792,26.4735,Evening 21:00,simulation,0.3,1,0.06893,-0.0,4.11051,2.11051,0.06893,-1.0,3.09044,-0.0,0.56459,240.0,15.107
793,26.507,Evening 21:00,simulation,0.3,1,0.06893,-0.0,4.11051,2.11051,0.06893,-1.0,3.09044,-0.0,0.56459,240.0,15.107
794,26.5404,Evening 21:00,simulation,0.3,1,0.06893,-0.0,4.11051,2.11051,0.06893,-1.0,3.09044,-0.0,0.56459,240.0,15.107
795,26.5738,Evening 21:00,simulation,0.3,1,0.06893,-0.0,4.11051,2.11051,0.06893,-1.0,3.09044,-0.0,0.56459,240.0,15.107
796,26.6072,Evening 21:00,simulation,0.3,1,0.06893,-0.0,4.11051,2.11051,0.06893,-1.0,3.09044,-0.0,0.56459,240.0,15.107
797,26.6407,Evening 21:00,simulation,0.3,1,0.06893,-0.0,4.11051,2.11051,0.06893,-1.0,3.09044,-0.0,0.56459,240.0,15.107
798,26.6741,Evening 21:00,simulation,0.3,1,0.06893,-0.0,4.11051,2.11051,0.06893,-1.0,3.09044,-0.0,0.56459,240.0,15.107
799,26.7075,Evening 21:00,simulation,0.3,1,0.06893,-0.0,4.11051,2.11051,0.06893,-1.0,3.09044,-0.0,0.56459,240.0,15.107
800,26.7409,Evening 21:00,simulation,0.3,1,0.06893,-0.0,4.11051,2.11051,0.06893,-1.0,3.09044,-0.0,0.56459,240.0,15.107
801,26.7744,Evening 21:00,simulation,0.3,1,0.06893,-0.0,4.11051,2.11051,0.06893,-1.0,3.09044,-0.0,0.56459,240.0,15.107
802,26.8078,Evening 21:00,simulation,0.3,1,0.06893,-0.0,4.11051,2.11051,0.06893,-1.0,3.09044,-0.0,0.56459,240.0,15.107
803,26.8412,Evening 21:00,simulation,0.3,1,0.06893,-0.0,4.11051,2.11051,0.06893,-1.0,3.09044,-0.0,0.56459,240.0,15.107
804,26.8747,Evening 21:00,simulation,0.3,1,0.06893,-0.0,4.11051,2.11051,0.06893,-1.0,3.09044,-0.0,0.56459,240.0,15.107
805,26.9081,Evening 21:00,simulation,0.3,1,0.06893,-0.0,4.11051,2.11051,0.06893,-1.0,3.09044,-0.0,0.56459,240.0,15.107
806,26.9415,Evening 21:00,simulation,0.3,1,0.06893,-0.0,4.11051,2.11051,0.06893,-1.0,3.09044,-0.0,0.56459,240.0,15.107
807,26.9749,Evening 21:00,simulation,0.3,1,0.06893,-0.0,4.11051,2.11051,0.06893,-1.0,3.09044,-0.0,0.56459,240.0,15.107
808,27.0084,Evening 21:00,simulation,0.3,1,0.06893,-0.0,4.11051,2.11051,0.06893,-1.0,3.09044,-0.0,0.56459,240.0,15.107
809,27.0418,Evening 21:00,simulation,0.3,1,0.06893,-0.0,4.11051,2.11051,0.06893,-1.0,3.09044,-0.0,0.56459,240.0,15.107
810,27.0752,Evening 21:00,simulation,0.3,1,0.06893,-0.0,4.11051,2.11051,0.06893,-1.0,3.09044,-0.0,0.56459,240.0,15.107
811,27.1086,Evening 21:00,simulation,0.3,1,0.06893,-0.0,4.11051,2.11051,0.06893,-1.0,3.09044,-0.0,0.56459,240.0,15.107
812,27.1421,Evening 21:00,simulation,0.3,1,0.06893,-0.0,4.11051,2.11051,0.06893,-1.0,3.09044,-0.0,0.56459,240.0,15.107
813,27.1755,Evening 21:00,simulation,0.3,1,0.06893,-0.0,4.11051,2.11051,0.06893,-1.0,3.09044,-0.0,0.56459,240.0,15.107
814,27.2089,Evening 21:00,simulation,0.3,1,0.06893,-0.0,4.11051,2.11051,0.06893,-1.0,3.09044,-0.0,0.56459,240.0,15.107
815,27.2423,Evening 21:00,simulation,0.3,1,0.06893,-0.0,4.11051,2.11051,0.06893,-1.0,3.09044,-0.0,0.56459,240.0,15.107
816,27.2758,Evening 21:00,simulation,0.3,1,0.06893,-0.0,4.11051,2.11051,0.06893,-1.0,3.09044,-0.0,0.56459,240.0,15.107
817,27.3092,Evening 21:00,simulation,0.3,1,0.06893,-0.0,4.11051,2.11051,0.06893,-1.0,3.09044,-0.0,0.56459,240.0,15.107
818,27.3426,Evening 21:00,simulation,0.3,1,0.06893,-0.0,4.11051,2.11051,0.06893,-1.0,3.09044,-0.0,0.56459,240.0,15.107
819,27.376,Evening 21:00,simulation,0.3,1,0.06893,-0.0,4.11051,2.11051,0.06893,-1.0,3.09044,-0.0,0.56459,240.0,15.107
820,27.4095,Evening 21:00,simulation,0.3,1,0.06893,-0.0,4.11051,2.11051,0.06893,-1.0,3.09044,-0.0,0.56459,240.0,15.107
821,27.4429,Evening 21:00,simulation,0.3,1,0.06893,-0.0,4.11051,2.11051,0.06893,-1.0,3.09044,-0.0,0.56459,240.0,15.107
822,27.4763,Evening 21:00,simulation,0.3,1,0.06893,-0.0,4.11051,2.11051,0.06893,-1.0,3.09044,-0.0,0.56459,240.0,15.107
823,27.5097,Evening 21:00,simulation,0.3,1,0.06893,-0.0,4.11051,2.11051,0.06893,-1.0,3.09044,-0.0,0.56459,240.0,15.109
824,27.5432,Evening 21:00,simulation,0.3,1,0.06893,-0.0,4.11051,2.11051,0.06893,-1.0,3.09044,-0.0,0.56459,240.0,15.103
825,27.5766,Evening 21:00,simulation,0.3,0,0.0,0.0,0.0,0.0,0.0,0.0,0.0,0.0,0.0,0.0,15.106
826,27.61,Evening 21:00,simulation,0.3,0,0.0,0.0,0.0,0.0,0.0,0.0,0.0,0.0,0.0,0.0,15.106
827,27.6435,Evening 21:00,simulation,0.3,0,0.0,0.0,0.0,0.0,0.0,0.0,0.0,0.0,0.0,0.0,15.107
828,27.6769,Evening 21:00,simulation,0.3,0,0.0,0.0,0.0,0.0,0.0,0.0,0.0,0.0,0.0,0.0,15.104
829,27.7103,Evening 21:00,simulation,0.3,0,0.0,0.0,0.0,0.0,0.0,0.0,0.0,0.0,0.0,0.0,15.111
830,27.7437,Evening 21:00,simulation,0.3,0,0.0,0.0,0.0,0.0,0.0,0.0,0.0,0.0,0.0,0.0,15.116
831,27.7772,Evening 21:00,simulation,0.3,0,0.0,0.0,0.0,0.0,0.0,0.0,0.0,0.0,0.0,0.0,15.127
832,27.8106,Evening 21:00,simulation,0.3,1,0.07459,0.0,4.10974,2.10974,0.07459,-1.0,3.13637,-0.0,0.18109,256.0,15.132
833,27.844,Evening 21:00,simulation,0.3,1,0.06869,0.0006,3.98337,1.98337,0.06869,-0.9994,-2.88001,0.02512,0.20363,264.0,15.132
834,27.8774,Evening 21:00,simulation,0.3,1,0.06472,0.00075,3.90758,1.90758,0.06472,-0.99925,3.45274,-0.00449,-0.02836,272.0,15.135
835,27.9109,Evening 21:00,simulation,0.3,1,0.06472,0.00075,3.90758,1.90758,0.06472,-0.99925,3.45274,-0.00449,-0.02836,272.0,15.134
836,27.9443,Evening 21:00,simulation,0.3,0,0.0,0.0,0.0,0.0,0.0,0.0,0.0,0.0,0.0,0.0,15.131
837,27.9777,Evening 21:00,simulation,0.3,0,0.0,0.0,0.0,0.0,0.0,0.0,0.0,0.0,0.0,0.0,15.127
838,28.0111,Evening 21:00,simulation,0.3,0,0.0,0.0,0.0,0.0,0.0,0.0,0.0,0.0,0.0,0.0,15.123
839,28.0446,Evening 21:00,simulation,0.3,0,0.0,0.0,0.0,0.0,0.0,0.0,0.0,0.0,0.0,0.0,15.116
840,28.078,Evening 21:00,simulation,0.3,1,0.06637,-0.0,3.65361,1.65361,0.06637,-1.0,3.13655,0.0,0.17792,324.0,15.112
841,28.1114,Evening 21:00,simulation,0.3,1,0.06637,-0.0,3.65361,1.65361,0.06637,-1.0,3.13655,0.0,0.17792,324.0,15.113
842,28.1448,Evening 21:00,simulation,0.3,1,0.06637,-0.0,3.65361,1.65361,0.06637,-1.0,3.13655,0.0,0.17792,324.0,15.118
843,28.1783,Evening 21:00,simulation,0.3,1,0.06637,-0.0,3.65361,1.65361,0.06637,-1.0,3.13655,0.0,0.17792,324.0,15.125
844,28.2117,Evening 21:00,simulation,0.3,1,0.06637,-0.0,3.65361,1.65361,0.06637,-1.0,3.13655,0.0,0.17792,324.0,15.135
845,28.2451,Evening 21:00,simulation,0.3,1,0.06637,-0.0,3.65361,1.65361,0.06637,-1.0,3.13655,0.0,0.17792,324.0,15.142
846,28.2786,Evening 21:00,simulation,0.3,1,0.06637,-0.0,3.65361,1.65361,0.06637,-1.0,3.13655,0.0,0.17792,324.0,15.144
847,28.312,Evening 21:00,simulation,0.3,1,0.06637,-0.0,3.65361,1.65361,0.06637,-1.0,3.13655,0.0,0.17792,324.0,15.144
848,28.3454,Evening 21:00,simulation,0.3,1,0.06637,-0.0,3.65361,1.65361,0.06637,-1.0,3.13655,0.0,0.17792,324.0,15.143
849,28.3788,Evening 21:00,simulation,0.3,1,0.06722,-0.00064,3.55505,1.55505,0.06722,-1.00064,2.89931,-0.01638,0.14511,333.0,15.142
850,28.4123,Evening 21:00,simulation,0.3,1,0.06844,0.00078,3.49704,1.49704,0.06844,-0.99922,3.43023,-0.00489,-0.03314,342.0,15.139
851,28.4457,Evening 21:00,simulation,0.3,1,0.06844,0.00078,3.49704,1.49704,0.06844,-0.99922,3.43023,-0.00489,-0.03314,342.0,15.142
852,28.4791,Evening 21:00,simulation,0.3,1,0.06844,0.00078,3.49704,1.49704,0.06844,-0.99922,3.43023,-0.00489,-0.03314,342.0,15.146
853,28.5125,Evening 21:00,simulation,0.3,1,0.06812,0.00526,3.46154,1.46154,0.06812,-0.99474,3.13555,0.00015,0.1743,361.0,15.145
854,28.546,Evening 21:00,simulation,0.3,1,0.06812,0.00526,3.46154,1.46154,0.06812,-0.99474,3.13555,0.00015,0.1743,361.0,15.148
855,28.5794,Evening 21:00,simulation,0.3,1,0.06477,0.0023,3.35095,1.35095,0.06477,-0.9977,3.0146,-0.01846,-0.47394,370.5,15.149
856,28.6128,Evening 21:00,simulation,0.3,1,0.06534,0.0,3.28953,1.28953,0.06534,-1.0,3.10107,0.0,0.50297,380.0,15.15
857,28.6462,Evening 21:00,simulation,0.3,1,0.06534,0.0,3.28953,1.28953,0.06534,-1.0,3.10107,0.0,0.50297,380.0,15.152
858,28.6797,Evening 21:00,simulation,0.3,1,0.06534,0.0,3.28953,1.28953,0.06534,-1.0,3.10107,0.0,0.50297,380.0,15.154
859,28.7131,Evening 21:00,simulation,0.3,1,0.0697,0.0,3.28868,1.28868,0.0697,-1.0,3.13694,-0.0,0.17083,400.0,15.158
860,28.7465,Evening 21:00,simulation,0.3,1,0.0697,0.0,3.28868,1.28868,0.0697,-1.0,3.13694,-0.0,0.17083,400.0,15.164
861,28.7799,Evening 21:00,simulation,0.3,1,0.0697,0.0,3.28868,1.28868,0.0697,-1.0,3.13694,-0.0,0.17083,400.0,15.165
862,28.8134,Evening 21:00,simulation,0.3,1,0.0697,0.0,3.28868,1.28868,0.0697,-1.0,3.13694,-0.0,0.17083,400.0,15.162
863,28.8468,Evening 21:00,simulation,0.3,1,0.0697,0.0,3.28868,1.28868,0.0697,-1.0,3.13694,-0.0,0.17083,400.0,15.162
864,28.8802,Evening 21:00,simulation,0.3,1,0.0697,0.0,3.28868,1.28868,0.0697,-1.0,3.13694,-0.0,0.17083,400.0,15.165
865,28.9136,Evening 21:00,simulation,0.3,1,0.0697,0.0,3.28868,1.28868,0.0697,-1.0,3.13694,-0.0,0.17083,400.0,15.168
866,28.9471,Evening 21:00,simulation,0.3,1,0.0697,0.0,3.28868,1.28868,0.0697,-1.0,3.13694,-0.0,0.17083,400.0,15.178
867,28.9805,Evening 21:00,simulation,0.3,1,0.07146,0.00081,3.16479,1.16479,0.07146,-0.99919,3.41023,-0.00522,-0.03777,420.0,15.178
868,29.0139,Evening 21:00,simulation,0.3,1,0.07113,0.00476,3.13229,1.13229,0.07113,-0.99524,3.13599,0.00015,0.16719,441.0,15.182
869,29.0474,Evening 21:00,simulation,0.3,1,0.07113,0.00476,3.13229,1.13229,0.07113,-0.99524,3.13599,0.00015,0.16719,441.0,15.178
870,29.0808,Evening 21:00,simulation,0.3,1,0.06855,-0.0,2.99104,0.99104,0.06855,-1.0,3.10538,-0.0,0.47565,462.0,15.18
871,29.1142,Evening 21:00,simulation,0.3,1,0.06855,-0.0,2.99104,0.99104,0.06855,-1.0,3.10538,-0.0,0.47565,462.0,15.181
872,29.1476,Evening 21:00,simulation,0.3,1,0.06855,-0.0,2.99104,0.99104,0.06855,-1.0,3.10538,-0.0,0.47565,462.0,15.184
873,29.1811,Evening 21:00,simulation,0.3,1,0.06418,0.00032,2.97856,0.97856,0.06418,-0.99968,-3.01187,0.01863,0.42612,473.0,15.185
874,29.2145,Evening 21:00,simulation,0.3,1,0.06343,0.0,2.99019,0.99019,0.06343,-1.0,3.13715,-0.0,0.16698,484.0,15.186
875,29.2479,Evening 21:00,simulation,0.3,1,0.06525,0.00083,2.89018,0.89018,0.06525,-0.99917,3.39239,-0.00484,-0.03726,506.0,15.188
876,29.2813,Evening 21:00,simulation,0.3,1,0.06525,0.00083,2.89018,0.89018,0.06525,-0.99917,3.39239,-0.00484,-0.03726,506.0,15.187
877,29.3148,Evening 21:00,simulation,0.3,1,0.06525,0.00083,2.89018,0.89018,0.06525,-0.99917,3.39239,-0.00484,-0.03726,506.0,15.193
878,29.3482,Evening 21:00,simulation,0.3,1,0.06501,0.00435,2.86039,0.86039,0.06501,-0.99565,3.13622,0.00014,0.16322,529.0,15.194
879,29.3816,Evening 21:00,simulation,0.3,1,0.06501,0.00435,2.86039,0.86039,0.06501,-0.99565,3.13622,0.00014,0.16322,529.0,15.201
880,29.415,Evening 21:00,simulation,0.3,1,0.06501,0.00435,2.86039,0.86039,0.06501,-0.99565,3.13622,0.00014,0.16322,529.0,15.21
881,29.4485,Evening 21:00,simulation,0.3,1,0.06501,0.00435,2.86039,0.86039,0.06501,-0.99565,3.13622,0.00014,0.16322,529.0,15.203
882,29.4819,Evening 21:00,simulation,0.3,1,0.06646,0.0,2.7414,0.7414,0.06646,-1.0,3.13754,-0.0,0.1596,576.0,15.186
883,29.5153,Evening 21:00,simulation,0.3,1,0.06646,0.0,2.7414,0.7414,0.06646,-1.0,3.13754,-0.0,0.1596,576.0,15.192
884,29.5487,Evening 21:00,simulation,0.3,1,0.06646,0.0,2.7414,0.7414,0.06646,-1.0,3.13754,-0.0,0.1596,576.0,15.196
885,29.5822,Evening 21:00,simulation,0.3,1,0.06646,0.0,2.7414,0.7414,0.06646,-1.0,3.13754,-0.0,0.1596,576.0,15.218
886,29.6156,Evening 21:00,simulation,0.3,1,0.06646,0.0,2.7414,0.7414,0.06646,-1.0,3.13754,-0.0,0.1596,576.0,15.229
887,29.649,Evening 21:00,simulation,0.3,1,0.06646,0.0,2.7414,0.7414,0.06646,-1.0,3.13754,-0.0,0.1596,576.0,15.231
888,29.6825,Evening 21:00,simulation,0.3,1,0.06646,0.0,2.7414,0.7414,0.06646,-1.0,3.13754,-0.0,0.1596,576.0,15.231
889,29.7159,Evening 21:00,simulation,0.3,1,0.06646,0.0,2.7414,0.7414,0.06646,-1.0,3.13754,-0.0,0.1596,576.0,15.231
890,29.7493,Evening 21:00,simulation,0.3,1,0.06646,0.0,2.7414,0.7414,0.06646,-1.0,3.13754,-0.0,0.1596,576.0,15.231
891,29.7827,Evening 21:00,simulation,0.3,1,0.06646,0.0,2.7414,0.7414,0.06646,-1.0,3.13754,-0.0,0.1596,576.0,15.231
892,29.8162,Evening 21:00,simulation,0.3,1,0.06646,0.0,2.7414,0.7414,0.06646,-1.0,3.13754,-0.0,0.1596,576.0,15.231
893,29.8496,Evening 21:00,simulation,0.3,1,0.06646,0.0,2.7414,0.7414,0.06646,-1.0,3.13754,-0.0,0.1596,576.0,15.231
894,29.883,Evening 21:00,simulation,0.3,1,0.06646,0.0,2.7414,0.7414,0.06646,-1.0,3.13754,-0.0,0.1596,576.0,15.231
895,29.9164,Evening 21:00,simulation,0.3,1,0.06646,0.0,2.7414,0.7414,0.06646,-1.0,3.13754,-0.0,0.1596,576.0,15.231
896,29.9499,Evening 21:00,simulation,0.3,1,0.06646,0.0,2.7414,0.7414,0.06646,-1.0,3.13754,-0.0,0.1596,576.0,15.231
897,29.9833,Evening 21:00,simulation,0.3,1,0.06646,0.0,2.7414,0.7414,0.06646,-1.0,3.13754,-0.0,0.1596,576.0,15.231
898,30.0167,Evening 21:00,simulation,0.3,1,0.06646,0.0,2.7414,0.7414,0.06646,-1.0,3.13754,-0.0,0.1596,576.0,15.231
899,30.0501,Evening 21:00,simulation,0.3,1,0.06646,0.0,2.7414,0.7414,0.06646,-1.0,3.13754,-0.0,0.1596,576.0,15.231
900,30.0836,Evening 21:00,simulation,0.3,1,0.06646,0.0,2.7414,0.7414,0.06646,-1.0,3.13754,-0.0,0.1596,576.0,15.231
901,30.117,Evening 21:00,simulation,0.3,1,0.06646,0.0,2.7414,0.7414,0.06646,-1.0,3.13754,-0.0,0.1596,576.0,15.231
902,30.1504,Evening 21:00,simulation,0.3,1,0.06646,0.0,2.7414,0.7414,0.06646,-1.0,3.13754,-0.0,0.1596,576.0,15.231
903,30.1838,Evening 21:00,simulation,0.3,1,0.06646,0.0,2.7414,0.7414,0.06646,-1.0,3.13754,-0.0,0.1596,576.0,15.231
904,30.2173,Evening 21:00,simulation,0.3,1,0.06646,0.0,2.7414,0.7414,0.06646,-1.0,3.13754,-0.0,0.1596,576.0,15.231
905,30.2507,Evening 21:00,simulation,0.3,1,0.06646,0.0,2.7414,0.7414,0.06646,-1.0,3.13754,-0.0,0.1596,576.0,15.231
906,30.2841,Evening 21:00,simulation,0.3,1,0.06646,0.0,2.7414,0.7414,0.06646,-1.0,3.13754,-0.0,0.1596,576.0,15.231
907,30.3175,Evening 21:00,simulation,0.3,1,0.06646,0.0,2.7414,0.7414,0.06646,-1.0,3.13754,-0.0,0.1596,576.0,15.231
