frame,time_s,scenario,target_lux,detected,est_x,est_y,est_z,err_x,err_y,err_z,rot_x,rot_y,rot_z,marker_area_px,frame_brightness
0,0.0,Evening 21:00,0.3,1,0.01601,-0.03209,2.65199,0.65199,0.01601,-1.03209,3.09178,0.00027,-0.0056,625.0,3.684
1,0.0334,Evening 21:00,0.3,1,0.01601,-0.03209,2.65199,0.65199,0.01601,-1.03209,3.09178,0.00027,-0.0056,625.0,3.684
2,0.0669,Evening 21:00,0.3,1,0.01601,-0.03209,2.65199,0.65199,0.01601,-1.03209,3.09178,0.00027,-0.0056,625.0,3.684
3,0.1003,Evening 21:00,0.3,1,0.01601,-0.03209,2.65199,0.65199,0.01601,-1.03209,3.09178,0.00027,-0.0056,625.0,3.684
4,0.1337,Evening 21:00,0.3,1,0.01601,-0.03209,2.65199,0.65199,0.01601,-1.03209,3.09178,0.00027,-0.0056,625.0,3.684
5,0.1671,Evening 21:00,0.3,1,0.01601,-0.03209,2.65199,0.65199,0.01601,-1.03209,3.09178,0.00027,-0.0056,625.0,3.684
6,0.2006,Evening 21:00,0.3,1,0.01601,-0.03209,2.65199,0.65199,0.01601,-1.03209,3.09178,0.00027,-0.0056,625.0,3.684
7,0.234,Evening 21:00,0.3,1,0.01601,-0.03209,2.65199,0.65199,0.01601,-1.03209,3.09178,0.00027,-0.0056,625.0,3.684
8,0.2674,Evening 21:00,0.3,1,0.01601,-0.03209,2.65199,0.65199,0.01601,-1.03209,3.09178,0.00027,-0.0056,625.0,3.684
9,0.3008,Evening 21:00,0.3,1,0.01601,-0.03209,2.65199,0.65199,0.01601,-1.03209,3.09178,0.00027,-0.0056,625.0,3.684
10,0.3343,Evening 21:00,0.3,1,0.01601,-0.03209,2.65199,0.65199,0.01601,-1.03209,3.09178,0.00027,-0.0056,625.0,3.684
11,0.3677,Evening 21:00,0.3,1,0.01601,-0.03209,2.65199,0.65199,0.01601,-1.03209,3.09178,0.00027,-0.0056,625.0,3.684
12,0.4011,Evening 21:00,0.3,1,0.01601,-0.03209,2.65199,0.65199,0.01601,-1.03209,3.09178,0.00027,-0.0056,625.0,3.684
13,0.4345,Evening 21:00,0.3,1,0.01601,-0.03209,2.65199,0.65199,0.01601,-1.03209,3.09178,0.00027,-0.0056,625.0,3.684
14,0.468,Evening 21:00,0.3,1,0.01601,-0.03209,2.65199,0.65199,0.01601,-1.03209,3.09178,0.00027,-0.0056,625.0,3.684
15,0.5014,Evening 21:00,0.3,1,0.01601,-0.03209,2.65199,0.65199,0.01601,-1.03209,3.09178,0.00027,-0.0056,625.0,3.684
16,0.5348,Evening 21:00,0.3,1,0.01601,-0.03209,2.65199,0.65199,0.01601,-1.03209,3.09178,0.00027,-0.0056,625.0,3.684
17,0.5682,Evening 21:00,0.3,1,0.01601,-0.03209,2.65199,0.65199,0.01601,-1.03209,3.09178,0.00027,-0.0056,625.0,3.684
18,0.6017,Evening 21:00,0.3,1,0.01601,-0.03209,2.65199,0.65199,0.01601,-1.03209,3.09178,0.00027,-0.0056,625.0,3.684
19,0.6351,Evening 21:00,0.3,1,0.01601,-0.03209,2.65199,0.65199,0.01601,-1.03209,3.09178,0.00027,-0.0056,625.0,3.684
20,0.6685,Evening 21:00,0.3,1,0.01601,-0.03209,2.65199,0.65199,0.01601,-1.03209,3.09178,0.00027,-0.0056,625.0,3.684
21,0.7019,Evening 21:00,0.3,1,0.01601,-0.03209,2.65199,0.65199,0.01601,-1.03209,3.09178,0.00027,-0.0056,625.0,3.684
22,0.7354,Evening 21:00,0.3,1,0.01601,-0.03209,2.65199,0.65199,0.01601,-1.03209,3.09178,0.00027,-0.0056,625.0,3.684
23,0.7688,Evening 21:00,0.3,1,0.01601,-0.03209,2.65199,0.65199,0.01601,-1.03209,3.09178,0.00027,-0.0056,625.0,3.684
24,0.8022,Evening 21:00,0.3,1,0.01601,-0.03209,2.65199,0.65199,0.01601,-1.03209,3.09178,0.00027,-0.0056,625.0,3.684
25,0.8357,Evening 21:00,0.3,1,0.01601,-0.03209,2.65199,0.65199,0.01601,-1.03209,3.09178,0.00027,-0.0056,625.0,3.684
26,0.8691,Evening 21:00,0.3,1,0.01601,-0.03209,2.65199,0.65199,0.01601,-1.03209,3.09178,0.00027,-0.0056,625.0,3.684
27,0.9025,Evening 21:00,0.3,1,0.01601,-0.03209,2.65199,0.65199,0.01601,-1.03209,3.09178,0.00027,-0.0056,625.0,3.684
28,0.9359,Evening 21:00,0.3,1,0.01601,-0.03209,2.65199,0.65199,0.01601,-1.03209,3.09178,0.00027,-0.0056,625.0,3.684
29,0.9694,Evening 21:00,0.3,1,0.01601,-0.03209,2.65199,0.65199,0.01601,-1.03209,3.09178,0.00027,-0.0056,625.0,3.684
30,1.0028,Evening 21:00,0.3,1,0.01601,-0.03209,2.65199,0.65199,0.01601,-1.03209,3.09178,0.00027,-0.0056,625.0,3.684
31,1.0362,Evening 21:00,0.3,1,0.01601,-0.03209,2.65199,0.65199,0.01601,-1.03209,3.09178,0.00027,-0.0056,625.0,3.684
32,1.0696,Evening 21:00,0.3,1,0.01601,-0.03209,2.65199,0.65199,0.01601,-1.03209,3.09178,0.00027,-0.0056,625.0,3.684
33,1.1031,Evening 21:00,0.3,1,0.01601,-0.03209,2.65199,0.65199,0.01601,-1.03209,3.09178,0.00027,-0.0056,625.0,3.684
34,1.1365,Evening 21:00,0.3,1,0.01601,-0.03209,2.65199,0.65199,0.01601,-1.03209,3.09178,0.00027,-0.0056,625.0,3.684
35,1.1699,Evening 21:00,0.3,1,0.01601,-0.03209,2.65199,0.65199,0.01601,-1.03209,3.09178,0.00027,-0.0056,625.0,3.684
36,1.2033,Evening 21:00,0.3,1,0.01601,-0.03209,2.65199,0.65199,0.01601,-1.03209,3.09178,0.00027,-0.0056,625.0,3.684
37,1.2368,Evening 21:00,0.3,1,0.01601,-0.03209,2.65199,0.65199,0.01601,-1.03209,3.09178,0.00027,-0.0056,625.0,3.684
38,1.2702,Evening 21:00,0.3,1,0.01601,-0.03209,2.65199,0.65199,0.01601,-1.03209,3.09178,0.00027,-0.0056,625.0,3.684
39,1.3036,Evening 21:00,0.3,1,0.01601,-0.03209,2.65199,0.65199,0.01601,-1.03209,3.09178,0.00027,-0.0056,625.0,3.684
40,1.337,Evening 21:00,0.3,1,0.01601,-0.03209,2.65199,0.65199,0.01601,-1.03209,3.09178,0.00027,-0.0056,625.0,3.684
41,1.3705,Evening 21:00,0.3,1,0.01601,-0.03209,2.65199,0.65199,0.01601,-1.03209,3.09178,0.00027,-0.0056,625.0,3.684
42,1.4039,Evening 21:00,0.3,1,0.01601,-0.03209,2.65199,0.65199,0.01601,-1.03209,3.09178,0.00027,-0.0056,625.0,3.684
43,1.4373,Evening 21:00,0.3,1,0.01601,-0.03209,2.65199,0.65199,0.01601,-1.03209,3.09178,0.00027,-0.0056,625.0,3.684
44,1.4708,Evening 21:00,0.3,1,0.01601,-0.03209,2.65199,0.65199,0.01601,-1.03209,3.09178,0.00027,-0.0056,625.0,3.684
45,1.5042,Evening 21:00,0.3,1,0.01601,-0.03209,2.65199,0.65199,0.01601,-1.03209,3.09178,0.00027,-0.0056,625.0,3.684
46,1.5376,Evening 21:00,0.3,1,0.01601,-0.03209,2.65199,0.65199,0.01601,-1.03209,3.09178,0.00027,-0.0056,625.0,3.684
47,1.571,Evening 21:00,0.3,1,0.01601,-0.03209,2.65199,0.65199,0.01601,-1.03209,3.09178,0.00027,-0.0056,625.0,3.684
48,1.6045,Evening 21:00,0.3,1,0.01601,-0.03209,2.65199,0.65199,0.01601,-1.03209,3.09178,0.00027,-0.0056,625.0,3.684
49,1.6379,Evening 21:00,0.3,1,0.01601,-0.03209,2.65199,0.65199,0.01601,-1.03209,3.09178,0.00027,-0.0056,625.0,3.684
50,1.6713,Evening 21:00,0.3,1,0.01601,-0.03209,2.65199,0.65199,0.01601,-1.03209,3.09178,0.00027,-0.0056,625.0,3.684
51,1.7047,Evening 21:00,0.3,1,0.01601,-0.03209,2.65199,0.65199,0.01601,-1.03209,3.09178,0.00027,-0.0056,625.0,3.684
52,1.7382,Evening 21:00,0.3,1,0.01601,-0.03209,2.65199,0.65199,0.01601,-1.03209,3.09178,0.00027,-0.0056,625.0,3.684
53,1.7716,Evening 21:00,0.3,1,0.01601,-0.03209,2.65199,0.65199,0.01601,-1.03209,3.09178,0.00027,-0.0056,625.0,3.684
54,1.805,Evening 21:00,0.3,1,0.01601,-0.03209,2.65199,0.65199,0.01601,-1.03209,3.09178,0.00027,-0.0056,625.0,3.684
55,1.8384,Evening 21:00,0.3,1,0.01601,-0.03209,2.65199,0.65199,0.01601,-1.03209,3.09178,0.00027,-0.0056,625.0,3.684
56,1.8719,Evening 21:00,0.3,1,0.01601,-0.03209,2.65199,0.65199,0.01601,-1.03209,3.09178,0.00027,-0.0056,625.0,3.684
57,1.9053,Evening 21:00,0.3,1,0.01601,-0.03209,2.65199,0.65199,0.01601,-1.03209,3.09178,0.00027,-0.0056,625.0,3.684
58,1.9387,Evening 21:00,0.3,1,0.01601,-0.03209,2.65199,0.65199,0.01601,-1.03209,3.09178,0.00027,-0.0056,625.0,3.684
59,1.9721,Evening 21:00,0.3,1,0.01601,-0.03209,2.65199,0.65199,0.01601,-1.03209,3.09178,0.00027,-0.0056,625.0,3.684
60,2.0056,Evening 21:00,0.3,1,0.008,-0.03209,2.65196,0.65196,0.008,-1.03209,3.09159,0.00013,-0.0028,625.0,3.691
61,2.039,Evening 21:00,0.3,1,-0.00494,-0.03201,2.66429,0.66429,-0.00494,-1.03201,3.12723,0.00244,-0.40304,600.0,3.802
62,2.0724,Evening 21:00,0.3,1,-0.01601,-0.03209,2.65199,0.65199,-0.01601,-1.03209,3.09178,-0.00027,0.0056,625.0,3.744
63,2.1058,Evening 21:00,0.3,1,-0.02905,-0.03201,2.66413,0.66413,-0.02905,-1.03201,3.12851,0.00244,-0.38977,600.0,3.751
64,2.1393,Evening 21:00,0.3,1,-0.04512,-0.03201,2.66403,0.66403,-0.04512,-1.03201,3.12931,0.00244,-0.38119,600.0,3.8
65,2.1727,Evening 21:00,0.3,1,-0.05603,-0.03209,2.65245,0.65245,-0.05603,-1.03209,3.09466,-0.00088,0.01921,625.0,3.69
66,2.2061,Evening 21:00,0.3,1,-0.06923,-0.03201,2.66387,0.66387,-0.06923,-1.03201,3.13042,0.00244,-0.36871,600.0,3.784
67,2.2396,Evening 21:00,0.3,1,-0.06923,-0.03201,2.66387,0.66387,-0.06923,-1.03201,3.13042,0.00244,-0.36871,600.0,3.783
68,2.273,Evening 21:00,0.3,1,-0.09609,-0.03207,2.65338,0.65338,-0.09609,-1.03207,3.10092,-0.00133,0.03149,625.0,3.694
69,2.3064,Evening 21:00,0.3,1,-0.1094,-0.03201,2.66362,0.66362,-0.1094,-1.03201,3.13204,0.00242,-0.34895,600.0,3.793
70,2.3398,Evening 21:00,0.3,1,-0.12014,-0.03206,2.65411,0.65411,-0.12014,-1.03206,3.10635,-0.00146,0.03775,625.0,3.709
71,2.3733,Evening 21:00,0.3,1,-0.13619,-0.03205,2.65463,0.65463,-0.13619,-1.03205,3.11055,-0.00148,0.04132,625.0,3.755
72,2.4067,Evening 21:00,0.3,1,-0.14957,-0.03201,2.66337,0.66337,-0.14957,-1.03201,3.13343,0.0024,-0.33046,600.0,3.804
73,2.4401,Evening 21:00,0.3,1,-0.16028,-0.03204,2.65542,0.65542,-0.16028,-1.03204,3.1172,-0.00141,0.04568,625.0,3.694
74,2.4735,Evening 21:00,0.3,1,-0.17366,-0.03201,2.66323,0.66323,-0.17366,-1.03201,3.13416,0.00239,-0.31996,600.0,3.801
75,2.507,Evening 21:00,0.3,1,-0.18438,-0.03202,2.65614,0.65614,-0.18438,-1.03202,3.12326,-0.00127,0.04881,625.0,3.759
76,2.5404,Evening 21:00,0.3,1,-0.20046,-0.03201,2.65656,0.65656,-0.20046,-1.03201,3.12655,-0.00116,0.05021,625.0,3.733
77,2.5738,Evening 21:00,0.3,1,-0.21383,-0.03201,2.66301,0.66301,-0.21383,-1.03201,3.13522,0.00236,-0.30339,600.0,3.804
78,2.6072,Evening 21:00,0.3,1,-0.22457,-0.03201,2.65711,0.65711,-0.22457,-1.03201,3.13029,-0.00103,0.05128,625.0,3.699
79,2.6407,Evening 21:00,0.3,1,-0.23792,-0.03201,2.66288,0.66288,-0.23792,-1.03201,3.13578,0.00234,-0.294,600.0,3.78
80,2.6741,Evening 21:00,0.3,1,-0.24869,-0.032,2.65758,0.65758,-0.24869,-1.032,3.13288,-0.00092,0.05122,625.0,3.774
81,2.7075,Evening 21:00,0.3,1,-0.26477,-0.032,2.65784,0.65784,-0.26477,-1.032,3.13415,-0.00085,0.05067,625.0,3.695
82,2.7409,Evening 21:00,0.3,1,-0.27808,-0.03201,2.66267,0.66267,-0.27808,-1.03201,3.13659,0.0023,-0.2792,600.0,3.784
83,2.7744,Evening 21:00,0.3,1,-0.28889,-0.032,2.65817,0.65817,-0.28889,-1.032,3.13559,-0.00077,0.04929,625.0,3.724
84,2.8078,Evening 21:00,0.3,1,-0.30497,-0.032,2.65835,0.65835,-0.30497,-1.032,3.13632,-0.00073,0.04813,625.0,3.747
85,2.8412,Evening 21:00,0.3,1,-0.30497,-0.032,2.65835,0.65835,-0.30497,-1.032,3.13632,-0.00073,0.04813,625.0,3.745
86,2.8747,Evening 21:00,0.3,1,-0.32909,-0.032,2.65859,0.65859,-0.32909,-1.032,3.13719,-0.00067,0.04619,625.0,3.685
87,2.9081,Evening 21:00,0.3,1,-0.34232,-0.032,2.66236,0.66236,-0.34232,-1.032,3.13763,0.00223,-0.25764,600.0,3.79
88,2.9415,Evening 21:00,0.3,1,-0.35838,-0.032,2.66229,0.66229,-0.35838,-1.032,3.13785,0.00221,-0.25263,600.0,3.775
89,2.9749,Evening 21:00,0.3,1,-0.36928,-0.032,2.65888,0.65888,-0.36928,-1.032,3.13822,-0.00059,0.04281,625.0,3.72
90,3.0084,Evening 21:00,0.3,1,-0.38247,-0.032,2.66219,0.66219,-0.38247,-1.032,3.13815,0.00218,-0.24537,600.0,3.803
91,3.0418,Evening 21:00,0.3,1,-0.3934,-0.032,2.65901,0.65901,-0.3934,-1.032,3.13867,-0.00055,0.04083,625.0,3.701
92,3.0752,Evening 21:00,0.3,1,-0.40656,-0.032,2.66209,0.66209,-0.40656,-1.032,3.13843,0.00215,-0.23843,600.0,3.773
93,3.1086,Evening 21:00,0.3,1,-0.42262,-0.032,2.66203,0.66203,-0.42262,-1.032,3.13859,0.00213,-0.23396,600.0,3.772
94,3.1421,Evening 21:00,0.3,1,-0.43359,-0.032,2.65918,0.65918,-0.43359,-1.032,3.13923,-0.0005,0.03776,625.0,3.687
95,3.1755,Evening 21:00,0.3,1,-0.44671,-0.032,2.66194,0.66194,-0.44671,-1.032,3.13883,0.0021,-0.2275,600.0,3.78
96,3.2089,Evening 21:00,0.3,1,-0.4577,-0.032,2.65926,0.65926,-0.4577,-1.032,3.1395,-0.00047,0.03606,625.0,3.734
97,3.2423,Evening 21:00,0.3,1,-0.47377,-0.032,2.65931,0.65931,-0.47377,-1.032,3.13965,-0.00045,0.035,625.0,3.728
98,3.2758,Evening 21:00,0.3,1,-0.48686,-0.032,2.66179,0.66179,-0.48686,-1.032,3.13917,0.00205,-0.21733,600.0,3.788
99,3.3092,Evening 21:00,0.3,1,-0.49788,-0.032,2.65937,0.65937,-0.49788,-1.032,3.13985,-0.00043,0.03349,625.0,3.697
100,3.3426,Evening 21:00,0.3,1,-0.51094,-0.032,2.66171,0.66171,-0.51094,-1.032,3.13934,0.00202,-0.21157,600.0,3.777
101,3.376,Evening 21:00,0.3,1,-0.527,-0.032,2.66166,0.66166,-0.527,-1.032,3.13945,0.002,-0.20786,600.0,3.772
102,3.4095,Evening 21:00,0.3,1,-0.527,-0.032,2.66166,0.66166,-0.527,-1.032,3.13945,0.002,-0.20786,600.0,3.771
103,3.4429,Evening 21:00,0.3,1,-0.53806,-0.032,2.65945,0.65945,-0.53806,-1.032,3.14011,-0.0004,0.03122,625.0,3.695
104,3.4763,Evening 21:00,0.3,1,-0.56217,-0.032,2.65949,0.65949,-0.56217,-1.032,3.14024,-0.00038,0.02999,625.0,3.705
105,3.5097,Evening 21:00,0.3,1,-0.56217,-0.032,2.65949,0.65949,-0.56217,-1.032,3.14024,-0.00038,0.02999,625.0,3.704
106,3.5432,Evening 21:00,0.3,1,-0.57824,-0.032,2.65951,0.65951,-0.57824,-1.032,3.14032,-0.00037,0.02921,625.0,3.75
107,3.5766,Evening 21:00,0.3,1,-0.59124,-0.032,2.66147,0.66147,-0.59124,-1.032,3.13983,0.00192,-0.19403,600.0,3.78
108,3.61,Evening 21:00,0.3,1,-0.60234,-0.032,2.65954,0.65954,-0.60234,-1.032,3.14043,-0.00035,0.02811,625.0,3.685
109,3.6435,Evening 21:00,0.3,1,-0.61532,-0.032,2.66141,0.66141,-0.61532,-1.032,3.13995,0.00189,-0.18923,600.0,3.769
110,3.6769,Evening 21:00,0.3,1,-0.62645,-0.032,2.65957,0.65957,-0.62645,-1.032,3.14052,-0.00034,0.02709,625.0,3.736
111,3.7103,Evening 21:00,0.3,1,-0.65547,-0.032,2.6613,0.6613,-0.65547,-1.032,3.14012,0.00184,-0.18165,600.0,3.775
112,3.7437,Evening 21:00,0.3,1,-0.65547,-0.032,2.6613,0.6613,-0.65547,-1.032,3.14012,0.00184,-0.18165,600.0,3.776
113,3.7772,Evening 21:00,0.3,1,-0.67956,-0.032,2.66125,0.66125,-0.67956,-1.032,3.14022,0.00181,-0.17734,600.0,3.759
114,3.8106,Evening 21:00,0.3,1,-0.69562,-0.032,2.66121,0.66121,-0.69562,-1.032,3.14028,0.00179,-0.17457,600.0,3.772
115,3.844,Evening 21:00,0.3,1,-0.69562,-0.032,2.66121,0.66121,-0.69562,-1.032,3.14028,0.00179,-0.17457,600.0,3.771
116,3.8774,Evening 21:00,0.3,1,-0.71971,-0.032,2.66116,0.66116,-0.71971,-1.032,3.14036,0.00176,-0.17054,600.0,3.776
117,3.9109,Evening 21:00,0.3,1,-0.71971,-0.032,2.66116,0.66116,-0.71971,-1.032,3.14036,0.00176,-0.17054,600.0,3.776
118,3.9443,Evening 21:00,0.3,1,-0.74697,-0.032,2.65967,0.65967,-0.74697,-1.032,3.14085,-0.00028,0.02289,625.0,3.73
119,3.9777,Evening 21:00,0.3,1,-0.75985,-0.032,2.66108,0.66108,-0.75985,-1.032,3.14048,0.00171,-0.16417,600.0,3.775
120,4.0111,Evening 21:00,0.3,1,-0.77107,-0.032,2.65969,0.65969,-0.77107,-1.032,3.1409,-0.00027,0.0222,625.0,3.667
121,4.0446,Evening 21:00,0.3,1,-0.78394,-0.032,2.66103,0.66103,-0.78394,-1.032,3.14054,0.00168,-0.16054,600.0,3.756
122,4.078,Evening 21:00,0.3,1,-0.79518,-0.032,2.6597,0.6597,-0.79518,-1.032,3.14094,-0.00027,0.02155,625.0,3.754
123,4.1114,Evening 21:00,0.3,1,-0.81125,-0.032,2.65971,0.65971,-0.81125,-1.032,3.14096,-0.00026,0.02113,625.0,3.697
124,4.1448,Evening 21:00,0.3,1,-0.82409,-0.032,2.66096,0.66096,-0.82409,-1.032,3.14064,0.00164,-0.15479,600.0,3.768
125,4.1783,Evening 21:00,0.3,1,-0.86598,-0.0375,2.77055,0.77055,-0.86598,-1.0375,3.14093,-0.00029,0.02068,576.0,3.868
126,4.2117,Evening 21:00,0.3,1,-0.83215,-0.048,2.66105,0.66105,-0.83215,-1.048,3.14207,0.00245,-0.15362,600.0,3.75
127,4.2451,Evening 21:00,0.3,1,-0.83215,-0.048,2.66105,0.66105,-0.83215,-1.048,3.14207,0.00245,-0.15362,600.0,3.745
128,4.2786,Evening 21:00,0.3,1,-0.86595,-0.07916,2.77047,0.77047,-0.86595,-1.07916,3.14027,-0.0006,0.02053,576.0,3.812
129,4.312,Evening 21:00,0.3,1,-0.83228,-0.08802,2.66147,0.66147,-0.83228,-1.08802,3.1456,0.00447,-0.15321,600.0,3.74
130,4.3454,Evening 21:00,0.3,1,-0.86593,-0.10416,2.7704,0.7704,-0.86593,-1.10416,3.13989,-0.00078,0.02039,576.0,3.816
131,4.3788,Evening 21:00,0.3,1,-0.83239,-0.11204,2.66183,0.66183,-0.83239,-1.11204,3.1477,0.00568,-0.1528,600.0,3.74
132,4.4123,Evening 21:00,0.3,1,-0.83248,-0.12806,2.66213,0.66213,-0.83248,-1.12806,3.1491,0.00648,-0.15245,600.0,3.764
133,4.4457,Evening 21:00,0.3,1,-0.86588,-0.14582,2.77024,0.77024,-0.86588,-1.14582,3.13927,-0.00108,0.02009,576.0,3.79
134,4.4791,Evening 21:00,0.3,1,-0.83264,-0.15211,2.66264,0.66264,-0.83264,-1.15211,3.15118,0.00766,-0.15184,600.0,3.669
135,4.5125,Evening 21:00,0.3,1,-0.86585,-0.17081,2.77012,0.77012,-0.86585,-1.17081,3.13892,-0.00125,0.01987,576.0,3.782
136,4.546,Evening 21:00,0.3,1,-0.84341,-0.18048,2.70527,0.70527,-0.84341,-1.18048,-2.8071,0.00768,-0.967,588.0,3.745
137,4.5794,Evening 21:00,0.3,1,-0.83296,-0.19221,2.66368,0.66368,-0.83296,-1.19221,3.1546,0.0096,-0.15056,600.0,3.709
138,4.6128,Evening 21:00,0.3,1,-0.86577,-0.21245,2.76989,0.76989,-0.86577,-1.21245,3.13836,-0.00152,0.01943,576.0,3.79
139,4.6462,Evening 21:00,0.3,1,-0.83319,-0.21629,2.6644,0.6644,-0.83319,-1.21629,3.15662,0.01074,-0.14963,600.0,3.686
140,4.6797,Evening 21:00,0.3,1,-0.86573,-0.23743,2.76974,0.76974,-0.86573,-1.23743,3.13804,-0.00168,0.01914,576.0,3.766
141,4.7131,Evening 21:00,0.3,1,-0.86569,-0.25408,2.76963,0.76963,-0.86569,-1.25408,3.13784,-0.00177,0.01894,576.0,3.758
142,4.7465,Evening 21:00,0.3,1,-0.83362,-0.25648,2.66579,0.66579,-0.83362,-1.25648,3.15993,0.01259,-0.14784,600.0,3.675
143,4.7799,Evening 21:00,0.3,1,-0.86564,-0.27905,2.76945,0.76945,-0.86564,-1.27905,3.13755,-0.00191,0.01861,576.0,3.773
144,4.8134,Evening 21:00,0.3,1,-0.83391,-0.28063,2.66672,0.66672,-0.83391,-1.28063,3.16186,0.01367,-0.14661,600.0,3.723
145,4.8468,Evening 21:00,0.3,1,-0.83411,-0.29674,2.66738,0.66738,-0.83411,-1.29674,3.16313,0.01437,-0.14574,600.0,3.73
146,4.8802,Evening 21:00,0.3,1,-0.86554,-0.32067,2.76914,0.76914,-0.86554,-1.32067,3.13711,-0.00213,0.01803,576.0,3.779
147,4.9136,Evening 21:00,0.3,1,-0.86554,-0.32067,2.76914,0.76914,-0.86554,-1.32067,3.13711,-0.00213,0.01803,576.0,3.779
148,4.9471,Evening 21:00,0.3,1,-0.86548,-0.34563,2.76895,0.76895,-0.86548,-1.34563,3.13686,-0.00225,0.01766,576.0,3.783
149,4.9805,Evening 21:00,0.3,1,-0.86544,-0.36227,2.76881,0.76881,-0.86544,-1.36227,3.13671,-0.00232,0.01741,576.0,3.763
150,5.0139,Evening 21:00,0.3,1,-0.83502,-0.3613,2.67031,0.67031,-0.83502,-1.3613,3.16802,0.01704,-0.1418,600.0,3.696
151,5.0474,Evening 21:00,0.3,1,-0.86538,-0.38722,2.76861,0.76861,-0.86538,-1.38722,3.1365,-0.00243,0.01703,576.0,3.794
152,5.0808,Evening 21:00,0.3,1,-0.83539,-0.38556,2.67152,0.67152,-0.83539,-1.38556,3.16976,0.01799,-0.14015,600.0,3.711
153,5.1142,Evening 21:00,0.3,1,-0.83565,-0.40175,2.67236,0.67236,-0.83565,-1.40175,3.17089,0.01859,-0.139,600.0,3.762
154,5.1476,Evening 21:00,0.3,1,-0.86527,-0.4288,2.76826,0.76826,-0.86527,-1.4288,3.13618,-0.00258,0.01639,576.0,3.78
155,5.1811,Evening 21:00,0.3,1,-0.83605,-0.42606,2.67366,0.67366,-0.83605,-1.42606,3.17255,0.01948,-0.1372,600.0,3.682
156,5.2145,Evening 21:00,0.3,1,-0.86521,-0.45375,2.76805,0.76805,-0.86521,-1.45375,3.13601,-0.00267,0.01599,576.0,3.784
157,5.2479,Evening 21:00,0.3,1,-0.83647,-0.45041,2.67501,0.67501,-0.83647,-1.45041,3.17415,0.02032,-0.13533,600.0,3.732
158,5.2813,Evening 21:00,0.3,1,-0.83675,-0.46666,2.67593,0.67593,-0.83675,-1.46666,3.17518,0.02086,-0.13404,600.0,3.72
159,5.3148,Evening 21:00,0.3,1,-0.8651,-0.49531,2.76769,0.76769,-0.8651,-1.49531,3.13576,-0.00279,0.01533,576.0,3.784
160,5.3482,Evening 21:00,0.3,1,-0.83719,-0.49106,2.67735,0.67735,-0.83719,-1.49106,3.17668,0.02164,-0.13205,600.0,3.685
161,5.3816,Evening 21:00,0.3,1,-0.86503,-0.52024,2.76748,0.76748,-0.86503,-1.52024,3.13563,-0.00286,0.01494,576.0,3.775
162,5.415,Evening 21:00,0.3,1,-0.86499,-0.53686,2.76734,0.76734,-0.86499,-1.53686,3.13555,-0.00289,0.01468,576.0,3.774
163,5.4485,Evening 21:00,0.3,1,-0.83795,-0.5318,2.67979,0.67979,-0.83795,-1.5318,3.17904,0.02284,-0.12859,600.0,3.691
164,5.4819,Evening 21:00,0.3,1,-0.86492,-0.56179,2.76713,0.76713,-0.86492,-1.56179,3.13544,-0.00295,0.01429,576.0,3.79
165,5.5153,Evening 21:00,0.3,1,-0.83841,-0.55628,2.6813,0.6813,-0.83841,-1.55628,3.18038,0.02351,-0.12644,600.0,3.721
166,5.5487,Evening 21:00,0.3,1,-0.83873,-0.57263,2.68231,0.68231,-0.83873,-1.57263,3.18123,0.02393,-0.12498,600.0,3.741
167,5.5822,Evening 21:00,0.3,1,-0.83873,-0.57263,2.68231,0.68231,-0.83873,-1.57263,3.18123,0.02393,-0.12498,600.0,3.741
168,5.6156,Evening 21:00,0.3,1,-0.86482,-0.60333,2.76679,0.76679,-0.86482,-1.60333,3.13529,-0.00302,0.01366,576.0,3.787
169,5.649,Evening 21:00,0.3,1,-0.86475,-0.62825,2.76658,0.76658,-0.86475,-1.62825,3.13522,-0.00306,0.01328,576.0,3.789
170,5.6825,Evening 21:00,0.3,1,-0.83969,-0.62174,2.68542,0.68542,-0.83969,-1.62174,3.18361,0.02509,-0.12049,600.0,3.76
171,5.7159,Evening 21:00,0.3,1,-0.84001,-0.63814,2.68647,0.68647,-0.84001,-1.63814,3.18434,0.02544,-0.11897,600.0,3.72
172,5.7493,Evening 21:00,0.3,1,-0.86465,-0.66977,2.76625,0.76625,-0.86465,-1.66977,3.13512,-0.00311,0.01268,576.0,3.789
173,5.7827,Evening 21:00,0.3,1,-0.8405,-0.66277,2.68805,0.68805,-0.8405,-1.66277,3.18538,0.02593,-0.11665,600.0,3.696
174,5.8162,Evening 21:00,0.3,1,-0.86459,-0.69468,2.76606,0.76606,-0.86459,-1.69468,3.13507,-0.00314,0.01232,576.0,3.773
175,5.8496,Evening 21:00,0.3,1,-0.86455,-0.71129,2.76593,0.76593,-0.86455,-1.71129,3.13505,-0.00315,0.01209,576.0,3.776
176,5.883,Evening 21:00,0.3,1,-0.86455,-0.71129,2.76593,0.76593,-0.86455,-1.71129,3.13505,-0.00315,0.01209,576.0,3.776
177,5.9164,Evening 21:00,0.3,1,-0.8645,-0.7362,2.76575,0.76575,-0.8645,-1.7362,3.13502,-0.00317,0.01175,576.0,3.785
178,5.9499,Evening 21:00,0.3,1,-0.84181,-0.72858,2.69229,0.69229,-0.84181,-1.72858,3.18783,0.02703,-0.1104,600.0,3.739
179,5.9833,Evening 21:00,0.3,1,-0.84214,-0.74507,2.69335,0.69335,-0.84214,-1.74507,3.18837,0.02727,-0.10882,600.0,3.729
180,6.0167,Evening 21:00,0.3,1,-0.8644,-0.77771,2.76545,0.76545,-0.8644,-1.77771,3.13498,-0.00319,0.0112,576.0,3.787
181,6.0501,Evening 21:00,0.3,1,-0.84263,-0.76982,2.69493,0.69493,-0.84263,-1.76982,3.18912,0.02758,-0.10645,600.0,3.685
182,6.0836,Evening 21:00,0.3,1,-0.86435,-0.80261,2.76528,0.76528,-0.86435,-1.80261,3.13497,-0.0032,0.01088,576.0,3.788
183,6.117,Evening 21:00,0.3,1,-0.86432,-0.81921,2.76516,0.76516,-0.86432,-1.81921,3.13496,-0.0032,0.01067,576.0,3.772
184,6.1504,Evening 21:00,0.3,1,-0.86432,-0.81921,2.76516,0.76516,-0.86432,-1.81921,3.13496,-0.0032,0.01067,576.0,3.772
185,6.1838,Evening 21:00,0.3,1,-0.84343,-0.81113,2.69754,0.69754,-0.84343,-1.81113,3.19024,0.02803,-0.10252,600.0,3.698
186,6.2173,Evening 21:00,0.3,1,-0.86426,-0.84411,2.765,0.765,-0.86426,-1.84411,3.13496,-0.0032,0.01037,576.0,3.796
187,6.2507,Evening 21:00,0.3,1,-0.84391,-0.83595,2.69909,0.69909,-0.84391,-1.83595,3.19082,0.02825,-0.10017,600.0,3.715
188,6.2841,Evening 21:00,0.3,1,-0.86422,-0.869,2.76484,0.76484,-0.86422,-1.869,3.13496,-0.0032,0.01007,576.0,3.766
189,6.3175,Evening 21:00,0.3,1,-0.8447,-0.87736,2.70163,0.70163,-0.8447,-1.87736,3.19167,0.02855,-0.09629,600.0,3.685
190,6.351,Evening 21:00,0.3,1,-0.86414,-0.9105,2.76458,0.76458,-0.86414,-1.9105,3.13498,-0.0032,0.0096,576.0,3.781
191,6.3844,Evening 21:00,0.3,1,-0.81751,-0.87804,2.65389,0.65389,-0.81751,-1.87804,3.1349,-0.00319,0.00953,625.0,3.708
192,6.4178,Evening 21:00,0.3,1,-0.81751,-0.87804,2.65389,0.65389,-0.81751,-1.87804,3.1349,-0.00319,0.00953,625.0,3.708
193,6.4513,Evening 21:00,0.3,1,-0.82087,-0.89431,2.70378,0.70378,-0.82087,-1.89431,3.19347,0.02873,-0.09531,600.0,3.725
194,6.4847,Evening 21:00,0.3,1,-0.79672,-0.8947,2.70496,0.70496,-0.79672,-1.8947,3.19504,0.0288,-0.09582,600.0,3.741
195,6.5181,Evening 21:00,0.3,1,-0.76732,-0.87768,2.65276,0.65276,-0.76732,-1.87768,3.12877,0.02724,-0.08507,612.5,3.703
196,6.5515,Evening 21:00,0.3,1,-0.75327,-0.87789,2.65345,0.65345,-0.75327,-1.87789,3.13442,-0.00315,0.00941,625.0,3.689
197,6.585,Evening 21:00,0.3,1,-0.75645,-0.89537,2.70702,0.70702,-0.75645,-1.89537,3.19779,0.02888,-0.09659,600.0,3.75
198,6.6184,Evening 21:00,0.3,1,-0.72918,-0.87784,2.65328,0.65328,-0.72918,-1.87784,3.13423,-0.00313,0.00934,625.0,3.66
199,6.6518,Evening 21:00,0.3,1,-0.73228,-0.89579,2.70831,0.70831,-0.73228,-1.89579,3.19953,0.0289,-0.09699,600.0,3.745
200,6.6852,Evening 21:00,0.3,1,-0.71615,-0.89608,2.70919,0.70919,-0.71615,-1.89608,3.20073,0.02891,-0.09723,600.0,3.728
201,6.7187,Evening 21:00,0.3,1,-0.68904,-0.87774,2.65298,0.65298,-0.68904,-1.87774,3.13391,-0.00308,0.0092,625.0,3.664
202,6.7521,Evening 21:00,0.3,1,-0.69195,-0.89652,2.71055,0.71055,-0.69195,-1.89652,3.20258,0.0289,-0.09753,600.0,3.738
203,6.7855,Evening 21:00,0.3,1,-0.66496,-0.87768,2.65281,0.65281,-0.66496,-1.87768,3.13371,-0.00305,0.0091,625.0,3.673
204,6.8189,Evening 21:00,0.3,1,-0.6489,-0.87764,2.65268,0.65268,-0.6489,-1.87764,3.13358,-0.00303,0.00903,625.0,3.692
205,6.8524,Evening 21:00,0.3,1,-0.65159,-0.89729,2.71291,0.71291,-0.65159,-1.89729,3.20584,0.02883,-0.09789,600.0,3.729
206,6.8858,Evening 21:00,0.3,1,-0.62483,-0.87758,2.6525,0.6525,-0.62483,-1.87758,3.13338,-0.00299,0.00891,625.0,3.642
207,6.9192,Evening 21:00,0.3,1,-0.62483,-0.87758,2.6525,0.6525,-0.62483,-1.87758,3.13338,-0.00299,0.00891,625.0,3.642
208,6.9526,Evening 21:00,0.3,1,-0.61118,-0.89809,2.71538,0.71538,-0.61118,-1.89809,3.20931,0.02868,-0.09804,600.0,3.725
209,6.9861,Evening 21:00,0.3,1,-0.5847,-0.87748,2.65219,0.65219,-0.5847,-1.87748,3.13304,-0.00291,0.00867,625.0,3.678
210,7.0195,Evening 21:00,0.3,1,-0.58691,-0.8986,2.71693,0.71693,-0.58691,-1.8986,3.21151,0.02855,-0.098,600.0,3.752
211,7.0529,Evening 21:00,0.3,1,-0.56064,-0.87742,2.652,0.652,-0.56064,-1.87742,3.13283,-0.00286,0.00851,625.0,3.67
212,7.0864,Evening 21:00,0.3,1,-0.56262,-0.89911,2.71852,0.71852,-0.56262,-1.89911,3.21379,0.02838,-0.09785,600.0,3.733
213,7.1198,Evening 21:00,0.3,1,-0.54642,-0.89947,2.7196,0.7196,-0.54642,-1.89947,3.21536,0.02825,-0.09769,600.0,3.742
214,7.1532,Evening 21:00,0.3,1,-0.52053,-0.87732,2.65169,0.65169,-0.52053,-1.87732,3.13249,-0.00276,0.0082,625.0,3.651
215,7.1866,Evening 21:00,0.3,1,-0.52209,-0.90001,2.72127,0.72127,-0.52209,-1.90001,3.21779,0.02802,-0.09733,600.0,3.746
216,7.2201,Evening 21:00,0.3,1,-0.49647,-0.87726,2.6515,0.6515,-0.49647,-1.87726,3.13229,-0.00269,0.00799,625.0,3.688
217,7.2535,Evening 21:00,0.3,1,-0.48043,-0.87722,2.65138,0.65138,-0.48043,-1.87722,3.13215,-0.00264,0.00784,625.0,3.688
218,7.2869,Evening 21:00,0.3,1,-0.48151,-0.90095,2.72415,0.72415,-0.48151,-1.90095,3.22205,0.02752,-0.0964,600.0,3.736
219,7.3203,Evening 21:00,0.3,1,-0.45638,-0.87716,2.65119,0.65119,-0.45638,-1.87716,3.13195,-0.00256,0.00761,625.0,3.643
220,7.3538,Evening 21:00,0.3,1,-0.45712,-0.90153,2.72594,0.72594,-0.45712,-1.90153,3.22474,0.02715,-0.09562,600.0,3.734
221,7.3872,Evening 21:00,0.3,1,-0.44085,-0.90192,2.72716,0.72716,-0.44085,-1.90192,3.22659,0.02687,-0.09498,600.0,3.724
222,7.4206,Evening 21:00,0.3,1,-0.4163,-0.87706,2.65089,0.65089,-0.4163,-1.87706,3.13162,-0.00241,0.00717,625.0,3.652
223,7.454,Evening 21:00,0.3,1,-0.41643,-0.90253,2.72902,0.72902,-0.41643,-1.90253,3.22945,0.0264,-0.09384,600.0,3.75
224,7.4875,Evening 21:00,0.3,1,-0.39266,-0.88178,2.66529,0.66529,-0.39266,-1.88178,3.1405,0.0332,-0.10426,612.5,3.69
225,7.5209,Evening 21:00,0.3,1,-0.39266,-0.88178,2.66529,0.66529,-0.39266,-1.88178,3.1405,0.0332,-0.10426,612.5,3.69
226,7.5543,Evening 21:00,0.3,1,-0.38639,-0.89595,2.70869,0.70869,-0.38639,-1.89595,3.19287,-0.02043,0.06135,612.5,3.717
227,7.5877,Evening 21:00,0.3,1,-0.37565,-0.90357,2.73221,0.73221,-0.37565,-1.90357,3.23445,0.02546,-0.09139,600.0,3.748
228,7.6212,Evening 21:00,0.3,1,-0.35114,-0.90421,2.73418,0.73418,-0.35114,-1.90421,3.23758,0.02478,-0.08952,600.0,3.751
229,7.6546,Evening 21:00,0.3,1,-0.32815,-0.87685,2.65026,0.65026,-0.32815,-1.87685,3.13094,-0.00203,0.00603,625.0,3.698
230,7.688,Evening 21:00,0.3,1,-0.31213,-0.87682,2.65016,0.65016,-0.31213,-1.87682,3.13083,-0.00195,0.00579,625.0,3.67
231,7.7214,Evening 21:00,0.3,1,-0.31023,-0.9053,2.73752,0.73752,-0.31023,-1.9053,3.24301,0.02344,-0.08563,600.0,3.745
232,7.7549,Evening 21:00,0.3,1,-0.28811,-0.87677,2.65001,0.65001,-0.28811,-1.87677,3.13066,-0.00183,0.00543,625.0,3.635
233,7.7883,Evening 21:00,0.3,1,-0.28811,-0.87677,2.65001,0.65001,-0.28811,-1.87677,3.13066,-0.00183,0.00543,625.0,3.635
234,7.8217,Evening 21:00,0.3,1,-0.28563,-0.90596,2.73956,0.73956,-0.28563,-1.90596,3.24638,0.02249,-0.08275,600.0,3.724
235,7.8552,Evening 21:00,0.3,1,-0.24807,-0.87669,2.64977,0.64977,-0.24807,-1.87669,3.13041,-0.00161,0.00478,625.0,3.647
236,7.8886,Evening 21:00,0.3,1,-0.24455,-0.90706,2.74297,0.74297,-0.24455,-1.90706,3.25214,0.02064,-0.07684,600.0,3.746
237,7.922,Evening 21:00,0.3,1,-0.22439,-0.88474,2.67435,0.67435,-0.22439,-1.88474,3.14976,0.03479,-0.11004,612.5,3.683
238,7.9554,Evening 21:00,0.3,1,-0.22439,-0.88474,2.67435,0.67435,-0.22439,-1.88474,3.14976,0.03479,-0.11004,612.5,3.683
239,7.9889,Evening 21:00,0.3,1,-0.20804,-0.87662,2.64956,0.64956,-0.20804,-1.87662,3.13018,-0.00138,0.00409,625.0,3.688
240,8.0223,Evening 21:00,0.3,1,-0.18403,-0.87659,2.64945,0.64945,-0.18403,-1.87659,3.13006,-0.00123,0.00365,625.0,3.631
241,8.0557,Evening 21:00,0.3,1,-0.18403,-0.87659,2.64945,0.64945,-0.18403,-1.87659,3.13006,-0.00123,0.00365,625.0,3.631
242,8.0891,Evening 21:00,0.3,1,-0.17859,-0.90879,2.7483,0.7483,-0.17859,-1.90879,3.26145,0.01679,-0.06382,600.0,3.745
243,8.1226,Evening 21:00,0.3,1,-0.16206,-0.9092,2.74956,0.74956,-0.16206,-1.9092,3.26371,0.01564,-0.05973,600.0,3.724
244,8.156,Evening 21:00,0.3,1,-0.14401,-0.87654,2.6493,0.6493,-0.14401,-1.87654,3.12989,-0.00098,0.0029,625.0,3.666
245,8.1894,Evening 21:00,0.3,1,-0.13722,-0.90978,2.75135,0.75135,-0.13722,-1.90978,3.26696,0.01374,-0.05288,600.0,3.753
246,8.2228,Evening 21:00,0.3,1,-0.12001,-0.87651,2.64922,0.64922,-0.12001,-1.87651,3.12981,-0.00082,0.00243,625.0,3.652
247,8.2563,Evening 21:00,0.3,1,-0.11234,-0.91032,2.75299,0.75299,-0.11234,-1.91032,3.26996,0.01164,-0.04511,600.0,3.724
248,8.2897,Evening 21:00,0.3,1,-0.09573,-0.91063,2.75397,0.75397,-0.09573,-1.91063,3.27177,0.01013,-0.03941,600.0,3.734
249,8.3231,Evening 21:00,0.3,1,-0.08,-0.87648,2.64912,0.64912,-0.08,-1.87648,3.1297,-0.00055,0.00164,625.0,3.639
250,8.3565,Evening 21:00,0.3,1,-0.07079,-0.91104,2.75522,0.75522,-0.07079,-1.91104,3.2741,0.00769,-0.03009,600.0,3.744
251,8.39,Evening 21:00,0.3,1,-0.055,-0.88836,2.68542,0.68542,-0.055,-1.88836,3.16187,0.03454,-0.11011,612.5,3.692
252,8.4234,Evening 21:00,0.3,1,-0.04,-0.87646,2.64906,0.64906,-0.04,-1.87646,3.12964,-0.00028,0.00082,625.0,3.674
253,8.4568,Evening 21:00,0.3,1,-0.02917,-0.91148,2.75657,0.75657,-0.02917,-1.91148,3.27663,0.00326,-0.01284,600.0,3.742
254,8.4903,Evening 21:00,0.3,1,-0.016,-0.87645,2.64904,0.64904,-0.016,-1.87645,3.12962,-0.00011,0.00033,625.0,3.645
255,8.5237,Evening 21:00,0.3,1,-0.00417,-0.91157,2.75685,0.75685,-0.00417,-1.91157,3.27716,0.00047,-0.00185,600.0,3.739
256,8.5571,Evening 21:00,0.3,1,0.0125,-0.91155,2.7568,0.7568,0.0125,-1.91155,3.27707,-0.0014,0.00554,600.0,3.736
257,8.5905,Evening 21:00,0.3,1,0.016,-0.85721,2.65001,0.65001,0.016,-1.85721,3.02774,0.00091,-0.00234,600.0,3.723
258,8.624,Evening 21:00,0.3,1,0.016,-0.84459,2.64905,0.64905,0.016,-1.84459,3.1292,0.00011,-0.00035,625.0,3.674
259,8.6574,Evening 21:00,0.3,1,0.016,-0.82865,2.64905,0.64905,0.016,-1.82865,3.12899,0.00012,-0.00037,625.0,3.655
260,8.6908,Evening 21:00,0.3,1,0.016,-0.8174,2.65008,0.65008,0.016,-1.8174,3.0238,0.00093,-0.00248,600.0,3.726
261,8.7242,Evening 21:00,0.3,1,0.016,-0.80476,2.64906,0.64906,0.016,-1.80476,3.12865,0.00012,-0.00039,625.0,3.624
262,8.7577,Evening 21:00,0.3,1,0.016,-0.79351,2.65012,0.65012,0.016,-1.79351,3.02133,0.00094,-0.00257,600.0,3.708
263,8.7911,Evening 21:00,0.3,1,0.016,-0.77758,2.65015,0.65015,0.016,-1.77758,3.01962,0.00095,-0.00264,600.0,3.707
264,8.8245,Evening 21:00,0.3,1,0.016,-0.76493,2.64908,0.64908,0.016,-1.76493,3.12804,0.00013,-0.00042,625.0,3.617
265,8.8579,Evening 21:00,0.3,1,0.016,-0.75369,2.6502,0.6502,0.016,-1.75369,3.01699,0.00097,-0.00273,600.0,3.721
266,8.8914,Evening 21:00,0.3,1,0.016,-0.74103,2.64909,0.64909,0.016,-1.74103,3.12765,0.00013,-0.00045,625.0,3.651
267,8.9248,Evening 21:00,0.3,1,0.016,-0.7251,2.6491,0.6491,0.016,-1.7251,3.12738,0.00013,-0.00046,625.0,3.669
268,8.9582,Evening 21:00,0.3,1,0.016,-0.71388,2.65028,0.65028,0.016,-1.71388,3.01239,0.00099,-0.0029,600.0,3.726
269,8.9916,Evening 21:00,0.3,1,0.016,-0.7012,2.64911,0.64911,0.016,-1.7012,3.12695,0.00013,-0.00049,625.0,3.603
270,9.0251,Evening 21:00,0.3,1,0.016,-0.68999,2.65033,0.65033,0.016,-1.68999,3.00949,0.001,-0.00301,600.0,3.719
271,9.0585,Evening 21:00,0.3,1,0.016,-0.67406,2.65037,0.65037,0.016,-1.67406,3.0075,0.00101,-0.00309,600.0,3.703
272,9.0919,Evening 21:00,0.3,1,0.016,-0.66137,2.64913,0.64913,0.016,-1.66137,3.12618,0.00014,-0.00055,625.0,3.655
273,9.1253,Evening 21:00,0.3,1,0.016,-0.65017,2.65043,0.65043,0.016,-1.65017,3.00441,0.00102,-0.0032,600.0,3.729
274,9.1588,Evening 21:00,0.3,1,0.016,-0.63747,2.64914,0.64914,0.016,-1.63747,3.12568,0.00015,-0.00058,625.0,3.63
275,9.1922,Evening 21:00,0.3,1,0.016,-0.62628,2.65049,0.65049,0.016,-1.62628,3.00121,0.00104,-0.00333,600.0,3.699
276,9.2256,Evening 21:00,0.3,1,0.016,-0.61036,2.65053,0.65053,0.016,-1.61036,2.999,0.00105,-0.00341,600.0,3.718
277,9.2591,Evening 21:00,0.3,1,0.016,-0.59764,2.64917,0.64917,0.016,-1.59764,3.12478,0.00015,-0.00065,625.0,3.617
278,9.2925,Evening 21:00,0.3,1,0.016,-0.58647,2.6506,0.6506,0.016,-1.58647,2.99559,0.00106,-0.00354,600.0,3.718
279,9.3259,Evening 21:00,0.3,1,0.016,-0.57375,2.64919,0.64919,0.016,-1.57375,3.12419,0.00016,-0.0007,625.0,3.665
280,9.3593,Evening 21:00,0.3,1,0.016,-0.55782,2.64921,0.64921,0.016,-1.55782,3.12378,0.00016,-0.00073,625.0,3.659
281,9.3928,Evening 21:00,0.3,1,0.016,-0.54665,2.65071,0.65071,0.016,-1.54665,2.9896,0.00108,-0.00377,600.0,3.717
282,9.4262,Evening 21:00,0.3,1,0.016,-0.53392,2.64923,0.64923,0.016,-1.53392,3.12312,0.00017,-0.00079,625.0,3.613
283,9.4596,Evening 21:00,0.3,1,0.016,-0.52277,2.65079,0.65079,0.016,-1.52277,2.98582,0.0011,-0.00392,600.0,3.714
284,9.493,Evening 21:00,0.3,1,0.016,-0.52277,2.65079,0.65079,0.016,-1.52277,2.98582,0.0011,-0.00392,600.0,3.714
285,9.5265,Evening 21:00,0.3,1,0.016,-0.49409,2.64927,0.64927,0.016,-1.49409,3.12193,0.00018,-0.00089,625.0,3.631
286,9.5599,Evening 21:00,0.3,1,0.016,-0.49409,2.64927,0.64927,0.016,-1.49409,3.12193,0.00018,-0.00089,625.0,3.631
287,9.5933,Evening 21:00,0.3,1,0.016,-0.48295,2.65092,0.65092,0.016,-1.48295,2.97918,0.00112,-0.00417,600.0,3.731
288,9.6267,Evening 21:00,0.3,1,0.016,-0.45906,2.651,0.651,0.016,-1.45906,2.97498,0.00113,-0.00434,600.0,3.7
289,9.6602,Evening 21:00,0.3,1,0.016,-0.44313,2.65106,0.65106,0.016,-1.44313,2.97209,0.00114,-0.00445,600.0,3.724
290,9.6936,Evening 21:00,0.3,1,0.016,-0.43037,2.64937,0.64937,0.016,-1.43037,3.11971,0.00019,-0.00111,625.0,3.609
291,9.727,Evening 21:00,0.3,1,0.016,-0.41924,2.65115,0.65115,0.016,-1.41924,2.96762,0.00115,-0.00462,600.0,3.718
292,9.7604,Evening 21:00,0.3,1,0.016,-0.40648,2.64941,0.64941,0.016,-1.40648,3.11877,0.0002,-0.00121,625.0,3.666
293,9.7939,Evening 21:00,0.3,1,0.016,-0.39055,2.64944,0.64944,0.016,-1.39055,3.11809,0.00021,-0.00128,625.0,3.642
294,9.8273,Evening 21:00,0.3,1,0.016,-0.37943,2.65131,0.65131,0.016,-1.37943,2.95975,0.00117,-0.00492,600.0,3.711
295,9.8607,Evening 21:00,0.3,1,0.016,-0.36665,2.64949,0.64949,0.016,-1.36665,3.11702,0.00021,-0.0014,625.0,3.624
296,9.8942,Evening 21:00,0.3,1,0.01617,-0.35247,2.64482,0.64482,0.01617,-1.35247,-3.27009,-0.01166,-0.08241,612.5,3.695
297,9.9276,Evening 21:00,0.3,1,0.016,-0.33961,2.65147,0.65147,0.016,-1.33961,2.95136,0.00119,-0.00524,600.0,3.714
298,9.961,Evening 21:00,0.3,1,0.016,-0.32683,2.64959,0.64959,0.016,-1.32683,3.11505,0.00023,-0.00163,625.0,3.627
299,9.9944,Evening 21:00,0.3,1,0.016,-0.32683,2.64959,0.64959,0.016,-1.32683,3.11505,0.00023,-0.00163,625.0,3.627
300,10.0279,Evening 21:00,0.3,1,0.016,-0.31571,2.65158,0.65158,0.016,-1.31571,2.94605,0.0012,-0.00543,600.0,3.731
301,10.0613,Evening 21:00,0.3,1,0.016,-0.30294,2.64966,0.64966,0.016,-1.30294,3.11374,0.00023,-0.0018,625.0,3.667
302,10.0947,Evening 21:00,0.3,1,0.016,-0.27589,2.65177,0.65177,0.016,-1.27589,2.93674,0.00122,-0.00578,600.0,3.733
303,10.1281,Evening 21:00,0.3,1,0.016,-0.26311,2.64981,0.64981,0.016,-1.26311,3.11131,0.00025,-0.00212,625.0,3.613
304,10.1616,Evening 21:00,0.3,1,0.016,-0.252,2.65188,0.65188,0.016,-1.252,2.93085,0.00123,-0.00599,600.0,3.718
305,10.195,Evening 21:00,0.3,1,0.016,-0.23922,2.64992,0.64992,0.016,-1.23922,3.10971,0.00026,-0.00235,625.0,3.684
306,10.2284,Evening 21:00,0.3,1,0.016,-0.22329,2.65,0.65,0.016,-1.22329,3.10857,0.00026,-0.00252,625.0,3.642
307,10.2618,Evening 21:00,0.3,1,0.016,-0.21217,2.65208,0.65208,0.016,-1.21217,2.92054,0.00124,-0.00635,600.0,3.714
308,10.2953,Evening 21:00,0.3,1,0.016,-0.1994,2.65013,0.65013,0.016,-1.1994,3.10675,0.00027,-0.0028,625.0,3.623
309,10.3287,Evening 21:00,0.3,1,0.016,-0.18347,2.65023,0.65023,0.016,-1.18347,3.10547,0.00027,-0.00301,625.0,3.68
310,10.3621,Evening 21:00,0.3,1,0.016,-0.17234,2.6523,0.6523,0.016,-1.17234,2.90955,0.00125,-0.00673,600.0,3.72
311,10.3955,Evening 21:00,0.3,1,0.016,-0.15957,2.65041,0.65041,0.016,-1.15957,3.10344,0.00028,-0.00334,625.0,3.636
312,10.429,Evening 21:00,0.3,1,0.016,-0.14844,2.65243,0.65243,0.016,-1.14844,2.90263,0.00125,-0.00696,600.0,3.749
313,10.4624,Evening 21:00,0.3,1,0.016,-0.13251,2.65252,0.65252,0.016,-1.13251,2.89787,0.00125,-0.00712,600.0,3.727
314,10.4958,Evening 21:00,0.3,1,0.016,-0.11974,2.65076,0.65076,0.016,-1.11974,3.0998,0.00029,-0.00398,625.0,3.717
315,10.5292,Evening 21:00,0.3,1,0.016,-0.1086,2.65266,0.65266,0.016,-1.1086,2.89052,0.00125,-0.00735,600.0,3.789
316,10.5627,Evening 21:00,0.3,1,0.016,-0.09585,2.65102,0.65102,0.016,-1.09585,3.09751,0.00029,-0.0044,625.0,3.681
317,10.5961,Evening 21:00,0.3,1,0.016,-0.0847,2.6528,0.6528,0.016,-1.0847,2.88291,0.00126,-0.00759,600.0,3.795
318,10.6295,Evening 21:00,0.3,1,0.01555,-0.07022,2.64068,0.64068,0.01555,-1.07022,2.93819,-0.01161,-0.16064,612.5,3.779
319,10.663,Evening 21:00,0.3,1,0.016,-0.056,2.65157,0.65157,0.016,-1.056,3.09373,0.00028,-0.00515,625.0,3.723
320,10.6964,Evening 21:00,0.3,1,0.016,-0.04486,2.65304,0.65304,0.016,-1.04486,2.86962,0.00125,-0.00798,600.0,3.824
321,10.7298,Evening 21:00,0.3,1,0.01601,-0.03209,2.65199,0.65199,0.01601,-1.03209,3.09178,0.00027,-0.0056,625.0,3.738
322,10.7632,Evening 21:00,0.3,1,0.016,-0.02892,2.65314,0.65314,0.016,-1.02892,2.86409,0.00125,-0.00814,600.0,3.824
323,10.7967,Evening 21:00,0.3,1,0.016,-0.02892,2.65314,0.65314,0.016,-1.02892,2.86409,0.00125,-0.00814,600.0,3.824
324,10.8301,Evening 21:00,0.3,1,0.016,-0.02892,2.65314,0.65314,0.016,-1.02892,2.86409,0.00125,-0.00814,600.0,3.824
325,10.8635,Evening 21:00,0.3,1,0.016,-0.02892,2.65314,0.65314,0.016,-1.02892,2.86409,0.00125,-0.00814,600.0,3.824
326,10.8969,Evening 21:00,0.3,1,0.016,-0.02892,2.65314,0.65314,0.016,-1.02892,2.86409,0.00125,-0.00814,600.0,3.824
327,10.9304,Evening 21:00,0.3,1,0.016,-0.02892,2.65314,0.65314,0.016,-1.02892,2.86409,0.00125,-0.00814,600.0,3.824
328,10.9638,Evening 21:00,0.3,1,0.016,-0.02892,2.65314,0.65314,0.016,-1.02892,2.86409,0.00125,-0.00814,600.0,3.824
329,10.9972,Evening 21:00,0.3,1,0.016,-0.02892,2.65314,0.65314,0.016,-1.02892,2.86409,0.00125,-0.00814,600.0,3.824
330,11.0306,Evening 21:00,0.3,1,0.016,-0.02892,2.65314,0.65314,0.016,-1.02892,2.86409,0.00125,-0.00814,600.0,3.824
331,11.0641,Evening 21:00,0.3,1,0.016,-0.02892,2.65314,0.65314,0.016,-1.02892,2.86409,0.00125,-0.00814,600.0,3.824
332,11.0975,Evening 21:00,0.3,1,0.016,-0.02892,2.65314,0.65314,0.016,-1.02892,2.86409,0.00125,-0.00814,600.0,3.824
333,11.1309,Evening 21:00,0.3,1,0.016,-0.02892,2.65314,0.65314,0.016,-1.02892,2.86409,0.00125,-0.00814,600.0,3.824
334,11.1643,Evening 21:00,0.3,1,0.016,-0.02892,2.65314,0.65314,0.016,-1.02892,2.86409,0.00125,-0.00814,600.0,3.824
335,11.1978,Evening 21:00,0.3,1,0.016,-0.02892,2.65314,0.65314,0.016,-1.02892,2.86409,0.00125,-0.00814,600.0,3.824
336,11.2312,Evening 21:00,0.3,1,0.016,-0.02892,2.65314,0.65314,0.016,-1.02892,2.86409,0.00125,-0.00814,600.0,3.824
337,11.2646,Evening 21:00,0.3,1,0.016,-0.02892,2.65314,0.65314,0.016,-1.02892,2.86409,0.00125,-0.00814,600.0,3.824
338,11.2981,Evening 21:00,0.3,1,0.016,-0.02892,2.65314,0.65314,0.016,-1.02892,2.86409,0.00125,-0.00814,600.0,3.824
339,11.3315,Evening 21:00,0.3,1,0.016,-0.02892,2.65314,0.65314,0.016,-1.02892,2.86409,0.00125,-0.00814,600.0,3.824
340,11.3649,Evening 21:00,0.3,1,0.016,-0.02892,2.65314,0.65314,0.016,-1.02892,2.86409,0.00125,-0.00814,600.0,3.824
341,11.3983,Evening 21:00,0.3,1,0.016,-0.02892,2.65314,0.65314,0.016,-1.02892,2.86409,0.00125,-0.00814,600.0,3.824
342,11.4318,Evening 21:00,0.3,1,0.016,-0.02892,2.65314,0.65314,0.016,-1.02892,2.86409,0.00125,-0.00814,600.0,3.824
343,11.4652,Evening 21:00,0.3,1,0.016,-0.02892,2.65314,0.65314,0.016,-1.02892,2.86409,0.00125,-0.00814,600.0,3.824
344,11.4986,Evening 21:00,0.3,1,0.016,-0.02892,2.65314,0.65314,0.016,-1.02892,2.86409,0.00125,-0.00814,600.0,3.824
345,11.532,Evening 21:00,0.3,1,0.016,-0.02892,2.65314,0.65314,0.016,-1.02892,2.86409,0.00125,-0.00814,600.0,3.824
346,11.5655,Evening 21:00,0.3,1,0.016,-0.02892,2.65314,0.65314,0.016,-1.02892,2.86409,0.00125,-0.00814,600.0,3.824
347,11.5989,Evening 21:00,0.3,1,0.016,-0.02892,2.65314,0.65314,0.016,-1.02892,2.86409,0.00125,-0.00814,600.0,3.824
348,11.6323,Evening 21:00,0.3,1,0.016,-0.02892,2.65314,0.65314,0.016,-1.02892,2.86409,0.00125,-0.00814,600.0,3.824
349,11.6657,Evening 21:00,0.3,1,0.016,-0.02892,2.65314,0.65314,0.016,-1.02892,2.86409,0.00125,-0.00814,600.0,3.824
350,11.6992,Evening 21:00,0.3,1,0.016,-0.02892,2.65314,0.65314,0.016,-1.02892,2.86409,0.00125,-0.00814,600.0,3.824
351,11.7326,Evening 21:00,0.3,1,0.016,-0.02892,2.65314,0.65314,0.016,-1.02892,2.86409,0.00125,-0.00814,600.0,3.824
352,11.766,Evening 21:00,0.3,1,0.016,-0.02892,2.65314,0.65314,0.016,-1.02892,2.86409,0.00125,-0.00814,600.0,3.824
353,11.7994,Evening 21:00,0.3,1,0.016,-0.02892,2.65314,0.65314,0.016,-1.02892,2.86409,0.00125,-0.00814,600.0,3.824
354,11.8329,Evening 21:00,0.3,1,0.016,-0.02892,2.65314,0.65314,0.016,-1.02892,2.86409,0.00125,-0.00814,600.0,3.824
355,11.8663,Evening 21:00,0.3,1,0.016,-0.02892,2.65314,0.65314,0.016,-1.02892,2.86409,0.00125,-0.00814,600.0,3.824
356,11.8997,Evening 21:00,0.3,1,0.016,-0.02892,2.65314,0.65314,0.016,-1.02892,2.86409,0.00125,-0.00814,600.0,3.824
357,11.9331,Evening 21:00,0.3,1,0.016,-0.02892,2.65314,0.65314,0.016,-1.02892,2.86409,0.00125,-0.00814,600.0,3.824
358,11.9666,Evening 21:00,0.3,1,0.016,-0.02892,2.65314,0.65314,0.016,-1.02892,2.86409,0.00125,-0.00814,600.0,3.824
359,12.0,Evening 21:00,0.3,1,0.016,-0.02892,2.65314,0.65314,0.016,-1.02892,2.86409,0.00125,-0.00814,600.0,3.824
360,12.0334,Evening 21:00,0.3,1,0.016,-0.02892,2.65314,0.65314,0.016,-1.02892,2.86409,0.00125,-0.00814,600.0,3.824
361,12.0669,Evening 21:00,0.3,1,0.016,-0.02892,2.65314,0.65314,0.016,-1.02892,2.86409,0.00125,-0.00814,600.0,3.824
362,12.1003,Evening 21:00,0.3,1,0.016,-0.02892,2.65314,0.65314,0.016,-1.02892,2.86409,0.00125,-0.00814,600.0,3.824
363,12.1337,Evening 21:00,0.3,1,0.016,-0.02892,2.65314,0.65314,0.016,-1.02892,2.86409,0.00125,-0.00814,600.0,3.824
364,12.1671,Evening 21:00,0.3,1,0.016,-0.02892,2.65314,0.65314,0.016,-1.02892,2.86409,0.00125,-0.00814,600.0,3.824
365,12.2006,Evening 21:00,0.3,1,0.016,-0.02892,2.65314,0.65314,0.016,-1.02892,2.86409,0.00125,-0.00814,600.0,3.824
366,12.234,Evening 21:00,0.3,1,0.016,-0.02892,2.65314,0.65314,0.016,-1.02892,2.86409,0.00125,-0.00814,600.0,3.824
367,12.2674,Evening 21:00,0.3,1,0.016,-0.02892,2.65314,0.65314,0.016,-1.02892,2.86409,0.00125,-0.00814,600.0,3.824
368,12.3008,Evening 21:00,0.3,1,0.016,-0.02892,2.65314,0.65314,0.016,-1.02892,2.86409,0.00125,-0.00814,600.0,3.824
369,12.3343,Evening 21:00,0.3,1,0.016,-0.02892,2.65314,0.65314,0.016,-1.02892,2.86409,0.00125,-0.00814,600.0,3.824
370,12.3677,Evening 21:00,0.3,1,0.016,-0.02892,2.65314,0.65314,0.016,-1.02892,2.86409,0.00125,-0.00814,600.0,3.824
371,12.4011,Evening 21:00,0.3,1,0.016,-0.02892,2.65314,0.65314,0.016,-1.02892,2.86409,0.00125,-0.00814,600.0,3.824
372,12.4345,Evening 21:00,0.3,1,0.016,-0.02892,2.65314,0.65314,0.016,-1.02892,2.86409,0.00125,-0.00814,600.0,3.824
373,12.468,Evening 21:00,0.3,1,0.016,-0.02892,2.65314,0.65314,0.016,-1.02892,2.86409,0.00125,-0.00814,600.0,3.824
374,12.5014,Evening 21:00,0.3,1,0.016,-0.02892,2.65314,0.65314,0.016,-1.02892,2.86409,0.00125,-0.00814,600.0,3.824
375,12.5348,Evening 21:00,0.3,1,0.016,-0.02892,2.65314,0.65314,0.016,-1.02892,2.86409,0.00125,-0.00814,600.0,3.824
376,12.5682,Evening 21:00,0.3,1,0.016,-0.02892,2.65314,0.65314,0.016,-1.02892,2.86409,0.00125,-0.00814,600.0,3.824
377,12.6017,Evening 21:00,0.3,1,0.016,-0.02892,2.65314,0.65314,0.016,-1.02892,2.86409,0.00125,-0.00814,600.0,3.824
378,12.6351,Evening 21:00,0.3,1,0.016,-0.02892,2.65314,0.65314,0.016,-1.02892,2.86409,0.00125,-0.00814,600.0,3.824
379,12.6685,Evening 21:00,0.3,1,0.016,-0.02892,2.65314,0.65314,0.016,-1.02892,2.86409,0.00125,-0.00814,600.0,3.824
380,12.7019,Evening 21:00,0.3,1,0.016,-0.02892,2.65314,0.65314,0.016,-1.02892,2.86409,0.00125,-0.00814,600.0,3.824
381,12.7354,Evening 21:00,0.3,1,0.016,-0.02892,2.65314,0.65314,0.016,-1.02892,2.86409,0.00125,-0.00814,600.0,3.824
382,12.7688,Evening 21:00,0.3,1,0.016,-0.02892,2.65314,0.65314,0.016,-1.02892,2.86409,0.00125,-0.00814,600.0,3.824
383,12.8022,Evening 21:00,0.3,1,0.016,-0.02892,2.65314,0.65314,0.016,-1.02892,2.86409,0.00125,-0.00814,600.0,3.824
384,12.8357,Evening 21:00,0.3,1,0.016,-0.02892,2.65314,0.65314,0.016,-1.02892,2.86409,0.00125,-0.00814,600.0,3.824
385,12.8691,Evening 21:00,0.3,1,0.016,-0.02892,2.65314,0.65314,0.016,-1.02892,2.86409,0.00125,-0.00814,600.0,3.824
386,12.9025,Evening 21:00,0.3,1,0.016,-0.02892,2.65314,0.65314,0.016,-1.02892,2.86409,0.00125,-0.00814,600.0,3.824
387,12.9359,Evening 21:00,0.3,1,0.016,-0.02892,2.65314,0.65314,0.016,-1.02892,2.86409,0.00125,-0.00814,600.0,3.824
388,12.9694,Evening 21:00,0.3,1,0.016,-0.02892,2.65314,0.65314,0.016,-1.02892,2.86409,0.00125,-0.00814,600.0,3.824
389,13.0028,Evening 21:00,0.3,1,0.016,-0.02892,2.65314,0.65314,0.016,-1.02892,2.86409,0.00125,-0.00814,600.0,3.809
390,13.0362,Evening 21:00,0.3,1,0.02084,-0.02927,2.76237,0.76237,0.02084,-1.02927,3.08903,0.00034,-0.0073,576.0,3.788
391,13.0696,Evening 21:00,0.3,1,0.02084,-0.02927,2.76237,0.76237,0.02084,-1.02927,3.08903,0.00034,-0.0073,576.0,3.724
392,13.1031,Evening 21:00,0.3,1,0.02084,-0.02927,2.76237,0.76237,0.02084,-1.02927,3.08903,0.00034,-0.0073,576.0,3.675
393,13.1365,Evening 21:00,0.3,1,0.01765,-0.02917,2.77487,0.77487,0.01765,-1.02917,3.12505,-0.0022,0.40768,552.0,3.668
394,13.1699,Evening 21:00,0.3,1,0.01765,-0.02917,2.77487,0.77487,0.01765,-1.02917,3.12505,-0.0022,0.40768,552.0,3.611
395,13.2033,Evening 21:00,0.3,1,0.0174,-0.03486,2.88215,0.88215,0.0174,-1.03486,3.0869,0.00029,-0.00594,529.0,3.59
396,13.2368,Evening 21:00,0.3,1,0.0174,-0.03486,2.88215,0.88215,0.0174,-1.03486,3.0869,0.00029,-0.00594,529.0,3.566
397,13.2702,Evening 21:00,0.3,1,0.0174,-0.0313,2.8832,0.8832,0.0174,-1.0313,2.85072,0.00131,-0.00816,506.0,3.552
398,13.3036,Evening 21:00,0.3,1,0.0174,-0.0313,2.8832,0.8832,0.0174,-1.0313,2.85072,0.00131,-0.00816,506.0,3.552
399,13.337,Evening 21:00,0.3,1,0.0174,-0.0313,2.8832,0.8832,0.0174,-1.0313,2.85072,0.00131,-0.00816,506.0,3.516
400,13.3705,Evening 21:00,0.3,1,0.02273,-0.03191,3.01302,1.01302,0.02273,-1.03191,3.08416,0.00038,-0.00774,484.0,3.508
401,13.4039,Evening 21:00,0.3,1,0.02273,-0.03191,3.01302,1.01302,0.02273,-1.03191,3.08416,0.00038,-0.00774,484.0,3.478
402,13.4373,Evening 21:00,0.3,1,0.02273,-0.03191,3.01302,1.01302,0.02273,-1.03191,3.08416,0.00038,-0.00774,484.0,3.453
403,13.4708,Evening 21:00,0.3,1,0.01914,-0.03183,3.02649,1.02649,0.01914,-1.03183,3.12184,-0.00232,0.43205,462.0,3.456
404,13.5042,Evening 21:00,0.3,1,0.01914,-0.03183,3.02649,1.02649,0.01914,-1.03183,3.12184,-0.00232,0.43205,462.0,3.426
405,13.5376,Evening 21:00,0.3,1,0.01914,-0.03183,3.02649,1.02649,0.01914,-1.03183,3.12184,-0.00232,0.43205,462.0,3.426
406,13.571,Evening 21:00,0.3,1,0.01905,-0.03816,3.15616,1.15616,0.01905,-1.03816,3.0825,0.00031,-0.00626,441.0,3.401
407,13.6045,Evening 21:00,0.3,1,0.01905,-0.03816,3.15616,1.15616,0.01905,-1.03816,3.0825,0.00031,-0.00626,441.0,3.401
408,13.6379,Evening 21:00,0.3,1,0.01905,-0.03816,3.15616,1.15616,0.01905,-1.03816,3.0825,0.00031,-0.00626,441.0,3.355
409,13.6713,Evening 21:00,0.3,1,0.01905,-0.03816,3.15616,1.15616,0.01905,-1.03816,3.0825,0.00031,-0.00626,441.0,3.349
410,13.7047,Evening 21:00,0.3,1,0.01905,-0.03816,3.15616,1.15616,0.01905,-1.03816,3.0825,0.00031,-0.00626,441.0,3.33
411,13.7382,Evening 21:00,0.3,1,0.01905,-0.03414,3.15714,1.15714,0.01905,-1.03414,2.83588,0.00136,-0.00817,420.0,3.336
412,13.7716,Evening 21:00,0.3,1,0.01905,-0.03414,3.15714,1.15714,0.01905,-1.03414,2.83588,0.00136,-0.00817,420.0,3.321
413,13.805,Evening 21:00,0.3,1,0.01905,-0.03414,3.15714,1.15714,0.01905,-1.03414,2.83588,0.00136,-0.00817,420.0,3.321
414,13.8384,Evening 21:00,0.3,1,0.01905,-0.03414,3.15714,1.15714,0.01905,-1.03414,2.83588,0.00136,-0.00817,420.0,3.285
415,13.8719,Evening 21:00,0.3,1,0.025,-0.03507,3.31381,1.31381,0.025,-1.03507,3.07983,0.0004,-0.00815,400.0,3.293
416,13.9053,Evening 21:00,0.3,1,0.025,-0.03507,3.31381,1.31381,0.025,-1.03507,3.07983,0.0004,-0.00815,400.0,3.287
417,13.9387,Evening 21:00,0.3,1,0.02308,-0.03439,3.30475,1.30475,0.02308,-1.03439,-2.98679,-0.01635,-0.3255,390.0,3.247
418,13.9721,Evening 21:00,0.3,1,0.02093,-0.03501,3.32849,1.32849,0.02093,-1.03501,3.11805,-0.00247,0.45902,380.0,3.248
419,14.0056,Evening 21:00,0.3,1,0.02093,-0.03501,3.32849,1.32849,0.02093,-1.03501,3.11805,-0.00247,0.45902,380.0,3.228
420,14.039,Evening 21:00,0.3,1,0.02106,-0.04214,3.48788,1.48788,0.02106,-1.04214,3.07859,0.00033,-0.00657,361.0,3.222
421,14.0724,Evening 21:00,0.3,1,0.02106,-0.04214,3.48788,1.48788,0.02106,-1.04214,3.07859,0.00033,-0.00657,361.0,3.228
422,14.1058,Evening 21:00,0.3,1,0.02106,-0.04214,3.48788,1.48788,0.02106,-1.04214,3.07859,0.00033,-0.00657,361.0,3.199
423,14.1393,Evening 21:00,0.3,1,0.02106,-0.04214,3.48788,1.48788,0.02106,-1.04214,3.07859,0.00033,-0.00657,361.0,3.18
424,14.1727,Evening 21:00,0.3,1,0.02106,-0.04214,3.48788,1.48788,0.02106,-1.04214,3.07859,0.00033,-0.00657,361.0,3.155
425,14.2061,Evening 21:00,0.3,1,0.02106,-0.04214,3.48788,1.48788,0.02106,-1.04214,3.07859,0.00033,-0.00657,361.0,3.15
426,14.2396,Evening 21:00,0.3,1,0.02106,-0.03758,3.48881,1.48881,0.02106,-1.03758,2.81912,0.00143,-0.00817,342.0,3.137
427,14.273,Evening 21:00,0.3,1,0.02106,-0.03758,3.48881,1.48881,0.02106,-1.03758,2.81912,0.00143,-0.00817,342.0,3.124
428,14.3064,Evening 21:00,0.3,1,0.02106,-0.03758,3.48881,1.48881,0.02106,-1.03758,2.81912,0.00143,-0.00817,342.0,3.108
429,14.3398,Evening 21:00,0.3,1,0.02778,-0.03893,3.68149,1.68149,0.02778,-1.03893,3.07601,0.00043,-0.00853,324.0,3.105
430,14.3733,Evening 21:00,0.3,1,0.02778,-0.03893,3.68149,1.68149,0.02778,-1.03893,3.07601,0.00043,-0.00853,324.0,3.086
431,14.4067,Evening 21:00,0.3,1,0.02778,-0.03893,3.68149,1.68149,0.02778,-1.03893,3.07601,0.00043,-0.00853,324.0,3.086
432,14.4401,Evening 21:00,0.3,1,0.02778,-0.03893,3.68149,1.68149,0.02778,-1.03893,3.07601,0.00043,-0.00853,324.0,3.075
433,14.4735,Evening 21:00,0.3,1,0.02312,-0.0389,3.69767,1.69767,0.02312,-1.0389,3.11346,-0.00263,0.48943,306.0,3.093
434,14.507,Evening 21:00,0.3,1,0.02312,-0.0389,3.69767,1.69767,0.02312,-1.0389,3.11346,-0.00263,0.48943,306.0,3.085
435,14.5404,Evening 21:00,0.3,1,0.02312,-0.0389,3.69767,1.69767,0.02312,-1.0389,3.11346,-0.00263,0.48943,306.0,3.085
436,14.5738,Evening 21:00,0.3,1,0.02353,-0.04706,3.89771,1.89771,0.02353,-1.04706,3.07515,0.00035,-0.00685,289.0,3.079
437,14.6072,Evening 21:00,0.3,1,0.02353,-0.04706,3.89771,1.89771,0.02353,-1.04706,3.07515,0.00035,-0.00685,289.0,3.044
438,14.6407,Evening 21:00,0.3,1,0.02353,-0.04706,3.89771,1.89771,0.02353,-1.04706,3.07515,0.00035,-0.00685,289.0,3.03
439,14.6741,Evening 21:00,0.3,1,0.02353,-0.04706,3.89771,1.89771,0.02353,-1.04706,3.07515,0.00035,-0.00685,289.0,3.016
440,14.7075,Evening 21:00,0.3,1,0.02353,-0.04706,3.89771,1.89771,0.02353,-1.04706,3.07515,0.00035,-0.00685,289.0,2.989
441,14.7409,Evening 21:00,0.3,1,0.02353,-0.04706,3.89771,1.89771,0.02353,-1.04706,3.07515,0.00035,-0.00685,289.0,2.979
442,14.7744,Evening 21:00,0.3,1,0.02353,-0.04706,3.89771,1.89771,0.02353,-1.04706,3.07515,0.00035,-0.00685,289.0,2.963
443,14.8078,Evening 21:00,0.3,1,0.02353,-0.04185,3.89858,1.89858,0.02353,-1.04185,2.79981,0.0015,-0.00815,272.0,2.965
444,14.8412,Evening 21:00,0.3,1,0.02353,-0.04185,3.89858,1.89858,0.02353,-1.04185,2.79981,0.0015,-0.00815,272.0,2.961
445,14.8747,Evening 21:00,0.3,1,0.02353,-0.04185,3.89858,1.89858,0.02353,-1.04185,2.79981,0.0015,-0.00815,272.0,2.955
446,14.9081,Evening 21:00,0.3,1,0.02353,-0.04185,3.89858,1.89858,0.02353,-1.04185,2.79981,0.0015,-0.00815,272.0,2.964
447,14.9415,Evening 21:00,0.3,1,0.02353,-0.04185,3.89858,1.89858,0.02353,-1.04185,2.79981,0.0015,-0.00815,272.0,2.964
448,14.9749,Evening 21:00,0.3,0,0.0,0.0,0.0,0.0,0.0,0.0,0.0,0.0,0.0,0.0,2.975
449,15.0084,Evening 21:00,0.3,0,0.0,0.0,0.0,0.0,0.0,0.0,0.0,0.0,0.0,0.0,2.964
450,15.0418,Evening 21:00,0.3,0,0.0,0.0,0.0,0.0,0.0,0.0,0.0,0.0,0.0,0.0,2.959
451,15.0752,Evening 21:00,0.3,1,0.03125,-0.04376,4.14114,2.14114,0.03125,-1.04376,3.07268,0.00045,-0.00888,256.0,2.962
452,15.1086,Evening 21:00,0.3,1,0.02587,-0.04376,4.1592,2.1592,0.02587,-1.04376,3.10778,-0.00281,0.52446,240.0,2.964
453,15.1421,Evening 21:00,0.3,1,0.02587,-0.04376,4.1592,2.1592,0.02587,-1.04376,3.10778,-0.00281,0.52446,240.0,2.959
454,15.1755,Evening 21:00,0.3,1,0.02587,-0.04376,4.1592,2.1592,0.02587,-1.04376,3.10778,-0.00281,0.52446,240.0,2.957
455,15.2089,Evening 21:00,0.3,1,0.02587,-0.04376,4.1592,2.1592,0.02587,-1.04376,3.10778,-0.00281,0.52446,240.0,2.959
456,15.2423,Evening 21:00,0.3,1,0.02587,-0.04376,4.1592,2.1592,0.02587,-1.04376,3.10778,-0.00281,0.52446,240.0,2.959
457,15.2758,Evening 21:00,0.3,1,0.02587,-0.04376,4.1592,2.1592,0.02587,-1.04376,3.10778,-0.00281,0.52446,240.0,2.959
458,15.3092,Evening 21:00,0.3,1,0.02587,-0.04376,4.1592,2.1592,0.02587,-1.04376,3.10778,-0.00281,0.52446,240.0,2.959
459,15.3426,Evening 21:00,0.3,1,0.02587,-0.04376,4.1592,2.1592,0.02587,-1.04376,3.10778,-0.00281,0.52446,240.0,2.959
460,15.376,Evening 21:00,0.3,1,0.02587,-0.04376,4.1592,2.1592,0.02587,-1.04376,3.10778,-0.00281,0.52446,240.0,2.959
461,15.4095,Evening 21:00,0.3,1,0.02587,-0.04376,4.1592,2.1592,0.02587,-1.04376,3.10778,-0.00281,0.52446,240.0,2.959
462,15.4429,Evening 21:00,0.3,1,0.02587,-0.04376,4.1592,2.1592,0.02587,-1.04376,3.10778,-0.00281,0.52446,240.0,2.959
463,15.4763,Evening 21:00,0.3,1,0.02587,-0.04376,4.1592,2.1592,0.02587,-1.04376,3.10778,-0.00281,0.52446,240.0,2.959
464,15.5097,Evening 21:00,0.3,1,0.02587,-0.04376,4.1592,2.1592,0.02587,-1.04376,3.10778,-0.00281,0.52446,240.0,2.959
465,15.5432,Evening 21:00,0.3,1,0.02587,-0.04376,4.1592,2.1592,0.02587,-1.04376,3.10778,-0.00281,0.52446,240.0,2.959
466,15.5766,Evening 21:00,0.3,1,0.02587,-0.04376,4.1592,2.1592,0.02587,-1.04376,3.10778,-0.00281,0.52446,240.0,2.959
467,15.61,Evening 21:00,0.3,1,0.02587,-0.04376,4.1592,2.1592,0.02587,-1.04376,3.10778,-0.00281,0.52446,240.0,2.959
468,15.6435,Evening 21:00,0.3,1,0.02587,-0.04376,4.1592,2.1592,0.02587,-1.04376,3.10778,-0.00281,0.52446,240.0,2.959
469,15.6769,Evening 21:00,0.3,1,0.02587,-0.04376,4.1592,2.1592,0.02587,-1.04376,3.10778,-0.00281,0.52446,240.0,2.959
470,15.7103,Evening 21:00,0.3,1,0.02587,-0.04376,4.1592,2.1592,0.02587,-1.04376,3.10778,-0.00281,0.52446,240.0,2.959
471,15.7437,Evening 21:00,0.3,1,0.02587,-0.04376,4.1592,2.1592,0.02587,-1.04376,3.10778,-0.00281,0.52446,240.0,2.959
472,15.7772,Evening 21:00,0.3,1,0.02587,-0.04376,4.1592,2.1592,0.02587,-1.04376,3.10778,-0.00281,0.52446,240.0,2.959
473,15.8106,Evening 21:00,0.3,1,0.02587,-0.04376,4.1592,2.1592,0.02587,-1.04376,3.10778,-0.00281,0.52446,240.0,2.959
474,15.844,Evening 21:00,0.3,1,0.02587,-0.04376,4.1592,2.1592,0.02587,-1.04376,3.10778,-0.00281,0.52446,240.0,2.959
475,15.8774,Evening 21:00,0.3,1,0.02587,-0.04376,4.1592,2.1592,0.02587,-1.04376,3.10778,-0.00281,0.52446,240.0,2.959
476,15.9109,Evening 21:00,0.3,1,0.02587,-0.04376,4.1592,2.1592,0.02587,-1.04376,3.10778,-0.00281,0.52446,240.0,2.959
477,15.9443,Evening 21:00,0.3,1,0.02587,-0.04376,4.1592,2.1592,0.02587,-1.04376,3.10778,-0.00281,0.52446,240.0,2.959
478,15.9777,Evening 21:00,0.3,1,0.02587,-0.04376,4.1592,2.1592,0.02587,-1.04376,3.10778,-0.00281,0.52446,240.0,2.959
479,16.0111,Evening 21:00,0.3,1,0.02587,-0.04376,4.1592,2.1592,0.02587,-1.04376,3.10778,-0.00281,0.52446,240.0,2.959
480,16.0446,Evening 21:00,0.3,1,0.02587,-0.04376,4.1592,2.1592,0.02587,-1.04376,3.10778,-0.00281,0.52446,240.0,2.959
481,16.078,Evening 21:00,0.3,1,0.02587,-0.04376,4.1592,2.1592,0.02587,-1.04376,3.10778,-0.00281,0.52446,240.0,2.959
482,16.1114,Evening 21:00,0.3,1,0.02587,-0.04376,4.1592,2.1592,0.02587,-1.04376,3.10778,-0.00281,0.52446,240.0,2.959
483,16.1448,Evening 21:00,0.3,1,0.02587,-0.04376,4.1592,2.1592,0.02587,-1.04376,3.10778,-0.00281,0.52446,240.0,2.959
484,16.1783,Evening 21:00,0.3,1,0.02587,-0.04376,4.1592,2.1592,0.02587,-1.04376,3.10778,-0.00281,0.52446,240.0,2.959
485,16.2117,Evening 21:00,0.3,1,0.02587,-0.04376,4.1592,2.1592,0.02587,-1.04376,3.10778,-0.00281,0.52446,240.0,2.959
486,16.2451,Evening 21:00,0.3,1,0.02587,-0.04376,4.1592,2.1592,0.02587,-1.04376,3.10778,-0.00281,0.52446,240.0,2.959
487,16.2786,Evening 21:00,0.3,1,0.02587,-0.04376,4.1592,2.1592,0.02587,-1.04376,3.10778,-0.00281,0.52446,240.0,2.959
488,16.312,Evening 21:00,0.3,1,0.02587,-0.04376,4.1592,2.1592,0.02587,-1.04376,3.10778,-0.00281,0.52446,240.0,2.959
489,16.3454,Evening 21:00,0.3,1,0.02587,-0.04376,4.1592,2.1592,0.02587,-1.04376,3.10778,-0.00281,0.52446,240.0,2.959
490,16.3788,Evening 21:00,0.3,1,0.02587,-0.04376,4.1592,2.1592,0.02587,-1.04376,3.10778,-0.00281,0.52446,240.0,2.959
491,16.4123,Evening 21:00,0.3,1,0.02587,-0.04376,4.1592,2.1592,0.02587,-1.04376,3.10778,-0.00281,0.52446,240.0,2.959
492,16.4457,Evening 21:00,0.3,1,0.02587,-0.04376,4.1592,2.1592,0.02587,-1.04376,3.10778,-0.00281,0.52446,240.0,2.959
493,16.4791,Evening 21:00,0.3,1,0.02587,-0.04376,4.1592,2.1592,0.02587,-1.04376,3.10778,-0.00281,0.52446,240.0,2.959
494,16.5125,Evening 21:00,0.3,1,0.02587,-0.04376,4.1592,2.1592,0.02587,-1.04376,3.10778,-0.00281,0.52446,240.0,2.959
495,16.546,Evening 21:00,0.3,1,0.02587,-0.04376,4.1592,2.1592,0.02587,-1.04376,3.10778,-0.00281,0.52446,240.0,2.959
496,16.5794,Evening 21:00,0.3,1,0.02587,-0.04376,4.1592,2.1592,0.02587,-1.04376,3.10778,-0.00281,0.52446,240.0,2.959
497,16.6128,Evening 21:00,0.3,1,0.02587,-0.04376,4.1592,2.1592,0.02587,-1.04376,3.10778,-0.00281,0.52446,240.0,2.959
498,16.6462,Evening 21:00,0.3,1,0.02587,-0.04376,4.1592,2.1592,0.02587,-1.04376,3.10778,-0.00281,0.52446,240.0,2.959
499,16.6797,Evening 21:00,0.3,1,0.02587,-0.04376,4.1592,2.1592,0.02587,-1.04376,3.10778,-0.00281,0.52446,240.0,2.959
500,16.7131,Evening 21:00,0.3,1,0.02587,-0.04376,4.1592,2.1592,0.02587,-1.04376,3.10778,-0.00281,0.52446,240.0,2.959
501,16.7465,Evening 21:00,0.3,1,0.02587,-0.04376,4.1592,2.1592,0.02587,-1.04376,3.10778,-0.00281,0.52446,240.0,2.959
502,16.7799,Evening 21:00,0.3,1,0.02587,-0.04376,4.1592,2.1592,0.02587,-1.04376,3.10778,-0.00281,0.52446,240.0,2.959
503,16.8134,Evening 21:00,0.3,1,0.02587,-0.04376,4.1592,2.1592,0.02587,-1.04376,3.10778,-0.00281,0.52446,240.0,2.959
504,16.8468,Evening 21:00,0.3,1,0.02587,-0.04376,4.1592,2.1592,0.02587,-1.04376,3.10778,-0.00281,0.52446,240.0,2.959
505,16.8802,Evening 21:00,0.3,1,0.02587,-0.04376,4.1592,2.1592,0.02587,-1.04376,3.10778,-0.00281,0.52446,240.0,2.959
506,16.9136,Evening 21:00,0.3,1,0.02587,-0.04376,4.1592,2.1592,0.02587,-1.04376,3.10778,-0.00281,0.52446,240.0,2.959
507,16.9471,Evening 21:00,0.3,1,0.02587,-0.04376,4.1592,2.1592,0.02587,-1.04376,3.10778,-0.00281,0.52446,240.0,2.959
508,16.9805,Evening 21:00,0.3,1,0.02587,-0.04376,4.1592,2.1592,0.02587,-1.04376,3.10778,-0.00281,0.52446,240.0,2.959
509,17.0139,Evening 21:00,0.3,1,0.02587,-0.04376,4.1592,2.1592,0.02587,-1.04376,3.10778,-0.00281,0.52446,240.0,2.959
510,17.0474,Evening 21:00,0.3,1,0.02587,-0.04376,4.1592,2.1592,0.02587,-1.04376,3.10778,-0.00281,0.52446,240.0,2.959
511,17.0808,Evening 21:00,0.3,1,0.02587,-0.04376,4.1592,2.1592,0.02587,-1.04376,3.10778,-0.00281,0.52446,240.0,2.959
512,17.1142,Evening 21:00,0.3,1,0.02587,-0.04376,4.1592,2.1592,0.02587,-1.04376,3.10778,-0.00281,0.52446,240.0,2.959
513,17.1476,Evening 21:00,0.3,1,0.02587,-0.04376,4.1592,2.1592,0.02587,-1.04376,3.10778,-0.00281,0.52446,240.0,2.959
514,17.1811,Evening 21:00,0.3,1,0.02587,-0.04376,4.1592,2.1592,0.02587,-1.04376,3.10778,-0.00281,0.52446,240.0,2.959
515,17.2145,Evening 21:00,0.3,1,0.02587,-0.04376,4.1592,2.1592,0.02587,-1.04376,3.10778,-0.00281,0.52446,240.0,2.959
516,17.2479,Evening 21:00,0.3,1,0.02587,-0.04376,4.1592,2.1592,0.02587,-1.04376,3.10778,-0.00281,0.52446,240.0,2.959
517,17.2813,Evening 21:00,0.3,1,0.02587,-0.04376,4.1592,2.1592,0.02587,-1.04376,3.10778,-0.00281,0.52446,240.0,2.959
518,17.3148,Evening 21:00,0.3,1,0.02587,-0.04376,4.1592,2.1592,0.02587,-1.04376,3.10778,-0.00281,0.52446,240.0,2.959
519,17.3482,Evening 21:00,0.3,1,0.02587,-0.04376,4.1592,2.1592,0.02587,-1.04376,3.10778,-0.00281,0.52446,240.0,2.959
520,17.3816,Evening 21:00,0.3,1,0.00625,-0.04376,4.14103,2.14103,0.00625,-1.04376,3.07236,9e-05,-0.00178,256.0,2.894
521,17.415,Evening 21:00,0.3,1,-0.01331,-0.04376,4.15923,2.15923,-0.01331,-1.04376,3.10709,0.00281,-0.52906,240.0,2.928
522,17.4485,Evening 21:00,0.3,1,-0.03842,-0.04376,4.15917,2.15917,-0.03842,-1.04376,3.10845,0.00281,-0.51991,240.0,2.965
523,17.4819,Evening 21:00,0.3,1,-0.0556,-0.04574,4.11412,2.11412,-0.0556,-1.04574,-2.84156,0.02052,-0.19511,248.0,2.916
524,17.5153,Evening 21:00,0.3,1,-0.08127,-0.04376,4.14179,2.14179,-0.08127,-1.04376,3.07463,-0.00113,0.0229,256.0,2.893
525,17.5487,Evening 21:00,0.3,1,-0.10119,-0.04376,4.15903,2.15903,-0.10119,-1.04376,3.11163,0.00281,-0.49771,240.0,2.927
526,17.5822,Evening 21:00,0.3,1,-0.1263,-0.04376,4.15897,2.15897,-0.1263,-1.04376,3.11281,0.00281,-0.48911,240.0,2.964
527,17.6156,Evening 21:00,0.3,1,-0.1263,-0.04376,4.15897,2.15897,-0.1263,-1.04376,3.11281,0.00281,-0.48911,240.0,2.964
528,17.649,Evening 21:00,0.3,1,-0.1689,-0.04377,4.14427,2.14427,-0.1689,-1.04377,3.08269,-0.00208,0.04584,256.0,2.894
529,17.6825,Evening 21:00,0.3,1,-0.18907,-0.04376,4.15883,2.15883,-0.18907,-1.04376,3.11556,0.0028,-0.46829,240.0,2.926
530,17.7159,Evening 21:00,0.3,1,-0.21418,-0.04376,4.15877,2.15877,-0.21418,-1.04376,3.11658,0.00279,-0.46024,240.0,2.962
531,17.7493,Evening 21:00,0.3,1,-0.23292,-0.0431,4.12592,2.12592,-0.23292,-1.0431,-2.95995,-0.02695,-0.47595,248.0,2.922
532,17.7827,Evening 21:00,0.3,1,-0.25673,-0.04377,4.14824,2.14824,-0.25673,-1.04377,3.09868,-0.00236,0.06336,256.0,2.895
533,17.8162,Evening 21:00,0.3,1,-0.27694,-0.04376,4.15864,2.15864,-0.27694,-1.04376,3.11895,0.00277,-0.44079,240.0,2.927
534,17.8496,Evening 21:00,0.3,1,-0.30204,-0.04376,4.15858,2.15858,-0.30204,-1.04376,3.11983,0.00276,-0.43329,240.0,2.972
535,17.883,Evening 21:00,0.3,1,-0.32016,-0.04312,4.12695,2.12695,-0.32016,-1.04312,-2.95557,-0.02889,-0.51379,248.0,2.93
536,17.9164,Evening 21:00,0.3,1,-0.34476,-0.04375,4.15229,2.15229,-0.34476,-1.04375,3.12221,-0.00157,0.06841,256.0,2.895
537,17.9499,Evening 21:00,0.3,1,-0.3648,-0.04376,4.15845,2.15845,-0.3648,-1.04376,3.12187,0.00274,-0.41518,240.0,2.922
538,17.9833,Evening 21:00,0.3,1,-0.38991,-0.04376,4.1584,2.1584,-0.38991,-1.04376,3.12262,0.00273,-0.4082,240.0,2.97
539,18.0167,Evening 21:00,0.3,1,-0.40748,-0.04314,4.12828,2.12828,-0.40748,-1.04314,-2.95098,-0.0307,-0.55352,248.0,2.933
540,18.0501,Evening 21:00,0.3,1,-0.43275,-0.04375,4.15421,2.15421,-0.43275,-1.04375,3.13354,-0.00093,0.06218,256.0,2.897
541,18.0836,Evening 21:00,0.3,1,-0.43275,-0.04375,4.15421,2.15421,-0.43275,-1.04375,3.13354,-0.00093,0.06218,256.0,2.897
542,18.117,Evening 21:00,0.3,1,-0.47777,-0.04376,4.15823,2.15823,-0.47777,-1.04376,3.12501,0.00268,-0.38491,240.0,2.969
543,18.1504,Evening 21:00,0.3,1,-0.50287,-0.04376,4.15818,2.15818,-0.50287,-1.04376,3.12563,0.00267,-0.37857,240.0,2.935
544,18.1838,Evening 21:00,0.3,1,-0.52068,-0.04375,4.155,2.155,-0.52068,-1.04375,3.13705,-0.00068,0.05315,256.0,2.897
545,18.2173,Evening 21:00,0.3,1,-0.5446,-0.04615,4.14544,2.14544,-0.5446,-1.04615,-2.87814,-0.04762,0.00362,248.0,2.915
546,18.2507,Evening 21:00,0.3,1,-0.56562,-0.04375,4.15807,2.15807,-0.56562,-1.04375,3.12706,0.00263,-0.36333,240.0,2.967
547,18.2841,Evening 21:00,0.3,1,-0.59072,-0.04375,4.15802,2.15802,-0.59072,-1.04375,3.12759,0.00261,-0.35747,240.0,2.937
548,18.3175,Evening 21:00,0.3,1,-0.60859,-0.04375,4.15537,2.15537,-0.60859,-1.04375,3.1386,-0.00055,0.0456,256.0,2.896
549,18.351,Evening 21:00,0.3,1,-0.63372,-0.04628,4.15538,2.15538,-0.63372,-1.04628,-2.88814,-0.05057,-0.01948,248.0,2.91
550,18.3844,Evening 21:00,0.3,1,-0.65348,-0.04375,4.15792,2.15792,-0.65348,-1.04375,3.12882,0.00257,-0.34338,240.0,2.965
551,18.4178,Evening 21:00,0.3,1,-0.67858,-0.04375,4.15787,2.15787,-0.67858,-1.04375,3.12927,0.00256,-0.33796,240.0,2.942
552,18.4513,Evening 21:00,0.3,1,-0.69648,-0.04375,4.15558,2.15558,-0.69648,-1.04375,3.13945,-0.00046,0.03975,256.0,2.896
553,18.4847,Evening 21:00,0.3,1,-0.72343,-0.04643,4.16631,2.16631,-0.72343,-1.04643,-2.89948,-0.05308,-0.04081,248.0,2.907
554,18.5181,Evening 21:00,0.3,1,-0.74133,-0.04375,4.15777,2.15777,-0.74133,-1.04375,3.13032,0.00251,-0.32494,240.0,2.964
555,18.5515,Evening 21:00,0.3,1,-0.76643,-0.04375,4.15774,2.15774,-0.76643,-1.04375,3.13071,0.00249,-0.31993,240.0,2.941
556,18.585,Evening 21:00,0.3,1,-0.78437,-0.04375,4.1557,2.1557,-0.78437,-1.04375,3.13997,-0.0004,0.03519,256.0,2.895
557,18.6184,Evening 21:00,0.3,1,-0.80947,-0.04375,4.15573,2.15573,-0.80947,-1.04375,3.14008,-0.00038,0.03407,256.0,2.9
558,18.6518,Evening 21:00,0.3,1,-0.82918,-0.04375,4.15764,2.15764,-0.82918,-1.04375,3.13161,0.00245,-0.30791,240.0,2.953
559,18.6852,Evening 21:00,0.3,1,-0.85428,-0.04375,4.15761,2.15761,-0.85428,-1.04375,3.13194,0.00243,-0.30329,240.0,2.939
560,18.7187,Evening 21:00,0.3,1,-0.87224,-0.04375,4.15579,2.15579,-0.87224,-1.04375,3.14031,-0.00035,0.03156,256.0,2.893
561,18.7521,Evening 21:00,0.3,1,-0.89735,-0.04375,4.15581,2.15581,-0.89735,-1.04375,3.14039,-0.00034,0.03065,256.0,2.896
562,18.7855,Evening 21:00,0.3,1,-0.89735,-0.04375,4.15581,2.15581,-0.89735,-1.04375,3.14039,-0.00034,0.03065,256.0,2.896
563,18.8189,Evening 21:00,0.3,1,-0.91702,-0.04375,4.15753,2.15753,-0.91702,-1.04375,3.13272,0.00238,-0.29219,240.0,2.952
564,18.8524,Evening 21:00,0.3,1,-0.94212,-0.04375,4.15749,2.15749,-0.94212,-1.04375,3.133,0.00236,-0.28792,240.0,2.936
565,18.8858,Evening 21:00,0.3,1,-0.96012,-0.04375,4.15585,2.15585,-0.96012,-1.04375,3.14056,-0.00031,0.0286,256.0,2.892
566,18.9192,Evening 21:00,0.3,1,-0.98523,-0.04375,4.15586,2.15586,-0.98523,-1.04375,3.14061,-0.00031,0.02786,256.0,2.893
567,18.9526,Evening 21:00,0.3,1,-1.02997,-0.04375,4.15739,2.15739,-1.02997,-1.04375,3.13392,0.0023,-0.27373,240.0,2.934
568,18.9861,Evening 21:00,0.3,1,-1.04799,-0.04375,4.15589,2.15589,-1.04799,-1.04375,3.14074,-0.00029,0.02616,256.0,2.89
569,19.0195,Evening 21:00,0.3,1,-1.0731,-0.04375,4.1559,2.1559,-1.0731,-1.04375,3.14078,-0.00028,0.02553,256.0,2.89
570,19.0529,Evening 21:00,0.3,1,-1.09271,-0.04375,4.15731,2.15731,-1.09271,-1.04375,3.1345,0.00225,-0.26426,240.0,2.946
571,19.0864,Evening 21:00,0.3,1,-1.09271,-0.04375,4.15731,2.15731,-1.09271,-1.04375,3.1345,0.00225,-0.26426,240.0,2.946
572,19.1198,Evening 21:00,0.3,1,-1.11781,-0.04375,4.15729,2.15729,-1.11781,-1.04375,3.13471,0.00223,-0.26062,240.0,2.938
573,19.1532,Evening 21:00,0.3,1,-1.13586,-0.04375,4.15592,2.15592,-1.13586,-1.04375,3.14087,-0.00026,0.02409,256.0,2.888
574,19.1866,Evening 21:00,0.3,1,-1.16097,-0.04375,4.15593,2.15593,-1.16097,-1.04375,3.1409,-0.00026,0.02356,256.0,2.887
575,19.2201,Evening 21:00,0.3,1,-1.18056,-0.04375,4.15722,2.15722,-1.18056,-1.04375,3.13521,0.00218,-0.25186,240.0,2.941
576,19.2535,Evening 21:00,0.3,1,-1.22373,-0.04375,4.15595,2.15595,-1.22373,-1.04375,3.14098,-0.00024,0.02234,256.0,2.887
577,19.2869,Evening 21:00,0.3,1,-1.24884,-0.04375,4.15595,2.15595,-1.24884,-1.04375,3.141,-0.00024,0.02188,256.0,2.881
578,19.3203,Evening 21:00,0.3,1,-1.26841,-0.04375,4.15714,2.15714,-1.26841,-1.04375,3.13583,0.00212,-0.24039,240.0,2.928
579,19.3538,Evening 21:00,0.3,1,-1.2935,-0.04375,4.15712,2.15712,-1.2935,-1.04375,3.136,0.0021,-0.23727,240.0,2.933
580,19.3872,Evening 21:00,0.3,1,-1.3116,-0.04375,4.15597,2.15597,-1.3116,-1.04375,3.14106,-0.00022,0.02082,256.0,2.885
581,19.4206,Evening 21:00,0.3,1,-1.33671,-0.04375,4.15597,2.15597,-1.33671,-1.04375,3.14108,-0.00022,0.02042,256.0,2.879
582,19.454,Evening 21:00,0.3,1,-1.35625,-0.04375,4.15706,2.15706,-1.35625,-1.04375,3.13638,0.00205,-0.22976,240.0,2.923
583,19.4875,Evening 21:00,0.3,1,-1.38135,-0.04375,4.15704,2.15704,-1.38135,-1.04375,3.13652,0.00203,-0.22687,240.0,2.93
584,19.5209,Evening 21:00,0.3,1,-1.39947,-0.04375,4.15598,2.15598,-1.39947,-1.04375,3.14113,-0.00021,0.01949,256.0,2.883
585,19.5543,Evening 21:00,0.3,1,-1.41202,-0.05625,4.15597,2.15597,-1.41202,-1.05625,3.14102,-0.00027,0.01931,256.0,2.853
586,19.5877,Evening 21:00,0.3,1,-1.41201,-0.08125,4.15594,2.15594,-1.41201,-1.08125,3.1408,-0.00038,0.01927,256.0,2.876
587,19.6212,Evening 21:00,0.3,1,-1.41201,-0.08125,4.15594,2.15594,-1.41201,-1.08125,3.1408,-0.00038,0.01927,256.0,2.876
588,19.6546,Evening 21:00,0.3,0,0.0,0.0,0.0,0.0,0.0,0.0,0.0,0.0,0.0,0.0,2.916
589,19.688,Evening 21:00,0.3,1,-1.41198,-0.11875,4.15587,2.15587,-1.41198,-1.11875,3.14047,-0.00056,0.01919,256.0,2.873
590,19.7214,Evening 21:00,0.3,1,-1.41196,-0.14374,4.15582,2.15582,-1.41196,-1.14374,3.14025,-0.00067,0.01912,256.0,2.854
591,19.7549,Evening 21:00,0.3,0,0.0,0.0,0.0,0.0,0.0,0.0,0.0,0.0,0.0,0.0,2.914
592,19.7883,Evening 21:00,0.3,1,-1.4119,-0.20623,4.15562,2.15562,-1.4119,-1.20623,3.13971,-0.00095,0.01889,256.0,2.874
593,19.8217,Evening 21:00,0.3,1,-1.41187,-0.23122,4.15553,2.15553,-1.41187,-1.23122,3.1395,-0.00106,0.01878,256.0,2.856
594,19.8552,Evening 21:00,0.3,1,-1.41187,-0.23122,4.15553,2.15553,-1.41187,-1.23122,3.1395,-0.00106,0.01878,256.0,2.856
595,19.8886,Evening 21:00,0.3,0,0.0,0.0,0.0,0.0,0.0,0.0,0.0,0.0,0.0,0.0,2.915
596,19.922,Evening 21:00,0.3,1,-1.41177,-0.2937,4.15525,2.15525,-1.41177,-1.2937,3.139,-0.00133,0.01846,256.0,2.876
597,19.9554,Evening 21:00,0.3,1,-1.41173,-0.31868,4.15512,2.15512,-1.41173,-1.31868,3.13881,-0.00143,0.01831,256.0,2.857
598,19.9889,Evening 21:00,0.3,1,-1.41168,-0.34367,4.15499,2.15499,-1.41168,-1.34367,3.13862,-0.00153,0.01815,256.0,2.875
599,20.0223,Evening 21:00,0.3,0,0.0,0.0,0.0,0.0,0.0,0.0,0.0,0.0,0.0,0.0,2.917
600,20.0557,Evening 21:00,0.3,1,-1.41161,-0.38114,4.15477,2.15477,-1.41161,-1.38114,3.13835,-0.00167,0.01791,256.0,2.879
601,20.0891,Evening 21:00,0.3,1,-1.41156,-0.40611,4.15462,2.15462,-1.41156,-1.40611,3.13817,-0.00176,0.01773,256.0,2.857
602,20.1226,Evening 21:00,0.3,1,-1.41151,-0.43109,4.15446,2.15446,-1.41151,-1.43109,3.138,-0.00185,0.01755,256.0,2.874
603,20.156,Evening 21:00,0.3,0,0.0,0.0,0.0,0.0,0.0,0.0,0.0,0.0,0.0,0.0,2.917
604,20.1894,Evening 21:00,0.3,1,-1.41142,-0.46855,4.15421,2.15421,-1.41142,-1.46855,3.13776,-0.00198,0.01726,256.0,2.891
605,20.2228,Evening 21:00,0.3,1,-1.41136,-0.49352,4.15404,2.15404,-1.41136,-1.49352,3.13761,-0.00206,0.01706,256.0,2.857
606,20.2563,Evening 21:00,0.3,1,-1.4113,-0.51848,4.15386,2.15386,-1.4113,-1.51848,3.13746,-0.00214,0.01686,256.0,2.873
607,20.2897,Evening 21:00,0.3,0,0.0,0.0,0.0,0.0,0.0,0.0,0.0,0.0,0.0,0.0,2.925
608,20.3231,Evening 21:00,0.3,1,-1.41121,-0.55593,4.15359,2.15359,-1.41121,-1.55593,3.13725,-0.00225,0.01654,256.0,2.893
609,20.3565,Evening 21:00,0.3,1,-1.41115,-0.58088,4.1534,2.1534,-1.41115,-1.58088,3.13712,-0.00232,0.01633,256.0,2.858
610,20.39,Evening 21:00,0.3,1,-1.41108,-0.60584,4.15321,2.15321,-1.41108,-1.60584,3.13699,-0.00239,0.01611,256.0,2.871
611,20.4234,Evening 21:00,0.3,0,0.0,0.0,0.0,0.0,0.0,0.0,0.0,0.0,0.0,0.0,2.921
612,20.4568,Evening 21:00,0.3,1,-1.41099,-0.64327,4.15292,2.15292,-1.41099,-1.64327,3.13681,-0.00248,0.01578,256.0,2.895
613,20.4903,Evening 21:00,0.3,1,-1.41092,-0.66822,4.15273,2.15273,-1.41092,-1.66822,3.1367,-0.00254,0.01556,256.0,2.859
614,20.5237,Evening 21:00,0.3,1,-1.41085,-0.69317,4.15253,2.15253,-1.41085,-1.69317,3.1366,-0.0026,0.01533,256.0,2.87
615,20.5571,Evening 21:00,0.3,1,-1.45969,-0.73698,4.29721,2.29721,-1.45969,-1.73698,3.00478,-0.05096,0.21318,240.0,2.921
616,20.5905,Evening 21:00,0.3,1,-1.41555,-0.73596,4.17029,2.17029,-1.41555,-1.73596,-2.55686,-0.0069,-0.8409,248.0,2.897
617,20.624,Evening 21:00,0.3,1,-1.41069,-0.75552,4.15204,2.15204,-1.41069,-1.75552,3.13636,-0.00273,0.01477,256.0,2.859
618,20.6574,Evening 21:00,0.3,1,-1.41062,-0.78046,4.15184,2.15184,-1.41062,-1.78046,3.13627,-0.00277,0.01454,256.0,2.868
619,20.6908,Evening 21:00,0.3,1,-1.45671,-0.82574,4.28836,2.28836,-1.45671,-1.82574,3.00798,-0.05124,0.19749,240.0,2.92
620,20.7242,Evening 21:00,0.3,1,-1.45589,-0.85105,4.28593,2.28593,-1.45589,-1.85105,3.00888,-0.05129,0.19332,240.0,2.899
621,20.7577,Evening 21:00,0.3,1,-1.41045,-0.8428,4.15134,2.15134,-1.41045,-1.8428,3.13608,-0.00288,0.01397,256.0,2.859
622,20.7911,Evening 21:00,0.3,1,-1.41039,-0.86773,4.15115,2.15115,-1.41039,-1.86773,3.13601,-0.00291,0.01375,256.0,2.867
623,20.8245,Evening 21:00,0.3,1,-1.4539,-0.91424,4.28003,2.28003,-1.4539,-1.91424,3.0111,-0.05134,0.18343,240.0,2.92
624,20.8579,Evening 21:00,0.3,1,-1.45313,-0.93948,4.27774,2.27774,-1.45313,-1.93948,3.01198,-0.05134,0.17967,240.0,2.909
625,20.8914,Evening 21:00,0.3,1,-1.41022,-0.93005,4.15066,2.15066,-1.41022,-1.93005,3.13586,-0.003,0.01319,256.0,2.862
626,20.9248,Evening 21:00,0.3,1,-1.41015,-0.95497,4.15046,2.15046,-1.41015,-1.95497,3.13581,-0.00302,0.01297,256.0,2.865
627,20.9582,Evening 21:00,0.3,1,-1.45126,-1.00251,4.27219,2.27219,-1.45126,-2.00251,3.01416,-0.05128,0.17075,240.0,2.92
628,20.9916,Evening 21:00,0.3,1,-1.45053,-1.02769,4.27004,2.27004,-1.45053,-2.02769,3.01502,-0.05123,0.16735,240.0,2.91
629,21.0251,Evening 21:00,0.3,1,-1.40999,-1.01727,4.14999,2.14999,-1.40999,-2.01727,3.1357,-0.00309,0.01243,256.0,2.862
630,21.0585,Evening 21:00,0.3,1,-1.40999,-1.01727,4.14999,2.14999,-1.40999,-2.01727,3.1357,-0.00309,0.01243,256.0,2.862
631,21.0919,Evening 21:00,0.3,1,-1.44877,-1.09056,4.26483,2.26483,-1.44877,-2.09056,3.01716,-0.05108,0.15926,240.0,2.911
632,21.1253,Evening 21:00,0.3,1,-1.44809,-1.11569,4.26281,2.26281,-1.44809,-2.11569,3.018,-0.051,0.15618,240.0,2.911
633,21.1588,Evening 21:00,0.3,1,-1.44809,-1.11569,4.26281,2.26281,-1.44809,-2.11569,3.018,-0.051,0.15618,240.0,2.911
634,21.1922,Evening 21:00,0.3,1,-1.40971,-1.12938,4.14916,2.14916,-1.40971,-2.12938,3.13555,-0.00317,0.01149,256.0,2.862
635,21.2256,Evening 21:00,0.3,1,-1.44645,-1.17844,4.25793,2.25793,-1.44645,-2.17844,3.02009,-0.05078,0.14882,240.0,2.909
636,21.2591,Evening 21:00,0.3,1,-1.44581,-1.20351,4.25604,2.25604,-1.44581,-2.20351,3.02091,-0.05067,0.14602,240.0,2.911
637,21.2925,Evening 21:00,0.3,1,-1.40957,-1.19165,4.14872,2.14872,-1.40957,-2.19165,3.1355,-0.00319,0.011,256.0,2.863
638,21.3259,Evening 21:00,0.3,1,-1.40951,-1.21655,4.14855,2.14855,-1.40951,-2.21655,3.13549,-0.0032,0.0108,256.0,2.861
639,21.3593,Evening 21:00,0.3,1,-1.44426,-1.26615,4.25146,2.25146,-1.44426,-2.26615,3.02296,-0.05038,0.13931,240.0,2.906
640,21.3928,Evening 21:00,0.3,1,-1.44426,-1.26615,4.25146,2.25146,-1.44426,-2.26615,3.02296,-0.05038,0.13931,240.0,2.906
641,21.4262,Evening 21:00,0.3,1,-1.44366,-1.29118,4.24968,2.24968,-1.44366,-2.29118,3.02376,-0.05025,0.13674,240.0,2.91
642,21.4596,Evening 21:00,0.3,1,-1.40931,-1.30371,4.14798,2.14798,-1.40931,-2.30371,3.13546,-0.00322,0.01015,256.0,2.859
643,21.493,Evening 21:00,0.3,1,-1.44933,-1.36297,4.26915,2.26915,-1.44933,-2.36297,-2.44727,-0.0425,-0.6907,248.0,2.902
644,21.5265,Evening 21:00,0.3,1,-1.44166,-1.37872,4.24373,2.24373,-1.44166,-2.37872,3.02654,-0.04976,0.12825,240.0,2.917
645,21.5599,Evening 21:00,0.3,1,-1.40918,-1.36596,4.14758,2.14758,-1.40918,-2.36596,3.13545,-0.00323,0.00971,256.0,2.867
646,21.5933,Evening 21:00,0.3,1,-1.40913,-1.39086,4.14743,2.14743,-1.40913,-2.39086,3.13545,-0.00323,0.00954,256.0,2.858
647,21.6267,Evening 21:00,0.3,1,-1.4478,-1.45125,4.26465,2.26465,-1.4478,-2.45125,-2.40819,-0.04277,-0.68569,248.0,2.892
648,21.6602,Evening 21:00,0.3,1,-1.43977,-1.46613,4.23815,2.23815,-1.43977,-2.46613,3.02925,-0.04921,0.12046,240.0,2.916
649,21.6936,Evening 21:00,0.3,1,-1.40901,-1.4531,4.14706,2.14706,-1.40901,-2.4531,3.13546,-0.00323,0.00912,256.0,2.866
650,21.727,Evening 21:00,0.3,0,0.0,0.0,0.0,0.0,0.0,0.0,0.0,0.0,0.0,0.0,2.871
651,21.7604,Evening 21:00,0.3,0,0.0,0.0,0.0,0.0,0.0,0.0,0.0,0.0,0.0,0.0,2.9
652,21.7939,Evening 21:00,0.3,0,0.0,0.0,0.0,0.0,0.0,0.0,0.0,0.0,0.0,0.0,2.94
653,21.8273,Evening 21:00,0.3,0,0.0,0.0,0.0,0.0,0.0,0.0,0.0,0.0,0.0,0.0,2.903
654,21.8607,Evening 21:00,0.3,0,0.0,0.0,0.0,0.0,0.0,0.0,0.0,0.0,0.0,0.0,2.874
655,21.8942,Evening 21:00,0.3,0,0.0,0.0,0.0,0.0,0.0,0.0,0.0,0.0,0.0,0.0,2.874
656,21.9276,Evening 21:00,0.3,0,0.0,0.0,0.0,0.0,0.0,0.0,0.0,0.0,0.0,0.0,2.945
657,21.961,Evening 21:00,0.3,0,0.0,0.0,0.0,0.0,0.0,0.0,0.0,0.0,0.0,0.0,2.909
658,21.9944,Evening 21:00,0.3,0,0.0,0.0,0.0,0.0,0.0,0.0,0.0,0.0,0.0,0.0,2.877
659,22.0279,Evening 21:00,0.3,0,0.0,0.0,0.0,0.0,0.0,0.0,0.0,0.0,0.0,0.0,2.901
660,22.0613,Evening 21:00,0.3,0,0.0,0.0,0.0,0.0,0.0,0.0,0.0,0.0,0.0,0.0,2.944
661,22.0947,Evening 21:00,0.3,0,0.0,0.0,0.0,0.0,0.0,0.0,0.0,0.0,0.0,0.0,2.914
662,22.1281,Evening 21:00,0.3,0,0.0,0.0,0.0,0.0,0.0,0.0,0.0,0.0,0.0,0.0,2.88
663,22.1616,Evening 21:00,0.3,0,0.0,0.0,0.0,0.0,0.0,0.0,0.0,0.0,0.0,0.0,2.902
664,22.195,Evening 21:00,0.3,0,0.0,0.0,0.0,0.0,0.0,0.0,0.0,0.0,0.0,0.0,2.947
665,22.2284,Evening 21:00,0.3,0,0.0,0.0,0.0,0.0,0.0,0.0,0.0,0.0,0.0,0.0,2.919
666,22.2618,Evening 21:00,0.3,0,0.0,0.0,0.0,0.0,0.0,0.0,0.0,0.0,0.0,0.0,2.88
667,22.2953,Evening 21:00,0.3,0,0.0,0.0,0.0,0.0,0.0,0.0,0.0,0.0,0.0,0.0,2.904
668,22.3287,Evening 21:00,0.3,0,0.0,0.0,0.0,0.0,0.0,0.0,0.0,0.0,0.0,0.0,2.949
669,22.3621,Evening 21:00,0.3,0,0.0,0.0,0.0,0.0,0.0,0.0,0.0,0.0,0.0,0.0,2.923
670,22.3955,Evening 21:00,0.3,1,-0.98082,-1.48772,4.19112,2.19112,-0.98082,-2.48772,3.00999,-0.03958,0.09207,240.0,2.883
671,22.429,Evening 21:00,0.3,0,0.0,0.0,0.0,0.0,0.0,0.0,0.0,0.0,0.0,0.0,2.904
672,22.4624,Evening 21:00,0.3,0,0.0,0.0,0.0,0.0,0.0,0.0,0.0,0.0,0.0,0.0,2.952
673,22.4958,Evening 21:00,0.3,0,0.0,0.0,0.0,0.0,0.0,0.0,0.0,0.0,0.0,0.0,2.934
674,22.5292,Evening 21:00,0.3,1,-0.89051,-1.48486,4.18304,2.18304,-0.89051,-2.48486,3.00645,-0.03693,0.08546,240.0,2.884
675,22.5627,Evening 21:00,0.3,1,-0.88105,-1.50585,4.24731,2.24731,-0.88105,-2.50585,-2.31378,-0.02694,-0.52124,232.5,2.904
676,22.5961,Evening 21:00,0.3,1,-0.8942,-1.56839,4.41918,2.41918,-0.8942,-2.56839,3.13284,-0.00274,0.00761,225.0,2.944
677,22.6295,Evening 21:00,0.3,1,-0.8942,-1.56839,4.41918,2.41918,-0.8942,-2.56839,3.13284,-0.00274,0.00761,225.0,2.944
678,22.663,Evening 21:00,0.3,0,0.0,0.0,0.0,0.0,0.0,0.0,0.0,0.0,0.0,0.0,2.937
679,22.6964,Evening 21:00,0.3,1,-0.80063,-1.48218,4.17545,2.17545,-0.80063,-2.48218,3.00315,-0.03404,0.07838,240.0,2.885
680,22.7298,Evening 21:00,0.3,0,0.0,0.0,0.0,0.0,0.0,0.0,0.0,0.0,0.0,0.0,2.946
681,22.7632,Evening 21:00,0.3,0,0.0,0.0,0.0,0.0,0.0,0.0,0.0,0.0,0.0,0.0,2.939
682,22.7967,Evening 21:00,0.3,0,0.0,0.0,0.0,0.0,0.0,0.0,0.0,0.0,0.0,0.0,2.939
683,22.8301,Evening 21:00,0.3,1,-0.68568,-1.47902,4.16654,2.16654,-0.68568,-2.47902,2.99933,-0.02998,0.06865,240.0,2.9
684,22.8635,Evening 21:00,0.3,1,-0.70714,-1.56791,4.41783,2.41783,-0.70714,-2.56791,3.132,-0.00237,0.00658,225.0,2.948
685,22.8969,Evening 21:00,0.3,0,0.0,0.0,0.0,0.0,0.0,0.0,0.0,0.0,0.0,0.0,2.94
686,22.9304,Evening 21:00,0.3,0,0.0,0.0,0.0,0.0,0.0,0.0,0.0,0.0,0.0,0.0,2.94
687,22.9638,Evening 21:00,0.3,1,-0.64038,-1.52745,4.30821,2.30821,-0.64038,-2.52745,-2.37856,-0.00797,-0.21928,232.5,2.888
688,22.9972,Evening 21:00,0.3,1,-0.61365,-1.56769,4.41719,2.41719,-0.61365,-2.56769,3.13161,-0.00214,0.00593,225.0,2.95
689,23.0306,Evening 21:00,0.3,0,0.0,0.0,0.0,0.0,0.0,0.0,0.0,0.0,0.0,0.0,2.939
690,23.0641,Evening 21:00,0.3,1,-0.5482,-1.52416,4.29895,2.29895,-0.5482,-2.52416,-2.37649,-0.00673,-0.17337,232.5,2.89
691,23.0975,Evening 21:00,0.3,1,-0.50812,-1.4749,4.15489,2.15489,-0.50812,-2.4749,2.9944,-0.02302,0.05233,240.0,2.9
692,23.1309,Evening 21:00,0.3,0,0.0,0.0,0.0,0.0,0.0,0.0,0.0,0.0,0.0,0.0,2.951
693,23.1643,Evening 21:00,0.3,0,0.0,0.0,0.0,0.0,0.0,0.0,0.0,0.0,0.0,0.0,2.947
694,23.1978,Evening 21:00,0.3,0,0.0,0.0,0.0,0.0,0.0,0.0,0.0,0.0,0.0,0.0,2.947
695,23.2312,Evening 21:00,0.3,1,-0.41982,-1.47324,4.1502,2.1502,-0.41982,-2.47324,2.99244,-0.01928,0.04371,240.0,2.897
696,23.2646,Evening 21:00,0.3,1,-0.42678,-1.5673,4.41609,2.41609,-0.42678,-2.5673,3.13094,-0.00159,0.0044,225.0,2.943
697,23.2981,Evening 21:00,0.3,0,0.0,0.0,0.0,0.0,0.0,0.0,0.0,0.0,0.0,0.0,2.949
698,23.3315,Evening 21:00,0.3,1,-0.36515,-1.51816,4.28213,2.28213,-0.36515,-2.51816,-2.37137,-0.0036,-0.08274,232.5,2.894
699,23.3649,Evening 21:00,0.3,1,-0.33179,-1.47188,4.14634,2.14634,-0.33179,-2.47188,2.99083,-0.01541,0.03485,240.0,2.897
700,23.3983,Evening 21:00,0.3,1,-0.33179,-1.47188,4.14634,2.14634,-0.33179,-2.47188,2.99083,-0.01541,0.03485,240.0,2.897
701,23.4318,Evening 21:00,0.3,1,-0.33339,-1.56714,4.41565,2.41565,-0.33339,-2.56714,3.13067,-0.00127,0.00352,225.0,2.94
702,23.4652,Evening 21:00,0.3,1,-0.27422,-1.51552,4.2747,2.2747,-0.27422,-2.51552,-2.36843,-0.00175,-0.03794,232.5,2.895
703,23.4986,Evening 21:00,0.3,1,-0.27422,-1.51552,4.2747,2.2747,-0.27422,-2.51552,-2.36843,-0.00175,-0.03794,232.5,2.895
704,23.532,Evening 21:00,0.3,1,-0.24002,-1.56702,4.4153,2.4153,-0.24002,-2.56702,3.13045,-0.00093,0.00258,225.0,2.939
705,23.5655,Evening 21:00,0.3,0,0.0,0.0,0.0,0.0,0.0,0.0,0.0,0.0,0.0,0.0,2.952
706,23.5989,Evening 21:00,0.3,0,0.0,0.0,0.0,0.0,0.0,0.0,0.0,0.0,0.0,0.0,2.897
707,23.6323,Evening 21:00,0.3,1,-0.15631,-1.47007,4.14123,2.14123,-0.15631,-2.47007,2.98872,-0.00737,0.01661,240.0,2.892
708,23.6657,Evening 21:00,0.3,0,0.0,0.0,0.0,0.0,0.0,0.0,0.0,0.0,0.0,0.0,2.936
709,23.6992,Evening 21:00,0.3,0,0.0,0.0,0.0,0.0,0.0,0.0,0.0,0.0,0.0,0.0,2.957
710,23.7326,Evening 21:00,0.3,0,0.0,0.0,0.0,0.0,0.0,0.0,0.0,0.0,0.0,0.0,2.9
711,23.766,Evening 21:00,0.3,1,-0.06876,-1.46965,4.14004,2.14004,-0.06876,-2.46965,2.98823,-0.00325,0.00732,240.0,2.89
712,23.7994,Evening 21:00,0.3,1,-0.05333,-1.56689,4.41493,2.41493,-0.05333,-2.56689,3.13023,-0.00021,0.00059,225.0,2.935
713,23.8329,Evening 21:00,0.3,0,0.0,0.0,0.0,0.0,0.0,0.0,0.0,0.0,0.0,0.0,2.958
714,23.8663,Evening 21:00,0.3,0,0.0,0.0,0.0,0.0,0.0,0.0,0.0,0.0,0.0,0.0,2.9
715,23.8997,Evening 21:00,0.3,1,0.01875,-1.46955,4.13978,2.13978,0.01875,-2.46955,2.98812,0.00089,-0.002,240.0,2.889
716,23.9331,Evening 21:00,0.3,1,0.01875,-1.46955,4.13978,2.13978,0.01875,-2.46955,2.98812,0.00089,-0.002,240.0,2.889
717,23.9666,Evening 21:00,0.3,0,0.0,0.0,0.0,0.0,0.0,0.0,0.0,0.0,0.0,0.0,2.951
718,24.0,Evening 21:00,0.3,0,0.0,0.0,0.0,0.0,0.0,0.0,0.0,0.0,0.0,0.0,2.951
719,24.0334,Evening 21:00,0.3,1,0.08,-1.54034,4.41496,2.41496,0.08,-2.54034,3.13006,0.00032,-0.00091,225.0,2.963
720,24.0669,Evening 21:00,0.3,0,0.0,0.0,0.0,0.0,0.0,0.0,0.0,0.0,0.0,0.0,2.996
721,24.1003,Evening 21:00,0.3,1,0.07963,-1.48232,4.38277,2.38277,0.07963,-2.48232,3.40241,-0.03155,0.16605,240.0,2.953
722,24.1337,Evening 21:00,0.3,1,0.07963,-1.48232,4.38277,2.38277,0.07963,-2.48232,3.40241,-0.03155,0.16605,240.0,2.953
723,24.1671,Evening 21:00,0.3,1,0.08,-1.4474,4.41497,2.41497,0.08,-2.4474,3.12936,0.00034,-0.00102,225.0,2.96
724,24.2006,Evening 21:00,0.3,0,0.0,0.0,0.0,0.0,0.0,0.0,0.0,0.0,0.0,0.0,2.998
725,24.234,Evening 21:00,0.3,1,0.07929,-1.38255,4.35914,2.35914,0.07929,-2.38255,3.39735,-0.04061,0.23509,240.0,2.956
726,24.2674,Evening 21:00,0.3,1,0.07919,-1.35416,4.35218,2.35218,0.07919,-2.35416,3.39396,-0.04246,0.25188,240.0,2.925
727,24.3008,Evening 21:00,0.3,1,0.08,-1.35445,4.41499,2.41499,0.08,-2.35445,3.12857,0.00036,-0.00115,225.0,2.957
728,24.3343,Evening 21:00,0.3,0,0.0,0.0,0.0,0.0,0.0,0.0,0.0,0.0,0.0,0.0,2.997
729,24.3677,Evening 21:00,0.3,0,0.0,0.0,0.0,0.0,0.0,0.0,0.0,0.0,0.0,0.0,2.959
730,24.4011,Evening 21:00,0.3,1,0.07882,-1.25558,4.32813,2.32813,0.07882,-2.25558,3.3787,-0.04699,0.3025,240.0,2.923
731,24.4345,Evening 21:00,0.3,1,0.07882,-1.25558,4.32813,2.32813,0.07882,-2.25558,3.3787,-0.04699,0.3025,240.0,2.923
732,24.468,Evening 21:00,0.3,0,0.0,0.0,0.0,0.0,0.0,0.0,0.0,0.0,0.0,0.0,2.998
733,24.5014,Evening 21:00,0.3,0,0.0,0.0,0.0,0.0,0.0,0.0,0.0,0.0,0.0,0.0,2.998
734,24.5348,Evening 21:00,0.3,1,0.07846,-1.15832,4.3052,2.3052,0.07846,-2.15832,3.36052,-0.04915,0.34342,240.0,2.922
735,24.5682,Evening 21:00,0.3,1,0.07924,-1.14553,4.35426,2.35426,0.07924,-2.14553,3.31397,-0.03529,0.25079,240.0,2.951
736,24.6017,Evening 21:00,0.3,0,0.0,0.0,0.0,0.0,0.0,0.0,0.0,0.0,0.0,0.0,2.999
737,24.6351,Evening 21:00,0.3,0,0.0,0.0,0.0,0.0,0.0,0.0,0.0,0.0,0.0,0.0,2.961
738,24.6685,Evening 21:00,0.3,1,0.07949,-1.08456,4.37237,2.37237,0.07949,-2.08456,3.32897,-0.02583,0.18902,240.0,2.922
739,24.7019,Evening 21:00,0.3,1,0.07849,-1.04202,4.30617,2.30617,0.07849,-2.04202,3.36398,-0.04506,0.34693,240.0,2.942
740,24.7354,Evening 21:00,0.3,0,0.0,0.0,0.0,0.0,0.0,0.0,0.0,0.0,0.0,0.0,2.99
741,24.7688,Evening 21:00,0.3,0,0.0,0.0,0.0,0.0,0.0,0.0,0.0,0.0,0.0,0.0,2.961
742,24.8022,Evening 21:00,0.3,1,0.0778,-0.96771,4.26376,2.26376,0.0778,-1.96771,3.32064,-0.04864,0.4054,240.0,2.922
743,24.8357,Evening 21:00,0.3,1,0.07951,-0.96674,4.37456,2.37456,0.07951,-1.96674,3.31986,-0.02188,0.17746,240.0,2.939
744,24.8691,Evening 21:00,0.3,1,0.07951,-0.96674,4.37456,2.37456,0.07951,-1.96674,3.31986,-0.02188,0.17746,240.0,2.939
745,24.9025,Evening 21:00,0.3,0,0.0,0.0,0.0,0.0,0.0,0.0,0.0,0.0,0.0,0.0,2.99
746,24.9359,Evening 21:00,0.3,0,0.0,0.0,0.0,0.0,0.0,0.0,0.0,0.0,0.0,0.0,2.96
747,24.9694,Evening 21:00,0.3,1,0.07795,-0.85402,4.27231,2.27231,0.07795,-1.85402,3.31986,-0.04208,0.39447,240.0,2.937
748,25.0028,Evening 21:00,0.3,0,0.0,0.0,0.0,0.0,0.0,0.0,0.0,0.0,0.0,0.0,2.991
749,25.0362,Evening 21:00,0.3,0,0.0,0.0,0.0,0.0,0.0,0.0,0.0,0.0,0.0,0.0,2.991
750,25.0696,Evening 21:00,0.3,0,0.0,0.0,0.0,0.0,0.0,0.0,0.0,0.0,0.0,0.0,2.962
751,25.1031,Evening 21:00,0.3,1,0.07723,-0.7818,4.22883,2.22883,0.07723,-1.7818,3.27913,-0.04376,0.44875,240.0,2.923
752,25.1365,Evening 21:00,0.3,0,0.0,0.0,0.0,0.0,0.0,0.0,0.0,0.0,0.0,0.0,2.991
753,25.1699,Evening 21:00,0.3,0,0.0,0.0,0.0,0.0,0.0,0.0,0.0,0.0,0.0,0.0,2.991
754,25.2033,Evening 21:00,0.3,0,0.0,0.0,0.0,0.0,0.0,0.0,0.0,0.0,0.0,0.0,2.966
755,25.2368,Evening 21:00,0.3,1,0.07699,-0.69037,4.21392,2.21392,0.07699,-1.69037,3.25825,-0.04018,0.46509,240.0,2.923
756,25.2702,Evening 21:00,0.3,1,0.07692,-0.66441,4.20998,2.20998,0.07692,-1.66441,3.25229,-0.03904,0.46919,240.0,2.934
757,25.3036,Evening 21:00,0.3,0,0.0,0.0,0.0,0.0,0.0,0.0,0.0,0.0,0.0,0.0,2.981
758,25.337,Evening 21:00,0.3,0,0.0,0.0,0.0,0.0,0.0,0.0,0.0,0.0,0.0,0.0,2.968
759,25.3705,Evening 21:00,0.3,1,0.07677,-0.59981,4.20076,2.20076,0.07677,-1.59981,3.23741,-0.03601,0.47842,240.0,2.923
760,25.4039,Evening 21:00,0.3,1,0.07671,-0.57409,4.19733,2.19733,0.07671,-1.57409,3.23148,-0.03473,0.48171,240.0,2.927
761,25.4373,Evening 21:00,0.3,0,0.0,0.0,0.0,0.0,0.0,0.0,0.0,0.0,0.0,0.0,2.98
762,25.4708,Evening 21:00,0.3,0,0.0,0.0,0.0,0.0,0.0,0.0,0.0,0.0,0.0,0.0,2.97
763,25.5042,Evening 21:00,0.3,1,0.07658,-0.51003,4.18937,2.18937,0.07658,-1.51003,3.21668,-0.03138,0.489,240.0,2.923
764,25.5376,Evening 21:00,0.3,1,0.07654,-0.4845,4.18644,2.18644,0.07654,-1.4845,3.21079,-0.02999,0.49155,240.0,2.924
765,25.571,Evening 21:00,0.3,1,0.08001,-0.49145,4.41561,2.41561,0.08001,-1.49145,3.11114,0.00076,-0.00599,225.0,2.978
766,25.6045,Evening 21:00,0.3,0,0.0,0.0,0.0,0.0,0.0,0.0,0.0,0.0,0.0,0.0,2.972
767,25.6379,Evening 21:00,0.3,1,0.07643,-0.42091,4.17976,2.17976,0.07643,-1.42091,3.19611,-0.02639,0.49705,240.0,2.925
768,25.6713,Evening 21:00,0.3,1,0.07639,-0.39555,4.17734,2.17734,0.07639,-1.39555,3.19026,-0.02491,0.49892,240.0,2.923
769,25.7047,Evening 21:00,0.3,1,0.08001,-0.39851,4.41582,2.41582,0.08001,-1.39851,3.10658,0.00084,-0.00773,225.0,2.976
770,25.7382,Evening 21:00,0.3,0,0.0,0.0,0.0,0.0,0.0,0.0,0.0,0.0,0.0,0.0,2.973
771,25.7716,Evening 21:00,0.3,1,0.0763,-0.33233,4.17195,2.17195,0.0763,-1.33233,3.17572,-0.02112,0.50276,240.0,2.926
772,25.805,Evening 21:00,0.3,1,0.07627,-0.30711,4.17005,2.17005,0.07627,-1.30711,3.16993,-0.01957,0.50398,240.0,2.922
773,25.8384,Evening 21:00,0.3,1,0.08001,-0.30558,4.41612,2.41612,0.08001,-1.30558,3.10076,0.00092,-0.01013,225.0,2.975
774,25.8719,Evening 21:00,0.3,0,0.0,0.0,0.0,0.0,0.0,0.0,0.0,0.0,0.0,0.0,2.98
775,25.9053,Evening 21:00,0.3,1,0.0762,-0.2442,4.16595,2.16595,0.0762,-1.2442,3.15555,-0.01565,0.50626,240.0,2.925
776,25.9387,Evening 21:00,0.3,1,0.07618,-0.21908,4.16457,2.16457,0.07618,-1.21908,3.14983,-0.01406,0.50686,240.0,2.921
777,25.9721,Evening 21:00,0.3,1,0.08001,-0.21264,4.41652,2.41652,0.08001,-1.21264,3.09317,0.001,-0.01339,225.0,2.963
778,26.0056,Evening 21:00,0.3,1,0.07613,-0.15638,4.16177,2.16177,0.07613,-1.15638,3.13562,-0.01006,0.50764,240.0,2.926
779,26.039,Evening 21:00,0.3,1,0.07612,-0.13133,4.16091,2.16091,0.07612,-1.13133,3.12998,-0.00845,0.50767,240.0,2.92
780,26.0724,Evening 21:00,0.3,1,0.07612,-0.13133,4.16091,2.16091,0.07612,-1.13133,3.12998,-0.00845,0.50767,240.0,2.92
781,26.1058,Evening 21:00,0.3,1,0.07639,-0.11157,4.25163,2.25163,0.07639,-1.11157,-2.96241,-0.02802,0.44525,232.5,2.961
782,26.1393,Evening 21:00,0.3,1,0.07609,-0.06877,4.15942,2.15942,0.07609,-1.06877,3.11596,-0.00442,0.50701,240.0,2.927
783,26.1727,Evening 21:00,0.3,1,0.07609,-0.06877,4.15942,2.15942,0.07609,-1.06877,3.11596,-0.00442,0.50701,240.0,2.927
784,26.2061,Evening 21:00,0.3,0,0.0,0.0,0.0,0.0,0.0,0.0,0.0,0.0,0.0,0.0,2.981
785,26.2396,Evening 21:00,0.3,0,0.0,0.0,0.0,0.0,0.0,0.0,0.0,0.0,0.0,0.0,2.981
786,26.273,Evening 21:00,0.3,0,0.0,0.0,0.0,0.0,0.0,0.0,0.0,0.0,0.0,0.0,2.981
787,26.3064,Evening 21:00,0.3,0,0.0,0.0,0.0,0.0,0.0,0.0,0.0,0.0,0.0,0.0,2.981
788,26.3398,Evening 21:00,0.3,0,0.0,0.0,0.0,0.0,0.0,0.0,0.0,0.0,0.0,0.0,2.981
789,26.3733,Evening 21:00,0.3,0,0.0,0.0,0.0,0.0,0.0,0.0,0.0,0.0,0.0,0.0,2.981
790,26.4067,Evening 21:00,0.3,0,0.0,0.0,0.0,0.0,0.0,0.0,0.0,0.0,0.0,0.0,2.981
791,26.4401,Evening 21:00,0.3,0,0.0,0.0,0.0,0.0,0.0,0.0,0.0,0.0,0.0,0.0,2.981
792,26.4735,Evening 21:00,0.3,0,0.0,0.0,0.0,0.0,0.0,0.0,0.0,0.0,0.0,0.0,2.981
793,26.507,Evening 21:00,0.3,0,0.0,0.0,0.0,0.0,0.0,0.0,0.0,0.0,0.0,0.0,2.981
794,26.5404,Evening 21:00,0.3,0,0.0,0.0,0.0,0.0,0.0,0.0,0.0,0.0,0.0,0.0,2.981
795,26.5738,Evening 21:00,0.3,0,0.0,0.0,0.0,0.0,0.0,0.0,0.0,0.0,0.0,0.0,2.981
796,26.6072,Evening 21:00,0.3,0,0.0,0.0,0.0,0.0,0.0,0.0,0.0,0.0,0.0,0.0,2.981
797,26.6407,Evening 21:00,0.3,0,0.0,0.0,0.0,0.0,0.0,0.0,0.0,0.0,0.0,0.0,2.981
798,26.6741,Evening 21:00,0.3,0,0.0,0.0,0.0,0.0,0.0,0.0,0.0,0.0,0.0,0.0,2.981
799,26.7075,Evening 21:00,0.3,0,0.0,0.0,0.0,0.0,0.0,0.0,0.0,0.0,0.0,0.0,2.981
800,26.7409,Evening 21:00,0.3,0,0.0,0.0,0.0,0.0,0.0,0.0,0.0,0.0,0.0,0.0,2.981
801,26.7744,Evening 21:00,0.3,0,0.0,0.0,0.0,0.0,0.0,0.0,0.0,0.0,0.0,0.0,2.981
802,26.8078,Evening 21:00,0.3,0,0.0,0.0,0.0,0.0,0.0,0.0,0.0,0.0,0.0,0.0,2.981
803,26.8412,Evening 21:00,0.3,0,0.0,0.0,0.0,0.0,0.0,0.0,0.0,0.0,0.0,0.0,2.981
804,26.8747,Evening 21:00,0.3,0,0.0,0.0,0.0,0.0,0.0,0.0,0.0,0.0,0.0,0.0,2.981
805,26.9081,Evening 21:00,0.3,0,0.0,0.0,0.0,0.0,0.0,0.0,0.0,0.0,0.0,0.0,2.981
806,26.9415,Evening 21:00,0.3,0,0.0,0.0,0.0,0.0,0.0,0.0,0.0,0.0,0.0,0.0,2.981
807,26.9749,Evening 21:00,0.3,0,0.0,0.0,0.0,0.0,0.0,0.0,0.0,0.0,0.0,0.0,2.981
808,27.0084,Evening 21:00,0.3,0,0.0,0.0,0.0,0.0,0.0,0.0,0.0,0.0,0.0,0.0,2.981
809,27.0418,Evening 21:00,0.3,0,0.0,0.0,0.0,0.0,0.0,0.0,0.0,0.0,0.0,0.0,2.981
810,27.0752,Evening 21:00,0.3,0,0.0,0.0,0.0,0.0,0.0,0.0,0.0,0.0,0.0,0.0,2.981
811,27.1086,Evening 21:00,0.3,0,0.0,0.0,0.0,0.0,0.0,0.0,0.0,0.0,0.0,0.0,2.981
812,27.1421,Evening 21:00,0.3,0,0.0,0.0,0.0,0.0,0.0,0.0,0.0,0.0,0.0,0.0,2.981
813,27.1755,Evening 21:00,0.3,0,0.0,0.0,0.0,0.0,0.0,0.0,0.0,0.0,0.0,0.0,2.981
814,27.2089,Evening 21:00,0.3,0,0.0,0.0,0.0,0.0,0.0,0.0,0.0,0.0,0.0,0.0,2.981
815,27.2423,Evening 21:00,0.3,0,0.0,0.0,0.0,0.0,0.0,0.0,0.0,0.0,0.0,0.0,2.981
816,27.2758,Evening 21:00,0.3,0,0.0,0.0,0.0,0.0,0.0,0.0,0.0,0.0,0.0,0.0,2.981
817,27.3092,Evening 21:00,0.3,0,0.0,0.0,0.0,0.0,0.0,0.0,0.0,0.0,0.0,0.0,2.981
818,27.3426,Evening 21:00,0.3,0,0.0,0.0,0.0,0.0,0.0,0.0,0.0,0.0,0.0,0.0,2.981
819,27.376,Evening 21:00,0.3,0,0.0,0.0,0.0,0.0,0.0,0.0,0.0,0.0,0.0,0.0,2.981
820,27.4095,Evening 21:00,0.3,0,0.0,0.0,0.0,0.0,0.0,0.0,0.0,0.0,0.0,0.0,2.981
821,27.4429,Evening 21:00,0.3,0,0.0,0.0,0.0,0.0,0.0,0.0,0.0,0.0,0.0,0.0,2.981
822,27.4763,Evening 21:00,0.3,0,0.0,0.0,0.0,0.0,0.0,0.0,0.0,0.0,0.0,0.0,2.981
823,27.5097,Evening 21:00,0.3,0,0.0,0.0,0.0,0.0,0.0,0.0,0.0,0.0,0.0,0.0,2.981
824,27.5432,Evening 21:00,0.3,0,0.0,0.0,0.0,0.0,0.0,0.0,0.0,0.0,0.0,0.0,2.981
825,27.5766,Evening 21:00,0.3,0,0.0,0.0,0.0,0.0,0.0,0.0,0.0,0.0,0.0,0.0,2.981
826,27.61,Evening 21:00,0.3,0,0.0,0.0,0.0,0.0,0.0,0.0,0.0,0.0,0.0,0.0,2.981
827,27.6435,Evening 21:00,0.3,0,0.0,0.0,0.0,0.0,0.0,0.0,0.0,0.0,0.0,0.0,2.981
828,27.6769,Evening 21:00,0.3,0,0.0,0.0,0.0,0.0,0.0,0.0,0.0,0.0,0.0,0.0,2.981
829,27.7103,Evening 21:00,0.3,0,0.0,0.0,0.0,0.0,0.0,0.0,0.0,0.0,0.0,0.0,2.981
830,27.7437,Evening 21:00,0.3,0,0.0,0.0,0.0,0.0,0.0,0.0,0.0,0.0,0.0,0.0,2.981
831,27.7772,Evening 21:00,0.3,0,0.0,0.0,0.0,0.0,0.0,0.0,0.0,0.0,0.0,0.0,2.981
832,27.8106,Evening 21:00,0.3,0,0.0,0.0,0.0,0.0,0.0,0.0,0.0,0.0,0.0,0.0,2.981
833,27.844,Evening 21:00,0.3,0,0.0,0.0,0.0,0.0,0.0,0.0,0.0,0.0,0.0,0.0,2.981
834,27.8774,Evening 21:00,0.3,0,0.0,0.0,0.0,0.0,0.0,0.0,0.0,0.0,0.0,0.0,2.981
835,27.9109,Evening 21:00,0.3,0,0.0,0.0,0.0,0.0,0.0,0.0,0.0,0.0,0.0,0.0,2.981
836,27.9443,Evening 21:00,0.3,0,0.0,0.0,0.0,0.0,0.0,0.0,0.0,0.0,0.0,0.0,2.981
837,27.9777,Evening 21:00,0.3,0,0.0,0.0,0.0,0.0,0.0,0.0,0.0,0.0,0.0,0.0,2.981
838,28.0111,Evening 21:00,0.3,0,0.0,0.0,0.0,0.0,0.0,0.0,0.0,0.0,0.0,0.0,2.981
839,28.0446,Evening 21:00,0.3,0,0.0,0.0,0.0,0.0,0.0,0.0,0.0,0.0,0.0,0.0,2.981
840,28.078,Evening 21:00,0.3,0,0.0,0.0,0.0,0.0,0.0,0.0,0.0,0.0,0.0,0.0,2.981
841,28.1114,Evening 21:00,0.3,0,0.0,0.0,0.0,0.0,0.0,0.0,0.0,0.0,0.0,0.0,2.981
842,28.1448,Evening 21:00,0.3,0,0.0,0.0,0.0,0.0,0.0,0.0,0.0,0.0,0.0,0.0,2.981
843,28.1783,Evening 21:00,0.3,0,0.0,0.0,0.0,0.0,0.0,0.0,0.0,0.0,0.0,0.0,2.981
844,28.2117,Evening 21:00,0.3,0,0.0,0.0,0.0,0.0,0.0,0.0,0.0,0.0,0.0,0.0,2.981
845,28.2451,Evening 21:00,0.3,0,0.0,0.0,0.0,0.0,0.0,0.0,0.0,0.0,0.0,0.0,2.981
846,28.2786,Evening 21:00,0.3,0,0.0,0.0,0.0,0.0,0.0,0.0,0.0,0.0,0.0,0.0,2.981
847,28.312,Evening 21:00,0.3,0,0.0,0.0,0.0,0.0,0.0,0.0,0.0,0.0,0.0,0.0,2.981
848,28.3454,Evening 21:00,0.3,0,0.0,0.0,0.0,0.0,0.0,0.0,0.0,0.0,0.0,0.0,2.981
849,28.3788,Evening 21:00,0.3,0,0.0,0.0,0.0,0.0,0.0,0.0,0.0,0.0,0.0,0.0,2.981
850,28.4123,Evening 21:00,0.3,0,0.0,0.0,0.0,0.0,0.0,0.0,0.0,0.0,0.0,0.0,2.997
851,28.4457,Evening 21:00,0.3,0,0.0,0.0,0.0,0.0,0.0,0.0,0.0,0.0,0.0,0.0,3.017
852,28.4791,Evening 21:00,0.3,0,0.0,0.0,0.0,0.0,0.0,0.0,0.0,0.0,0.0,0.0,3.021
853,28.5125,Evening 21:00,0.3,0,0.0,0.0,0.0,0.0,0.0,0.0,0.0,0.0,0.0,0.0,3.013
854,28.546,Evening 21:00,0.3,0,0.0,0.0,0.0,0.0,0.0,0.0,0.0,0.0,0.0,0.0,2.997
855,28.5794,Evening 21:00,0.3,1,0.07759,-0.04707,3.91478,1.91478,0.07759,-1.04707,3.11495,-0.0031,0.48627,272.0,2.941
856,28.6128,Evening 21:00,0.3,1,0.07759,-0.04707,3.91478,1.91478,0.07759,-1.04707,3.11495,-0.0031,0.48627,272.0,2.941
857,28.6462,Evening 21:00,0.3,1,0.07759,-0.04707,3.91478,1.91478,0.07759,-1.04707,3.11495,-0.0031,0.48627,272.0,2.923
858,28.6797,Evening 21:00,0.3,1,0.07759,-0.04707,3.91478,1.91478,0.07759,-1.04707,3.11495,-0.0031,0.48627,272.0,2.923
859,28.7131,Evening 21:00,0.3,1,0.0706,-0.04706,3.89824,1.89824,0.0706,-1.04706,3.07687,0.00102,-0.0204,289.0,2.933
860,28.7465,Evening 21:00,0.3,1,0.0706,-0.04706,3.89824,1.89824,0.0706,-1.04706,3.07687,0.00102,-0.0204,289.0,2.954
861,28.7799,Evening 21:00,0.3,1,0.0706,-0.04706,3.89824,1.89824,0.0706,-1.04706,3.07687,0.00102,-0.0204,289.0,2.969
862,28.8134,Evening 21:00,0.3,1,0.0706,-0.04706,3.89824,1.89824,0.0706,-1.04706,3.07687,0.00102,-0.0204,289.0,2.983
863,28.8468,Evening 21:00,0.3,1,0.0706,-0.04706,3.89824,1.89824,0.0706,-1.04706,3.07687,0.00102,-0.0204,289.0,3.007
864,28.8802,Evening 21:00,0.3,1,0.0706,-0.04706,3.89824,1.89824,0.0706,-1.04706,3.07687,0.00102,-0.0204,289.0,3.043
865,28.9136,Evening 21:00,0.3,1,0.07225,-0.04514,3.68293,1.68293,0.07225,-1.04514,2.81165,0.00476,-0.02641,306.0,3.063
866,28.9471,Evening 21:00,0.3,1,0.07225,-0.04514,3.68293,1.68293,0.07225,-1.04514,2.81165,0.00476,-0.02641,306.0,3.063
867,28.9805,Evening 21:00,0.3,1,0.07225,-0.04514,3.68293,1.68293,0.07225,-1.04514,2.81165,0.00476,-0.02641,306.0,3.063
868,29.0139,Evening 21:00,0.3,1,0.07225,-0.04514,3.68293,1.68293,0.07225,-1.04514,2.81165,0.00476,-0.02641,306.0,3.069
869,29.0474,Evening 21:00,0.3,1,0.07225,-0.04514,3.68293,1.68293,0.07225,-1.04514,2.81165,0.00476,-0.02641,306.0,3.061
870,29.0808,Evening 21:00,0.3,1,0.07225,-0.04514,3.68293,1.68293,0.07225,-1.04514,2.81165,0.00476,-0.02641,306.0,3.073
871,29.1142,Evening 21:00,0.3,1,0.07225,-0.04514,3.68293,1.68293,0.07225,-1.04514,2.81165,0.00476,-0.02641,306.0,3.104
872,29.1476,Evening 21:00,0.3,1,0.07225,-0.04514,3.68293,1.68293,0.07225,-1.04514,2.81165,0.00476,-0.02641,306.0,3.127
873,29.1811,Evening 21:00,0.3,1,0.06955,-0.04211,3.50325,1.50325,0.06955,-1.04211,3.11977,-0.00291,0.45384,342.0,3.089
874,29.2145,Evening 21:00,0.3,1,0.06955,-0.04211,3.50325,1.50325,0.06955,-1.04211,3.11977,-0.00291,0.45384,342.0,3.089
875,29.2479,Evening 21:00,0.3,1,0.06955,-0.04211,3.50325,1.50325,0.06955,-1.04211,3.11977,-0.00291,0.45384,342.0,3.119
876,29.2813,Evening 21:00,0.3,1,0.06955,-0.04211,3.50325,1.50325,0.06955,-1.04211,3.11977,-0.00291,0.45384,342.0,3.154
877,29.3148,Evening 21:00,0.3,1,0.07371,-0.04214,3.48855,1.48855,0.07371,-1.04214,3.08113,0.00112,-0.0227,361.0,3.172
878,29.3482,Evening 21:00,0.3,1,0.07371,-0.04214,3.48855,1.48855,0.07371,-1.04214,3.08113,0.00112,-0.0227,361.0,3.214
879,29.3816,Evening 21:00,0.3,1,0.07371,-0.04214,3.48855,1.48855,0.07371,-1.04214,3.08113,0.00112,-0.0227,361.0,3.204
880,29.415,Evening 21:00,0.3,1,0.07371,-0.04214,3.48855,1.48855,0.07371,-1.04214,3.08113,0.00112,-0.0227,361.0,3.204
881,29.4485,Evening 21:00,0.3,1,0.07371,-0.04214,3.48855,1.48855,0.07371,-1.04214,3.08113,0.00112,-0.0227,361.0,3.216
882,29.4819,Evening 21:00,0.3,1,0.07371,-0.04214,3.48855,1.48855,0.07371,-1.04214,3.08113,0.00112,-0.0227,361.0,3.228
883,29.5153,Evening 21:00,0.3,1,0.07371,-0.04214,3.48855,1.48855,0.07371,-1.04214,3.08113,0.00112,-0.0227,361.0,3.234
884,29.5487,Evening 21:00,0.3,1,0.07371,-0.04214,3.48855,1.48855,0.07371,-1.04214,3.08113,0.00112,-0.0227,361.0,3.236
885,29.5822,Evening 21:00,0.3,1,0.07371,-0.04214,3.48855,1.48855,0.07371,-1.04214,3.08113,0.00112,-0.0227,361.0,3.234
886,29.6156,Evening 21:00,0.3,1,0.07371,-0.04214,3.48855,1.48855,0.07371,-1.04214,3.08113,0.00112,-0.0227,361.0,3.233
887,29.649,Evening 21:00,0.3,1,0.07371,-0.04214,3.48855,1.48855,0.07371,-1.04214,3.08113,0.00112,-0.0227,361.0,3.235
888,29.6825,Evening 21:00,0.3,1,0.06938,-0.04112,3.23376,1.23376,0.06938,-1.04112,-3.01551,0.02373,-0.55579,389.5,3.252
889,29.7159,Evening 21:00,0.3,1,0.07261,-0.0381,3.17012,1.17012,0.07261,-1.0381,3.12415,-0.00273,0.42115,420.0,3.312
890,29.7493,Evening 21:00,0.3,1,0.07261,-0.0381,3.17012,1.17012,0.07261,-1.0381,3.12415,-0.00273,0.42115,420.0,3.312
891,29.7827,Evening 21:00,0.3,1,0.06669,-0.03816,3.15674,1.15674,0.06669,-1.03816,3.08515,0.00105,-0.02159,441.0,3.303
892,29.8162,Evening 21:00,0.3,1,0.06669,-0.03816,3.15674,1.15674,0.06669,-1.03816,3.08515,0.00105,-0.02159,441.0,3.31
893,29.8496,Evening 21:00,0.3,1,0.06669,-0.03816,3.15674,1.15674,0.06669,-1.03816,3.08515,0.00105,-0.02159,441.0,3.326
894,29.883,Evening 21:00,0.3,1,0.06669,-0.03816,3.15674,1.15674,0.06669,-1.03816,3.08515,0.00105,-0.02159,441.0,3.344
895,29.9164,Evening 21:00,0.3,1,0.06669,-0.03816,3.15674,1.15674,0.06669,-1.03816,3.08515,0.00105,-0.02159,441.0,3.382
896,29.9499,Evening 21:00,0.3,1,0.06669,-0.03816,3.15674,1.15674,0.06669,-1.03816,3.08515,0.00105,-0.02159,441.0,3.407
897,29.9833,Evening 21:00,0.3,1,0.06821,-0.03719,3.01463,1.01463,0.06821,-1.03719,2.84552,0.00499,-0.03049,462.0,3.397
898,30.0167,Evening 21:00,0.3,1,0.06821,-0.03719,3.01463,1.01463,0.06821,-1.03719,2.84552,0.00499,-0.03049,462.0,3.423
899,30.0501,Evening 21:00,0.3,1,0.06821,-0.03719,3.01463,1.01463,0.06821,-1.03719,2.84552,0.00499,-0.03049,462.0,3.442
900,30.0836,Evening 21:00,0.3,1,0.06821,-0.03719,3.01463,1.01463,0.06821,-1.03719,2.84552,0.00499,-0.03049,462.0,3.482
901,30.117,Evening 21:00,0.3,1,0.06821,-0.04096,3.01349,1.01349,0.06821,-1.04096,3.08831,0.00108,-0.02212,484.0,3.497
902,30.1504,Evening 21:00,0.3,1,0.0664,-0.03479,2.89499,0.89499,0.0664,-1.03479,3.12736,-0.00258,0.39582,506.0,3.457
903,30.1838,Evening 21:00,0.3,1,0.0664,-0.03479,2.89499,0.89499,0.0664,-1.03479,3.12736,-0.00258,0.39582,506.0,3.475
904,30.2173,Evening 21:00,0.3,1,0.0696,-0.03486,2.88284,0.88284,0.0696,-1.03486,3.0906,0.00109,-0.0232,529.0,3.492
905,30.2507,Evening 21:00,0.3,1,0.0696,-0.03486,2.88284,0.88284,0.0696,-1.03486,3.0906,0.00109,-0.0232,529.0,3.513
906,30.2841,Evening 21:00,0.3,1,0.0696,-0.03486,2.88284,0.88284,0.0696,-1.03486,3.0906,0.00109,-0.0232,529.0,3.521
907,30.3175,Evening 21:00,0.3,1,0.0696,-0.03486,2.88284,0.88284,0.0696,-1.03486,3.0906,0.00109,-0.0232,529.0,3.624
908,30.351,Evening 21:00,0.3,1,0.0696,-0.03486,2.88284,0.88284,0.0696,-1.03486,3.0906,0.00109,-0.0232,529.0,3.737
909,30.3844,Evening 21:00,0.3,1,0.0696,-0.03486,2.88284,0.88284,0.0696,-1.03486,3.0906,0.00109,-0.0232,529.0,3.804
910,30.4178,Evening 21:00,0.3,1,0.0696,-0.03486,2.88284,0.88284,0.0696,-1.03486,3.0906,0.00109,-0.0232,529.0,3.819
911,30.4513,Evening 21:00,0.3,1,0.06253,-0.03422,2.764,0.764,0.06253,-1.03422,2.8596,0.00478,-0.03042,552.0,3.799
912,30.4847,Evening 21:00,0.3,1,0.06404,-0.03209,2.6526,0.6526,0.06404,-1.03209,3.09563,0.00099,-0.02181,625.0,3.696
913,30.5181,Evening 21:00,0.3,1,0.06404,-0.03209,2.6526,0.6526,0.06404,-1.03209,3.09563,0.00099,-0.02181,625.0,3.695
914,30.5515,Evening 21:00,0.3,1,0.06404,-0.03209,2.6526,0.6526,0.06404,-1.03209,3.09563,0.00099,-0.02181,625.0,3.768
915,30.585,Evening 21:00,0.3,1,0.06404,-0.03209,2.6526,0.6526,0.06404,-1.03209,3.09563,0.00099,-0.02181,625.0,3.831
916,30.6184,Evening 21:00,0.3,1,0.06404,-0.03209,2.6526,0.6526,0.06404,-1.03209,3.09563,0.00099,-0.02181,625.0,3.831
917,30.6518,Evening 21:00,0.3,1,0.06404,-0.03209,2.6526,0.6526,0.06404,-1.03209,3.09563,0.00099,-0.02181,625.0,3.831
918,30.6852,Evening 21:00,0.3,1,0.06404,-0.03209,2.6526,0.6526,0.06404,-1.03209,3.09563,0.00099,-0.02181,625.0,3.831
919,30.7187,Evening 21:00,0.3,1,0.06404,-0.03209,2.6526,0.6526,0.06404,-1.03209,3.09563,0.00099,-0.02181,625.0,3.831
920,30.7521,Evening 21:00,0.3,1,0.06404,-0.03209,2.6526,0.6526,0.06404,-1.03209,3.09563,0.00099,-0.02181,625.0,3.831
921,30.7855,Evening 21:00,0.3,1,0.06404,-0.03209,2.6526,0.6526,0.06404,-1.03209,3.09563,0.00099,-0.02181,625.0,3.831
922,30.8189,Evening 21:00,0.3,1,0.06404,-0.03209,2.6526,0.6526,0.06404,-1.03209,3.09563,0.00099,-0.02181,625.0,3.831
923,30.8524,Evening 21:00,0.3,1,0.06404,-0.03209,2.6526,0.6526,0.06404,-1.03209,3.09563,0.00099,-0.02181,625.0,3.831
924,30.8858,Evening 21:00,0.3,1,0.06404,-0.03209,2.6526,0.6526,0.06404,-1.03209,3.09563,0.00099,-0.02181,625.0,3.831
925,30.9192,Evening 21:00,0.3,1,0.06404,-0.03209,2.6526,0.6526,0.06404,-1.03209,3.09563,0.00099,-0.02181,625.0,3.831
926,30.9526,Evening 21:00,0.3,1,0.06404,-0.03209,2.6526,0.6526,0.06404,-1.03209,3.09563,0.00099,-0.02181,625.0,3.831
927,30.9861,Evening 21:00,0.3,1,0.06404,-0.03209,2.6526,0.6526,0.06404,-1.03209,3.09563,0.00099,-0.02181,625.0,3.831
928,31.0195,Evening 21:00,0.3,1,0.06404,-0.03209,2.6526,0.6526,0.06404,-1.03209,3.09563,0.00099,-0.02181,625.0,3.831
929,31.0529,Evening 21:00,0.3,1,0.06404,-0.03209,2.6526,0.6526,0.06404,-1.03209,3.09563,0.00099,-0.02181,625.0,3.831
930,31.0864,Evening 21:00,0.3,1,0.06404,-0.03209,2.6526,0.6526,0.06404,-1.03209,3.09563,0.00099,-0.02181,625.0,3.831
931,31.1198,Evening 21:00,0.3,1,0.06404,-0.03209,2.6526,0.6526,0.06404,-1.03209,3.09563,0.00099,-0.02181,625.0,3.831
932,31.1532,Evening 21:00,0.3,1,0.06404,-0.03209,2.6526,0.6526,0.06404,-1.03209,3.09563,0.00099,-0.02181,625.0,3.831
933,31.1866,Evening 21:00,0.3,1,0.06404,-0.03209,2.6526,0.6526,0.06404,-1.03209,3.09563,0.00099,-0.02181,625.0,3.831
934,31.2201,Evening 21:00,0.3,1,0.06404,-0.03209,2.6526,0.6526,0.06404,-1.03209,3.09563,0.00099,-0.02181,625.0,3.831
935,31.2535,Evening 21:00,0.3,1,0.06404,-0.03209,2.6526,0.6526,0.06404,-1.03209,3.09563,0.00099,-0.02181,625.0,3.831
936,31.2869,Evening 21:00,0.3,1,0.06404,-0.03209,2.6526,0.6526,0.06404,-1.03209,3.09563,0.00099,-0.02181,625.0,3.831
937,31.3203,Evening 21:00,0.3,1,0.06404,-0.03209,2.6526,0.6526,0.06404,-1.03209,3.09563,0.00099,-0.02181,625.0,3.831
938,31.3538,Evening 21:00,0.3,1,0.06404,-0.03209,2.6526,0.6526,0.06404,-1.03209,3.09563,0.00099,-0.02181,625.0,3.831
939,31.3872,Evening 21:00,0.3,1,0.06404,-0.03209,2.6526,0.6526,0.06404,-1.03209,3.09563,0.00099,-0.02181,625.0,3.831
940,31.4206,Evening 21:00,0.3,1,0.06404,-0.03209,2.6526,0.6526,0.06404,-1.03209,3.09563,0.00099,-0.02181,625.0,3.831
941,31.454,Evening 21:00,0.3,1,0.06404,-0.03209,2.6526,0.6526,0.06404,-1.03209,3.09563,0.00099,-0.02181,625.0,3.831
942,31.4875,Evening 21:00,0.3,1,0.06404,-0.03209,2.6526,0.6526,0.06404,-1.03209,3.09563,0.00099,-0.02181,625.0,3.831
