frame,time_s,scenario,target_lux,detected,est_x,est_y,est_z,err_x,err_y,err_z,rot_x,rot_y,rot_z,marker_area_px,frame_brightness
0,0.0,Twilight 19:00,3.0,1,0.01601,0.01615,2.65233,0.65233,0.01601,-0.98385,3.19229,-0.00026,-0.00607,625.0,47.461
1,0.0335,Twilight 19:00,3.0,1,0.01601,0.01615,2.65233,0.65233,0.01601,-0.98385,3.19229,-0.00026,-0.00607,625.0,47.461
2,0.067,Twilight 19:00,3.0,1,0.01601,0.01615,2.65233,0.65233,0.01601,-0.98385,3.19229,-0.00026,-0.00607,625.0,47.461
3,0.1006,Twilight 19:00,3.0,1,0.01601,0.01615,2.65233,0.65233,0.01601,-0.98385,3.19229,-0.00026,-0.00607,625.0,47.461
4,0.1341,Twilight 19:00,3.0,1,0.01601,0.01615,2.65233,0.65233,0.01601,-0.98385,3.19229,-0.00026,-0.00607,625.0,47.461
5,0.1676,Twilight 19:00,3.0,1,0.01601,0.01615,2.65233,0.65233,0.01601,-0.98385,3.19229,-0.00026,-0.00607,625.0,47.461
6,0.2011,Twilight 19:00,3.0,1,0.01601,0.01615,2.65233,0.65233,0.01601,-0.98385,3.19229,-0.00026,-0.00607,625.0,47.461
7,0.2346,Twilight 19:00,3.0,1,0.01601,0.01615,2.65233,0.65233,0.01601,-0.98385,3.19229,-0.00026,-0.00607,625.0,47.461
8,0.2682,Twilight 19:00,3.0,1,0.01601,0.01615,2.65233,0.65233,0.01601,-0.98385,3.19229,-0.00026,-0.00607,625.0,47.461
9,0.3017,Twilight 19:00,3.0,1,0.01601,0.01615,2.65233,0.65233,0.01601,-0.98385,3.19229,-0.00026,-0.00607,625.0,47.461
10,0.3352,Twilight 19:00,3.0,1,0.01601,0.01615,2.65233,0.65233,0.01601,-0.98385,3.19229,-0.00026,-0.00607,625.0,47.461
11,0.3687,Twilight 19:00,3.0,1,0.01601,0.01615,2.65233,0.65233,0.01601,-0.98385,3.19229,-0.00026,-0.00607,625.0,47.461
12,0.4022,Twilight 19:00,3.0,1,0.01601,0.01615,2.65233,0.65233,0.01601,-0.98385,3.19229,-0.00026,-0.00607,625.0,47.461
13,0.4358,Twilight 19:00,3.0,1,0.01601,0.01615,2.65233,0.65233,0.01601,-0.98385,3.19229,-0.00026,-0.00607,625.0,47.461
14,0.4693,Twilight 19:00,3.0,1,0.01601,0.01615,2.65233,0.65233,0.01601,-0.98385,3.19229,-0.00026,-0.00607,625.0,47.461
15,0.5028,Twilight 19:00,3.0,1,0.01601,0.01615,2.65233,0.65233,0.01601,-0.98385,3.19229,-0.00026,-0.00607,625.0,47.461
16,0.5363,Twilight 19:00,3.0,1,0.01601,0.01615,2.65233,0.65233,0.01601,-0.98385,3.19229,-0.00026,-0.00607,625.0,47.461
17,0.5698,Twilight 19:00,3.0,1,0.01601,0.01615,2.65233,0.65233,0.01601,-0.98385,3.19229,-0.00026,-0.00607,625.0,47.461
18,0.6034,Twilight 19:00,3.0,1,0.01601,0.01615,2.65233,0.65233,0.01601,-0.98385,3.19229,-0.00026,-0.00607,625.0,47.461
19,0.6369,Twilight 19:00,3.0,1,0.01601,0.01615,2.65233,0.65233,0.01601,-0.98385,3.19229,-0.00026,-0.00607,625.0,47.461
20,0.6704,Twilight 19:00,3.0,1,0.01601,0.01615,2.65233,0.65233,0.01601,-0.98385,3.19229,-0.00026,-0.00607,625.0,47.461
21,0.7039,Twilight 19:00,3.0,1,0.01601,0.01615,2.65233,0.65233,0.01601,-0.98385,3.19229,-0.00026,-0.00607,625.0,47.461
22,0.7374,Twilight 19:00,3.0,1,0.01601,0.01615,2.65233,0.65233,0.01601,-0.98385,3.19229,-0.00026,-0.00607,625.0,47.461
23,0.7709,Twilight 19:00,3.0,1,0.01601,0.01615,2.65233,0.65233,0.01601,-0.98385,3.19229,-0.00026,-0.00607,625.0,47.461
24,0.8045,Twilight 19:00,3.0,1,0.01601,0.01615,2.65233,0.65233,0.01601,-0.98385,3.19229,-0.00026,-0.00607,625.0,47.461
25,0.838,Twilight 19:00,3.0,1,0.01601,0.01615,2.65233,0.65233,0.01601,-0.98385,3.19229,-0.00026,-0.00607,625.0,47.461
26,0.8715,Twilight 19:00,3.0,1,0.01601,0.01615,2.65233,0.65233,0.01601,-0.98385,3.19229,-0.00026,-0.00607,625.0,47.461
27,0.905,Twilight 19:00,3.0,1,0.01601,0.01615,2.65233,0.65233,0.01601,-0.98385,3.19229,-0.00026,-0.00607,625.0,47.461
28,0.9385,Twilight 19:00,3.0,1,0.01601,0.01615,2.65233,0.65233,0.01601,-0.98385,3.19229,-0.00026,-0.00607,625.0,47.461
29,0.9721,Twilight 19:00,3.0,1,0.01601,0.01615,2.65233,0.65233,0.01601,-0.98385,3.19229,-0.00026,-0.00607,625.0,47.461
30,1.0056,Twilight 19:00,3.0,1,0.01601,0.01615,2.65233,0.65233,0.01601,-0.98385,3.19229,-0.00026,-0.00607,625.0,47.461
31,1.0391,Twilight 19:00,3.0,1,0.01601,0.01615,2.65233,0.65233,0.01601,-0.98385,3.19229,-0.00026,-0.00607,625.0,47.461
32,1.0726,Twilight 19:00,3.0,1,0.01601,0.01615,2.65233,0.65233,0.01601,-0.98385,3.19229,-0.00026,-0.00607,625.0,47.461
33,1.1061,Twilight 19:00,3.0,1,0.01601,0.01615,2.65233,0.65233,0.01601,-0.98385,3.19229,-0.00026,-0.00607,625.0,47.461
34,1.1397,Twilight 19:00,3.0,1,0.01601,0.01615,2.65233,0.65233,0.01601,-0.98385,3.19229,-0.00026,-0.00607,625.0,47.461
35,1.1732,Twilight 19:00,3.0,1,0.01601,0.01615,2.65233,0.65233,0.01601,-0.98385,3.19229,-0.00026,-0.00607,625.0,47.461
36,1.2067,Twilight 19:00,3.0,1,0.01601,0.01615,2.65233,0.65233,0.01601,-0.98385,3.19229,-0.00026,-0.00607,625.0,47.461
37,1.2402,Twilight 19:00,3.0,1,0.01601,0.01615,2.65233,0.65233,0.01601,-0.98385,3.19229,-0.00026,-0.00607,625.0,47.461
38,1.2737,Twilight 19:00,3.0,1,0.01601,0.01615,2.65233,0.65233,0.01601,-0.98385,3.19229,-0.00026,-0.00607,625.0,47.461
39,1.3073,Twilight 19:00,3.0,1,0.01601,0.01615,2.65233,0.65233,0.01601,-0.98385,3.19229,-0.00026,-0.00607,625.0,47.461
40,1.3408,Twilight 19:00,3.0,1,0.01601,0.01615,2.65233,0.65233,0.01601,-0.98385,3.19229,-0.00026,-0.00607,625.0,47.461
41,1.3743,Twilight 19:00,3.0,1,0.01601,0.01615,2.65233,0.65233,0.01601,-0.98385,3.19229,-0.00026,-0.00607,625.0,47.461
42,1.4078,Twilight 19:00,3.0,1,0.01601,0.01615,2.65233,0.65233,0.01601,-0.98385,3.19229,-0.00026,-0.00607,625.0,47.461
43,1.4413,Twilight 19:00,3.0,1,0.01601,0.01615,2.65233,0.65233,0.01601,-0.98385,3.19229,-0.00026,-0.00607,625.0,47.461
44,1.4749,Twilight 19:00,3.0,1,0.01601,0.01615,2.65233,0.65233,0.01601,-0.98385,3.19229,-0.00026,-0.00607,625.0,47.461
45,1.5084,Twilight 19:00,3.0,1,0.01601,0.01615,2.65233,0.65233,0.01601,-0.98385,3.19229,-0.00026,-0.00607,625.0,47.461
46,1.5419,Twilight 19:00,3.0,1,0.01601,0.01615,2.65233,0.65233,0.01601,-0.98385,3.19229,-0.00026,-0.00607,625.0,47.461
47,1.5754,Twilight 19:00,3.0,1,0.01601,0.01615,2.65233,0.65233,0.01601,-0.98385,3.19229,-0.00026,-0.00607,625.0,47.461
48,1.6089,Twilight 19:00,3.0,1,0.01601,0.01615,2.65233,0.65233,0.01601,-0.98385,3.19229,-0.00026,-0.00607,625.0,47.461
49,1.6425,Twilight 19:00,3.0,1,0.01601,0.01615,2.65233,0.65233,0.01601,-0.98385,3.19229,-0.00026,-0.00607,625.0,47.461
50,1.676,Twilight 19:00,3.0,1,0.01601,0.01615,2.65233,0.65233,0.01601,-0.98385,3.19229,-0.00026,-0.00607,625.0,47.461
51,1.7095,Twilight 19:00,3.0,1,0.01601,0.01615,2.65233,0.65233,0.01601,-0.98385,3.19229,-0.00026,-0.00607,625.0,47.461
52,1.743,Twilight 19:00,3.0,1,0.01601,0.01615,2.65233,0.65233,0.01601,-0.98385,3.19229,-0.00026,-0.00607,625.0,47.461
53,1.7765,Twilight 19:00,3.0,1,0.01601,0.01615,2.65233,0.65233,0.01601,-0.98385,3.19229,-0.00026,-0.00607,625.0,47.461
54,1.8101,Twilight 19:00,3.0,1,0.01601,0.01615,2.65233,0.65233,0.01601,-0.98385,3.19229,-0.00026,-0.00607,625.0,47.461
55,1.8436,Twilight 19:00,3.0,1,0.01601,0.01615,2.65233,0.65233,0.01601,-0.98385,3.19229,-0.00026,-0.00607,625.0,47.461
56,1.8771,Twilight 19:00,3.0,1,0.01601,0.01615,2.65233,0.65233,0.01601,-0.98385,3.19229,-0.00026,-0.00607,625.0,47.461
57,1.9106,Twilight 19:00,3.0,1,0.01601,0.01615,2.65233,0.65233,0.01601,-0.98385,3.19229,-0.00026,-0.00607,625.0,47.461
58,1.9441,Twilight 19:00,3.0,1,0.01601,0.01615,2.65233,0.65233,0.01601,-0.98385,3.19229,-0.00026,-0.00607,625.0,47.461
59,1.9777,Twilight 19:00,3.0,1,0.01601,0.01615,2.65233,0.65233,0.01601,-0.98385,3.19229,-0.00026,-0.00607,625.0,47.461
60,2.0112,Twilight 19:00,3.0,1,0.01601,0.01615,2.65233,0.65233,0.01601,-0.98385,3.19229,-0.00026,-0.00607,625.0,47.461
61,2.0447,Twilight 19:00,3.0,1,0.01601,0.01615,2.65233,0.65233,0.01601,-0.98385,3.19229,-0.00026,-0.00607,625.0,47.461
62,2.0782,Twilight 19:00,3.0,1,0.01601,0.01615,2.65233,0.65233,0.01601,-0.98385,3.19229,-0.00026,-0.00607,625.0,47.461
63,2.1117,Twilight 19:00,3.0,1,0.01601,0.01615,2.65233,0.65233,0.01601,-0.98385,3.19229,-0.00026,-0.00607,625.0,47.461
64,2.1453,Twilight 19:00,3.0,1,0.01601,0.01615,2.65233,0.65233,0.01601,-0.98385,3.19229,-0.00026,-0.00607,625.0,47.461
65,2.1788,Twilight 19:00,3.0,1,0.01601,0.01615,2.65233,0.65233,0.01601,-0.98385,3.19229,-0.00026,-0.00607,625.0,47.461
66,2.2123,Twilight 19:00,3.0,1,0.01601,0.01615,2.65233,0.65233,0.01601,-0.98385,3.19229,-0.00026,-0.00607,625.0,47.461
67,2.2458,Twilight 19:00,3.0,1,0.01601,0.01615,2.65233,0.65233,0.01601,-0.98385,3.19229,-0.00026,-0.00607,625.0,47.461
68,2.2793,Twilight 19:00,3.0,1,0.01601,0.01615,2.65233,0.65233,0.01601,-0.98385,3.19229,-0.00026,-0.00607,625.0,47.461
69,2.3128,Twilight 19:00,3.0,1,0.01601,0.01615,2.65233,0.65233,0.01601,-0.98385,3.19229,-0.00026,-0.00607,625.0,47.461
70,2.3464,Twilight 19:00,3.0,1,0.01601,0.01615,2.65233,0.65233,0.01601,-0.98385,3.19229,-0.00026,-0.00607,625.0,47.461
71,2.3799,Twilight 19:00,3.0,1,0.008,0.01615,2.65229,0.65229,0.008,-0.98385,3.19252,-0.00013,-0.00304,625.0,47.481
72,2.4134,Twilight 19:00,3.0,1,-0.00495,0.016,2.66415,0.66415,-0.00495,-0.984,3.11008,-0.00121,-0.40115,600.0,47.555
73,2.4469,Twilight 19:00,3.0,1,-0.02102,0.016,2.66404,0.66404,-0.02102,-0.984,3.11133,-0.00121,-0.39235,600.0,47.543
74,2.4804,Twilight 19:00,3.0,1,-0.03201,0.01614,2.65246,0.65246,-0.03201,-0.98386,3.19133,0.00052,0.01206,625.0,47.491
75,2.514,Twilight 19:00,3.0,1,-0.04512,0.016,2.66388,0.66388,-0.04512,-0.984,3.11312,-0.00121,-0.37953,600.0,47.564
76,2.5475,Twilight 19:00,3.0,1,-0.05603,0.01613,2.65282,0.65282,-0.05603,-0.98387,3.18865,0.00086,0.02074,625.0,47.491
77,2.581,Twilight 19:00,3.0,1,-0.07205,0.01613,2.65316,0.65316,-0.07205,-0.98387,3.18596,0.00104,0.02618,625.0,47.533
78,2.6145,Twilight 19:00,3.0,1,-0.08529,0.016,2.66363,0.66363,-0.08529,-0.984,3.11585,-0.00121,-0.35921,600.0,47.554
79,2.648,Twilight 19:00,3.0,1,-0.0961,0.01611,2.65381,0.65381,-0.0961,-0.98389,3.18041,0.00122,0.0336,625.0,47.48
80,2.6816,Twilight 19:00,3.0,1,-0.10939,0.016,2.66348,0.66348,-0.10939,-0.984,3.11735,-0.00121,-0.34762,600.0,47.549
81,2.7151,Twilight 19:00,3.0,1,-0.12016,0.01609,2.65459,0.65459,-0.12016,-0.98391,3.17287,0.00125,0.0398,625.0,47.523
82,2.7486,Twilight 19:00,3.0,1,-0.13622,0.01607,2.65513,0.65513,-0.13622,-0.98393,3.16694,0.00117,0.04318,625.0,47.498
83,2.7821,Twilight 19:00,3.0,1,-0.14956,0.016,2.66324,0.66324,-0.14956,-0.984,3.11965,-0.0012,-0.3293,600.0,47.554
84,2.8156,Twilight 19:00,3.0,1,-0.16031,0.01604,2.65588,0.65588,-0.16031,-0.98396,3.15831,0.00096,0.04723,625.0,47.479
85,2.8492,Twilight 19:00,3.0,1,-0.17366,0.016,2.6631,0.6631,-0.17366,-0.984,3.12091,-0.00119,-0.31889,600.0,47.546
86,2.8827,Twilight 19:00,3.0,1,-0.18972,0.016,2.66301,0.66301,-0.18972,-0.984,3.12171,-0.00118,-0.31219,600.0,47.55
87,2.9162,Twilight 19:00,3.0,1,-0.20048,0.01601,2.65686,0.65686,-0.20048,-0.98399,3.14957,0.00065,0.05156,625.0,47.476
88,2.9497,Twilight 19:00,3.0,1,-0.21382,0.016,2.66288,0.66288,-0.21382,-0.984,3.12284,-0.00117,-0.30247,600.0,47.557
89,2.9832,Twilight 19:00,3.0,1,-0.22459,0.01601,2.65734,0.65734,-0.22459,-0.98399,3.14705,0.00055,0.0525,625.0,47.505
90,3.0168,Twilight 19:00,3.0,1,-0.24066,0.016,2.65762,0.65762,-0.24066,-0.984,3.14595,0.0005,0.05247,625.0,47.52
91,3.0503,Twilight 19:00,3.0,1,-0.25397,0.016,2.66267,0.66267,-0.25397,-0.984,3.12457,-0.00116,-0.28715,600.0,47.547
92,3.0838,Twilight 19:00,3.0,1,-0.26478,0.016,2.65799,0.65799,-0.26478,-0.984,3.14482,0.00044,0.05161,625.0,47.462
93,3.1173,Twilight 19:00,3.0,1,-0.27806,0.016,2.66255,0.66255,-0.27806,-0.984,3.12551,-0.00115,-0.27847,600.0,47.537
94,3.1508,Twilight 19:00,3.0,1,-0.2889,0.016,2.65829,0.65829,-0.2889,-0.984,3.14408,0.0004,0.05007,625.0,47.526
95,3.1844,Twilight 19:00,3.0,1,-0.30498,0.016,2.65846,0.65846,-0.30498,-0.984,3.14372,0.00037,0.04881,625.0,47.491
96,3.2179,Twilight 19:00,3.0,1,-0.31822,0.016,2.66236,0.66236,-0.31822,-0.984,3.12695,-0.00112,-0.2648,600.0,47.542
97,3.2514,Twilight 19:00,3.0,1,-0.31822,0.016,2.66236,0.66236,-0.31822,-0.984,3.12695,-0.00112,-0.2648,600.0,47.542
98,3.2849,Twilight 19:00,3.0,1,-0.3291,0.016,2.65868,0.65868,-0.3291,-0.984,3.14331,0.00034,0.04674,625.0,47.47
99,3.3184,Twilight 19:00,3.0,1,-0.35837,0.016,2.66218,0.66218,-0.35837,-0.984,3.12825,-0.0011,-0.25207,600.0,47.53
100,3.352,Twilight 19:00,3.0,1,-0.36929,0.016,2.65895,0.65895,-0.36929,-0.984,3.14285,0.0003,0.0432,625.0,47.459
101,3.3855,Twilight 19:00,3.0,1,-0.38245,0.016,2.66208,0.66208,-0.38245,-0.984,3.12896,-0.00109,-0.24486,600.0,47.526
102,3.419,Twilight 19:00,3.0,1,-0.39341,0.016,2.65907,0.65907,-0.39341,-0.984,3.14266,0.00028,0.04115,625.0,47.492
103,3.4525,Twilight 19:00,3.0,1,-0.40948,0.016,2.65914,0.65914,-0.40948,-0.984,3.14256,0.00027,0.03985,625.0,47.479
104,3.486,Twilight 19:00,3.0,1,-0.4226,0.016,2.66192,0.66192,-0.4226,-0.984,3.13004,-0.00106,-0.23352,600.0,47.519
105,3.5196,Twilight 19:00,3.0,1,-0.43359,0.016,2.65923,0.65923,-0.43359,-0.984,3.14244,0.00025,0.03799,625.0,47.458
106,3.5531,Twilight 19:00,3.0,1,-0.44669,0.016,2.66183,0.66183,-0.44669,-0.984,3.13063,-0.00105,-0.22709,600.0,47.507
107,3.5866,Twilight 19:00,3.0,1,-0.4577,0.016,2.6593,0.6593,-0.4577,-0.984,3.14233,0.00024,0.03626,625.0,47.499
108,3.6201,Twilight 19:00,3.0,1,-0.47378,0.016,2.65935,0.65935,-0.47378,-0.984,3.14227,0.00023,0.03517,625.0,47.451
109,3.6536,Twilight 19:00,3.0,1,-0.48684,0.016,2.6617,0.6617,-0.48684,-0.984,3.13154,-0.00102,-0.21698,600.0,47.509
110,3.6872,Twilight 19:00,3.0,1,-0.49789,0.016,2.6594,0.6594,-0.49789,-0.984,3.1422,0.00022,0.03364,625.0,47.456
111,3.7207,Twilight 19:00,3.0,1,-0.51093,0.016,2.66162,0.66162,-0.51093,-0.984,3.13204,-0.00101,-0.21124,600.0,47.475
112,3.7542,Twilight 19:00,3.0,1,-0.52698,0.016,2.66157,0.66157,-0.52698,-0.984,3.13236,-0.001,-0.20755,600.0,47.498
113,3.7877,Twilight 19:00,3.0,1,-0.53806,0.016,2.65948,0.65948,-0.53806,-0.984,3.1421,0.0002,0.03134,625.0,47.43
114,3.8212,Twilight 19:00,3.0,1,-0.55107,0.016,2.6615,0.6615,-0.55107,-0.984,3.1328,-0.00098,-0.2022,600.0,47.485
115,3.8547,Twilight 19:00,3.0,1,-0.56217,0.016,2.65952,0.65952,-0.56217,-0.984,3.14205,0.00019,0.03009,625.0,47.462
116,3.8883,Twilight 19:00,3.0,1,-0.57824,0.016,2.65954,0.65954,-0.57824,-0.984,3.14202,0.00019,0.0293,625.0,47.433
117,3.9218,Twilight 19:00,3.0,1,-0.59122,0.016,2.66139,0.66139,-0.59122,-0.984,3.13349,-0.00096,-0.19378,600.0,47.48
118,3.9553,Twilight 19:00,3.0,1,-0.60235,0.016,2.65957,0.65957,-0.60235,-0.984,3.14199,0.00018,0.0282,625.0,47.421
119,3.9888,Twilight 19:00,3.0,1,-0.61531,0.016,2.66133,0.66133,-0.61531,-0.984,3.13387,-0.00094,-0.18899,600.0,47.459
120,4.0223,Twilight 19:00,3.0,1,-0.63136,0.016,2.66129,0.66129,-0.63136,-0.984,3.13411,-0.00093,-0.18591,600.0,47.465
121,4.0559,Twilight 19:00,3.0,1,-0.64252,0.016,2.65961,0.65961,-0.64252,-0.984,3.14194,0.00017,0.02652,625.0,47.416
122,4.0894,Twilight 19:00,3.0,1,-0.65545,0.016,2.66123,0.66123,-0.65545,-0.984,3.13445,-0.00092,-0.18144,600.0,47.463
123,4.1229,Twilight 19:00,3.0,1,-0.66663,0.016,2.65963,0.65963,-0.66663,-0.984,3.14191,0.00016,0.0256,625.0,47.426
124,4.1564,Twilight 19:00,3.0,1,-0.6827,0.016,2.65965,0.65965,-0.6827,-0.984,3.14189,0.00016,0.02502,625.0,47.428
125,4.1899,Twilight 19:00,3.0,1,-0.6956,0.016,2.66114,0.66114,-0.6956,-0.984,3.13498,-0.00089,-0.17438,600.0,47.452
126,4.2235,Twilight 19:00,3.0,1,-0.7068,0.016,2.65966,0.65966,-0.7068,-0.984,3.14187,0.00015,0.0242,625.0,47.387
127,4.257,Twilight 19:00,3.0,1,-0.71969,0.016,2.66109,0.66109,-0.71969,-0.984,3.13527,-0.00088,-0.17037,600.0,47.43
128,4.2905,Twilight 19:00,3.0,1,-0.73091,0.016,2.65968,0.65968,-0.73091,-0.984,3.14185,0.00015,0.02342,625.0,47.418
129,4.324,Twilight 19:00,3.0,1,-0.74697,0.016,2.65969,0.65969,-0.74697,-0.984,3.14184,0.00014,0.02294,625.0,47.384
130,4.3575,Twilight 19:00,3.0,1,-0.75983,0.016,2.66101,0.66101,-0.75983,-0.984,3.13572,-0.00086,-0.16401,600.0,47.426
131,4.3911,Twilight 19:00,3.0,1,-0.77108,0.016,2.6597,0.6597,-0.77108,-0.984,3.14182,0.00014,0.02224,625.0,47.38
132,4.4246,Twilight 19:00,3.0,1,-0.78715,0.016,2.65971,0.65971,-0.78715,-0.984,3.14181,0.00013,0.0218,625.0,47.394
133,4.4581,Twilight 19:00,3.0,1,-0.79998,0.016,2.66094,0.66094,-0.79998,-0.984,3.13613,-0.00083,-0.15806,600.0,47.412
134,4.4916,Twilight 19:00,3.0,1,-0.81125,0.016,2.65972,0.65972,-0.81125,-0.984,3.1418,0.00013,0.02116,625.0,47.355
135,4.5251,Twilight 19:00,3.0,1,-0.82407,0.016,2.6609,0.6609,-0.82407,-0.984,3.13635,-0.00082,-0.15466,600.0,47.399
136,4.5587,Twilight 19:00,3.0,1,-0.83535,0.016,2.65973,0.65973,-0.83535,-0.984,3.14179,0.00013,0.02057,625.0,47.38
137,4.5922,Twilight 19:00,3.0,1,-0.84816,0.016,2.66086,0.66086,-0.84816,-0.984,3.13656,-0.00081,-0.15139,600.0,47.397
138,4.6257,Twilight 19:00,3.0,1,-0.84815,0.0,2.66084,0.66084,-0.84815,-1.0,3.13794,0.0,-0.15149,600.0,47.433
139,4.6592,Twilight 19:00,3.0,1,-0.88272,-0.0125,2.77057,0.77057,-0.88272,-1.0125,3.14134,-9e-05,0.02033,576.0,47.429
140,4.6927,Twilight 19:00,3.0,1,-0.84817,-0.024,2.66089,0.66089,-0.84817,-1.024,3.14,0.00121,-0.15153,600.0,47.37
141,4.7263,Twilight 19:00,3.0,1,-0.88271,-0.0375,2.77056,0.77056,-0.88271,-1.0375,3.14095,-0.00028,0.02029,576.0,47.428
142,4.7598,Twilight 19:00,3.0,1,-0.84821,-0.048,2.66102,0.66102,-0.84821,-1.048,3.14207,0.00242,-0.15145,600.0,47.38
143,4.7933,Twilight 19:00,3.0,1,-0.84825,-0.06401,2.66115,0.66115,-0.84825,-1.06401,3.14345,0.00322,-0.15133,600.0,47.371
144,4.8268,Twilight 19:00,3.0,1,-0.88269,-0.07916,2.77048,0.77048,-0.88269,-1.07916,3.14033,-0.00059,0.02015,576.0,47.413
145,4.8603,Twilight 19:00,3.0,1,-0.84834,-0.08802,2.66143,0.66143,-0.84834,-1.08802,3.14551,0.00442,-0.15105,600.0,47.352
146,4.8939,Twilight 19:00,3.0,1,-0.88267,-0.10416,2.77041,0.77041,-0.88267,-1.10416,3.13996,-0.00077,0.02002,576.0,47.412
147,4.9274,Twilight 19:00,3.0,1,-0.86391,-0.11596,2.71076,0.71076,-0.86391,-1.11596,-3.0809,-0.03223,0.08635,588.0,47.41
148,4.9609,Twilight 19:00,3.0,1,-0.84854,-0.12806,2.66208,0.66208,-0.84854,-1.12806,3.14892,0.00641,-0.15032,600.0,47.371
149,4.9944,Twilight 19:00,3.0,1,-0.88262,-0.14582,2.77026,0.77026,-0.88262,-1.14582,3.13936,-0.00106,0.01974,576.0,47.439
150,5.0279,Twilight 19:00,3.0,1,-0.8487,-0.1521,2.66258,0.66258,-0.8487,-1.1521,3.15095,0.00758,-0.14973,600.0,47.395
151,5.0615,Twilight 19:00,3.0,1,-0.84882,-0.16814,2.66295,0.66295,-0.84882,-1.16814,3.15229,0.00836,-0.14927,600.0,47.434
152,5.095,Twilight 19:00,3.0,1,-0.88256,-0.18746,2.77006,0.77006,-0.88256,-1.18746,3.1388,-0.00134,0.01937,576.0,47.457
153,5.1285,Twilight 19:00,3.0,1,-0.84902,-0.1922,2.66359,0.66359,-0.84902,-1.1922,3.15429,0.0095,-0.14848,600.0,47.404
154,5.162,Twilight 19:00,3.0,1,-0.88252,-0.21245,2.76992,0.76992,-0.88252,-1.21245,3.13848,-0.0015,0.01912,576.0,47.477
155,5.1955,Twilight 19:00,3.0,1,-0.84925,-0.21629,2.6643,0.6643,-0.84925,-1.21629,3.15626,0.01063,-0.14759,600.0,47.453
156,5.2291,Twilight 19:00,3.0,1,-0.84941,-0.23236,2.66482,0.66482,-0.84941,-1.23236,3.15756,0.01137,-0.14693,600.0,47.443
157,5.2626,Twilight 19:00,3.0,1,-0.88244,-0.25408,2.76967,0.76967,-0.88244,-1.25408,3.13797,-0.00174,0.01865,576.0,47.493
158,5.2961,Twilight 19:00,3.0,1,-0.84967,-0.25647,2.66566,0.66566,-0.84967,-1.25647,3.15948,0.01247,-0.14585,600.0,47.416
159,5.3296,Twilight 19:00,3.0,1,-0.88238,-0.27906,2.7695,0.7695,-0.88238,-1.27906,3.13769,-0.00188,0.01834,576.0,47.488
160,5.3631,Twilight 19:00,3.0,1,-0.88235,-0.2957,2.76938,0.76938,-0.88235,-1.2957,3.13751,-0.00197,0.01812,576.0,47.493
161,5.3966,Twilight 19:00,3.0,1,-0.85016,-0.29672,2.66722,0.66722,-0.85016,-1.29672,3.16261,0.01423,-0.14382,600.0,47.441
162,5.4302,Twilight 19:00,3.0,1,-0.88229,-0.32067,2.7692,0.7692,-0.88229,-1.32067,3.13726,-0.0021,0.01778,576.0,47.509
163,5.4637,Twilight 19:00,3.0,1,-0.85049,-0.3209,2.66824,0.66824,-0.85049,-1.3209,3.16443,0.01525,-0.14247,600.0,47.468
164,5.4972,Twilight 19:00,3.0,1,-0.85071,-0.33704,2.66896,0.66896,-0.85071,-1.33704,3.16562,0.01591,-0.14152,600.0,47.491
165,5.5307,Twilight 19:00,3.0,1,-0.88219,-0.36227,2.76888,0.76888,-0.88219,-1.36227,3.13687,-0.00229,0.0172,576.0,47.523
166,5.5642,Twilight 19:00,3.0,1,-0.85107,-0.36127,2.67009,0.67009,-0.85107,-1.36127,3.16737,0.01688,-0.14001,600.0,47.458
167,5.5978,Twilight 19:00,3.0,1,-0.88212,-0.38723,2.76868,0.76868,-0.88212,-1.38723,3.13666,-0.0024,0.01683,576.0,47.531
168,5.6313,Twilight 19:00,3.0,1,-0.86969,-0.39579,2.72911,0.72911,-0.86969,-1.39579,-3.07249,-0.03673,0.05821,588.0,47.518
169,5.6648,Twilight 19:00,3.0,1,-0.8517,-0.40171,2.67209,0.67209,-0.8517,-1.40171,3.17019,0.01842,-0.1373,600.0,47.487
170,5.6983,Twilight 19:00,3.0,1,-0.88202,-0.42881,2.76834,0.76834,-0.88202,-1.42881,3.13634,-0.00256,0.01621,576.0,47.543
171,5.7318,Twilight 19:00,3.0,1,-0.8521,-0.42602,2.67337,0.67337,-0.8521,-1.42602,3.17181,0.0193,-0.13557,600.0,47.49
172,5.7654,Twilight 19:00,3.0,1,-0.85965,-0.44425,2.69727,0.69727,-0.85965,-1.44425,-3.16611,0.01395,0.10746,588.0,47.539
173,5.7989,Twilight 19:00,3.0,1,-0.88191,-0.47039,2.76799,0.76799,-0.88191,-1.47039,3.13607,-0.00269,0.01558,576.0,47.545
174,5.8324,Twilight 19:00,3.0,1,-0.8528,-0.4666,2.67559,0.67559,-0.8528,-1.4666,3.17438,0.02068,-0.13251,600.0,47.467
175,5.8659,Twilight 19:00,3.0,1,-0.88184,-0.49533,2.76778,0.76778,-0.88184,-1.49533,3.13592,-0.00277,0.0152,576.0,47.557
176,5.8994,Twilight 19:00,3.0,1,-0.85324,-0.49099,2.67698,0.67698,-0.85324,-1.49099,3.17585,0.02146,-0.13058,600.0,47.517
177,5.933,Twilight 19:00,3.0,1,-0.85354,-0.50727,2.67793,0.67793,-0.85354,-1.50727,3.1768,0.02195,-0.12926,600.0,47.522
178,5.9665,Twilight 19:00,3.0,1,-0.88173,-0.53688,2.76743,0.76743,-0.88173,-1.53688,3.13571,-0.00287,0.01457,576.0,47.563
179,6.0,Twilight 19:00,3.0,1,-0.854,-0.53172,2.67938,0.67938,-0.854,-1.53172,3.17817,0.02266,-0.12723,600.0,47.491
180,6.0335,Twilight 19:00,3.0,1,-0.88167,-0.56181,2.76723,0.76723,-0.88167,-1.56181,3.13561,-0.00293,0.0142,576.0,47.557
181,6.067,Twilight 19:00,3.0,1,-0.88162,-0.57843,2.76709,0.76709,-0.88162,-1.57843,3.13554,-0.00296,0.01395,576.0,47.551
182,6.1006,Twilight 19:00,3.0,1,-0.85478,-0.57253,2.68185,0.68185,-0.85478,-1.57253,3.18031,0.02376,-0.12374,600.0,47.497
183,6.1341,Twilight 19:00,3.0,1,-0.88156,-0.60335,2.76689,0.76689,-0.88156,-1.60335,3.13545,-0.00301,0.01358,576.0,47.568
184,6.1676,Twilight 19:00,3.0,1,-0.85526,-0.59706,2.68337,0.68337,-0.85526,-1.59706,3.18152,0.02436,-0.12158,600.0,47.508
185,6.2011,Twilight 19:00,3.0,1,-0.85558,-0.61343,2.68439,0.68439,-0.85558,-1.61343,3.18228,0.02474,-0.12012,600.0,47.545
186,6.2346,Twilight 19:00,3.0,1,-0.88146,-0.64488,2.76655,0.76655,-0.88146,-1.64488,3.13533,-0.00307,0.01298,576.0,47.559
187,6.2682,Twilight 19:00,3.0,1,-0.85607,-0.63802,2.68594,0.68594,-0.85607,-1.63802,3.18338,0.02528,-0.11791,600.0,47.489
188,6.3017,Twilight 19:00,3.0,1,-0.8814,-0.6698,2.76636,0.76636,-0.8814,-1.6698,3.13527,-0.0031,0.01263,576.0,47.57
189,6.3352,Twilight 19:00,3.0,1,-0.85656,-0.66263,2.68749,0.68749,-0.85656,-1.66263,3.18441,0.02577,-0.11566,600.0,47.538
190,6.3687,Twilight 19:00,3.0,1,-0.85689,-0.67906,2.68853,0.68853,-0.85689,-1.67906,3.18506,0.02608,-0.11416,600.0,47.527
191,6.4022,Twilight 19:00,3.0,1,-0.8813,-0.71132,2.76604,0.76604,-0.8813,-1.71132,3.13519,-0.00314,0.01206,576.0,47.571
192,6.4358,Twilight 19:00,3.0,1,-0.85738,-0.70373,2.6901,0.6901,-0.85738,-1.70373,3.18598,0.02651,-0.11188,600.0,47.501
193,6.4693,Twilight 19:00,3.0,1,-0.88124,-0.73623,2.76586,0.76586,-0.88124,-1.73623,3.13516,-0.00316,0.01172,576.0,47.553
194,6.5028,Twilight 19:00,3.0,1,-0.8812,-0.75283,2.76574,0.76574,-0.8812,-1.75283,3.13514,-0.00317,0.0115,576.0,47.555
195,6.5363,Twilight 19:00,3.0,1,-0.8582,-0.7449,2.69271,0.69271,-0.8582,-1.7449,3.18737,0.02714,-0.10806,600.0,47.495
196,6.5698,Twilight 19:00,3.0,1,-0.88114,-0.77774,2.76556,0.76556,-0.88114,-1.77774,3.13511,-0.00318,0.01118,576.0,47.562
197,6.6034,Twilight 19:00,3.0,1,-0.85869,-0.76964,2.69427,0.69427,-0.85869,-1.76964,3.18813,0.02746,-0.10576,600.0,47.517
198,6.6369,Twilight 19:00,3.0,1,-0.85902,-0.78614,2.6953,0.6953,-0.85902,-1.78614,3.18859,0.02766,-0.10423,600.0,47.529
199,6.6704,Twilight 19:00,3.0,1,-0.88105,-0.81924,2.76527,0.76527,-0.88105,-1.81924,3.13509,-0.0032,0.01067,576.0,47.553
200,6.7039,Twilight 19:00,3.0,1,-0.85951,-0.81093,2.69685,0.69685,-0.85951,-1.81093,3.18924,0.02793,-0.10193,600.0,47.486
201,6.7374,Twilight 19:00,3.0,1,-0.881,-0.84414,2.76511,0.76511,-0.881,-1.84414,3.13509,-0.0032,0.01037,576.0,47.557
202,6.7709,Twilight 19:00,3.0,1,-0.88097,-0.86074,2.765,0.765,-0.88097,-1.86074,3.13508,-0.0032,0.01018,576.0,47.539
203,6.8045,Twilight 19:00,3.0,1,-0.86031,-0.85228,2.69939,0.69939,-0.86031,-1.85228,3.19019,0.0283,-0.09813,600.0,47.502
204,6.838,Twilight 19:00,3.0,1,-0.88092,-0.88564,2.76484,0.76484,-0.88092,-1.88564,3.13509,-0.0032,0.00989,576.0,47.559
205,6.8715,Twilight 19:00,3.0,1,-0.86078,-0.87712,2.70089,0.70089,-0.86078,-1.87712,3.19069,0.02848,-0.09587,600.0,47.486
206,6.905,Twilight 19:00,3.0,1,-0.87252,-0.90222,2.76468,0.76468,-0.87252,-1.90222,3.13503,-0.0032,0.0097,576.0,47.527
207,6.9385,Twilight 19:00,3.0,1,-0.83746,-0.87904,2.6929,0.6929,-0.83746,-1.87904,3.06377,-0.03274,0.08866,600.0,47.489
208,6.9721,Twilight 19:00,3.0,1,-0.82083,-0.87865,2.69168,0.69168,-0.82083,-1.87865,3.0627,-0.03252,0.08792,600.0,47.516
209,7.0056,Twilight 19:00,3.0,1,-0.83069,-0.90213,2.7644,0.7644,-0.83069,-1.90213,3.13473,-0.00319,0.00965,576.0,47.545
210,7.0391,Twilight 19:00,3.0,1,-0.7959,-0.87805,2.68984,0.68984,-0.7959,-1.87805,3.06111,-0.03215,0.08672,600.0,47.491
211,7.0726,Twilight 19:00,3.0,1,-0.80559,-0.90207,2.76423,0.76423,-0.80559,-1.90207,3.13455,-0.00317,0.00961,576.0,47.56
212,7.1061,Twilight 19:00,3.0,1,-0.78886,-0.90203,2.76411,0.76411,-0.78886,-1.90203,3.13442,-0.00316,0.00957,576.0,47.541
213,7.1397,Twilight 19:00,3.0,1,-0.75442,-0.87706,2.68676,0.68676,-0.75442,-1.87706,3.05846,-0.03146,0.08449,600.0,47.523
214,7.1732,Twilight 19:00,3.0,1,-0.76377,-0.90198,2.76393,0.76393,-0.76377,-1.90198,3.13423,-0.00314,0.00951,576.0,47.576
215,7.2067,Twilight 19:00,3.0,1,-0.72958,-0.87646,2.68492,0.68492,-0.72958,-1.87646,3.05688,-0.03099,0.08303,600.0,47.526
216,7.2402,Twilight 19:00,3.0,1,-0.71304,-0.87607,2.68369,0.68369,-0.71304,-1.87607,3.05584,-0.03066,0.08199,600.0,47.573
217,7.2737,Twilight 19:00,3.0,1,-0.72195,-0.90188,2.76363,0.76363,-0.72195,-1.90188,3.1339,-0.0031,0.00938,576.0,47.582
218,7.3073,Twilight 19:00,3.0,1,-0.68826,-0.87547,2.68185,0.68185,-0.68826,-1.87547,3.05428,-0.03012,0.08035,600.0,47.529
219,7.3408,Twilight 19:00,3.0,1,-0.69686,-0.90182,2.76344,0.76344,-0.69686,-1.90182,3.1337,-0.00307,0.00929,576.0,47.607
220,7.3743,Twilight 19:00,3.0,1,-0.66351,-0.87488,2.68003,0.68003,-0.66351,-1.87488,3.05274,-0.02954,0.07861,600.0,47.576
221,7.4078,Twilight 19:00,3.0,1,-0.64703,-0.87449,2.67882,0.67882,-0.64703,-1.87449,3.05173,-0.02913,0.07739,600.0,47.583
222,7.4413,Twilight 19:00,3.0,1,-0.65506,-0.90171,2.76312,0.76312,-0.65506,-1.90171,3.13336,-0.00301,0.0091,576.0,47.623
223,7.4749,Twilight 19:00,3.0,1,-0.62235,-0.87391,2.67702,0.67702,-0.62235,-1.87391,3.05023,-0.02848,0.07548,600.0,47.565
224,7.5084,Twilight 19:00,3.0,1,-0.62998,-0.90165,2.76292,0.76292,-0.62998,-1.90165,3.13315,-0.00297,0.00897,576.0,47.622
225,7.5419,Twilight 19:00,3.0,1,-0.61326,-0.90161,2.76279,0.76279,-0.61326,-1.90161,3.13302,-0.00294,0.00887,576.0,47.617
226,7.5754,Twilight 19:00,3.0,1,-0.58129,-0.87296,2.67409,0.67409,-0.58129,-1.87296,3.04779,-0.0273,0.07208,600.0,47.58
227,7.6089,Twilight 19:00,3.0,1,-0.58819,-0.90154,2.76259,0.76259,-0.58819,-1.90154,3.13281,-0.00289,0.00871,576.0,47.642
228,7.6425,Twilight 19:00,3.0,1,-0.55671,-0.87241,2.67236,0.67236,-0.55671,-1.87241,3.04636,-0.02653,0.0699,600.0,47.6
229,7.676,Twilight 19:00,3.0,1,-0.54035,-0.87204,2.67123,0.67123,-0.54035,-1.87204,3.04543,-0.026,0.0684,600.0,47.624
230,7.7095,Twilight 19:00,3.0,1,-0.54641,-0.90144,2.76226,0.76226,-0.54641,-1.90144,3.13246,-0.00279,0.00841,576.0,47.644
231,7.743,Twilight 19:00,3.0,1,-0.51583,-0.8715,2.66957,0.66957,-0.51583,-1.8715,3.04407,-0.02517,0.06606,600.0,47.585
232,7.7765,Twilight 19:00,3.0,1,-0.52134,-0.90137,2.76207,0.76207,-0.52134,-1.90137,3.13224,-0.00272,0.0082,576.0,47.663
233,7.8101,Twilight 19:00,3.0,1,-0.49135,-0.87098,2.66795,0.66795,-0.49135,-1.87098,3.04275,-0.02429,0.06364,600.0,47.634
234,7.8436,Twilight 19:00,3.0,1,-0.47505,-0.87064,2.66689,0.66689,-0.47505,-1.87064,3.0419,-0.02369,0.06197,600.0,47.612
235,7.8771,Twilight 19:00,3.0,1,-0.47958,-0.90127,2.76174,0.76174,-0.47958,-1.90127,3.1319,-0.00259,0.00782,576.0,47.674
236,7.9106,Twilight 19:00,3.0,1,-0.45063,-0.87014,2.66535,0.66535,-0.45063,-1.87014,3.04065,-0.02275,0.05939,600.0,47.614
237,7.9441,Twilight 19:00,3.0,1,-0.45452,-0.9012,2.76154,0.76154,-0.45452,-1.9012,3.13169,-0.00251,0.00756,576.0,47.661
238,7.9777,Twilight 19:00,3.0,1,-0.43782,-0.90116,2.76142,0.76142,-0.43782,-1.90116,3.13156,-0.00245,0.00738,576.0,47.667
239,8.0112,Twilight 19:00,3.0,1,-0.41002,-0.86935,2.6629,0.6629,-0.41002,-1.86935,3.03868,-0.0211,0.05491,600.0,47.612
240,8.0447,Twilight 19:00,3.0,1,-0.41278,-0.9011,2.76123,0.76123,-0.41278,-1.9011,3.13136,-0.00236,0.0071,576.0,47.68
241,8.0782,Twilight 19:00,3.0,1,-0.3695,-0.86861,2.66062,0.66062,-0.3695,-1.86861,3.03686,-0.01934,0.05021,600.0,47.642
242,8.1117,Twilight 19:00,3.0,1,-0.3695,-0.86861,2.66062,0.66062,-0.3695,-1.86861,3.03686,-0.01934,0.05021,600.0,47.642
243,8.1453,Twilight 19:00,3.0,1,-0.37104,-0.901,2.76092,0.76092,-0.37104,-1.901,3.13103,-0.00218,0.00657,576.0,47.677
244,8.1788,Twilight 19:00,3.0,1,-0.34524,-0.8682,2.65934,0.65934,-0.34524,-1.8682,3.03584,-0.01825,0.04728,600.0,47.599
245,8.2123,Twilight 19:00,3.0,1,-0.346,-0.90095,2.76075,0.76075,-0.346,-1.90095,3.13085,-0.00207,0.00623,576.0,47.681
246,8.2458,Twilight 19:00,3.0,1,-0.32931,-0.90091,2.76063,0.76063,-0.32931,-1.90091,3.13073,-0.00199,0.006,576.0,47.662
247,8.2793,Twilight 19:00,3.0,1,-0.30486,-0.86756,2.65737,0.65737,-0.30486,-1.86756,3.03427,-0.01635,0.04226,600.0,47.627
248,8.3128,Twilight 19:00,3.0,1,-0.30429,-0.90086,2.76047,0.76047,-0.30429,-1.90086,3.13056,-0.00187,0.00563,576.0,47.695
249,8.3464,Twilight 19:00,3.0,1,-0.28068,-0.86721,2.65628,0.65628,-0.28068,-1.86721,3.03342,-0.01517,0.03917,600.0,47.625
250,8.3799,Twilight 19:00,3.0,1,-0.26457,-0.86699,2.6556,0.6556,-0.26457,-1.86699,3.03288,-0.01437,0.03707,600.0,47.666
251,8.4134,Twilight 19:00,3.0,1,-0.26258,-0.90078,2.76022,0.76022,-0.26258,-1.90078,3.13029,-0.00165,0.00497,576.0,47.685
252,8.4469,Twilight 19:00,3.0,1,-0.24043,-0.86668,2.65464,0.65464,-0.24043,-1.86668,3.03213,-0.01315,0.03388,600.0,47.61
253,8.4804,Twilight 19:00,3.0,1,-0.23756,-0.90073,2.76008,0.76008,-0.23756,-1.90073,3.13014,-0.00152,0.00455,576.0,47.685
254,8.514,Twilight 19:00,3.0,1,-0.21632,-0.8664,2.65377,0.65377,-0.21632,-1.8664,3.03145,-0.0119,0.03063,600.0,47.645
255,8.5475,Twilight 19:00,3.0,1,-0.20026,-0.86622,2.65324,0.65324,-0.20026,-1.86622,3.03103,-0.01106,0.02845,600.0,47.646
256,8.581,Twilight 19:00,3.0,1,-0.19587,-0.90067,2.75987,0.75987,-0.19587,-1.90067,3.12993,-0.00127,0.00382,576.0,47.69
257,8.6145,Twilight 19:00,3.0,1,-0.17618,-0.86599,2.65251,0.65251,-0.17618,-1.86599,3.03046,-0.00978,0.02513,600.0,47.612
258,8.648,Twilight 19:00,3.0,1,-0.17086,-0.90063,2.75976,0.75976,-0.17086,-1.90063,3.12981,-0.00112,0.00337,576.0,47.685
259,8.6816,Twilight 19:00,3.0,1,-0.15418,-0.90061,2.7597,0.7597,-0.15418,-1.90061,3.12975,-0.00102,0.00305,576.0,47.674
260,8.7151,Twilight 19:00,3.0,1,-0.13608,-0.86566,2.6515,0.6515,-0.13608,-1.86566,3.02967,-0.00761,0.01953,600.0,47.619
261,8.7486,Twilight 19:00,3.0,1,-0.12918,-0.90058,2.75961,0.75961,-0.12918,-1.90058,3.12966,-0.00086,0.00258,576.0,47.698
262,8.7821,Twilight 19:00,3.0,1,-0.11205,-0.8655,2.65101,0.65101,-0.11205,-1.8655,3.02929,-0.00629,0.01612,600.0,47.641
263,8.8156,Twilight 19:00,3.0,1,-0.09603,-0.86541,2.65073,0.65073,-0.09603,-1.86541,3.02908,-0.0054,0.01384,600.0,47.664
264,8.8492,Twilight 19:00,3.0,1,-0.0875,-0.90055,2.7595,0.7595,-0.0875,-1.90055,3.12954,-0.00059,0.00176,576.0,47.692
265,8.8827,Twilight 19:00,3.0,1,-0.07201,-0.86531,2.6504,0.6504,-0.07201,-1.86531,3.02882,-0.00406,0.0104,600.0,47.598
266,8.9162,Twilight 19:00,3.0,1,-0.0625,-0.90053,2.75945,0.75945,-0.0625,-1.90053,3.12949,-0.00042,0.00126,576.0,47.689
267,8.9497,Twilight 19:00,3.0,1,-0.04801,-0.86523,2.65016,0.65016,-0.04801,-1.86523,3.02863,-0.00271,0.00694,600.0,47.662
268,8.9832,Twilight 19:00,3.0,1,-0.032,-0.8652,2.65006,0.65006,-0.032,-1.8652,3.02855,-0.00181,0.00463,600.0,47.633
269,9.0168,Twilight 19:00,3.0,1,-0.02083,-0.90052,2.75941,0.75941,-0.02083,-1.90052,3.12944,-0.00014,0.00042,576.0,47.696
270,9.0503,Twilight 19:00,3.0,1,-0.008,-0.86517,2.64998,0.64998,-0.008,-1.86517,3.02849,-0.00045,0.00116,600.0,47.616
271,9.0838,Twilight 19:00,3.0,1,0.00417,-0.90052,2.75941,0.75941,0.00417,-1.90052,3.12944,3e-05,-8e-05,576.0,47.68
272,9.1173,Twilight 19:00,3.0,1,0.008,-0.85721,2.64999,0.64999,0.008,-1.85721,3.02773,0.00045,-0.00117,600.0,47.679
273,9.1508,Twilight 19:00,3.0,1,0.008,-0.84128,2.65002,0.65002,0.008,-1.84128,3.02618,0.00046,-0.0012,600.0,47.693
274,9.1844,Twilight 19:00,3.0,1,0.008,-0.82865,2.64905,0.64905,0.008,-1.82865,3.12898,6e-05,-0.00018,625.0,47.619
275,9.2179,Twilight 19:00,3.0,1,0.008,-0.81739,2.65006,0.65006,0.008,-1.81739,3.02379,0.00046,-0.00124,600.0,47.697
276,9.2514,Twilight 19:00,3.0,1,0.008,-0.80476,2.64906,0.64906,0.008,-1.80476,3.12864,6e-05,-0.00019,625.0,47.66
277,9.2849,Twilight 19:00,3.0,1,0.008,-0.78882,2.64907,0.64907,0.008,-1.78882,3.12841,6e-05,-0.0002,625.0,47.646
278,9.3184,Twilight 19:00,3.0,1,0.008,-0.77758,2.65013,0.65013,0.008,-1.77758,3.01961,0.00048,-0.00132,600.0,47.693
279,9.352,Twilight 19:00,3.0,1,0.008,-0.76493,2.64907,0.64907,0.008,-1.76493,3.12804,6e-05,-0.00021,625.0,47.616
280,9.3855,Twilight 19:00,3.0,1,0.008,-0.75369,2.65018,0.65018,0.008,-1.75369,3.01698,0.00048,-0.00137,600.0,47.689
281,9.419,Twilight 19:00,3.0,1,0.008,-0.73776,2.65021,0.65021,0.008,-1.73776,3.01517,0.00049,-0.0014,600.0,47.683
282,9.4525,Twilight 19:00,3.0,1,0.008,-0.7251,2.64909,0.64909,0.008,-1.7251,3.12737,7e-05,-0.00023,625.0,47.618
283,9.486,Twilight 19:00,3.0,1,0.008,-0.71387,2.65026,0.65026,0.008,-1.71387,3.01238,0.00049,-0.00145,600.0,47.704
284,9.5196,Twilight 19:00,3.0,1,0.008,-0.7012,2.6491,0.6491,0.008,-1.7012,3.12694,7e-05,-0.00025,625.0,47.641
285,9.5531,Twilight 19:00,3.0,1,0.00816,-0.68669,2.64597,0.64597,0.00816,-1.68669,-3.2244,-0.00714,-0.0713,612.5,47.67
286,9.5866,Twilight 19:00,3.0,1,0.008,-0.67406,2.65035,0.65035,0.008,-1.67406,3.00748,0.00051,-0.00154,600.0,47.703
287,9.6201,Twilight 19:00,3.0,1,0.008,-0.66137,2.64913,0.64913,0.008,-1.66137,3.12617,7e-05,-0.00027,625.0,47.607
288,9.6536,Twilight 19:00,3.0,1,0.008,-0.65017,2.65041,0.65041,0.008,-1.65017,3.00439,0.00051,-0.0016,600.0,47.697
289,9.6872,Twilight 19:00,3.0,1,0.008,-0.63747,2.64914,0.64914,0.008,-1.63747,3.12567,7e-05,-0.00029,625.0,47.664
290,9.7207,Twilight 19:00,3.0,1,0.008,-0.62154,2.64915,0.64915,0.008,-1.62154,3.12532,7e-05,-0.0003,625.0,47.64
291,9.7542,Twilight 19:00,3.0,1,0.008,-0.61035,2.65051,0.65051,0.008,-1.61035,2.99898,0.00052,-0.00171,600.0,47.695
292,9.7877,Twilight 19:00,3.0,1,0.008,-0.58646,2.65057,0.65057,0.008,-1.58646,2.99557,0.00053,-0.00177,600.0,47.682
293,9.8212,Twilight 19:00,3.0,1,0.008,-0.58646,2.65057,0.65057,0.008,-1.58646,2.99557,0.00053,-0.00177,600.0,47.682
294,9.8547,Twilight 19:00,3.0,1,0.008,-0.57054,2.65062,0.65062,0.008,-1.57054,2.99322,0.00054,-0.00182,600.0,47.687
295,9.8883,Twilight 19:00,3.0,1,0.008,-0.55781,2.6492,0.6492,0.008,-1.55781,3.12377,8e-05,-0.00037,625.0,47.625
296,9.9218,Twilight 19:00,3.0,1,0.008,-0.54665,2.65069,0.65069,0.008,-1.54665,2.98958,0.00054,-0.00189,600.0,47.704
297,9.9553,Twilight 19:00,3.0,1,0.008,-0.53392,2.64922,0.64922,0.008,-1.53392,3.12311,8e-05,-0.00039,625.0,47.64
298,9.9888,Twilight 19:00,3.0,1,0.008,-0.51799,2.64924,0.64924,0.008,-1.51799,3.12265,9e-05,-0.00041,625.0,47.652
299,10.0223,Twilight 19:00,3.0,1,0.008,-0.50683,2.65081,0.65081,0.008,-1.50683,2.98319,0.00055,-0.00201,600.0,47.697
300,10.0559,Twilight 19:00,3.0,1,0.008,-0.48295,2.65089,0.65089,0.008,-1.48295,2.97915,0.00056,-0.00209,600.0,47.677
301,10.0894,Twilight 19:00,3.0,1,0.008,-0.48295,2.65089,0.65089,0.008,-1.48295,2.97915,0.00056,-0.00209,600.0,47.677
302,10.1229,Twilight 19:00,3.0,1,0.008,-0.4702,2.6493,0.6493,0.008,-1.4702,3.12113,9e-05,-0.00048,625.0,47.655
303,10.1564,Twilight 19:00,3.0,1,0.008,-0.45427,2.64932,0.64932,0.008,-1.45427,3.12058,9e-05,-0.00051,625.0,47.622
304,10.1899,Twilight 19:00,3.0,1,0.008,-0.44313,2.65103,0.65103,0.008,-1.44313,2.97207,0.00057,-0.00222,600.0,47.677
305,10.2235,Twilight 19:00,3.0,1,0.008,-0.43037,2.64936,0.64936,0.008,-1.43037,3.1197,0.0001,-0.00055,625.0,47.606
306,10.257,Twilight 19:00,3.0,1,0.00818,-0.41612,2.64518,0.64518,0.00818,-1.41612,-3.25851,-0.01024,-0.08244,612.5,47.649
307,10.2905,Twilight 19:00,3.0,1,0.008,-0.40331,2.65118,0.65118,0.008,-1.40331,2.9645,0.00058,-0.00237,600.0,47.665
308,10.324,Twilight 19:00,3.0,1,0.008,-0.39055,2.64943,0.64943,0.008,-1.39055,3.11808,0.0001,-0.00064,625.0,47.586
309,10.3575,Twilight 19:00,3.0,1,0.008,-0.36665,2.64948,0.64948,0.008,-1.36665,3.117,0.00011,-0.0007,625.0,47.622
310,10.3911,Twilight 19:00,3.0,1,0.008,-0.35072,2.64952,0.64952,0.008,-1.35072,3.11624,0.00011,-0.00074,625.0,47.609
311,10.4246,Twilight 19:00,3.0,1,0.008,-0.35072,2.64952,0.64952,0.008,-1.35072,3.11624,0.00011,-0.00074,625.0,47.609
312,10.4581,Twilight 19:00,3.0,1,0.008,-0.3396,2.65144,0.65144,0.008,-1.3396,2.95132,0.0006,-0.00262,600.0,47.653
313,10.4916,Twilight 19:00,3.0,1,0.008,-0.32683,2.64958,0.64958,0.008,-1.32683,3.11502,0.00011,-0.00082,625.0,47.554
314,10.5251,Twilight 19:00,3.0,1,0.008,-0.31571,2.65155,0.65155,0.008,-1.31571,2.94602,0.0006,-0.00272,600.0,47.63
315,10.5587,Twilight 19:00,3.0,1,0.008,-0.29978,2.65162,0.65162,0.008,-1.29978,2.94236,0.0006,-0.00279,600.0,47.618
316,10.5922,Twilight 19:00,3.0,1,0.008,-0.287,2.64971,0.64971,0.008,-1.287,3.11277,0.00012,-0.00096,625.0,47.559
317,10.6257,Twilight 19:00,3.0,1,0.008,-0.27589,2.65173,0.65173,0.008,-1.27589,2.9367,0.00061,-0.00289,600.0,47.624
318,10.6592,Twilight 19:00,3.0,1,0.008,-0.26311,2.6498,0.6498,0.008,-1.26311,3.11128,0.00012,-0.00106,625.0,47.558
319,10.6927,Twilight 19:00,3.0,1,0.008,-0.24718,2.64986,0.64986,0.008,-1.24718,3.11022,0.00013,-0.00114,625.0,47.593
320,10.7263,Twilight 19:00,3.0,1,0.008,-0.23606,2.65193,0.65193,0.008,-1.23606,2.92677,0.00062,-0.00307,600.0,47.616
321,10.7598,Twilight 19:00,3.0,1,0.008,-0.22329,2.64998,0.64998,0.008,-1.22329,3.10852,0.00013,-0.00126,625.0,47.534
322,10.7933,Twilight 19:00,3.0,1,0.008,-0.21217,2.65205,0.65205,0.008,-1.21217,2.9205,0.00062,-0.00318,600.0,47.61
323,10.8268,Twilight 19:00,3.0,1,0.0076,-0.19717,2.6409,0.6409,0.0076,-1.19717,-3.29953,0.00974,0.16826,612.5,47.573
324,10.8603,Twilight 19:00,3.0,1,0.008,-0.18347,2.65021,0.65021,0.008,-1.18347,3.10541,0.00014,-0.00151,625.0,47.541
325,10.8939,Twilight 19:00,3.0,1,0.008,-0.17234,2.65226,0.65226,0.008,-1.17234,2.90952,0.00062,-0.00337,600.0,47.595
326,10.9274,Twilight 19:00,3.0,1,0.008,-0.15957,2.65039,0.65039,0.008,-1.15957,3.10337,0.00014,-0.00167,625.0,47.502
327,10.9609,Twilight 19:00,3.0,1,0.008,-0.14844,2.65239,0.65239,0.008,-1.14844,2.90259,0.00063,-0.00348,600.0,47.569
328,10.9944,Twilight 19:00,3.0,1,0.008,-0.13251,2.65248,0.65248,0.008,-1.13251,2.89784,0.00063,-0.00356,600.0,47.568
329,11.0279,Twilight 19:00,3.0,1,0.008,-0.11974,2.65074,0.65074,0.008,-1.11974,3.09971,0.00014,-0.00199,625.0,47.5
330,11.0615,Twilight 19:00,3.0,1,0.008,-0.1086,2.65262,0.65262,0.008,-1.1086,2.89049,0.00063,-0.00368,600.0,47.561
331,11.095,Twilight 19:00,3.0,1,0.008,-0.09585,2.651,0.651,0.008,-1.09585,3.0974,0.00014,-0.0022,625.0,47.508
332,11.1285,Twilight 19:00,3.0,1,0.008,-0.07991,2.6512,0.6512,0.008,-1.07991,3.09584,0.00014,-0.00235,625.0,47.511
333,11.162,Twilight 19:00,3.0,1,0.008,-0.06876,2.65286,0.65286,0.008,-1.06876,2.87764,0.00063,-0.00387,600.0,47.549
334,11.1955,Twilight 19:00,3.0,1,0.008,-0.056,2.65155,0.65155,0.008,-1.056,3.09358,0.00014,-0.00258,625.0,47.471
335,11.2291,Twilight 19:00,3.0,1,0.008,-0.04486,2.653,0.653,0.008,-1.04486,2.86958,0.00063,-0.00399,600.0,47.555
336,11.2626,Twilight 19:00,3.0,1,0.008,-0.02892,2.6531,0.6531,0.008,-1.02892,2.86405,0.00063,-0.00407,600.0,47.552
337,11.2961,Twilight 19:00,3.0,1,0.008,-0.02412,2.65212,0.65212,0.008,-1.02412,3.09107,0.00013,-0.00287,625.0,47.496
338,11.3296,Twilight 19:00,3.0,1,0.008,-0.02412,2.65212,0.65212,0.008,-1.02412,3.09107,0.00013,-0.00287,625.0,47.496
339,11.3631,Twilight 19:00,3.0,1,0.008,-0.02412,2.65212,0.65212,0.008,-1.02412,3.09107,0.00013,-0.00287,625.0,47.496
340,11.3966,Twilight 19:00,3.0,1,0.008,-0.02412,2.65212,0.65212,0.008,-1.02412,3.09107,0.00013,-0.00287,625.0,47.496
341,11.4302,Twilight 19:00,3.0,1,0.008,-0.02412,2.65212,0.65212,0.008,-1.02412,3.09107,0.00013,-0.00287,625.0,47.496
342,11.4637,Twilight 19:00,3.0,1,0.008,-0.02412,2.65212,0.65212,0.008,-1.02412,3.09107,0.00013,-0.00287,625.0,47.496
343,11.4972,Twilight 19:00,3.0,1,0.008,-0.02412,2.65212,0.65212,0.008,-1.02412,3.09107,0.00013,-0.00287,625.0,47.496
344,11.5307,Twilight 19:00,3.0,1,0.008,-0.02412,2.65212,0.65212,0.008,-1.02412,3.09107,0.00013,-0.00287,625.0,47.496
345,11.5642,Twilight 19:00,3.0,1,0.008,-0.02412,2.65212,0.65212,0.008,-1.02412,3.09107,0.00013,-0.00287,625.0,47.496
346,11.5978,Twilight 19:00,3.0,1,0.008,-0.02412,2.65212,0.65212,0.008,-1.02412,3.09107,0.00013,-0.00287,625.0,47.496
347,11.6313,Twilight 19:00,3.0,1,0.008,-0.02412,2.65212,0.65212,0.008,-1.02412,3.09107,0.00013,-0.00287,625.0,47.496
348,11.6648,Twilight 19:00,3.0,1,0.008,-0.02412,2.65212,0.65212,0.008,-1.02412,3.09107,0.00013,-0.00287,625.0,47.496
349,11.6983,Twilight 19:00,3.0,1,0.008,-0.02412,2.65212,0.65212,0.008,-1.02412,3.09107,0.00013,-0.00287,625.0,47.496
350,11.7318,Twilight 19:00,3.0,1,0.008,-0.02412,2.65212,0.65212,0.008,-1.02412,3.09107,0.00013,-0.00287,625.0,47.496
351,11.7654,Twilight 19:00,3.0,1,0.008,-0.02412,2.65212,0.65212,0.008,-1.02412,3.09107,0.00013,-0.00287,625.0,47.496
352,11.7989,Twilight 19:00,3.0,1,0.008,-0.02412,2.65212,0.65212,0.008,-1.02412,3.09107,0.00013,-0.00287,625.0,47.496
353,11.8324,Twilight 19:00,3.0,1,0.008,-0.02412,2.65212,0.65212,0.008,-1.02412,3.09107,0.00013,-0.00287,625.0,47.496
354,11.8659,Twilight 19:00,3.0,1,0.008,-0.02412,2.65212,0.65212,0.008,-1.02412,3.09107,0.00013,-0.00287,625.0,47.496
355,11.8994,Twilight 19:00,3.0,1,0.008,-0.02412,2.65212,0.65212,0.008,-1.02412,3.09107,0.00013,-0.00287,625.0,47.496
356,11.933,Twilight 19:00,3.0,1,0.008,-0.02412,2.65212,0.65212,0.008,-1.02412,3.09107,0.00013,-0.00287,625.0,47.496
357,11.9665,Twilight 19:00,3.0,1,0.008,-0.02412,2.65212,0.65212,0.008,-1.02412,3.09107,0.00013,-0.00287,625.0,47.496
358,12.0,Twilight 19:00,3.0,1,0.008,-0.02412,2.65212,0.65212,0.008,-1.02412,3.09107,0.00013,-0.00287,625.0,47.496
359,12.0335,Twilight 19:00,3.0,1,0.008,-0.02412,2.65212,0.65212,0.008,-1.02412,3.09107,0.00013,-0.00287,625.0,47.496
360,12.067,Twilight 19:00,3.0,1,0.008,-0.02412,2.65212,0.65212,0.008,-1.02412,3.09107,0.00013,-0.00287,625.0,47.496
361,12.1006,Twilight 19:00,3.0,1,0.008,-0.02412,2.65212,0.65212,0.008,-1.02412,3.09107,0.00013,-0.00287,625.0,47.496
362,12.1341,Twilight 19:00,3.0,1,0.008,-0.02412,2.65212,0.65212,0.008,-1.02412,3.09107,0.00013,-0.00287,625.0,47.496
363,12.1676,Twilight 19:00,3.0,1,0.008,-0.02412,2.65212,0.65212,0.008,-1.02412,3.09107,0.00013,-0.00287,625.0,47.496
364,12.2011,Twilight 19:00,3.0,1,0.008,-0.02412,2.65212,0.65212,0.008,-1.02412,3.09107,0.00013,-0.00287,625.0,47.496
365,12.2346,Twilight 19:00,3.0,1,0.008,-0.02412,2.65212,0.65212,0.008,-1.02412,3.09107,0.00013,-0.00287,625.0,47.496
366,12.2682,Twilight 19:00,3.0,1,0.008,-0.02412,2.65212,0.65212,0.008,-1.02412,3.09107,0.00013,-0.00287,625.0,47.496
367,12.3017,Twilight 19:00,3.0,1,0.008,-0.02412,2.65212,0.65212,0.008,-1.02412,3.09107,0.00013,-0.00287,625.0,47.496
368,12.3352,Twilight 19:00,3.0,1,0.008,-0.02412,2.65212,0.65212,0.008,-1.02412,3.09107,0.00013,-0.00287,625.0,47.496
369,12.3687,Twilight 19:00,3.0,1,0.008,-0.02412,2.65212,0.65212,0.008,-1.02412,3.09107,0.00013,-0.00287,625.0,47.496
370,12.4022,Twilight 19:00,3.0,1,0.008,-0.02412,2.65212,0.65212,0.008,-1.02412,3.09107,0.00013,-0.00287,625.0,47.496
371,12.4358,Twilight 19:00,3.0,1,0.008,-0.02412,2.65212,0.65212,0.008,-1.02412,3.09107,0.00013,-0.00287,625.0,47.496
372,12.4693,Twilight 19:00,3.0,1,0.008,-0.02412,2.65212,0.65212,0.008,-1.02412,3.09107,0.00013,-0.00287,625.0,47.496
373,12.5028,Twilight 19:00,3.0,1,0.008,-0.02412,2.65212,0.65212,0.008,-1.02412,3.09107,0.00013,-0.00287,625.0,47.496
374,12.5363,Twilight 19:00,3.0,1,0.008,-0.02412,2.65212,0.65212,0.008,-1.02412,3.09107,0.00013,-0.00287,625.0,47.496
375,12.5698,Twilight 19:00,3.0,1,0.008,-0.02412,2.65212,0.65212,0.008,-1.02412,3.09107,0.00013,-0.00287,625.0,47.496
376,12.6034,Twilight 19:00,3.0,1,0.008,-0.02412,2.65212,0.65212,0.008,-1.02412,3.09107,0.00013,-0.00287,625.0,47.496
377,12.6369,Twilight 19:00,3.0,1,0.008,-0.02412,2.65212,0.65212,0.008,-1.02412,3.09107,0.00013,-0.00287,625.0,47.496
378,12.6704,Twilight 19:00,3.0,1,0.008,-0.02412,2.65212,0.65212,0.008,-1.02412,3.09107,0.00013,-0.00287,625.0,47.496
379,12.7039,Twilight 19:00,3.0,1,0.008,-0.02412,2.65212,0.65212,0.008,-1.02412,3.09107,0.00013,-0.00287,625.0,47.496
380,12.7374,Twilight 19:00,3.0,1,0.008,-0.02412,2.65212,0.65212,0.008,-1.02412,3.09107,0.00013,-0.00287,625.0,47.496
381,12.7709,Twilight 19:00,3.0,1,0.008,-0.02412,2.65212,0.65212,0.008,-1.02412,3.09107,0.00013,-0.00287,625.0,47.496
382,12.8045,Twilight 19:00,3.0,1,0.008,-0.02412,2.65212,0.65212,0.008,-1.02412,3.09107,0.00013,-0.00287,625.0,47.496
383,12.838,Twilight 19:00,3.0,1,0.008,-0.02412,2.65212,0.65212,0.008,-1.02412,3.09107,0.00013,-0.00287,625.0,47.496
384,12.8715,Twilight 19:00,3.0,1,0.008,-0.02412,2.65212,0.65212,0.008,-1.02412,3.09107,0.00013,-0.00287,625.0,47.496
385,12.905,Twilight 19:00,3.0,1,0.008,-0.02412,2.65212,0.65212,0.008,-1.02412,3.09107,0.00013,-0.00287,625.0,47.496
386,12.9385,Twilight 19:00,3.0,1,0.008,-0.02412,2.65212,0.65212,0.008,-1.02412,3.09107,0.00013,-0.00287,625.0,47.496
387,12.9721,Twilight 19:00,3.0,1,0.008,-0.02412,2.65212,0.65212,0.008,-1.02412,3.09107,0.00013,-0.00287,625.0,47.496
388,13.0056,Twilight 19:00,3.0,1,0.008,-0.02412,2.65212,0.65212,0.008,-1.02412,3.09107,0.00013,-0.00287,625.0,47.496
389,13.0391,Twilight 19:00,3.0,1,0.008,-0.02412,2.65212,0.65212,0.008,-1.02412,3.09107,0.00013,-0.00287,625.0,47.496
390,13.0726,Twilight 19:00,3.0,1,0.008,-0.02412,2.65212,0.65212,0.008,-1.02412,3.09107,0.00013,-0.00287,625.0,47.496
391,13.1061,Twilight 19:00,3.0,1,0.008,-0.02412,2.65212,0.65212,0.008,-1.02412,3.09107,0.00013,-0.00287,625.0,47.496
392,13.1397,Twilight 19:00,3.0,1,0.008,-0.02412,2.65212,0.65212,0.008,-1.02412,3.09107,0.00013,-0.00287,625.0,47.496
393,13.1732,Twilight 19:00,3.0,1,0.008,-0.02412,2.65212,0.65212,0.008,-1.02412,3.09107,0.00013,-0.00287,625.0,47.496
394,13.2067,Twilight 19:00,3.0,1,0.008,-0.02412,2.65212,0.65212,0.008,-1.02412,3.09107,0.00013,-0.00287,625.0,47.496
395,13.2402,Twilight 19:00,3.0,1,0.008,-0.02412,2.65212,0.65212,0.008,-1.02412,3.09107,0.00013,-0.00287,625.0,47.496
396,13.2737,Twilight 19:00,3.0,1,0.008,-0.02412,2.65212,0.65212,0.008,-1.02412,3.09107,0.00013,-0.00287,625.0,47.496
397,13.3073,Twilight 19:00,3.0,1,0.008,-0.02412,2.65212,0.65212,0.008,-1.02412,3.09107,0.00013,-0.00287,625.0,47.496
398,13.3408,Twilight 19:00,3.0,1,0.008,-0.02412,2.65212,0.65212,0.008,-1.02412,3.09107,0.00013,-0.00287,625.0,47.496
399,13.3743,Twilight 19:00,3.0,1,0.008,-0.02412,2.65212,0.65212,0.008,-1.02412,3.09107,0.00013,-0.00287,625.0,47.496
400,13.4078,Twilight 19:00,3.0,1,0.008,-0.02412,2.65212,0.65212,0.008,-1.02412,3.09107,0.00013,-0.00287,625.0,47.496
401,13.4413,Twilight 19:00,3.0,1,0.008,-0.02412,2.65212,0.65212,0.008,-1.02412,3.09107,0.00013,-0.00287,625.0,47.496
402,13.4749,Twilight 19:00,3.0,1,0.00929,-0.0243,2.64725,0.64725,0.00929,-1.0243,3.01525,0.01675,-0.29377,612.5,47.488
403,13.5084,Twilight 19:00,3.0,1,0.00929,-0.0243,2.64725,0.64725,0.00929,-1.0243,3.01525,0.01675,-0.29377,612.5,47.488
404,13.5419,Twilight 19:00,3.0,1,0.0125,-0.02097,2.76249,0.76249,0.0125,-1.02097,3.088,0.0002,-0.0045,576.0,47.51
405,13.5754,Twilight 19:00,3.0,1,0.01108,-0.02027,2.75681,0.75681,0.01108,-1.02027,-2.9986,-0.0142,-0.29101,564.0,47.532
406,13.6089,Twilight 19:00,3.0,1,0.00928,-0.02084,2.77484,0.77484,0.00928,-1.02084,3.12171,-0.00157,0.41193,552.0,47.516
407,13.6425,Twilight 19:00,3.0,1,0.00928,-0.02084,2.77484,0.77484,0.00928,-1.02084,3.12171,-0.00157,0.41193,552.0,47.516
408,13.676,Twilight 19:00,3.0,1,0.0087,-0.0262,2.88226,0.88226,0.0087,-1.0262,3.08567,0.00014,-0.00306,529.0,47.475
409,13.7095,Twilight 19:00,3.0,1,0.0087,-0.0262,2.88226,0.88226,0.0087,-1.0262,3.08567,0.00014,-0.00306,529.0,47.482
410,13.743,Twilight 19:00,3.0,1,0.0087,-0.0262,2.88226,0.88226,0.0087,-1.0262,3.08567,0.00014,-0.00306,529.0,47.482
411,13.7765,Twilight 19:00,3.0,1,0.0087,-0.02264,2.88321,0.88321,0.0087,-1.02264,2.84785,0.00065,-0.00412,506.0,47.489
412,13.8101,Twilight 19:00,3.0,1,0.0087,-0.02264,2.88321,0.88321,0.0087,-1.02264,2.84785,0.00065,-0.00412,506.0,47.491
413,13.8436,Twilight 19:00,3.0,1,0.01364,-0.02285,3.0131,1.0131,0.01364,-1.02285,3.08264,0.00022,-0.00479,484.0,47.483
414,13.8771,Twilight 19:00,3.0,1,0.01364,-0.02285,3.0131,1.0131,0.01364,-1.02285,3.08264,0.00022,-0.00479,484.0,47.444
415,13.9106,Twilight 19:00,3.0,1,0.01364,-0.02285,3.0131,1.0131,0.01364,-1.02285,3.08264,0.00022,-0.00479,484.0,47.408
416,13.9441,Twilight 19:00,3.0,1,0.01364,-0.02285,3.0131,1.0131,0.01364,-1.02285,3.08264,0.00022,-0.00479,484.0,47.386
417,13.9777,Twilight 19:00,3.0,1,0.01364,-0.02285,3.0131,1.0131,0.01364,-1.02285,3.08264,0.00022,-0.00479,484.0,47.382
418,14.0112,Twilight 19:00,3.0,1,0.01364,-0.02285,3.0131,1.0131,0.01364,-1.02285,3.08264,0.00022,-0.00479,484.0,47.392
419,14.0447,Twilight 19:00,3.0,1,0.01001,-0.02107,3.07076,1.07076,0.01001,-1.02107,3.02649,0.01668,0.35728,451.5,47.418
420,14.0782,Twilight 19:00,3.0,1,0.00953,-0.01918,3.15638,1.15638,0.00953,-1.01918,3.07939,0.00015,-0.00333,441.0,47.392
421,14.1117,Twilight 19:00,3.0,1,0.00953,-0.01918,3.15638,1.15638,0.00953,-1.01918,3.07939,0.00015,-0.00333,441.0,47.379
422,14.1453,Twilight 19:00,3.0,1,0.00953,-0.01918,3.15638,1.15638,0.00953,-1.01918,3.07939,0.00015,-0.00333,441.0,47.383
423,14.1788,Twilight 19:00,3.0,1,0.00953,-0.01918,3.15638,1.15638,0.00953,-1.01918,3.07939,0.00015,-0.00333,441.0,47.383
424,14.2123,Twilight 19:00,3.0,1,0.01122,-0.01853,3.14821,1.14821,0.01122,-1.01853,-2.99192,0.01726,0.33094,430.5,47.377
425,14.2458,Twilight 19:00,3.0,1,0.01521,-0.01905,3.1702,1.1702,0.01521,-1.01905,3.11545,-0.00137,0.447,420.0,47.365
426,14.2793,Twilight 19:00,3.0,1,0.01521,-0.01905,3.1702,1.1702,0.01521,-1.01905,3.11545,-0.00137,0.447,420.0,47.359
427,14.3128,Twilight 19:00,3.0,1,0.015,-0.02511,3.31388,1.31388,0.015,-1.02511,3.07796,0.00024,-0.00505,400.0,47.347
428,14.3464,Twilight 19:00,3.0,1,0.015,-0.02511,3.31388,1.31388,0.015,-1.02511,3.07796,0.00024,-0.00505,400.0,47.338
429,14.3799,Twilight 19:00,3.0,1,0.015,-0.02083,3.31471,1.31471,0.015,-1.02083,2.82344,0.00105,-0.00621,380.0,47.324
430,14.4134,Twilight 19:00,3.0,1,0.015,-0.02083,3.31471,1.31471,0.015,-1.02083,2.82344,0.00105,-0.00621,380.0,47.323
431,14.4469,Twilight 19:00,3.0,1,0.015,-0.02083,3.31471,1.31471,0.015,-1.02083,2.82344,0.00105,-0.00621,380.0,47.318
432,14.4804,Twilight 19:00,3.0,1,0.015,-0.02083,3.31471,1.31471,0.015,-1.02083,2.82344,0.00105,-0.00621,380.0,47.313
433,14.514,Twilight 19:00,3.0,1,0.01053,-0.02117,3.48806,1.48806,0.01053,-1.02117,3.07485,0.00017,-0.0035,361.0,47.308
434,14.5475,Twilight 19:00,3.0,1,0.01053,-0.02117,3.48806,1.48806,0.01053,-1.02117,3.07485,0.00017,-0.0035,361.0,47.303
435,14.581,Twilight 19:00,3.0,1,0.01053,-0.02117,3.48806,1.48806,0.01053,-1.02117,3.07485,0.00017,-0.0035,361.0,47.3
436,14.6145,Twilight 19:00,3.0,1,0.01053,-0.02117,3.48806,1.48806,0.01053,-1.02117,3.07485,0.00017,-0.0035,361.0,47.3
437,14.648,Twilight 19:00,3.0,1,0.01053,-0.02117,3.48806,1.48806,0.01053,-1.02117,3.07485,0.00017,-0.0035,361.0,47.28
438,14.6816,Twilight 19:00,3.0,1,0.01668,-0.02106,3.50325,1.50325,0.01668,-1.02106,3.11125,-0.00145,0.47553,342.0,47.272
439,14.7151,Twilight 19:00,3.0,1,0.01667,-0.0168,3.68164,1.68164,0.01667,-1.0168,3.07188,0.00025,-0.00546,324.0,47.282
440,14.7486,Twilight 19:00,3.0,1,0.01667,-0.0168,3.68164,1.68164,0.01667,-1.0168,3.07188,0.00025,-0.00546,324.0,47.282
441,14.7821,Twilight 19:00,3.0,1,0.01667,-0.0168,3.68164,1.68164,0.01667,-1.0168,3.07188,0.00025,-0.00546,324.0,47.289
442,14.8156,Twilight 19:00,3.0,1,0.01667,-0.0168,3.68164,1.68164,0.01667,-1.0168,3.07188,0.00025,-0.00546,324.0,47.29
443,14.8492,Twilight 19:00,3.0,1,0.01667,-0.0168,3.68164,1.68164,0.01667,-1.0168,3.07188,0.00025,-0.00546,324.0,47.275
444,14.8827,Twilight 19:00,3.0,1,0.01667,-0.0168,3.68164,1.68164,0.01667,-1.0168,3.07188,0.00025,-0.00546,324.0,47.261
445,14.9162,Twilight 19:00,3.0,1,0.01667,-0.0168,3.68164,1.68164,0.01667,-1.0168,3.07188,0.00025,-0.00546,324.0,47.229
446,14.9497,Twilight 19:00,3.0,1,0.01667,-0.0168,3.68164,1.68164,0.01667,-1.0168,3.07188,0.00025,-0.00546,324.0,47.227
447,14.9832,Twilight 19:00,3.0,1,0.01667,-0.0168,3.68164,1.68164,0.01667,-1.0168,3.07188,0.00025,-0.00546,324.0,47.21
448,15.0168,Twilight 19:00,3.0,1,0.01667,-0.0168,3.68164,1.68164,0.01667,-1.0168,3.07188,0.00025,-0.00546,324.0,47.182
449,15.0503,Twilight 19:00,3.0,1,0.01667,-0.0168,3.68164,1.68164,0.01667,-1.0168,3.07188,0.00025,-0.00546,324.0,47.178
450,15.0838,Twilight 19:00,3.0,0,0.0,0.0,0.0,0.0,0.0,0.0,0.0,0.0,0.0,0.0,47.188
451,15.1173,Twilight 19:00,3.0,0,0.0,0.0,0.0,0.0,0.0,0.0,0.0,0.0,0.0,0.0,47.202
452,15.1508,Twilight 19:00,3.0,0,0.0,0.0,0.0,0.0,0.0,0.0,0.0,0.0,0.0,0.0,47.222
453,15.1844,Twilight 19:00,3.0,0,0.0,0.0,0.0,0.0,0.0,0.0,0.0,0.0,0.0,0.0,47.241
454,15.2179,Twilight 19:00,3.0,0,0.0,0.0,0.0,0.0,0.0,0.0,0.0,0.0,0.0,0.0,47.251
455,15.2514,Twilight 19:00,3.0,0,0.0,0.0,0.0,0.0,0.0,0.0,0.0,0.0,0.0,0.0,47.254
456,15.2849,Twilight 19:00,3.0,0,0.0,0.0,0.0,0.0,0.0,0.0,0.0,0.0,0.0,0.0,47.255
457,15.3184,Twilight 19:00,3.0,0,0.0,0.0,0.0,0.0,0.0,0.0,0.0,0.0,0.0,0.0,47.247
458,15.352,Twilight 19:00,3.0,1,0.01875,-0.01886,4.14125,2.14125,0.01875,-1.01886,3.06812,0.00027,-0.00569,256.0,47.232
459,15.3855,Twilight 19:00,3.0,1,0.01875,-0.01886,4.14125,2.14125,0.01875,-1.01886,3.06812,0.00027,-0.00569,256.0,47.214
460,15.419,Twilight 19:00,3.0,1,0.01875,-0.01886,4.14125,2.14125,0.01875,-1.01886,3.06812,0.00027,-0.00569,256.0,47.196
461,15.4525,Twilight 19:00,3.0,1,0.01875,-0.01886,4.14125,2.14125,0.01875,-1.01886,3.06812,0.00027,-0.00569,256.0,47.178
462,15.486,Twilight 19:00,3.0,1,0.01875,-0.01886,4.14125,2.14125,0.01875,-1.01886,3.06812,0.00027,-0.00569,256.0,47.156
463,15.5196,Twilight 19:00,3.0,1,0.01875,-0.01886,4.14125,2.14125,0.01875,-1.01886,3.06812,0.00027,-0.00569,256.0,47.137
464,15.5531,Twilight 19:00,3.0,1,0.01875,-0.01886,4.14125,2.14125,0.01875,-1.01886,3.06812,0.00027,-0.00569,256.0,47.128
465,15.5866,Twilight 19:00,3.0,1,0.01875,-0.01886,4.14125,2.14125,0.01875,-1.01886,3.06812,0.00027,-0.00569,256.0,47.122
466,15.6201,Twilight 19:00,3.0,1,0.01875,-0.01886,4.14125,2.14125,0.01875,-1.01886,3.06812,0.00027,-0.00569,256.0,47.122
467,15.6536,Twilight 19:00,3.0,1,0.01875,-0.01886,4.14125,2.14125,0.01875,-1.01886,3.06812,0.00027,-0.00569,256.0,47.12
468,15.6872,Twilight 19:00,3.0,1,0.01875,-0.01886,4.14125,2.14125,0.01875,-1.01886,3.06812,0.00027,-0.00569,256.0,47.121
469,15.7207,Twilight 19:00,3.0,1,0.01875,-0.01886,4.14125,2.14125,0.01875,-1.01886,3.06812,0.00027,-0.00569,256.0,47.121
470,15.7542,Twilight 19:00,3.0,1,0.01875,-0.01886,4.14125,2.14125,0.01875,-1.01886,3.06812,0.00027,-0.00569,256.0,47.121
471,15.7877,Twilight 19:00,3.0,1,0.01875,-0.01886,4.14125,2.14125,0.01875,-1.01886,3.06812,0.00027,-0.00569,256.0,47.121
472,15.8212,Twilight 19:00,3.0,1,0.01875,-0.01886,4.14125,2.14125,0.01875,-1.01886,3.06812,0.00027,-0.00569,256.0,47.121
473,15.8547,Twilight 19:00,3.0,1,0.01875,-0.01886,4.14125,2.14125,0.01875,-1.01886,3.06812,0.00027,-0.00569,256.0,47.121
474,15.8883,Twilight 19:00,3.0,1,0.01875,-0.01886,4.14125,2.14125,0.01875,-1.01886,3.06812,0.00027,-0.00569,256.0,47.121
475,15.9218,Twilight 19:00,3.0,1,0.01875,-0.01886,4.14125,2.14125,0.01875,-1.01886,3.06812,0.00027,-0.00569,256.0,47.121
476,15.9553,Twilight 19:00,3.0,1,0.01875,-0.01886,4.14125,2.14125,0.01875,-1.01886,3.06812,0.00027,-0.00569,256.0,47.121
477,15.9888,Twilight 19:00,3.0,1,0.01875,-0.01886,4.14125,2.14125,0.01875,-1.01886,3.06812,0.00027,-0.00569,256.0,47.121
478,16.0223,Twilight 19:00,3.0,1,0.01875,-0.01886,4.14125,2.14125,0.01875,-1.01886,3.06812,0.00027,-0.00569,256.0,47.121
479,16.0559,Twilight 19:00,3.0,1,0.01875,-0.01886,4.14125,2.14125,0.01875,-1.01886,3.06812,0.00027,-0.00569,256.0,47.121
480,16.0894,Twilight 19:00,3.0,1,0.01875,-0.01886,4.14125,2.14125,0.01875,-1.01886,3.06812,0.00027,-0.00569,256.0,47.121
481,16.1229,Twilight 19:00,3.0,1,0.01875,-0.01886,4.14125,2.14125,0.01875,-1.01886,3.06812,0.00027,-0.00569,256.0,47.121
482,16.1564,Twilight 19:00,3.0,1,0.01875,-0.01886,4.14125,2.14125,0.01875,-1.01886,3.06812,0.00027,-0.00569,256.0,47.121
483,16.1899,Twilight 19:00,3.0,1,0.01875,-0.01886,4.14125,2.14125,0.01875,-1.01886,3.06812,0.00027,-0.00569,256.0,47.121
484,16.2235,Twilight 19:00,3.0,1,0.01875,-0.01886,4.14125,2.14125,0.01875,-1.01886,3.06812,0.00027,-0.00569,256.0,47.121
485,16.257,Twilight 19:00,3.0,1,0.01875,-0.01886,4.14125,2.14125,0.01875,-1.01886,3.06812,0.00027,-0.00569,256.0,47.121
486,16.2905,Twilight 19:00,3.0,1,0.01875,-0.01886,4.14125,2.14125,0.01875,-1.01886,3.06812,0.00027,-0.00569,256.0,47.121
487,16.324,Twilight 19:00,3.0,1,0.01875,-0.01886,4.14125,2.14125,0.01875,-1.01886,3.06812,0.00027,-0.00569,256.0,47.121
488,16.3575,Twilight 19:00,3.0,1,0.01875,-0.01886,4.14125,2.14125,0.01875,-1.01886,3.06812,0.00027,-0.00569,256.0,47.121
489,16.3911,Twilight 19:00,3.0,1,0.01875,-0.01886,4.14125,2.14125,0.01875,-1.01886,3.06812,0.00027,-0.00569,256.0,47.121
490,16.4246,Twilight 19:00,3.0,1,0.01875,-0.01886,4.14125,2.14125,0.01875,-1.01886,3.06812,0.00027,-0.00569,256.0,47.121
491,16.4581,Twilight 19:00,3.0,1,0.01875,-0.01886,4.14125,2.14125,0.01875,-1.01886,3.06812,0.00027,-0.00569,256.0,47.121
492,16.4916,Twilight 19:00,3.0,1,0.01875,-0.01886,4.14125,2.14125,0.01875,-1.01886,3.06812,0.00027,-0.00569,256.0,47.121
493,16.5251,Twilight 19:00,3.0,1,0.01875,-0.01886,4.14125,2.14125,0.01875,-1.01886,3.06812,0.00027,-0.00569,256.0,47.121
494,16.5587,Twilight 19:00,3.0,1,0.01875,-0.01886,4.14125,2.14125,0.01875,-1.01886,3.06812,0.00027,-0.00569,256.0,47.121
495,16.5922,Twilight 19:00,3.0,1,0.01875,-0.01886,4.14125,2.14125,0.01875,-1.01886,3.06812,0.00027,-0.00569,256.0,47.121
496,16.6257,Twilight 19:00,3.0,1,0.01875,-0.01886,4.14125,2.14125,0.01875,-1.01886,3.06812,0.00027,-0.00569,256.0,47.121
497,16.6592,Twilight 19:00,3.0,1,0.01875,-0.01886,4.14125,2.14125,0.01875,-1.01886,3.06812,0.00027,-0.00569,256.0,47.121
498,16.6927,Twilight 19:00,3.0,1,0.01875,-0.01886,4.14125,2.14125,0.01875,-1.01886,3.06812,0.00027,-0.00569,256.0,47.121
499,16.7263,Twilight 19:00,3.0,1,0.01875,-0.01886,4.14125,2.14125,0.01875,-1.01886,3.06812,0.00027,-0.00569,256.0,47.121
500,16.7598,Twilight 19:00,3.0,1,0.01875,-0.01886,4.14125,2.14125,0.01875,-1.01886,3.06812,0.00027,-0.00569,256.0,47.121
501,16.7933,Twilight 19:00,3.0,1,0.01875,-0.01886,4.14125,2.14125,0.01875,-1.01886,3.06812,0.00027,-0.00569,256.0,47.121
502,16.8268,Twilight 19:00,3.0,1,0.01875,-0.01886,4.14125,2.14125,0.01875,-1.01886,3.06812,0.00027,-0.00569,256.0,47.121
503,16.8603,Twilight 19:00,3.0,1,0.01875,-0.01886,4.14125,2.14125,0.01875,-1.01886,3.06812,0.00027,-0.00569,256.0,47.121
504,16.8939,Twilight 19:00,3.0,1,0.01875,-0.01886,4.14125,2.14125,0.01875,-1.01886,3.06812,0.00027,-0.00569,256.0,47.121
505,16.9274,Twilight 19:00,3.0,1,0.01875,-0.01886,4.14125,2.14125,0.01875,-1.01886,3.06812,0.00027,-0.00569,256.0,47.121
506,16.9609,Twilight 19:00,3.0,1,0.01875,-0.01886,4.14125,2.14125,0.01875,-1.01886,3.06812,0.00027,-0.00569,256.0,47.121
507,16.9944,Twilight 19:00,3.0,1,0.01875,-0.01886,4.14125,2.14125,0.01875,-1.01886,3.06812,0.00027,-0.00569,256.0,47.121
508,17.0279,Twilight 19:00,3.0,1,0.01875,-0.01886,4.14125,2.14125,0.01875,-1.01886,3.06812,0.00027,-0.00569,256.0,47.121
509,17.0615,Twilight 19:00,3.0,1,0.01875,-0.01886,4.14125,2.14125,0.01875,-1.01886,3.06812,0.00027,-0.00569,256.0,47.121
510,17.095,Twilight 19:00,3.0,1,0.01875,-0.01886,4.14125,2.14125,0.01875,-1.01886,3.06812,0.00027,-0.00569,256.0,47.121
511,17.1285,Twilight 19:00,3.0,1,0.01875,-0.01886,4.14125,2.14125,0.01875,-1.01886,3.06812,0.00027,-0.00569,256.0,47.121
512,17.162,Twilight 19:00,3.0,1,0.01875,-0.01886,4.14125,2.14125,0.01875,-1.01886,3.06812,0.00027,-0.00569,256.0,47.121
513,17.1955,Twilight 19:00,3.0,1,0.01875,-0.01886,4.14125,2.14125,0.01875,-1.01886,3.06812,0.00027,-0.00569,256.0,47.121
514,17.2291,Twilight 19:00,3.0,1,0.01875,-0.01886,4.14125,2.14125,0.01875,-1.01886,3.06812,0.00027,-0.00569,256.0,47.121
515,17.2626,Twilight 19:00,3.0,1,0.01875,-0.01886,4.14125,2.14125,0.01875,-1.01886,3.06812,0.00027,-0.00569,256.0,47.121
516,17.2961,Twilight 19:00,3.0,1,0.01875,-0.01886,4.14125,2.14125,0.01875,-1.01886,3.06812,0.00027,-0.00569,256.0,47.121
517,17.3296,Twilight 19:00,3.0,1,0.01875,-0.01886,4.14125,2.14125,0.01875,-1.01886,3.06812,0.00027,-0.00569,256.0,47.121
518,17.3631,Twilight 19:00,3.0,1,0.01875,-0.01886,4.14125,2.14125,0.01875,-1.01886,3.06812,0.00027,-0.00569,256.0,47.121
519,17.3966,Twilight 19:00,3.0,1,0.01875,-0.01886,4.14125,2.14125,0.01875,-1.01886,3.06812,0.00027,-0.00569,256.0,47.121
520,17.4302,Twilight 19:00,3.0,1,0.01875,-0.01886,4.14125,2.14125,0.01875,-1.01886,3.06812,0.00027,-0.00569,256.0,47.121
521,17.4637,Twilight 19:00,3.0,1,0.01875,-0.01886,4.14125,2.14125,0.01875,-1.01886,3.06812,0.00027,-0.00569,256.0,47.121
522,17.4972,Twilight 19:00,3.0,1,0.01875,-0.01886,4.14125,2.14125,0.01875,-1.01886,3.06812,0.00027,-0.00569,256.0,47.121
523,17.5307,Twilight 19:00,3.0,1,0.01875,-0.01886,4.14125,2.14125,0.01875,-1.01886,3.06812,0.00027,-0.00569,256.0,47.121
524,17.5642,Twilight 19:00,3.0,1,0.01875,-0.01886,4.14125,2.14125,0.01875,-1.01886,3.06812,0.00027,-0.00569,256.0,47.121
525,17.5978,Twilight 19:00,3.0,1,0.01875,-0.01886,4.14125,2.14125,0.01875,-1.01886,3.06812,0.00027,-0.00569,256.0,47.121
526,17.6313,Twilight 19:00,3.0,1,0.01875,-0.01886,4.14125,2.14125,0.01875,-1.01886,3.06812,0.00027,-0.00569,256.0,47.121
527,17.6648,Twilight 19:00,3.0,1,0.01875,-0.01886,4.14125,2.14125,0.01875,-1.01886,3.06812,0.00027,-0.00569,256.0,47.121
528,17.6983,Twilight 19:00,3.0,1,0.01875,-0.01886,4.14125,2.14125,0.01875,-1.01886,3.06812,0.00027,-0.00569,256.0,47.121
529,17.7318,Twilight 19:00,3.0,1,0.01875,-0.01886,4.14125,2.14125,0.01875,-1.01886,3.06812,0.00027,-0.00569,256.0,47.121
530,17.7654,Twilight 19:00,3.0,1,0.01875,-0.01886,4.14125,2.14125,0.01875,-1.01886,3.06812,0.00027,-0.00569,256.0,47.121
531,17.7989,Twilight 19:00,3.0,1,0.01875,-0.01886,4.14125,2.14125,0.01875,-1.01886,3.06812,0.00027,-0.00569,256.0,47.121
532,17.8324,Twilight 19:00,3.0,1,0.01875,-0.01886,4.14125,2.14125,0.01875,-1.01886,3.06812,0.00027,-0.00569,256.0,47.121
533,17.8659,Twilight 19:00,3.0,1,0.01875,-0.01886,4.14125,2.14125,0.01875,-1.01886,3.06812,0.00027,-0.00569,256.0,47.121
534,17.8994,Twilight 19:00,3.0,1,0.00625,-0.01325,4.14191,2.14191,0.00625,-1.01325,2.78159,0.00039,-0.00207,240.0,47.125
535,17.933,Twilight 19:00,3.0,1,0.00625,-0.01325,4.14191,2.14191,0.00625,-1.01325,2.78159,0.00039,-0.00207,240.0,47.125
536,17.9665,Twilight 19:00,3.0,1,-0.01623,-0.01341,4.23835,2.23835,-0.01623,-1.01341,2.83745,0.02262,-0.15062,232.5,47.147
537,18.0,Twilight 19:00,3.0,1,-0.03911,-0.01623,4.25074,2.25074,-0.03911,-1.01623,2.99912,-0.02442,-0.40979,232.5,47.181
538,18.0335,Twilight 19:00,3.0,1,-0.05626,-0.01325,4.14228,2.14228,-0.05626,-1.01325,2.78177,-0.00347,0.01865,240.0,47.154
539,18.067,Twilight 19:00,3.0,1,-0.1063,-0.01325,4.14326,2.14326,-0.1063,-1.01325,2.78225,-0.00654,0.03523,240.0,47.145
540,18.1006,Twilight 19:00,3.0,1,-0.1063,-0.01325,4.14326,2.14326,-0.1063,-1.01325,2.78225,-0.00654,0.03523,240.0,47.145
541,18.1341,Twilight 19:00,3.0,1,-0.1334,-0.01345,4.41903,2.41903,-0.1334,-1.01345,3.07088,-0.00169,0.03865,225.0,47.182
542,18.1676,Twilight 19:00,3.0,1,-0.15018,-0.01341,4.24094,2.24094,-0.15018,-1.01341,2.83605,-0.03106,0.20613,232.5,47.156
543,18.2011,Twilight 19:00,3.0,1,-0.1689,-0.01885,4.14457,2.14457,-0.1689,-1.01885,3.07906,-0.00206,0.04918,256.0,47.126
544,18.2346,Twilight 19:00,3.0,1,-0.22698,-0.01343,4.42276,2.42276,-0.22698,-1.01343,3.08349,-0.00237,0.06258,225.0,47.182
545,18.2682,Twilight 19:00,3.0,1,-0.24,-0.01341,4.24469,2.24469,-0.24,-1.01341,2.83656,-0.0355,0.23708,232.5,47.155
546,18.3017,Twilight 19:00,3.0,1,-0.25523,-0.01611,4.12019,2.12019,-0.25523,-1.01611,2.86778,-0.03445,-0.09359,248.0,47.125
547,18.3352,Twilight 19:00,3.0,1,-0.2802,-0.01612,4.1215,2.1215,-0.2802,-1.01612,2.86923,-0.03561,-0.08598,248.0,47.145
548,18.3687,Twilight 19:00,3.0,1,-0.2802,-0.01612,4.1215,2.1215,-0.2802,-1.01612,2.86923,-0.03561,-0.08598,248.0,47.145
549,18.4022,Twilight 19:00,3.0,1,-0.30751,-0.01622,4.25338,2.25338,-0.30751,-1.01622,2.98173,0.01736,0.54099,232.5,47.182
550,18.4358,Twilight 19:00,3.0,1,-0.3301,-0.01342,4.25006,2.25006,-0.3301,-1.01342,2.83794,-0.03979,0.26883,232.5,47.157
551,18.4693,Twilight 19:00,3.0,1,-0.34481,-0.01876,4.15295,2.15295,-0.34481,-1.01876,3.13008,-0.00085,0.07077,256.0,47.128
552,18.5028,Twilight 19:00,3.0,1,-0.37026,-0.01328,4.15824,2.15824,-0.37026,-1.01328,2.78966,-0.0221,0.12229,240.0,47.149
553,18.5363,Twilight 19:00,3.0,1,-0.3975,-0.01622,4.25472,2.25472,-0.3975,-1.01622,2.97667,0.01571,0.57944,232.5,47.184
554,18.5698,Twilight 19:00,3.0,1,-0.42058,-0.01342,4.25701,2.25701,-0.42058,-1.01342,2.84017,-0.04387,0.30145,232.5,47.157
555,18.6034,Twilight 19:00,3.0,1,-0.43364,-0.01329,4.16426,2.16426,-0.43364,-1.01329,2.79271,-0.02556,0.14298,240.0,47.127
556,18.6369,Twilight 19:00,3.0,1,-0.45907,-0.01329,4.16689,2.16689,-0.45907,-1.01329,2.79405,-0.0269,0.15133,240.0,47.148
557,18.6704,Twilight 19:00,3.0,1,-0.48757,-0.01622,4.25625,2.25625,-0.48757,-1.01622,2.97115,0.01416,0.61957,232.5,47.183
558,18.7039,Twilight 19:00,3.0,1,-0.51154,-0.01343,4.26548,2.26548,-0.51154,-1.01343,2.84322,-0.0477,0.33508,232.5,47.154
559,18.7374,Twilight 19:00,3.0,1,-0.53592,-0.01345,4.27931,2.27931,-0.53592,-1.01345,2.86725,-0.0241,0.32434,240.0,47.126
560,18.7709,Twilight 19:00,3.0,1,-0.54417,-0.01615,4.14203,2.14203,-0.54417,-1.01615,2.89002,-0.04664,-0.01186,248.0,47.145
561,18.8045,Twilight 19:00,3.0,1,-0.57869,-0.01623,4.25524,2.25524,-0.57869,-1.01623,3.02618,-0.03482,-0.26156,232.5,47.181
562,18.838,Twilight 19:00,3.0,1,-0.58643,-0.01615,4.15985,2.15985,-0.58643,-1.01615,2.83838,-0.0256,0.58978,240.0,47.154
563,18.8715,Twilight 19:00,3.0,1,-0.60764,-0.01616,4.14855,2.14855,-0.60764,-1.01616,2.89651,-0.04885,0.00397,248.0,47.125
564,18.905,Twilight 19:00,3.0,1,-0.64646,-0.0134,4.24087,2.24087,-0.64646,-1.0134,2.84047,-0.03224,0.24917,240.0,47.143
565,18.9385,Twilight 19:00,3.0,0,0.0,0.0,0.0,0.0,0.0,0.0,0.0,0.0,0.0,0.0,47.177
566,18.9721,Twilight 19:00,3.0,1,-0.67531,-0.01615,4.166,2.166,-0.67531,-1.01615,2.83623,-0.02856,0.62883,240.0,47.15
567,19.0056,Twilight 19:00,3.0,1,-0.69667,-0.01616,4.16061,2.16061,-0.69667,-1.01616,2.87136,-0.00649,0.44552,248.0,47.119
568,19.0391,Twilight 19:00,3.0,1,-0.72261,-0.01618,4.16151,2.16151,-0.72261,-1.01618,2.90973,-0.05228,0.0303,248.0,47.139
569,19.0726,Twilight 19:00,3.0,0,0.0,0.0,0.0,0.0,0.0,0.0,0.0,0.0,0.0,0.0,47.173
570,19.1061,Twilight 19:00,3.0,1,-0.76453,-0.01615,4.17258,2.17258,-0.76453,-1.01615,2.83385,-0.03124,0.66923,240.0,47.144
571,19.1397,Twilight 19:00,3.0,1,-0.78669,-0.01617,4.17187,2.17187,-0.78669,-1.01617,2.87644,-0.00848,0.48631,248.0,47.114
572,19.1732,Twilight 19:00,3.0,1,-0.81269,-0.0162,4.17242,2.17242,-0.81269,-1.0162,2.92132,-0.05441,0.04855,248.0,47.133
573,19.2067,Twilight 19:00,3.0,1,-0.84936,-0.01623,4.2596,2.2596,-0.84936,-1.01623,3.03965,-0.03866,-0.2108,232.5,47.163
574,19.2402,Twilight 19:00,3.0,1,-0.85409,-0.01616,4.17946,2.17946,-0.85409,-1.01616,2.83109,-0.03363,0.71097,240.0,47.135
575,19.2737,Twilight 19:00,3.0,1,-0.8773,-0.01618,4.1837,2.1837,-0.8773,-1.01618,2.88181,-0.00993,0.52942,248.0,47.109
576,19.3073,Twilight 19:00,3.0,1,-0.90331,-0.01621,4.18371,2.18371,-0.90331,-1.01621,2.93395,-0.05602,0.06456,248.0,47.127
577,19.3408,Twilight 19:00,3.0,0,0.0,0.0,0.0,0.0,0.0,0.0,0.0,0.0,0.0,0.0,47.155
578,19.3743,Twilight 19:00,3.0,1,-0.94397,-0.01616,4.18649,2.18649,-0.94397,-1.01616,2.82781,-0.03573,0.75398,240.0,47.132
579,19.4078,Twilight 19:00,3.0,1,-0.96013,-0.01875,4.15588,2.15588,-0.96013,-1.01875,3.14107,-0.00014,0.02867,256.0,47.102
580,19.4413,Twilight 19:00,3.0,1,-0.99442,-0.01622,4.19504,2.19504,-0.99442,-1.01622,2.94738,-0.05711,0.07811,248.0,47.12
581,19.4749,Twilight 19:00,3.0,1,-1.03014,-0.01622,4.26254,2.26254,-1.03014,-1.01622,3.04802,-0.04065,-0.18407,232.5,47.148
582,19.5084,Twilight 19:00,3.0,1,-1.07079,-0.01349,4.34062,2.34062,-1.07079,-1.01349,2.87474,-0.06187,0.57097,232.5,47.123
583,19.5419,Twilight 19:00,3.0,1,-1.07651,-0.01226,4.27116,2.27116,-1.07651,-1.01226,3.38542,0.057,0.42053,240.0,47.093
584,19.5754,Twilight 19:00,3.0,1,-1.08593,-0.01623,4.20602,2.20602,-1.08593,-1.01623,2.96127,-0.0577,0.08903,248.0,47.112
585,19.6089,Twilight 19:00,3.0,0,0.0,0.0,0.0,0.0,0.0,0.0,0.0,0.0,0.0,0.0,47.139
586,19.6425,Twilight 19:00,3.0,1,-1.14606,-0.01619,4.26873,2.26873,-1.14606,-1.01619,2.90699,0.00652,0.94898,232.5,47.113
587,19.676,Twilight 19:00,3.0,1,-1.19941,-0.01309,4.3903,2.3903,-1.19941,-1.01309,3.16707,0.01013,0.43035,240.0,47.085
588,19.7095,Twilight 19:00,3.0,1,-1.1777,-0.01624,4.21627,2.21627,-1.1777,-1.01624,2.97517,-0.05784,0.09729,248.0,47.103
589,19.743,Twilight 19:00,3.0,0,0.0,0.0,0.0,0.0,0.0,0.0,0.0,0.0,0.0,0.0,47.128
590,19.7765,Twilight 19:00,3.0,1,-1.28525,-0.01333,4.43305,2.43305,-1.28525,-1.01333,3.14135,-7e-05,0.02277,225.0,47.105
591,19.8101,Twilight 19:00,3.0,1,-1.29222,-0.01315,4.39048,2.39048,-1.29222,-1.01315,3.13999,0.0055,0.43551,240.0,47.077
592,19.8436,Twilight 19:00,3.0,1,-1.31865,-0.0131,4.3903,2.3903,-1.31865,-1.0131,3.15695,0.01012,0.4742,240.0,47.098
593,19.8771,Twilight 19:00,3.0,0,0.0,0.0,0.0,0.0,0.0,0.0,0.0,0.0,0.0,0.0,47.12
594,19.9106,Twilight 19:00,3.0,1,-1.37897,-0.01333,4.43306,2.43306,-1.37897,-1.01333,3.14138,-7e-05,0.02119,225.0,47.098
595,19.9441,Twilight 19:00,3.0,1,-1.33527,-0.01624,4.23141,2.23141,-1.33527,-1.01624,2.99763,-0.05738,0.10576,248.0,47.071
596,19.9777,Twilight 19:00,3.0,1,-1.36153,-0.01624,4.2336,2.2336,-1.36153,-1.01624,3.00109,-0.05724,0.10656,248.0,47.087
597,20.0112,Twilight 19:00,3.0,1,-1.39223,-0.01622,4.26775,2.26775,-1.39223,-1.01622,3.06259,-0.04352,-0.14383,232.5,47.109
598,20.0447,Twilight 19:00,3.0,1,-1.4727,-0.01333,4.43308,2.43308,-1.4727,-1.01333,3.14141,-6e-05,0.01981,225.0,47.089
599,20.0782,Twilight 19:00,3.0,1,-1.48949,-0.01329,4.42528,2.42528,-1.48949,-1.01329,3.109,0.00108,0.50208,240.0,47.061
600,20.1117,Twilight 19:00,3.0,1,-1.41897,-0.01875,4.15692,2.15692,-1.41897,-1.01875,3.135,0.00086,-0.22259,240.0,47.066
601,20.1453,Twilight 19:00,3.0,0,0.0,0.0,0.0,0.0,0.0,0.0,0.0,0.0,0.0,0.0,47.099
602,20.1788,Twilight 19:00,3.0,1,-1.41909,-0.08126,4.15729,2.15729,-1.41909,-1.08126,3.13931,0.00373,-0.22262,240.0,47.073
603,20.2123,Twilight 19:00,3.0,1,-1.41909,-0.08126,4.15729,2.15729,-1.41909,-1.08126,3.13931,0.00373,-0.22262,240.0,47.073
604,20.2458,Twilight 19:00,3.0,1,-1.41919,-0.10627,4.15756,2.15756,-1.41919,-1.10627,3.14104,0.00487,-0.22254,240.0,47.075
605,20.2793,Twilight 19:00,3.0,0,0.0,0.0,0.0,0.0,0.0,0.0,0.0,0.0,0.0,0.0,47.104
606,20.3128,Twilight 19:00,3.0,0,0.0,0.0,0.0,0.0,0.0,0.0,0.0,0.0,0.0,0.0,47.107
607,20.3464,Twilight 19:00,3.0,1,-1.41953,-0.16882,4.15858,2.15858,-1.41953,-1.16882,3.14536,0.00772,-0.22209,240.0,47.079
608,20.3799,Twilight 19:00,3.0,1,-1.41971,-0.19386,4.15911,2.15911,-1.41971,-1.19386,3.14708,0.00886,-0.22181,240.0,47.08
609,20.4134,Twilight 19:00,3.0,0,0.0,0.0,0.0,0.0,0.0,0.0,0.0,0.0,0.0,0.0,47.116
610,20.4469,Twilight 19:00,3.0,0,0.0,0.0,0.0,0.0,0.0,0.0,0.0,0.0,0.0,0.0,47.114
611,20.4804,Twilight 19:00,3.0,1,-1.42027,-0.25649,4.16075,2.16075,-1.42027,-1.25649,3.15137,0.01167,-0.22088,240.0,47.087
612,20.514,Twilight 19:00,3.0,1,-1.42054,-0.28157,4.16153,2.16153,-1.42054,-1.28157,3.15308,0.01279,-0.22042,240.0,47.088
613,20.5475,Twilight 19:00,3.0,0,0.0,0.0,0.0,0.0,0.0,0.0,0.0,0.0,0.0,0.0,47.122
614,20.581,Twilight 19:00,3.0,0,0.0,0.0,0.0,0.0,0.0,0.0,0.0,0.0,0.0,0.0,47.12
615,20.6145,Twilight 19:00,3.0,1,-1.4213,-0.34433,4.16379,2.16379,-1.4213,-1.34433,3.15731,0.01554,-0.21902,240.0,47.091
616,20.648,Twilight 19:00,3.0,1,-1.42165,-0.36946,4.16481,2.16481,-1.42165,-1.36946,3.15899,0.01662,-0.21836,240.0,47.092
617,20.6816,Twilight 19:00,3.0,0,0.0,0.0,0.0,0.0,0.0,0.0,0.0,0.0,0.0,0.0,47.126
618,20.7151,Twilight 19:00,3.0,0,0.0,0.0,0.0,0.0,0.0,0.0,0.0,0.0,0.0,0.0,47.124
619,20.7486,Twilight 19:00,3.0,1,-1.42262,-0.43238,4.16765,2.16765,-1.42262,-1.43238,3.16313,0.01929,-0.2165,240.0,47.093
620,20.7821,Twilight 19:00,3.0,1,-1.42304,-0.45758,4.1689,2.1689,-1.42304,-1.45758,3.16477,0.02034,-0.21566,240.0,47.094
621,20.8156,Twilight 19:00,3.0,0,0.0,0.0,0.0,0.0,0.0,0.0,0.0,0.0,0.0,0.0,47.128
622,20.8492,Twilight 19:00,3.0,0,0.0,0.0,0.0,0.0,0.0,0.0,0.0,0.0,0.0,0.0,47.126
623,20.8827,Twilight 19:00,3.0,1,-1.4242,-0.52069,4.1723,2.1723,-1.4242,-1.52069,3.1688,0.02289,-0.21335,240.0,47.095
624,20.9162,Twilight 19:00,3.0,1,-1.4247,-0.54597,4.17377,2.17377,-1.4247,-1.54597,3.17039,0.02389,-0.21234,240.0,47.094
625,20.9497,Twilight 19:00,3.0,0,0.0,0.0,0.0,0.0,0.0,0.0,0.0,0.0,0.0,0.0,47.128
626,20.9832,Twilight 19:00,3.0,0,0.0,0.0,0.0,0.0,0.0,0.0,0.0,0.0,0.0,0.0,47.127
627,21.0168,Twilight 19:00,3.0,1,-1.42603,-0.6093,4.17768,2.17768,-1.42603,-1.6093,3.17428,0.02633,-0.2096,240.0,47.096
628,21.0503,Twilight 19:00,3.0,1,-1.42659,-0.63468,4.17935,2.17935,-1.42659,-1.63468,3.17581,0.02727,-0.20843,240.0,47.094
629,21.0838,Twilight 19:00,3.0,0,0.0,0.0,0.0,0.0,0.0,0.0,0.0,0.0,0.0,0.0,47.128
630,21.1173,Twilight 19:00,3.0,0,0.0,0.0,0.0,0.0,0.0,0.0,0.0,0.0,0.0,0.0,47.127
631,21.1508,Twilight 19:00,3.0,1,-1.42809,-0.69825,4.18373,2.18373,-1.42809,-1.69825,3.17953,0.02956,-0.20529,240.0,47.095
632,21.1844,Twilight 19:00,3.0,1,-1.42871,-0.72374,4.18558,2.18558,-1.42871,-1.72374,3.18099,0.03044,-0.20396,240.0,47.093
633,21.2179,Twilight 19:00,3.0,0,0.0,0.0,0.0,0.0,0.0,0.0,0.0,0.0,0.0,0.0,47.127
634,21.2514,Twilight 19:00,3.0,0,0.0,0.0,0.0,0.0,0.0,0.0,0.0,0.0,0.0,0.0,47.126
635,21.2849,Twilight 19:00,3.0,1,-1.43035,-0.78757,4.19039,2.19039,-1.43035,-1.78757,3.18452,0.03257,-0.20045,240.0,47.095
636,21.3184,Twilight 19:00,3.0,1,-1.43103,-0.81317,4.19239,2.19239,-1.43103,-1.81317,3.18589,0.03338,-0.19897,240.0,47.092
637,21.352,Twilight 19:00,3.0,0,0.0,0.0,0.0,0.0,0.0,0.0,0.0,0.0,0.0,0.0,47.126
638,21.3855,Twilight 19:00,3.0,1,-1.43279,-0.87729,4.19756,2.19756,-1.43279,-1.87729,3.18922,0.03533,-0.19513,240.0,47.093
639,21.419,Twilight 19:00,3.0,1,-1.43352,-0.90299,4.1997,2.1997,-1.43352,-1.90299,3.1905,0.03607,-0.19352,240.0,47.091
640,21.4525,Twilight 19:00,3.0,0,0.0,0.0,0.0,0.0,0.0,0.0,0.0,0.0,0.0,0.0,47.125
641,21.486,Twilight 19:00,3.0,0,0.0,0.0,0.0,0.0,0.0,0.0,0.0,0.0,0.0,0.0,47.125
642,21.5196,Twilight 19:00,3.0,0,0.0,0.0,0.0,0.0,0.0,0.0,0.0,0.0,0.0,0.0,47.121
643,21.5531,Twilight 19:00,3.0,1,-1.43538,-0.9674,4.20518,2.20518,-1.43538,-1.9674,3.19359,0.03783,-0.18938,240.0,47.09
644,21.5866,Twilight 19:00,3.0,1,-1.43615,-0.99323,4.20743,2.20743,-1.43615,-1.99323,3.19477,0.0385,-0.18767,240.0,47.088
645,21.6201,Twilight 19:00,3.0,0,0.0,0.0,0.0,0.0,0.0,0.0,0.0,0.0,0.0,0.0,47.121
646,21.6536,Twilight 19:00,3.0,0,0.0,0.0,0.0,0.0,0.0,0.0,0.0,0.0,0.0,0.0,47.118
647,21.6872,Twilight 19:00,3.0,1,-1.43809,-1.05793,4.21316,2.21316,-1.43809,-2.05793,3.19761,0.04007,-0.18327,240.0,47.086
648,21.7207,Twilight 19:00,3.0,1,-1.43889,-1.08387,4.21549,2.21549,-1.43889,-2.08387,3.19869,0.04065,-0.18146,240.0,47.085
649,21.7542,Twilight 19:00,3.0,0,0.0,0.0,0.0,0.0,0.0,0.0,0.0,0.0,0.0,0.0,47.117
650,21.7877,Twilight 19:00,3.0,0,0.0,0.0,0.0,0.0,0.0,0.0,0.0,0.0,0.0,0.0,47.114
651,21.8212,Twilight 19:00,3.0,1,-1.4409,-1.14887,4.2214,2.2214,-1.4409,-2.14887,3.20127,0.04202,-0.17685,240.0,47.083
652,21.8547,Twilight 19:00,3.0,1,-1.44171,-1.17492,4.22379,2.22379,-1.44171,-2.17492,3.20225,0.04253,-0.17497,240.0,47.082
653,21.8883,Twilight 19:00,3.0,0,0.0,0.0,0.0,0.0,0.0,0.0,0.0,0.0,0.0,0.0,47.112
654,21.9218,Twilight 19:00,3.0,0,0.0,0.0,0.0,0.0,0.0,0.0,0.0,0.0,0.0,0.0,47.109
655,21.9553,Twilight 19:00,3.0,1,-1.44376,-1.2402,4.22981,2.22981,-1.44376,-2.2402,3.20455,0.0437,-0.1702,240.0,47.078
656,21.9888,Twilight 19:00,3.0,1,-1.44458,-1.26637,4.23224,2.23224,-1.44458,-2.26637,3.20542,0.04413,-0.16827,240.0,47.078
657,22.0223,Twilight 19:00,3.0,0,0.0,0.0,0.0,0.0,0.0,0.0,0.0,0.0,0.0,0.0,47.106
658,22.0559,Twilight 19:00,3.0,0,0.0,0.0,0.0,0.0,0.0,0.0,0.0,0.0,0.0,0.0,47.102
659,22.0894,Twilight 19:00,3.0,1,-1.44665,-1.33192,4.23831,2.23831,-1.44665,-2.33192,3.20744,0.0451,-0.16338,240.0,47.074
660,22.1229,Twilight 19:00,3.0,1,-1.44748,-1.35819,4.24075,2.24075,-1.44748,-2.35819,3.2082,0.04545,-0.16141,240.0,47.072
661,22.1564,Twilight 19:00,3.0,0,0.0,0.0,0.0,0.0,0.0,0.0,0.0,0.0,0.0,0.0,47.096
662,22.1899,Twilight 19:00,3.0,0,0.0,0.0,0.0,0.0,0.0,0.0,0.0,0.0,0.0,0.0,47.096
663,22.2235,Twilight 19:00,3.0,1,-1.44954,-1.424,4.24682,2.24682,-1.44954,-2.424,3.20995,0.04623,-0.15647,240.0,47.067
664,22.257,Twilight 19:00,3.0,1,-1.45037,-1.45037,4.24924,2.24924,-1.45037,-2.45037,3.21059,0.0465,-0.15448,240.0,47.066
665,22.2905,Twilight 19:00,3.0,0,0.0,0.0,0.0,0.0,0.0,0.0,0.0,0.0,0.0,0.0,47.045
666,22.324,Twilight 19:00,3.0,0,0.0,0.0,0.0,0.0,0.0,0.0,0.0,0.0,0.0,0.0,47.038
667,22.3575,Twilight 19:00,3.0,0,0.0,0.0,0.0,0.0,0.0,0.0,0.0,0.0,0.0,0.0,47.021
668,22.3911,Twilight 19:00,3.0,0,0.0,0.0,0.0,0.0,0.0,0.0,0.0,0.0,0.0,0.0,47.008
669,22.4246,Twilight 19:00,3.0,0,0.0,0.0,0.0,0.0,0.0,0.0,0.0,0.0,0.0,0.0,47.028
670,22.4581,Twilight 19:00,3.0,0,0.0,0.0,0.0,0.0,0.0,0.0,0.0,0.0,0.0,0.0,47.052
671,22.4916,Twilight 19:00,3.0,0,0.0,0.0,0.0,0.0,0.0,0.0,0.0,0.0,0.0,0.0,47.034
672,22.5251,Twilight 19:00,3.0,0,0.0,0.0,0.0,0.0,0.0,0.0,0.0,0.0,0.0,0.0,47.018
673,22.5587,Twilight 19:00,3.0,0,0.0,0.0,0.0,0.0,0.0,0.0,0.0,0.0,0.0,0.0,47.037
674,22.5922,Twilight 19:00,3.0,0,0.0,0.0,0.0,0.0,0.0,0.0,0.0,0.0,0.0,0.0,47.062
675,22.6257,Twilight 19:00,3.0,0,0.0,0.0,0.0,0.0,0.0,0.0,0.0,0.0,0.0,0.0,47.044
676,22.6592,Twilight 19:00,3.0,0,0.0,0.0,0.0,0.0,0.0,0.0,0.0,0.0,0.0,0.0,47.024
677,22.6927,Twilight 19:00,3.0,0,0.0,0.0,0.0,0.0,0.0,0.0,0.0,0.0,0.0,0.0,47.047
678,22.7263,Twilight 19:00,3.0,0,0.0,0.0,0.0,0.0,0.0,0.0,0.0,0.0,0.0,0.0,47.073
679,22.7598,Twilight 19:00,3.0,0,0.0,0.0,0.0,0.0,0.0,0.0,0.0,0.0,0.0,0.0,47.053
680,22.7933,Twilight 19:00,3.0,0,0.0,0.0,0.0,0.0,0.0,0.0,0.0,0.0,0.0,0.0,47.032
681,22.8268,Twilight 19:00,3.0,0,0.0,0.0,0.0,0.0,0.0,0.0,0.0,0.0,0.0,0.0,47.055
682,22.8603,Twilight 19:00,3.0,0,0.0,0.0,0.0,0.0,0.0,0.0,0.0,0.0,0.0,0.0,47.081
683,22.8939,Twilight 19:00,3.0,0,0.0,0.0,0.0,0.0,0.0,0.0,0.0,0.0,0.0,0.0,47.062
684,22.9274,Twilight 19:00,3.0,0,0.0,0.0,0.0,0.0,0.0,0.0,0.0,0.0,0.0,0.0,47.04
685,22.9609,Twilight 19:00,3.0,0,0.0,0.0,0.0,0.0,0.0,0.0,0.0,0.0,0.0,0.0,47.063
686,22.9944,Twilight 19:00,3.0,0,0.0,0.0,0.0,0.0,0.0,0.0,0.0,0.0,0.0,0.0,47.089
687,23.0279,Twilight 19:00,3.0,0,0.0,0.0,0.0,0.0,0.0,0.0,0.0,0.0,0.0,0.0,47.068
688,23.0615,Twilight 19:00,3.0,0,0.0,0.0,0.0,0.0,0.0,0.0,0.0,0.0,0.0,0.0,47.047
689,23.095,Twilight 19:00,3.0,0,0.0,0.0,0.0,0.0,0.0,0.0,0.0,0.0,0.0,0.0,47.071
690,23.1285,Twilight 19:00,3.0,0,0.0,0.0,0.0,0.0,0.0,0.0,0.0,0.0,0.0,0.0,47.098
691,23.162,Twilight 19:00,3.0,0,0.0,0.0,0.0,0.0,0.0,0.0,0.0,0.0,0.0,0.0,47.074
692,23.1955,Twilight 19:00,3.0,0,0.0,0.0,0.0,0.0,0.0,0.0,0.0,0.0,0.0,0.0,47.053
693,23.2291,Twilight 19:00,3.0,0,0.0,0.0,0.0,0.0,0.0,0.0,0.0,0.0,0.0,0.0,47.077
694,23.2626,Twilight 19:00,3.0,0,0.0,0.0,0.0,0.0,0.0,0.0,0.0,0.0,0.0,0.0,47.105
695,23.2961,Twilight 19:00,3.0,0,0.0,0.0,0.0,0.0,0.0,0.0,0.0,0.0,0.0,0.0,47.081
696,23.3296,Twilight 19:00,3.0,0,0.0,0.0,0.0,0.0,0.0,0.0,0.0,0.0,0.0,0.0,47.058
697,23.3631,Twilight 19:00,3.0,0,0.0,0.0,0.0,0.0,0.0,0.0,0.0,0.0,0.0,0.0,47.083
698,23.3966,Twilight 19:00,3.0,0,0.0,0.0,0.0,0.0,0.0,0.0,0.0,0.0,0.0,0.0,47.112
699,23.4302,Twilight 19:00,3.0,0,0.0,0.0,0.0,0.0,0.0,0.0,0.0,0.0,0.0,0.0,47.086
700,23.4637,Twilight 19:00,3.0,0,0.0,0.0,0.0,0.0,0.0,0.0,0.0,0.0,0.0,0.0,47.064
701,23.4972,Twilight 19:00,3.0,0,0.0,0.0,0.0,0.0,0.0,0.0,0.0,0.0,0.0,0.0,47.088
702,23.5307,Twilight 19:00,3.0,0,0.0,0.0,0.0,0.0,0.0,0.0,0.0,0.0,0.0,0.0,47.09
703,23.5642,Twilight 19:00,3.0,0,0.0,0.0,0.0,0.0,0.0,0.0,0.0,0.0,0.0,0.0,47.068
704,23.5978,Twilight 19:00,3.0,0,0.0,0.0,0.0,0.0,0.0,0.0,0.0,0.0,0.0,0.0,47.092
705,23.6313,Twilight 19:00,3.0,0,0.0,0.0,0.0,0.0,0.0,0.0,0.0,0.0,0.0,0.0,47.092
706,23.6648,Twilight 19:00,3.0,0,0.0,0.0,0.0,0.0,0.0,0.0,0.0,0.0,0.0,0.0,47.122
707,23.6983,Twilight 19:00,3.0,0,0.0,0.0,0.0,0.0,0.0,0.0,0.0,0.0,0.0,0.0,47.095
708,23.7318,Twilight 19:00,3.0,0,0.0,0.0,0.0,0.0,0.0,0.0,0.0,0.0,0.0,0.0,47.072
709,23.7654,Twilight 19:00,3.0,0,0.0,0.0,0.0,0.0,0.0,0.0,0.0,0.0,0.0,0.0,47.096
710,23.7989,Twilight 19:00,3.0,0,0.0,0.0,0.0,0.0,0.0,0.0,0.0,0.0,0.0,0.0,47.125
711,23.8324,Twilight 19:00,3.0,0,0.0,0.0,0.0,0.0,0.0,0.0,0.0,0.0,0.0,0.0,47.098
712,23.8659,Twilight 19:00,3.0,0,0.0,0.0,0.0,0.0,0.0,0.0,0.0,0.0,0.0,0.0,47.076
713,23.8994,Twilight 19:00,3.0,0,0.0,0.0,0.0,0.0,0.0,0.0,0.0,0.0,0.0,0.0,47.098
714,23.933,Twilight 19:00,3.0,0,0.0,0.0,0.0,0.0,0.0,0.0,0.0,0.0,0.0,0.0,47.129
715,23.9665,Twilight 19:00,3.0,0,0.0,0.0,0.0,0.0,0.0,0.0,0.0,0.0,0.0,0.0,47.101
716,24.0,Twilight 19:00,3.0,0,0.0,0.0,0.0,0.0,0.0,0.0,0.0,0.0,0.0,0.0,47.078
717,24.0335,Twilight 19:00,3.0,0,0.0,0.0,0.0,0.0,0.0,0.0,0.0,0.0,0.0,0.0,47.101
718,24.067,Twilight 19:00,3.0,0,0.0,0.0,0.0,0.0,0.0,0.0,0.0,0.0,0.0,0.0,47.131
719,24.1006,Twilight 19:00,3.0,0,0.0,0.0,0.0,0.0,0.0,0.0,0.0,0.0,0.0,0.0,47.103
720,24.1341,Twilight 19:00,3.0,0,0.0,0.0,0.0,0.0,0.0,0.0,0.0,0.0,0.0,0.0,47.079
721,24.1676,Twilight 19:00,3.0,0,0.0,0.0,0.0,0.0,0.0,0.0,0.0,0.0,0.0,0.0,47.102
722,24.2011,Twilight 19:00,3.0,0,0.0,0.0,0.0,0.0,0.0,0.0,0.0,0.0,0.0,0.0,47.132
723,24.2346,Twilight 19:00,3.0,0,0.0,0.0,0.0,0.0,0.0,0.0,0.0,0.0,0.0,0.0,47.104
724,24.2682,Twilight 19:00,3.0,0,0.0,0.0,0.0,0.0,0.0,0.0,0.0,0.0,0.0,0.0,47.081
725,24.3017,Twilight 19:00,3.0,0,0.0,0.0,0.0,0.0,0.0,0.0,0.0,0.0,0.0,0.0,47.103
726,24.3352,Twilight 19:00,3.0,0,0.0,0.0,0.0,0.0,0.0,0.0,0.0,0.0,0.0,0.0,47.133
727,24.3687,Twilight 19:00,3.0,0,0.0,0.0,0.0,0.0,0.0,0.0,0.0,0.0,0.0,0.0,47.104
728,24.4022,Twilight 19:00,3.0,0,0.0,0.0,0.0,0.0,0.0,0.0,0.0,0.0,0.0,0.0,47.08
729,24.4358,Twilight 19:00,3.0,0,0.0,0.0,0.0,0.0,0.0,0.0,0.0,0.0,0.0,0.0,47.103
730,24.4693,Twilight 19:00,3.0,0,0.0,0.0,0.0,0.0,0.0,0.0,0.0,0.0,0.0,0.0,47.133
731,24.5028,Twilight 19:00,3.0,0,0.0,0.0,0.0,0.0,0.0,0.0,0.0,0.0,0.0,0.0,47.076
732,24.5363,Twilight 19:00,3.0,1,0.01875,-1.41294,4.13899,2.13899,0.01875,-2.41294,3.1298,8e-05,-0.00024,256.0,47.137
733,24.5698,Twilight 19:00,3.0,1,0.01875,-1.39488,4.13983,2.13983,0.01875,-2.39488,2.98252,0.00091,-0.00212,240.0,47.177
734,24.6034,Twilight 19:00,3.0,1,0.01875,-1.36999,4.13985,2.13985,0.01875,-2.36999,2.98058,0.00091,-0.00216,240.0,47.169
735,24.6369,Twilight 19:00,3.0,1,0.01875,-1.3507,4.139,2.139,0.01875,-2.3507,3.12929,9e-05,-0.00026,256.0,47.138
736,24.6704,Twilight 19:00,3.0,1,0.01875,-1.32581,4.13901,2.13901,0.01875,-2.32581,3.12907,9e-05,-0.00027,256.0,47.141
737,24.7039,Twilight 19:00,3.0,1,0.01875,-1.30776,4.1399,2.1399,0.01875,-2.30776,2.97554,0.00093,-0.00227,240.0,47.179
738,24.7374,Twilight 19:00,3.0,1,0.01875,-1.28287,4.13992,2.13992,0.01875,-2.28287,2.97345,0.00094,-0.00232,240.0,47.171
739,24.7709,Twilight 19:00,3.0,1,0.01875,-1.26357,4.13901,2.13901,0.01875,-2.26357,3.12849,9e-05,-0.00029,256.0,47.137
740,24.8045,Twilight 19:00,3.0,1,0.01875,-1.23867,4.13902,2.13902,0.01875,-2.23867,3.12824,9e-05,-0.0003,256.0,47.143
741,24.838,Twilight 19:00,3.0,1,0.01875,-1.22064,4.13998,2.13998,0.01875,-2.22064,2.96804,0.00096,-0.00244,240.0,47.18
742,24.8715,Twilight 19:00,3.0,1,0.01875,-1.19575,4.14,2.14,0.01875,-2.19575,2.96579,0.00096,-0.00249,240.0,47.17
743,24.905,Twilight 19:00,3.0,1,0.01875,-1.17643,4.13903,2.13903,0.01875,-2.17643,3.12759,0.0001,-0.00033,256.0,47.137
744,24.9385,Twilight 19:00,3.0,1,0.01875,-1.15154,4.13903,2.13903,0.01875,-2.15154,3.12731,0.0001,-0.00035,256.0,47.143
745,24.9721,Twilight 19:00,3.0,1,0.01875,-1.13352,4.14006,2.14006,0.01875,-2.13352,2.95996,0.00098,-0.00262,240.0,47.181
746,25.0056,Twilight 19:00,3.0,1,0.01875,-1.10863,4.14009,2.14009,0.01875,-2.10863,2.95754,0.00099,-0.00268,240.0,47.172
747,25.0391,Twilight 19:00,3.0,1,0.01875,-1.0893,4.13905,2.13905,0.01875,-2.0893,3.12656,0.0001,-0.00038,256.0,47.135
748,25.0726,Twilight 19:00,3.0,1,0.01875,-1.06441,4.13905,2.13905,0.01875,-2.06441,3.12623,0.00011,-0.0004,256.0,47.145
749,25.1061,Twilight 19:00,3.0,1,0.01875,-1.0464,4.14016,2.14016,0.01875,-2.0464,2.95127,0.00101,-0.00282,240.0,47.182
750,25.1397,Twilight 19:00,3.0,1,0.01875,-1.02151,4.14018,2.14018,0.01875,-2.02151,2.94867,0.00101,-0.00288,240.0,47.171
751,25.1732,Twilight 19:00,3.0,1,0.01875,-1.00217,4.13907,2.13907,0.01875,-2.00217,3.12537,0.00011,-0.00044,256.0,47.136
752,25.2067,Twilight 19:00,3.0,1,0.01875,-0.97727,4.13908,2.13908,0.01875,-1.97727,3.12499,0.00011,-0.00046,256.0,47.144
753,25.2402,Twilight 19:00,3.0,1,0.01875,-0.95928,4.14026,2.14026,0.01875,-1.95928,2.94191,0.00103,-0.00303,240.0,47.183
754,25.2737,Twilight 19:00,3.0,1,0.01875,-0.93439,4.14029,2.14029,0.01875,-1.93439,2.9391,0.00104,-0.0031,240.0,47.171
755,25.3073,Twilight 19:00,3.0,1,0.01875,-0.91504,4.1391,2.1391,0.01875,-1.91504,3.12399,0.00012,-0.00052,256.0,47.137
756,25.3408,Twilight 19:00,3.0,1,0.01875,-0.89014,4.13911,2.13911,0.01875,-1.89014,3.12355,0.00012,-0.00055,256.0,47.145
757,25.3743,Twilight 19:00,3.0,1,0.01875,-0.87216,4.14036,2.14036,0.01875,-1.87216,2.93182,0.00105,-0.00326,240.0,47.184
758,25.4078,Twilight 19:00,3.0,1,0.01875,-0.84727,4.1404,2.1404,0.01875,-1.84727,2.92879,0.00106,-0.00333,240.0,47.171
759,25.4413,Twilight 19:00,3.0,1,0.01875,-0.8279,4.13913,2.13913,0.01875,-1.8279,3.12236,0.00013,-0.00062,256.0,47.137
760,25.4749,Twilight 19:00,3.0,1,0.01875,-0.80301,4.13914,2.13914,0.01875,-1.80301,3.12185,0.00013,-0.00065,256.0,47.145
761,25.5084,Twilight 19:00,3.0,1,0.01875,-0.78504,4.14048,2.14048,0.01875,-1.78504,2.92094,0.00108,-0.00351,240.0,47.185
762,25.5419,Twilight 19:00,3.0,1,0.01875,-0.76014,4.14052,2.14052,0.01875,-1.76014,2.91768,0.00108,-0.00358,240.0,47.171
763,25.5754,Twilight 19:00,3.0,1,0.01875,-0.74077,4.13918,2.13918,0.01875,-1.74077,3.12044,0.00014,-0.00074,256.0,47.138
764,25.6089,Twilight 19:00,3.0,1,0.01875,-0.71588,4.13919,2.13919,0.01875,-1.71588,3.11982,0.00015,-0.00079,256.0,47.146
765,25.6425,Twilight 19:00,3.0,1,0.01875,-0.69791,4.14061,2.14061,0.01875,-1.69791,2.90922,0.0011,-0.00377,240.0,47.185
766,25.676,Twilight 19:00,3.0,1,0.01875,-0.67302,4.14065,2.14065,0.01875,-1.67302,2.90571,0.0011,-0.00384,240.0,47.171
767,25.7095,Twilight 19:00,3.0,1,0.01875,-0.65364,4.13924,2.13924,0.01875,-1.65364,3.11812,0.00015,-0.00091,256.0,47.137
768,25.743,Twilight 19:00,3.0,1,0.01875,-0.62875,4.13926,2.13926,0.01875,-1.62875,3.11737,0.00016,-0.00096,256.0,47.146
769,25.7765,Twilight 19:00,3.0,1,0.01875,-0.61079,4.14075,2.14075,0.01875,-1.61079,2.89659,0.00112,-0.00404,240.0,47.18
770,25.8101,Twilight 19:00,3.0,1,0.01875,-0.58589,4.14079,2.14079,0.01875,-1.58589,2.89281,0.00112,-0.00413,240.0,47.172
771,25.8436,Twilight 19:00,3.0,1,0.01875,-0.56652,4.13932,2.13932,0.01875,-1.56652,3.1153,0.00017,-0.00113,256.0,47.138
772,25.8771,Twilight 19:00,3.0,1,0.01875,-0.54162,4.13934,2.13934,0.01875,-1.54162,3.11438,0.00017,-0.0012,256.0,47.14
773,25.9106,Twilight 19:00,3.0,1,0.01875,-0.52366,4.1409,2.1409,0.01875,-1.52366,2.883,0.00113,-0.00434,240.0,47.179
774,25.9441,Twilight 19:00,3.0,1,0.01875,-0.49876,4.14094,2.14094,0.01875,-1.49876,2.87894,0.00114,-0.00442,240.0,47.172
775,25.9777,Twilight 19:00,3.0,1,0.01875,-0.47939,4.13942,2.13942,0.01875,-1.47939,3.11181,0.00019,-0.00143,256.0,47.137
776,26.0112,Twilight 19:00,3.0,1,0.01875,-0.4545,4.13946,2.13946,0.01875,-1.4545,3.11066,0.00019,-0.00153,256.0,47.14
777,26.0447,Twilight 19:00,3.0,1,0.01875,-0.43653,4.14105,2.14105,0.01875,-1.43653,2.8684,0.00115,-0.00464,240.0,47.179
778,26.0782,Twilight 19:00,3.0,1,0.01875,-0.41163,4.1411,2.1411,0.01875,-1.41163,2.86403,0.00115,-0.00473,240.0,47.171
779,26.1117,Twilight 19:00,3.0,1,0.01875,-0.39227,4.13958,2.13958,0.01875,-1.39227,3.10742,0.00021,-0.00183,256.0,47.135
780,26.1453,Twilight 19:00,3.0,1,0.01875,-0.36738,4.13963,2.13963,0.01875,-1.36738,3.10596,0.00021,-0.00197,256.0,47.137
781,26.1788,Twilight 19:00,3.0,1,0.01875,-0.34939,4.14122,2.14122,0.01875,-1.34939,2.85272,0.00116,-0.00496,240.0,47.172
782,26.2123,Twilight 19:00,3.0,1,0.01875,-0.32449,4.14127,2.14127,0.01875,-1.32449,2.84804,0.00116,-0.00505,240.0,47.163
783,26.2458,Twilight 19:00,3.0,1,0.01875,-0.30514,4.13979,2.13979,0.01875,-1.30514,3.10182,0.00023,-0.00239,256.0,47.128
784,26.2793,Twilight 19:00,3.0,1,0.01875,-0.28025,4.13986,2.13986,0.01875,-1.28025,3.09995,0.00023,-0.00259,256.0,47.127
785,26.3128,Twilight 19:00,3.0,1,0.01875,-0.26225,4.1414,2.1414,0.01875,-1.26225,2.83593,0.00116,-0.00528,240.0,47.167
786,26.3464,Twilight 19:00,3.0,1,0.01875,-0.23735,4.14145,2.14145,0.01875,-1.23735,2.83093,0.00116,-0.00537,240.0,47.16
787,26.3799,Twilight 19:00,3.0,1,0.01875,-0.21802,4.14009,2.14009,0.01875,-1.21802,3.09459,0.00025,-0.00315,256.0,47.121
788,26.4134,Twilight 19:00,3.0,1,0.01875,-0.19313,4.1402,2.1402,0.01875,-1.19313,3.09214,0.00025,-0.00341,256.0,47.119
789,26.4469,Twilight 19:00,3.0,1,0.01875,-0.17511,4.14158,2.14158,0.01875,-1.17511,2.818,0.00116,-0.00561,240.0,47.156
790,26.4804,Twilight 19:00,3.0,1,0.01875,-0.15021,4.14164,2.14164,0.01875,-1.15021,2.81267,0.00116,-0.0057,240.0,47.149
791,26.514,Twilight 19:00,3.0,1,0.01875,-0.13089,4.14051,2.14051,0.01875,-1.13089,3.08509,0.00026,-0.00414,256.0,47.111
792,26.5475,Twilight 19:00,3.0,1,0.01875,-0.106,4.14066,2.14066,0.01875,-1.106,3.08185,0.00027,-0.00446,256.0,47.11
793,26.581,Twilight 19:00,3.0,1,0.01875,-0.08796,4.14177,2.14177,0.01875,-1.08796,2.79891,0.00116,-0.00594,240.0,47.152
794,26.6145,Twilight 19:00,3.0,1,0.01875,-0.06306,4.14183,2.14183,0.01875,-1.06306,2.79324,0.00116,-0.00603,240.0,47.144
795,26.648,Twilight 19:00,3.0,1,0.01875,-0.04376,4.14107,2.14107,0.01875,-1.04376,3.07247,0.00027,-0.00533,256.0,47.106
796,26.6816,Twilight 19:00,3.0,1,0.01875,-0.01886,4.14125,2.14125,0.01875,-1.01886,3.06812,0.00027,-0.00569,256.0,47.108
797,26.7151,Twilight 19:00,3.0,1,0.01875,-0.00641,4.14134,2.14134,0.01875,-1.00641,3.06581,0.00027,-0.00588,256.0,47.105
798,26.7486,Twilight 19:00,3.0,1,0.01875,-0.00641,4.14134,2.14134,0.01875,-1.00641,3.06581,0.00027,-0.00588,256.0,47.105
799,26.7821,Twilight 19:00,3.0,1,0.01875,-0.00641,4.14134,2.14134,0.01875,-1.00641,3.06581,0.00027,-0.00588,256.0,47.105
800,26.8156,Twilight 19:00,3.0,1,0.01875,-0.00641,4.14134,2.14134,0.01875,-1.00641,3.06581,0.00027,-0.00588,256.0,47.105
801,26.8492,Twilight 19:00,3.0,1,0.01875,-0.00641,4.14134,2.14134,0.01875,-1.00641,3.06581,0.00027,-0.00588,256.0,47.105
802,26.8827,Twilight 19:00,3.0,1,0.01875,-0.00641,4.14134,2.14134,0.01875,-1.00641,3.06581,0.00027,-0.00588,256.0,47.105
803,26.9162,Twilight 19:00,3.0,1,0.01875,-0.00641,4.14134,2.14134,0.01875,-1.00641,3.06581,0.00027,-0.00588,256.0,47.105
804,26.9497,Twilight 19:00,3.0,1,0.01875,-0.00641,4.14134,2.14134,0.01875,-1.00641,3.06581,0.00027,-0.00588,256.0,47.105
805,26.9832,Twilight 19:00,3.0,1,0.01875,-0.00641,4.14134,2.14134,0.01875,-1.00641,3.06581,0.00027,-0.00588,256.0,47.105
806,27.0168,Twilight 19:00,3.0,1,0.01875,-0.00641,4.14134,2.14134,0.01875,-1.00641,3.06581,0.00027,-0.00588,256.0,47.105
807,27.0503,Twilight 19:00,3.0,1,0.01875,-0.00641,4.14134,2.14134,0.01875,-1.00641,3.06581,0.00027,-0.00588,256.0,47.105
808,27.0838,Twilight 19:00,3.0,1,0.01875,-0.00641,4.14134,2.14134,0.01875,-1.00641,3.06581,0.00027,-0.00588,256.0,47.105
809,27.1173,Twilight 19:00,3.0,1,0.01875,-0.00641,4.14134,2.14134,0.01875,-1.00641,3.06581,0.00027,-0.00588,256.0,47.105
810,27.1508,Twilight 19:00,3.0,1,0.01875,-0.00641,4.14134,2.14134,0.01875,-1.00641,3.06581,0.00027,-0.00588,256.0,47.105
811,27.1844,Twilight 19:00,3.0,1,0.01875,-0.00641,4.14134,2.14134,0.01875,-1.00641,3.06581,0.00027,-0.00588,256.0,47.105
812,27.2179,Twilight 19:00,3.0,1,0.01875,-0.00641,4.14134,2.14134,0.01875,-1.00641,3.06581,0.00027,-0.00588,256.0,47.105
813,27.2514,Twilight 19:00,3.0,1,0.01875,-0.00641,4.14134,2.14134,0.01875,-1.00641,3.06581,0.00027,-0.00588,256.0,47.105
814,27.2849,Twilight 19:00,3.0,1,0.01875,-0.00641,4.14134,2.14134,0.01875,-1.00641,3.06581,0.00027,-0.00588,256.0,47.105
815,27.3184,Twilight 19:00,3.0,1,0.01875,-0.00641,4.14134,2.14134,0.01875,-1.00641,3.06581,0.00027,-0.00588,256.0,47.105
816,27.352,Twilight 19:00,3.0,1,0.01875,-0.00641,4.14134,2.14134,0.01875,-1.00641,3.06581,0.00027,-0.00588,256.0,47.105
817,27.3855,Twilight 19:00,3.0,1,0.01875,-0.00641,4.14134,2.14134,0.01875,-1.00641,3.06581,0.00027,-0.00588,256.0,47.105
818,27.419,Twilight 19:00,3.0,1,0.01875,-0.00641,4.14134,2.14134,0.01875,-1.00641,3.06581,0.00027,-0.00588,256.0,47.105
819,27.4525,Twilight 19:00,3.0,1,0.01875,-0.00641,4.14134,2.14134,0.01875,-1.00641,3.06581,0.00027,-0.00588,256.0,47.105
820,27.486,Twilight 19:00,3.0,1,0.01875,-0.00641,4.14134,2.14134,0.01875,-1.00641,3.06581,0.00027,-0.00588,256.0,47.105
821,27.5196,Twilight 19:00,3.0,1,0.01875,-0.00641,4.14134,2.14134,0.01875,-1.00641,3.06581,0.00027,-0.00588,256.0,47.105
822,27.5531,Twilight 19:00,3.0,1,0.01875,-0.00641,4.14134,2.14134,0.01875,-1.00641,3.06581,0.00027,-0.00588,256.0,47.105
823,27.5866,Twilight 19:00,3.0,1,0.01875,-0.00641,4.14134,2.14134,0.01875,-1.00641,3.06581,0.00027,-0.00588,256.0,47.105
824,27.6201,Twilight 19:00,3.0,1,0.01875,-0.00641,4.14134,2.14134,0.01875,-1.00641,3.06581,0.00027,-0.00588,256.0,47.105
825,27.6536,Twilight 19:00,3.0,1,0.01875,-0.00641,4.14134,2.14134,0.01875,-1.00641,3.06581,0.00027,-0.00588,256.0,47.105
826,27.6872,Twilight 19:00,3.0,1,0.01875,-0.00641,4.14134,2.14134,0.01875,-1.00641,3.06581,0.00027,-0.00588,256.0,47.105
827,27.7207,Twilight 19:00,3.0,1,0.01875,-0.00641,4.14134,2.14134,0.01875,-1.00641,3.06581,0.00027,-0.00588,256.0,47.105
828,27.7542,Twilight 19:00,3.0,1,0.01875,-0.00641,4.14134,2.14134,0.01875,-1.00641,3.06581,0.00027,-0.00588,256.0,47.105
829,27.7877,Twilight 19:00,3.0,1,0.01875,-0.00641,4.14134,2.14134,0.01875,-1.00641,3.06581,0.00027,-0.00588,256.0,47.105
830,27.8212,Twilight 19:00,3.0,1,0.01875,-0.00641,4.14134,2.14134,0.01875,-1.00641,3.06581,0.00027,-0.00588,256.0,47.105
831,27.8547,Twilight 19:00,3.0,1,0.01875,-0.00641,4.14134,2.14134,0.01875,-1.00641,3.06581,0.00027,-0.00588,256.0,47.105
832,27.8883,Twilight 19:00,3.0,1,0.01875,-0.00641,4.14134,2.14134,0.01875,-1.00641,3.06581,0.00027,-0.00588,256.0,47.105
833,27.9218,Twilight 19:00,3.0,1,0.01875,-0.00641,4.14134,2.14134,0.01875,-1.00641,3.06581,0.00027,-0.00588,256.0,47.105
834,27.9553,Twilight 19:00,3.0,1,0.01875,-0.00641,4.14134,2.14134,0.01875,-1.00641,3.06581,0.00027,-0.00588,256.0,47.105
835,27.9888,Twilight 19:00,3.0,1,0.01875,-0.00641,4.14134,2.14134,0.01875,-1.00641,3.06581,0.00027,-0.00588,256.0,47.105
836,28.0223,Twilight 19:00,3.0,1,0.01875,-0.00641,4.14134,2.14134,0.01875,-1.00641,3.06581,0.00027,-0.00588,256.0,47.105
837,28.0559,Twilight 19:00,3.0,1,0.01875,-0.00641,4.14134,2.14134,0.01875,-1.00641,3.06581,0.00027,-0.00588,256.0,47.105
838,28.0894,Twilight 19:00,3.0,1,0.01875,-0.00641,4.14134,2.14134,0.01875,-1.00641,3.06581,0.00027,-0.00588,256.0,47.105
839,28.1229,Twilight 19:00,3.0,1,0.01875,-0.00641,4.14134,2.14134,0.01875,-1.00641,3.06581,0.00027,-0.00588,256.0,47.105
840,28.1564,Twilight 19:00,3.0,1,0.01875,-0.00641,4.14134,2.14134,0.01875,-1.00641,3.06581,0.00027,-0.00588,256.0,47.105
841,28.1899,Twilight 19:00,3.0,1,0.01875,-0.00641,4.14134,2.14134,0.01875,-1.00641,3.06581,0.00027,-0.00588,256.0,47.105
842,28.2235,Twilight 19:00,3.0,1,0.01875,-0.00641,4.14134,2.14134,0.01875,-1.00641,3.06581,0.00027,-0.00588,256.0,47.105
843,28.257,Twilight 19:00,3.0,1,0.01875,-0.00641,4.14134,2.14134,0.01875,-1.00641,3.06581,0.00027,-0.00588,256.0,47.105
844,28.2905,Twilight 19:00,3.0,1,0.01875,-0.00641,4.14134,2.14134,0.01875,-1.00641,3.06581,0.00027,-0.00588,256.0,47.105
845,28.324,Twilight 19:00,3.0,1,0.01875,-0.00641,4.14134,2.14134,0.01875,-1.00641,3.06581,0.00027,-0.00588,256.0,47.105
846,28.3575,Twilight 19:00,3.0,1,0.01875,-0.00641,4.14134,2.14134,0.01875,-1.00641,3.06581,0.00027,-0.00588,256.0,47.105
847,28.3911,Twilight 19:00,3.0,1,0.01875,-0.00641,4.14134,2.14134,0.01875,-1.00641,3.06581,0.00027,-0.00588,256.0,47.105
848,28.4246,Twilight 19:00,3.0,1,0.01875,-0.00641,4.14134,2.14134,0.01875,-1.00641,3.06581,0.00027,-0.00588,256.0,47.105
849,28.4581,Twilight 19:00,3.0,1,0.01875,-0.00641,4.14134,2.14134,0.01875,-1.00641,3.06581,0.00027,-0.00588,256.0,47.105
850,28.4916,Twilight 19:00,3.0,1,0.01875,-0.00641,4.14134,2.14134,0.01875,-1.00641,3.06581,0.00027,-0.00588,256.0,47.105
851,28.5251,Twilight 19:00,3.0,1,0.01875,-0.00641,4.14134,2.14134,0.01875,-1.00641,3.06581,0.00027,-0.00588,256.0,47.105
852,28.5587,Twilight 19:00,3.0,1,0.01875,-0.00641,4.14134,2.14134,0.01875,-1.00641,3.06581,0.00027,-0.00588,256.0,47.105
853,28.5922,Twilight 19:00,3.0,1,0.01875,-0.00641,4.14134,2.14134,0.01875,-1.00641,3.06581,0.00027,-0.00588,256.0,47.105
854,28.6257,Twilight 19:00,3.0,1,0.01875,-0.00641,4.14134,2.14134,0.01875,-1.00641,3.06581,0.00027,-0.00588,256.0,47.105
855,28.6592,Twilight 19:00,3.0,1,0.01875,-0.00641,4.14134,2.14134,0.01875,-1.00641,3.06581,0.00027,-0.00588,256.0,47.105
856,28.6927,Twilight 19:00,3.0,1,0.01875,-0.00641,4.14134,2.14134,0.01875,-1.00641,3.06581,0.00027,-0.00588,256.0,47.105
857,28.7263,Twilight 19:00,3.0,1,0.01875,-0.00641,4.14134,2.14134,0.01875,-1.00641,3.06581,0.00027,-0.00588,256.0,47.105
858,28.7598,Twilight 19:00,3.0,1,0.01875,-0.00641,4.14134,2.14134,0.01875,-1.00641,3.06581,0.00027,-0.00588,256.0,47.105
859,28.7933,Twilight 19:00,3.0,1,0.01875,-0.00641,4.14134,2.14134,0.01875,-1.00641,3.06581,0.00027,-0.00588,256.0,47.105
860,28.8268,Twilight 19:00,3.0,1,0.01875,-0.00641,4.14134,2.14134,0.01875,-1.00641,3.06581,0.00027,-0.00588,256.0,47.105
861,28.8603,Twilight 19:00,3.0,1,0.01875,-0.00641,4.14134,2.14134,0.01875,-1.00641,3.06581,0.00027,-0.00588,256.0,47.105
862,28.8939,Twilight 19:00,3.0,1,0.01875,-0.00641,4.14134,2.14134,0.01875,-1.00641,3.06581,0.00027,-0.00588,256.0,47.105
863,28.9274,Twilight 19:00,3.0,1,0.01875,-0.00641,4.14134,2.14134,0.01875,-1.00641,3.06581,0.00027,-0.00588,256.0,47.105
864,28.9609,Twilight 19:00,3.0,1,0.01875,-0.00641,4.14134,2.14134,0.01875,-1.00641,3.06581,0.00027,-0.00588,256.0,47.105
865,28.9944,Twilight 19:00,3.0,1,0.01875,-0.00641,4.14134,2.14134,0.01875,-1.00641,3.06581,0.00027,-0.00588,256.0,47.107
866,29.0279,Twilight 19:00,3.0,1,0.01875,-0.00641,4.14134,2.14134,0.01875,-1.00641,3.06581,0.00027,-0.00588,256.0,47.118
867,29.0615,Twilight 19:00,3.0,1,0.01875,-0.00641,4.14134,2.14134,0.01875,-1.00641,3.06581,0.00027,-0.00588,256.0,47.125
868,29.095,Twilight 19:00,3.0,1,0.01875,-0.00641,4.14134,2.14134,0.01875,-1.00641,3.06581,0.00027,-0.00588,256.0,47.132
869,29.1285,Twilight 19:00,3.0,1,0.01875,-0.00641,4.14134,2.14134,0.01875,-1.00641,3.06581,0.00027,-0.00588,256.0,47.153
870,29.162,Twilight 19:00,3.0,1,0.01875,-0.00641,4.14134,2.14134,0.01875,-1.00641,3.06581,0.00027,-0.00588,256.0,47.177
871,29.1955,Twilight 19:00,3.0,1,0.01875,-0.00641,4.14134,2.14134,0.01875,-1.00641,3.06581,0.00027,-0.00588,256.0,47.19
872,29.2291,Twilight 19:00,3.0,1,0.01875,-0.00641,4.14134,2.14134,0.01875,-1.00641,3.06581,0.00027,-0.00588,256.0,47.194
873,29.2626,Twilight 19:00,3.0,1,0.01875,-0.00641,4.14134,2.14134,0.01875,-1.00641,3.06581,0.00027,-0.00588,256.0,47.197
874,29.2961,Twilight 19:00,3.0,1,0.0185,-0.01177,3.91467,1.91467,0.0185,-1.01177,3.10325,-0.00077,0.50762,272.0,47.217
875,29.3296,Twilight 19:00,3.0,1,0.0185,-0.01177,3.91467,1.91467,0.0185,-1.01177,3.10325,-0.00077,0.50762,272.0,47.217
876,29.3631,Twilight 19:00,3.0,1,0.01177,-0.01191,3.89795,1.89795,0.01177,-1.01191,3.06876,0.00017,-0.00378,289.0,47.217
877,29.3966,Twilight 19:00,3.0,1,0.01177,-0.01191,3.89795,1.89795,0.01177,-1.01191,3.06876,0.00017,-0.00378,289.0,47.207
878,29.4302,Twilight 19:00,3.0,1,0.01177,-0.01191,3.89795,1.89795,0.01177,-1.01191,3.06876,0.00017,-0.00378,289.0,47.216
879,29.4637,Twilight 19:00,3.0,1,0.01177,-0.01191,3.89795,1.89795,0.01177,-1.01191,3.06876,0.00017,-0.00378,289.0,47.216
880,29.4972,Twilight 19:00,3.0,1,0.01177,-0.01191,3.89795,1.89795,0.01177,-1.01191,3.06876,0.00017,-0.00378,289.0,47.218
881,29.5307,Twilight 19:00,3.0,1,0.01667,-0.01193,3.68236,1.68236,0.01667,-1.01193,2.80254,0.0011,-0.00624,306.0,47.242
882,29.5642,Twilight 19:00,3.0,1,0.01667,-0.01193,3.68236,1.68236,0.01667,-1.01193,2.80254,0.0011,-0.00624,306.0,47.242
883,29.5978,Twilight 19:00,3.0,1,0.01667,-0.01193,3.68236,1.68236,0.01667,-1.01193,2.80254,0.0011,-0.00624,306.0,47.249
884,29.6313,Twilight 19:00,3.0,1,0.01667,-0.01193,3.68236,1.68236,0.01667,-1.01193,2.80254,0.0011,-0.00624,306.0,47.248
885,29.6648,Twilight 19:00,3.0,1,0.01667,-0.01193,3.68236,1.68236,0.01667,-1.01193,2.80254,0.0011,-0.00624,306.0,47.255
886,29.6983,Twilight 19:00,3.0,1,0.01667,-0.01193,3.68236,1.68236,0.01667,-1.01193,2.80254,0.0011,-0.00624,306.0,47.252
887,29.7318,Twilight 19:00,3.0,1,0.01668,-0.01053,3.5032,1.5032,0.01668,-1.01053,3.10838,-0.00073,0.47516,342.0,47.251
888,29.7654,Twilight 19:00,3.0,1,0.01668,-0.01053,3.5032,1.5032,0.01668,-1.01053,3.10838,-0.00073,0.47516,342.0,47.246
889,29.7989,Twilight 19:00,3.0,1,0.01668,-0.01053,3.5032,1.5032,0.01668,-1.01053,3.10838,-0.00073,0.47516,342.0,47.246
890,29.8324,Twilight 19:00,3.0,1,0.01668,-0.01053,3.5032,1.5032,0.01668,-1.01053,3.10838,-0.00073,0.47516,342.0,47.249
891,29.8659,Twilight 19:00,3.0,1,0.01668,-0.01053,3.5032,1.5032,0.01668,-1.01053,3.10838,-0.00073,0.47516,342.0,47.267
892,29.8994,Twilight 19:00,3.0,1,0.01053,-0.01069,3.48818,1.48818,0.01053,-1.01069,3.07295,0.00016,-0.00361,361.0,47.291
893,29.933,Twilight 19:00,3.0,1,0.01053,-0.01069,3.48818,1.48818,0.01053,-1.01069,3.07295,0.00016,-0.00361,361.0,47.299
894,29.9665,Twilight 19:00,3.0,1,0.01053,-0.01069,3.48818,1.48818,0.01053,-1.01069,3.07295,0.00016,-0.00361,361.0,47.299
895,30.0,Twilight 19:00,3.0,1,0.01053,-0.01069,3.48818,1.48818,0.01053,-1.01069,3.07295,0.00016,-0.00361,361.0,47.311
896,30.0335,Twilight 19:00,3.0,1,0.01053,-0.01069,3.48818,1.48818,0.01053,-1.01069,3.07295,0.00016,-0.00361,361.0,47.315
897,30.067,Twilight 19:00,3.0,1,0.01053,-0.01069,3.48818,1.48818,0.01053,-1.01069,3.07295,0.00016,-0.00361,361.0,47.325
898,30.1006,Twilight 19:00,3.0,1,0.01053,-0.01069,3.48818,1.48818,0.01053,-1.01069,3.07295,0.00016,-0.00361,361.0,47.318
899,30.1341,Twilight 19:00,3.0,1,0.015,-0.01515,3.314,1.314,0.015,-1.01515,3.07626,0.00024,-0.0052,400.0,47.329
900,30.1676,Twilight 19:00,3.0,1,0.015,-0.01515,3.314,1.314,0.015,-1.01515,3.07626,0.00024,-0.0052,400.0,47.329
901,30.2011,Twilight 19:00,3.0,1,0.015,-0.01515,3.314,1.314,0.015,-1.01515,3.07626,0.00024,-0.0052,400.0,47.334
902,30.2346,Twilight 19:00,3.0,1,0.015,-0.01515,3.314,1.314,0.015,-1.01515,3.07626,0.00024,-0.0052,400.0,47.346
903,30.2682,Twilight 19:00,3.0,1,0.015,-0.01515,3.314,1.314,0.015,-1.01515,3.07626,0.00024,-0.0052,400.0,47.346
904,30.3017,Twilight 19:00,3.0,1,0.015,-0.01515,3.314,1.314,0.015,-1.01515,3.07626,0.00024,-0.0052,400.0,47.352
905,30.3352,Twilight 19:00,3.0,1,0.015,-0.01515,3.314,1.314,0.015,-1.01515,3.07626,0.00024,-0.0052,400.0,47.356
906,30.3687,Twilight 19:00,3.0,1,0.015,-0.01515,3.314,1.314,0.015,-1.01515,3.07626,0.00024,-0.0052,400.0,47.366
907,30.4022,Twilight 19:00,3.0,1,0.00953,-0.01517,3.15718,1.15718,0.00953,-1.01517,2.8301,0.00068,-0.00416,420.0,47.385
908,30.4358,Twilight 19:00,3.0,1,0.00953,-0.01517,3.15718,1.15718,0.00953,-1.01517,2.8301,0.00068,-0.00416,420.0,47.396
909,30.4693,Twilight 19:00,3.0,1,0.00953,-0.01517,3.15718,1.15718,0.00953,-1.01517,2.8301,0.00068,-0.00416,420.0,47.384
910,30.5028,Twilight 19:00,3.0,1,0.01001,-0.01364,3.0264,1.0264,0.01001,-1.01364,3.11557,-0.00099,0.43601,462.0,47.408
911,30.5363,Twilight 19:00,3.0,1,0.01001,-0.01364,3.0264,1.0264,0.01001,-1.01364,3.11557,-0.00099,0.43601,462.0,47.426
912,30.5698,Twilight 19:00,3.0,1,0.01001,-0.01364,3.0264,1.0264,0.01001,-1.01364,3.11557,-0.00099,0.43601,462.0,47.413
913,30.6034,Twilight 19:00,3.0,1,0.01001,-0.01364,3.0264,1.0264,0.01001,-1.01364,3.11557,-0.00099,0.43601,462.0,47.406
914,30.6369,Twilight 19:00,3.0,1,0.01364,-0.01379,3.01325,1.01325,0.01364,-1.01379,3.08136,0.00022,-0.00492,484.0,47.403
915,30.6704,Twilight 19:00,3.0,1,0.01364,-0.01379,3.01325,1.01325,0.01364,-1.01379,3.08136,0.00022,-0.00492,484.0,47.43
916,30.7039,Twilight 19:00,3.0,1,0.01364,-0.01379,3.01325,1.01325,0.01364,-1.01379,3.08136,0.00022,-0.00492,484.0,47.443
917,30.7374,Twilight 19:00,3.0,1,0.01364,-0.01379,3.01325,1.01325,0.01364,-1.01379,3.08136,0.00022,-0.00492,484.0,47.45
918,30.7709,Twilight 19:00,3.0,1,0.0087,-0.01398,2.88325,0.88325,0.0087,-1.01398,2.84499,0.00065,-0.00416,506.0,47.461
919,30.8045,Twilight 19:00,3.0,1,0.0087,-0.01398,2.88325,0.88325,0.0087,-1.01398,2.84499,0.00065,-0.00416,506.0,47.428
920,30.838,Twilight 19:00,3.0,1,0.0087,-0.01754,2.88241,0.88241,0.0087,-1.01754,3.08463,0.00014,-0.00314,529.0,47.418
921,30.8715,Twilight 19:00,3.0,1,0.0087,-0.01754,2.88241,0.88241,0.0087,-1.01754,3.08463,0.00014,-0.00314,529.0,47.438
922,30.905,Twilight 19:00,3.0,1,0.0087,-0.01754,2.88241,0.88241,0.0087,-1.01754,3.08463,0.00014,-0.00314,529.0,47.509
923,30.9385,Twilight 19:00,3.0,1,0.0087,-0.01754,2.88241,0.88241,0.0087,-1.01754,3.08463,0.00014,-0.00314,529.0,47.509
924,30.9721,Twilight 19:00,3.0,1,0.0087,-0.01754,2.88241,0.88241,0.0087,-1.01754,3.08463,0.00014,-0.00314,529.0,47.574
925,31.0056,Twilight 19:00,3.0,1,0.0087,-0.01754,2.88241,0.88241,0.0087,-1.01754,3.08463,0.00014,-0.00314,529.0,47.602
926,31.0391,Twilight 19:00,3.0,1,0.0125,-0.01761,2.76342,0.76342,0.0125,-1.01761,2.8533,0.00096,-0.0062,552.0,47.592
927,31.0726,Twilight 19:00,3.0,1,0.01298,-0.016,2.66409,0.66409,0.01298,-1.016,3.12199,-0.00122,0.39816,600.0,47.55
928,31.1061,Twilight 19:00,3.0,1,0.008,-0.01615,2.65229,0.65229,0.008,-1.01615,3.09066,0.00013,-0.00294,625.0,47.478
929,31.1397,Twilight 19:00,3.0,1,0.008,-0.01615,2.65229,0.65229,0.008,-1.01615,3.09066,0.00013,-0.00294,625.0,47.469
930,31.1732,Twilight 19:00,3.0,1,0.008,-0.01615,2.65229,0.65229,0.008,-1.01615,3.09066,0.00013,-0.00294,625.0,47.469
931,31.2067,Twilight 19:00,3.0,1,0.008,-0.01615,2.65229,0.65229,0.008,-1.01615,3.09066,0.00013,-0.00294,625.0,47.469
932,31.2402,Twilight 19:00,3.0,1,0.008,-0.01615,2.65229,0.65229,0.008,-1.01615,3.09066,0.00013,-0.00294,625.0,47.469
933,31.2737,Twilight 19:00,3.0,1,0.008,-0.01615,2.65229,0.65229,0.008,-1.01615,3.09066,0.00013,-0.00294,625.0,47.469
934,31.3073,Twilight 19:00,3.0,1,0.008,-0.01615,2.65229,0.65229,0.008,-1.01615,3.09066,0.00013,-0.00294,625.0,47.469
935,31.3408,Twilight 19:00,3.0,1,0.008,-0.01615,2.65229,0.65229,0.008,-1.01615,3.09066,0.00013,-0.00294,625.0,47.469
936,31.3743,Twilight 19:00,3.0,1,0.008,-0.01615,2.65229,0.65229,0.008,-1.01615,3.09066,0.00013,-0.00294,625.0,47.469
937,31.4078,Twilight 19:00,3.0,1,0.008,-0.01615,2.65229,0.65229,0.008,-1.01615,3.09066,0.00013,-0.00294,625.0,47.469
938,31.4413,Twilight 19:00,3.0,1,0.008,-0.01615,2.65229,0.65229,0.008,-1.01615,3.09066,0.00013,-0.00294,625.0,47.469
939,31.4749,Twilight 19:00,3.0,1,0.008,-0.01615,2.65229,0.65229,0.008,-1.01615,3.09066,0.00013,-0.00294,625.0,47.469
940,31.5084,Twilight 19:00,3.0,1,0.008,-0.01615,2.65229,0.65229,0.008,-1.01615,3.09066,0.00013,-0.00294,625.0,47.469
941,31.5419,Twilight 19:00,3.0,1,0.008,-0.01615,2.65229,0.65229,0.008,-1.01615,3.09066,0.00013,-0.00294,625.0,47.469
942,31.5754,Twilight 19:00,3.0,1,0.008,-0.01615,2.65229,0.65229,0.008,-1.01615,3.09066,0.00013,-0.00294,625.0,47.469
943,31.6089,Twilight 19:00,3.0,1,0.008,-0.01615,2.65229,0.65229,0.008,-1.01615,3.09066,0.00013,-0.00294,625.0,47.469
944,31.6425,Twilight 19:00,3.0,1,0.008,-0.01615,2.65229,0.65229,0.008,-1.01615,3.09066,0.00013,-0.00294,625.0,47.469
945,31.676,Twilight 19:00,3.0,1,0.008,-0.01615,2.65229,0.65229,0.008,-1.01615,3.09066,0.00013,-0.00294,625.0,47.469
946,31.7095,Twilight 19:00,3.0,1,0.008,-0.01615,2.65229,0.65229,0.008,-1.01615,3.09066,0.00013,-0.00294,625.0,47.469
947,31.743,Twilight 19:00,3.0,1,0.008,-0.01615,2.65229,0.65229,0.008,-1.01615,3.09066,0.00013,-0.00294,625.0,47.469
948,31.7765,Twilight 19:00,3.0,1,0.008,-0.01615,2.65229,0.65229,0.008,-1.01615,3.09066,0.00013,-0.00294,625.0,47.469
949,31.8101,Twilight 19:00,3.0,1,0.008,-0.01615,2.65229,0.65229,0.008,-1.01615,3.09066,0.00013,-0.00294,625.0,47.469
950,31.8436,Twilight 19:00,3.0,1,0.008,-0.01615,2.65229,0.65229,0.008,-1.01615,3.09066,0.00013,-0.00294,625.0,47.469
951,31.8771,Twilight 19:00,3.0,1,0.008,-0.01615,2.65229,0.65229,0.008,-1.01615,3.09066,0.00013,-0.00294,625.0,47.469
952,31.9106,Twilight 19:00,3.0,1,0.008,-0.01615,2.65229,0.65229,0.008,-1.01615,3.09066,0.00013,-0.00294,625.0,47.469
953,31.9441,Twilight 19:00,3.0,1,0.008,-0.01615,2.65229,0.65229,0.008,-1.01615,3.09066,0.00013,-0.00294,625.0,47.469
954,31.9777,Twilight 19:00,3.0,1,0.008,-0.01615,2.65229,0.65229,0.008,-1.01615,3.09066,0.00013,-0.00294,625.0,47.469
955,32.0112,Twilight 19:00,3.0,1,0.008,-0.01615,2.65229,0.65229,0.008,-1.01615,3.09066,0.00013,-0.00294,625.0,47.469
956,32.0447,Twilight 19:00,3.0,1,0.008,-0.01615,2.65229,0.65229,0.008,-1.01615,3.09066,0.00013,-0.00294,625.0,47.469
957,32.0782,Twilight 19:00,3.0,1,0.008,-0.01615,2.65229,0.65229,0.008,-1.01615,3.09066,0.00013,-0.00294,625.0,47.469
958,32.1117,Twilight 19:00,3.0,1,0.008,-0.01615,2.65229,0.65229,0.008,-1.01615,3.09066,0.00013,-0.00294,625.0,47.469
959,32.1453,Twilight 19:00,3.0,1,0.008,-0.01615,2.65229,0.65229,0.008,-1.01615,3.09066,0.00013,-0.00294,625.0,47.469
960,32.1788,Twilight 19:00,3.0,1,0.008,-0.01615,2.65229,0.65229,0.008,-1.01615,3.09066,0.00013,-0.00294,625.0,47.469
961,32.2123,Twilight 19:00,3.0,1,0.008,-0.01615,2.65229,0.65229,0.008,-1.01615,3.09066,0.00013,-0.00294,625.0,47.469
962,32.2458,Twilight 19:00,3.0,1,0.008,-0.01615,2.65229,0.65229,0.008,-1.01615,3.09066,0.00013,-0.00294,625.0,47.469
963,32.2793,Twilight 19:00,3.0,1,0.008,-0.01615,2.65229,0.65229,0.008,-1.01615,3.09066,0.00013,-0.00294,625.0,47.469
964,32.3128,Twilight 19:00,3.0,1,0.008,-0.01615,2.65229,0.65229,0.008,-1.01615,3.09066,0.00013,-0.00294,625.0,47.469
