frame,time_s,scenario,source,target_lux,detected,est_x,est_y,est_z,err_x,err_y,err_z,rot_x,rot_y,rot_z,marker_area_px,frame_brightness
0,0.0,Midnight 00:00,simulation,0.1,1,0.03597,0.004,2.59127,0.59127,0.03597,-0.996,3.12775,0.00023,0.27984,625.0,5.045
1,0.0334,Midnight 00:00,simulation,0.1,1,0.03597,0.004,2.59127,0.59127,0.03597,-0.996,3.12775,0.00023,0.27984,625.0,5.047
2,0.0669,Midnight 00:00,simulation,0.1,1,0.03597,0.004,2.59127,0.59127,0.03597,-0.996,3.12775,0.00023,0.27984,625.0,5.047
3,0.1003,Midnight 00:00,simulation,0.1,1,0.03597,0.004,2.59127,0.59127,0.03597,-0.996,3.12775,0.00023,0.27984,625.0,5.047
4,0.1337,Midnight 00:00,simulation,0.1,1,0.03597,0.004,2.59127,0.59127,0.03597,-0.996,3.12775,0.00023,0.27984,625.0,5.047
5,0.1671,Midnight 00:00,simulation,0.1,1,0.03597,0.004,2.59127,0.59127,0.03597,-0.996,3.12775,0.00023,0.27984,625.0,5.047
6,0.2006,Midnight 00:00,simulation,0.1,1,0.03597,0.004,2.59127,0.59127,0.03597,-0.996,3.12775,0.00023,0.27984,625.0,5.047
7,0.234,Midnight 00:00,simulation,0.1,1,0.03597,0.004,2.59127,0.59127,0.03597,-0.996,3.12775,0.00023,0.27984,625.0,5.047
8,0.2674,Midnight 00:00,simulation,0.1,1,0.03597,0.004,2.59127,0.59127,0.03597,-0.996,3.12775,0.00023,0.27984,625.0,5.047
9,0.3008,Midnight 00:00,simulation,0.1,1,0.03597,0.004,2.59127,0.59127,0.03597,-0.996,3.12775,0.00023,0.27984,625.0,5.047
10,0.3343,Midnight 00:00,simulation,0.1,1,0.03597,0.004,2.59127,0.59127,0.03597,-0.996,3.12775,0.00023,0.27984,625.0,5.045
11,0.3677,Midnight 00:00,simulation,0.1,1,0.03597,0.004,2.59127,0.59127,0.03597,-0.996,3.12775,0.00023,0.27984,625.0,5.048
12,0.4011,Midnight 00:00,simulation,0.1,1,0.03597,0.004,2.59127,0.59127,0.03597,-0.996,3.12775,0.00023,0.27984,625.0,5.048
13,0.4345,Midnight 00:00,simulation,0.1,1,0.03597,0.004,2.59127,0.59127,0.03597,-0.996,3.12775,0.00023,0.27984,625.0,5.048
14,0.468,Midnight 00:00,simulation,0.1,1,0.03597,0.004,2.59127,0.59127,0.03597,-0.996,3.12775,0.00023,0.27984,625.0,5.048
15,0.5014,Midnight 00:00,simulation,0.1,1,0.03597,0.004,2.59127,0.59127,0.03597,-0.996,3.12775,0.00023,0.27984,625.0,5.048
16,0.5348,Midnight 00:00,simulation,0.1,1,0.03597,0.004,2.59127,0.59127,0.03597,-0.996,3.12775,0.00023,0.27984,625.0,5.048
17,0.5682,Midnight 00:00,simulation,0.1,1,0.03597,0.004,2.59127,0.59127,0.03597,-0.996,3.12775,0.00023,0.27984,625.0,5.048
18,0.6017,Midnight 00:00,simulation,0.1,1,0.03597,0.004,2.59127,0.59127,0.03597,-0.996,3.12775,0.00023,0.27984,625.0,5.048
19,0.6351,Midnight 00:00,simulation,0.1,1,0.03597,0.004,2.59127,0.59127,0.03597,-0.996,3.12775,0.00023,0.27984,625.0,5.048
20,0.6685,Midnight 00:00,simulation,0.1,1,0.03597,0.004,2.59127,0.59127,0.03597,-0.996,3.12775,0.00023,0.27984,625.0,5.048
21,0.7019,Midnight 00:00,simulation,0.1,1,0.03597,0.004,2.59127,0.59127,0.03597,-0.996,3.12775,0.00023,0.27984,625.0,5.048
22,0.7354,Midnight 00:00,simulation,0.1,1,0.03597,0.004,2.59127,0.59127,0.03597,-0.996,3.12775,0.00023,0.27984,625.0,5.048
23,0.7688,Midnight 00:00,simulation,0.1,1,0.03597,0.004,2.59127,0.59127,0.03597,-0.996,3.12775,0.00023,0.27984,625.0,5.048
24,0.8022,Midnight 00:00,simulation,0.1,1,0.03597,0.004,2.59127,0.59127,0.03597,-0.996,3.12775,0.00023,0.27984,625.0,5.048
25,0.8357,Midnight 00:00,simulation,0.1,1,0.03597,0.004,2.59127,0.59127,0.03597,-0.996,3.12775,0.00023,0.27984,625.0,5.048
26,0.8691,Midnight 00:00,simulation,0.1,1,0.03597,0.004,2.59127,0.59127,0.03597,-0.996,3.12775,0.00023,0.27984,625.0,5.048
27,0.9025,Midnight 00:00,simulation,0.1,1,0.03597,0.004,2.59127,0.59127,0.03597,-0.996,3.12775,0.00023,0.27984,625.0,5.048
28,0.9359,Midnight 00:00,simulation,0.1,1,0.03597,0.004,2.59127,0.59127,0.03597,-0.996,3.12775,0.00023,0.27984,625.0,5.048
29,0.9694,Midnight 00:00,simulation,0.1,1,0.03597,0.004,2.59127,0.59127,0.03597,-0.996,3.12775,0.00023,0.27984,625.0,5.048
30,1.0028,Midnight 00:00,simulation,0.1,1,0.03597,0.004,2.59127,0.59127,0.03597,-0.996,3.12775,0.00023,0.27984,625.0,5.048
31,1.0362,Midnight 00:00,simulation,0.1,1,0.02472,0.004,2.59201,0.59201,0.02472,-0.996,3.09722,0.00041,0.51735,600.0,5.058
32,1.0696,Midnight 00:00,simulation,0.1,1,0.01247,0.004,2.59147,0.59147,0.01247,-0.996,3.12656,0.00023,0.29222,625.0,5.059
33,1.1031,Midnight 00:00,simulation,0.1,1,-0.0,0.00412,2.66952,0.66952,-0.0,-0.99588,3.14012,-0.0,-0.0,600.0,5.072
34,1.1365,Midnight 00:00,simulation,0.1,1,-0.01247,0.004,2.59147,0.59147,-0.01247,-0.996,3.12656,-0.00023,-0.29222,625.0,5.056
35,1.1699,Midnight 00:00,simulation,0.1,1,-0.02472,0.004,2.59201,0.59201,-0.02472,-0.996,3.09722,-0.00041,-0.51735,600.0,5.071
36,1.2033,Midnight 00:00,simulation,0.1,1,-0.03608,0.00429,2.58493,0.58493,-0.03608,-0.99571,-3.02848,-0.01605,-0.45303,612.5,5.066
37,1.2368,Midnight 00:00,simulation,0.1,1,-0.05163,0.004,2.59114,0.59114,-0.05163,-0.996,3.12849,-0.00023,-0.27193,625.0,5.057
38,1.2702,Midnight 00:00,simulation,0.1,1,-0.06389,0.004,2.59178,0.59178,-0.06389,-0.996,3.10083,-0.00041,-0.49564,600.0,5.073
39,1.3036,Midnight 00:00,simulation,0.1,1,-0.07513,0.004,2.59095,0.59095,-0.07513,-0.996,3.12952,-0.00023,-0.26058,625.0,5.059
40,1.337,Midnight 00:00,simulation,0.1,1,-0.08856,0.00227,2.6308,0.6308,-0.08856,-0.99773,-3.04726,-0.01731,0.41681,588.0,5.07
41,1.3705,Midnight 00:00,simulation,0.1,1,-0.10306,0.004,2.59156,0.59156,-0.10306,-0.996,3.10414,-0.00041,-0.47491,600.0,5.074
42,1.4039,Midnight 00:00,simulation,0.1,1,-0.11428,0.004,2.59064,0.59064,-0.11428,-0.996,3.13104,-0.00023,-0.24297,625.0,5.053
43,1.4373,Midnight 00:00,simulation,0.1,1,-0.12656,0.004,2.59143,0.59143,-0.12656,-0.996,3.10599,-0.00041,-0.46294,600.0,5.076
44,1.4708,Midnight 00:00,simulation,0.1,1,-0.13777,0.004,2.59046,0.59046,-0.13777,-0.996,3.13184,-0.00023,-0.23315,625.0,5.066
45,1.5042,Midnight 00:00,simulation,0.1,1,-0.15006,0.004,2.5913,0.5913,-0.15006,-0.996,3.10774,-0.00041,-0.45131,600.0,5.059
46,1.5376,Midnight 00:00,simulation,0.1,1,-0.16572,0.004,2.59121,0.59121,-0.16572,-0.996,3.10885,-0.00041,-0.44374,600.0,5.073
47,1.571,Midnight 00:00,simulation,0.1,1,-0.17692,0.004,2.59019,0.59019,-0.17692,-0.996,3.13303,-0.00022,-0.21795,625.0,5.049
48,1.6045,Midnight 00:00,simulation,0.1,1,-0.18922,0.004,2.59109,0.59109,-0.18922,-0.996,3.11045,-0.0004,-0.43268,600.0,5.067
49,1.6379,Midnight 00:00,simulation,0.1,1,-0.20488,0.004,2.59101,0.59101,-0.20488,-0.996,3.11147,-0.0004,-0.42549,600.0,5.067
50,1.6713,Midnight 00:00,simulation,0.1,1,-0.21607,0.004,2.58994,0.58994,-0.21607,-0.996,3.13405,-0.00022,-0.20411,625.0,5.051
51,1.7047,Midnight 00:00,simulation,0.1,1,-0.22837,0.004,2.59089,0.59089,-0.22837,-0.996,3.11292,-0.0004,-0.41499,600.0,5.071
52,1.7382,Midnight 00:00,simulation,0.1,1,-0.23955,0.004,2.58979,0.58979,-0.23955,-0.996,3.13459,-0.00021,-0.1964,625.0,5.057
53,1.7716,Midnight 00:00,simulation,0.1,1,-0.25297,0.00428,2.5839,0.5839,-0.25297,-0.99572,-3.04991,0.00948,0.31198,612.5,5.062
54,1.805,Midnight 00:00,simulation,0.1,1,-0.2787,0.004,2.58958,0.58958,-0.2787,-0.996,3.13539,-0.00021,-0.18448,625.0,5.049
55,1.8384,Midnight 00:00,simulation,0.1,1,-0.29101,0.004,2.59059,0.59059,-0.29101,-0.996,3.11643,-0.00039,-0.38854,600.0,5.068
56,1.8719,Midnight 00:00,simulation,0.1,1,-0.30667,0.004,2.59051,0.59051,-0.30667,-0.996,3.11722,-0.00039,-0.38227,600.0,5.063
57,1.9053,Midnight 00:00,simulation,0.1,1,-0.31784,0.004,2.58938,0.58938,-0.31784,-0.996,3.13608,-0.0002,-0.17363,625.0,5.054
58,1.9387,Midnight 00:00,simulation,0.1,1,-0.33016,0.004,2.59041,0.59041,-0.33016,-0.996,3.11837,-0.00039,-0.37312,600.0,5.069
59,1.9721,Midnight 00:00,simulation,0.1,1,-0.33016,0.004,2.59041,0.59041,-0.33016,-0.996,3.11837,-0.00039,-0.37312,600.0,5.069
60,2.0056,Midnight 00:00,simulation,0.1,1,-0.35365,0.004,2.59031,0.59031,-0.35365,-0.996,3.11944,-0.00039,-0.36427,600.0,5.062
61,2.039,Midnight 00:00,simulation,0.1,1,-0.35365,0.004,2.59031,0.59031,-0.35365,-0.996,3.11944,-0.00039,-0.36427,600.0,5.062
62,2.0724,Midnight 00:00,simulation,0.1,1,-0.37802,0.00426,2.58406,0.58406,-0.37802,-0.99574,-3.05864,0.00716,0.2681,612.5,5.048
63,2.1058,Midnight 00:00,simulation,0.1,1,-0.38046,0.004,2.5891,0.5891,-0.38046,-0.996,3.13699,-0.00019,-0.1582,625.0,5.048
64,2.1393,Midnight 00:00,simulation,0.1,1,-0.40394,0.004,2.58901,0.58901,-0.40394,-0.996,3.13728,-0.00019,-0.15297,625.0,5.057
65,2.1727,Midnight 00:00,simulation,0.1,1,-0.40394,0.004,2.58901,0.58901,-0.40394,-0.996,3.13728,-0.00019,-0.15297,625.0,5.057
66,2.2061,Midnight 00:00,simulation,0.1,1,-0.41628,0.004,2.59005,0.59005,-0.41628,-0.996,3.12204,-0.00038,-0.34204,600.0,5.057
67,2.2396,Midnight 00:00,simulation,0.1,1,-0.44308,0.004,2.58887,0.58887,-0.44308,-0.996,3.13772,-0.00018,-0.14486,625.0,5.05
68,2.273,Midnight 00:00,simulation,0.1,1,-0.45542,0.004,2.5899,0.5899,-0.45542,-0.996,3.12348,-0.00037,-0.32912,600.0,5.062
69,2.3064,Midnight 00:00,simulation,0.1,1,-0.47108,0.004,2.58984,0.58984,-0.47108,-0.996,3.12402,-0.00037,-0.32415,600.0,5.062
70,2.3398,Midnight 00:00,simulation,0.1,1,-0.48222,0.004,2.58875,0.58875,-0.48222,-0.996,3.1381,-0.00018,-0.13743,625.0,5.049
71,2.3733,Midnight 00:00,simulation,0.1,1,-0.49456,0.004,2.58976,0.58976,-0.49456,-0.996,3.12479,-0.00036,-0.3169,600.0,5.065
72,2.4067,Midnight 00:00,simulation,0.1,1,-0.49456,0.004,2.58976,0.58976,-0.49456,-0.996,3.12479,-0.00036,-0.3169,600.0,5.065
73,2.4401,Midnight 00:00,simulation,0.1,1,-0.5057,0.004,2.58868,0.58868,-0.5057,-0.996,3.1383,-0.00017,-0.13327,625.0,5.057
74,2.4735,Midnight 00:00,simulation,0.1,1,-0.52136,0.004,2.58864,0.58864,-0.52136,-0.996,3.13843,-0.00017,-0.13061,625.0,5.056
75,2.507,Midnight 00:00,simulation,0.1,1,-0.5337,0.004,2.58963,0.58963,-0.5337,-0.996,3.12598,-0.00036,-0.30534,600.0,5.059
76,2.5404,Midnight 00:00,simulation,0.1,1,-0.54484,0.004,2.58857,0.58857,-0.54484,-0.996,3.13861,-0.00017,-0.12679,625.0,5.043
77,2.5738,Midnight 00:00,simulation,0.1,1,-0.55719,0.004,2.58955,0.58955,-0.55719,-0.996,3.12665,-0.00035,-0.29871,600.0,5.056
78,2.6072,Midnight 00:00,simulation,0.1,1,-0.57284,0.004,2.5895,0.5895,-0.57284,-0.996,3.12707,-0.00035,-0.29441,600.0,5.051
79,2.6407,Midnight 00:00,simulation,0.1,1,-0.58067,0.004,2.58948,0.58948,-0.58067,-0.996,3.12728,-0.00035,-0.2923,600.0,5.047
80,2.6741,Midnight 00:00,simulation,0.1,1,-0.59632,0.004,2.58943,0.58943,-0.59632,-0.996,3.12768,-0.00035,-0.28814,600.0,5.057
81,2.7075,Midnight 00:00,simulation,0.1,1,-0.60746,0.004,2.58843,0.58843,-0.60746,-0.996,3.13903,-0.00016,-0.11748,625.0,5.044
82,2.7409,Midnight 00:00,simulation,0.1,1,-0.61981,0.004,2.58936,0.58936,-0.61981,-0.996,3.12825,-0.00034,-0.28207,600.0,5.052
83,2.7744,Midnight 00:00,simulation,0.1,1,-0.63546,0.004,2.58932,0.58932,-0.63546,-0.996,3.12862,-0.00034,-0.27814,600.0,5.052
84,2.8078,Midnight 00:00,simulation,0.1,1,-0.65894,0.004,2.58926,0.58926,-0.65894,-0.996,3.12915,-0.00034,-0.2724,600.0,5.05
85,2.8412,Midnight 00:00,simulation,0.1,1,-0.65894,0.004,2.58926,0.58926,-0.65894,-0.996,3.12915,-0.00034,-0.2724,600.0,5.049
86,2.8747,Midnight 00:00,simulation,0.1,1,-0.6746,0.004,2.58922,0.58922,-0.6746,-0.996,3.12948,-0.00033,-0.26868,600.0,5.042
87,2.9081,Midnight 00:00,simulation,0.1,1,-0.68243,0.004,2.5892,0.5892,-0.68243,-0.996,3.12964,-0.00033,-0.26685,600.0,5.038
88,2.9415,Midnight 00:00,simulation,0.1,1,-0.69808,0.004,2.58916,0.58916,-0.69808,-0.996,3.12996,-0.00033,-0.26325,600.0,5.046
89,2.9749,Midnight 00:00,simulation,0.1,1,-0.70923,0.004,2.58824,0.58824,-0.70923,-0.996,3.13955,-0.00015,-0.10469,625.0,5.03
90,3.0084,Midnight 00:00,simulation,0.1,1,-0.72156,0.004,2.5891,0.5891,-0.72156,-0.996,3.13042,-0.00033,-0.25799,600.0,5.043
91,3.0418,Midnight 00:00,simulation,0.1,1,-0.73424,0.00415,2.58598,0.58598,-0.73424,-0.99585,3.17463,-0.00721,-0.19004,612.5,5.042
92,3.0752,Midnight 00:00,simulation,0.1,1,-0.74505,0.004,2.58904,0.58904,-0.74505,-0.996,3.13085,-0.00032,-0.2529,600.0,5.032
93,3.1086,Midnight 00:00,simulation,0.1,1,-0.7607,0.004,2.58901,0.58901,-0.7607,-0.996,3.13113,-0.00032,-0.2496,600.0,5.044
94,3.1421,Midnight 00:00,simulation,0.1,1,-0.77186,0.004,2.58815,0.58815,-0.77186,-0.996,3.1398,-0.00014,-0.09798,625.0,5.029
95,3.1755,Midnight 00:00,simulation,0.1,1,-0.78418,0.004,2.58896,0.58896,-0.78418,-0.996,3.13153,-0.00032,-0.24478,600.0,5.034
96,3.2089,Midnight 00:00,simulation,0.1,1,-0.79984,0.004,2.58892,0.58892,-0.79984,-0.996,3.13178,-0.00031,-0.24165,600.0,5.044
97,3.2423,Midnight 00:00,simulation,0.1,1,-0.83253,-0.00833,2.6959,0.6959,-0.83253,-1.00833,3.14064,0.00027,-0.09547,576.0,5.052
98,3.2758,Midnight 00:00,simulation,0.1,1,-0.83254,-0.025,2.69593,0.69593,-0.83254,-1.025,3.14165,0.00081,-0.09545,576.0,5.056
99,3.3092,Midnight 00:00,simulation,0.1,1,-0.79988,-0.036,2.58906,0.58906,-0.79988,-1.036,3.1368,0.00281,-0.24187,600.0,5.044
100,3.3426,Midnight 00:00,simulation,0.1,1,-0.83257,-0.05,2.69604,0.69604,-0.83257,-1.05,3.14316,0.00162,-0.09534,576.0,5.058
101,3.376,Midnight 00:00,simulation,0.1,1,-0.8326,-0.06667,2.69614,0.69614,-0.8326,-1.06667,3.14416,0.00216,-0.0952,576.0,5.051
102,3.4095,Midnight 00:00,simulation,0.1,1,-0.80002,-0.07602,2.58953,0.58953,-0.80002,-1.07602,3.14184,0.00594,-0.24167,600.0,5.048
103,3.4429,Midnight 00:00,simulation,0.1,1,-0.83267,-0.09168,2.69636,0.69636,-0.83267,-1.09168,3.14566,0.00296,-0.09492,576.0,5.066
104,3.4763,Midnight 00:00,simulation,0.1,1,-0.80016,-0.10005,2.58997,0.58997,-0.80016,-1.10005,3.14486,0.0078,-0.24135,600.0,5.057
105,3.5097,Midnight 00:00,simulation,0.1,1,-0.83275,-0.1167,2.69664,0.69664,-0.83275,-1.1167,3.14714,0.00376,-0.09453,576.0,5.065
106,3.5432,Midnight 00:00,simulation,0.1,1,-0.83282,-0.13338,2.69687,0.69687,-0.83282,-1.13338,3.14812,0.00428,-0.09421,576.0,5.071
107,3.5766,Midnight 00:00,simulation,0.1,1,-0.80046,-0.14012,2.59097,0.59097,-0.80046,-1.14012,3.14988,0.01089,-0.24049,600.0,5.061
108,3.61,Midnight 00:00,simulation,0.1,1,-0.83294,-0.15842,2.69726,0.69726,-0.83294,-1.15842,3.14958,0.00505,-0.09365,576.0,5.078
109,3.6435,Midnight 00:00,simulation,0.1,1,-0.80069,-0.16419,2.59172,0.59172,-0.80069,-1.16419,3.15287,0.01273,-0.23977,600.0,5.074
110,3.6769,Midnight 00:00,simulation,0.1,1,-0.83308,-0.18346,2.69771,0.69771,-0.83308,-1.18346,3.15101,0.00581,-0.09299,576.0,5.077
111,3.7103,Midnight 00:00,simulation,0.1,1,-0.83318,-0.20016,2.69804,0.69804,-0.83318,-1.20016,3.15195,0.00631,-0.0925,576.0,5.09
112,3.7437,Midnight 00:00,simulation,0.1,1,-0.80116,-0.20436,2.59323,0.59323,-0.80116,-1.20436,3.15783,0.01574,-0.23824,600.0,5.074
113,3.7772,Midnight 00:00,simulation,0.1,1,-0.83335,-0.22523,2.69859,0.69859,-0.83335,-1.22523,3.15333,0.00704,-0.09169,576.0,5.094
114,3.8106,Midnight 00:00,simulation,0.1,1,-0.83347,-0.24195,2.69899,0.69899,-0.83347,-1.24195,3.15424,0.00752,-0.0911,576.0,5.091
115,3.844,Midnight 00:00,simulation,0.1,1,-0.80171,-0.2446,2.59506,0.59506,-0.80171,-1.2446,3.16272,0.01869,-0.23631,600.0,5.08
116,3.8774,Midnight 00:00,simulation,0.1,1,-0.82535,-0.26596,2.68726,0.68726,-0.82535,-1.26596,3.11626,-0.01025,0.09215,600.0,5.102
117,3.9109,Midnight 00:00,simulation,0.1,1,-0.8338,-0.28378,2.70008,0.70008,-0.8338,-1.28378,3.15644,0.00867,-0.08946,576.0,5.092
118,3.9443,Midnight 00:00,simulation,0.1,1,-0.83388,-0.29215,2.70032,0.70032,-0.83388,-1.29215,3.15686,0.00889,-0.0891,576.0,5.103
119,3.9777,Midnight 00:00,simulation,0.1,1,-0.8249,-0.30653,2.67818,0.67818,-0.8249,-1.30653,-3.18159,-0.00861,0.03904,588.0,5.107
120,4.0111,Midnight 00:00,simulation,0.1,1,-0.83426,-0.33404,2.70157,0.70157,-0.83426,-1.33404,3.15892,0.00995,-0.0872,576.0,5.114
121,4.0446,Midnight 00:00,simulation,0.1,1,-0.83426,-0.33404,2.70157,0.70157,-0.83426,-1.33404,3.15892,0.00995,-0.0872,576.0,5.114
122,4.078,Midnight 00:00,simulation,0.1,1,-0.83442,-0.35082,2.70211,0.70211,-0.83442,-1.35082,3.15971,0.01036,-0.08638,576.0,5.108
123,4.1114,Midnight 00:00,simulation,0.1,1,-0.83451,-0.35921,2.70238,0.70238,-0.83451,-1.35921,3.1601,0.01056,-0.08596,576.0,5.111
124,4.1448,Midnight 00:00,simulation,0.1,1,-0.82394,-0.37334,2.68258,0.68258,-0.82394,-1.37334,3.11161,-0.01253,0.08131,600.0,5.123
125,4.1783,Midnight 00:00,simulation,0.1,1,-0.79753,-0.37305,2.59532,0.59532,-0.79753,-1.37305,3.16152,0.01124,-0.08457,625.0,5.106
126,4.2117,Midnight 00:00,simulation,0.1,1,-0.83494,-0.40119,2.70381,0.70381,-0.83494,-1.40119,3.16196,0.0115,-0.08376,576.0,5.124
127,4.2451,Midnight 00:00,simulation,0.1,1,-0.83512,-0.418,2.70441,0.70441,-0.83512,-1.418,3.16266,0.01186,-0.08284,576.0,5.126
128,4.2786,Midnight 00:00,simulation,0.1,1,-0.805,-0.41473,2.60582,0.60582,-0.805,-1.41473,3.18217,0.03007,-0.22393,600.0,5.109
129,4.312,Midnight 00:00,simulation,0.1,1,-0.82286,-0.45067,2.6642,0.6642,-0.82286,-1.45067,-3.05177,-0.04844,0.14489,588.0,5.114
130,4.3454,Midnight 00:00,simulation,0.1,1,-0.82286,-0.45067,2.6642,0.6642,-0.82286,-1.45067,-3.05177,-0.04844,0.14489,588.0,5.114
131,4.3788,Midnight 00:00,simulation,0.1,1,-0.82255,-0.48035,2.67799,0.67799,-0.82255,-1.48035,3.10908,-0.0139,0.07099,600.0,5.124
132,4.4123,Midnight 00:00,simulation,0.1,1,-0.82255,-0.48035,2.67799,0.67799,-0.82255,-1.48035,3.10908,-0.0139,0.07099,600.0,5.124
133,4.4457,Midnight 00:00,simulation,0.1,1,-0.80661,-0.48013,2.61107,0.61107,-0.80661,-1.48013,3.18893,0.03384,-0.21755,600.0,5.108
134,4.4791,Midnight 00:00,simulation,0.1,1,-0.80231,-0.50662,2.61846,0.61846,-0.80231,-1.50662,-2.60099,0.00938,-0.84514,612.5,5.124
135,4.5125,Midnight 00:00,simulation,0.1,1,-0.80769,-0.52119,2.61462,0.61462,-0.80769,-1.52119,3.19292,0.03601,-0.21316,600.0,5.12
136,4.546,Midnight 00:00,simulation,0.1,1,-0.82175,-0.54605,2.67534,0.67534,-0.82175,-1.54605,3.10827,-0.01441,0.06516,600.0,5.136
137,4.5794,Midnight 00:00,simulation,0.1,1,-0.79902,-0.54114,2.59315,0.59315,-0.79902,-1.54114,-3.12409,-0.03634,0.16753,612.5,5.12
138,4.6128,Midnight 00:00,simulation,0.1,1,-0.837,-0.57816,2.71055,0.71055,-0.837,-1.57816,3.16817,0.01455,-0.07318,576.0,5.133
139,4.6462,Midnight 00:00,simulation,0.1,1,-0.8372,-0.59507,2.71122,0.71122,-0.8372,-1.59507,3.16863,0.01477,-0.0721,576.0,5.134
140,4.6797,Midnight 00:00,simulation,0.1,1,-0.80954,-0.58719,2.62065,0.62065,-0.80954,-1.58719,3.1989,0.03916,-0.20554,600.0,5.119
141,4.7131,Midnight 00:00,simulation,0.1,1,-0.80954,-0.58719,2.62065,0.62065,-0.80954,-1.58719,3.1989,0.03916,-0.20554,600.0,5.119
142,4.7465,Midnight 00:00,simulation,0.1,1,-0.82834,-0.62783,2.68216,0.68216,-0.82834,-1.62783,-3.04447,-0.05193,0.11911,588.0,5.125
143,4.7799,Midnight 00:00,simulation,0.1,1,-0.81074,-0.62864,2.6246,0.6246,-0.81074,-1.62864,3.20235,0.04092,-0.20045,600.0,5.124
144,4.8134,Midnight 00:00,simulation,0.1,1,-0.82056,-0.65263,2.6714,0.6714,-0.82056,-1.65263,3.10779,-0.01485,0.05668,600.0,5.134
145,4.8468,Midnight 00:00,simulation,0.1,1,-0.80076,-0.64849,2.60597,0.60597,-0.80076,-1.64849,3.1706,0.01561,-0.06698,625.0,5.117
146,4.8802,Midnight 00:00,simulation,0.1,1,-0.82031,-0.67719,2.67056,0.67056,-0.82031,-1.67719,3.10779,-0.0149,0.0549,600.0,5.136
147,4.9136,Midnight 00:00,simulation,0.1,1,-0.82014,-0.69357,2.67002,0.67002,-0.82014,-1.69357,3.10781,-0.01492,0.05374,600.0,5.132
148,4.9471,Midnight 00:00,simulation,0.1,1,-0.82014,-0.69357,2.67002,0.67002,-0.82014,-1.69357,3.10781,-0.01492,0.05374,600.0,5.132
149,4.9805,Midnight 00:00,simulation,0.1,1,-0.8199,-0.71812,2.66922,0.66922,-0.8199,-1.71812,3.10787,-0.01494,0.05206,600.0,5.137
150,5.0139,Midnight 00:00,simulation,0.1,1,-0.8199,-0.71812,2.66922,0.66922,-0.8199,-1.71812,3.10787,-0.01494,0.05206,600.0,5.137
151,5.0474,Midnight 00:00,simulation,0.1,1,-0.80153,-0.71364,2.60852,0.60852,-0.80153,-1.71364,3.17176,0.0161,-0.06265,625.0,5.12
152,5.0808,Midnight 00:00,simulation,0.1,1,-0.81952,-0.75902,2.66795,0.66795,-0.81952,-1.75902,3.10802,-0.01494,0.04939,600.0,5.135
153,5.1142,Midnight 00:00,simulation,0.1,1,-0.802,-0.75442,2.61007,0.61007,-0.802,-1.75442,3.17232,0.01632,-0.05999,625.0,5.115
154,5.1476,Midnight 00:00,simulation,0.1,1,-0.802,-0.75442,2.61007,0.61007,-0.802,-1.75442,3.17232,0.01632,-0.05999,625.0,5.115
155,5.1811,Midnight 00:00,simulation,0.1,1,-0.83963,-0.79857,2.71917,0.71917,-0.83963,-1.79857,3.17234,0.01638,-0.05921,576.0,5.134
156,5.2145,Midnight 00:00,simulation,0.1,1,-0.81474,-0.78464,2.63068,0.63068,-0.81474,-1.78464,-3.06755,-0.06875,0.25249,587.5,5.127
157,5.2479,Midnight 00:00,simulation,0.1,1,-0.81065,-0.80083,2.63032,0.63032,-0.81065,-1.80083,3.1854,0.06948,-0.25939,587.5,5.125
158,5.2813,Midnight 00:00,simulation,0.1,1,-0.81688,-0.82965,2.64469,0.64469,-0.81688,-1.82965,3.21562,0.047,-0.1736,600.0,5.116
159,5.3148,Midnight 00:00,simulation,0.1,1,-0.81875,-0.84894,2.6654,0.6654,-0.81875,-1.84894,3.10856,-0.01483,0.04407,600.0,5.131
160,5.3482,Midnight 00:00,simulation,0.1,1,-0.81862,-0.86529,2.66497,0.66497,-0.81862,-1.86529,3.10868,-0.0148,0.04318,600.0,5.13
161,5.3816,Midnight 00:00,simulation,0.1,1,-0.81006,-0.86362,2.64859,0.64859,-0.81006,-1.86362,3.21801,0.04773,-0.16946,600.0,5.12
162,5.415,Midnight 00:00,simulation,0.1,1,-0.79434,-0.86395,2.64961,0.64961,-0.79434,-1.86395,3.21954,0.04789,-0.17057,600.0,5.12
163,5.4485,Midnight 00:00,simulation,0.1,1,-0.77172,-0.85273,2.6146,0.6146,-0.77172,-1.85273,3.17446,0.01663,-0.05404,625.0,5.109
164,5.4819,Midnight 00:00,simulation,0.1,1,-0.77073,-0.86445,2.65117,0.65117,-0.77073,-1.86445,3.22189,0.04813,-0.17225,600.0,5.125
165,5.5153,Midnight 00:00,simulation,0.1,1,-0.75499,-0.86479,2.65224,0.65224,-0.75499,-1.86479,3.22352,0.04828,-0.17337,600.0,5.118
166,5.5487,Midnight 00:00,simulation,0.1,1,-0.73251,-0.85314,2.61588,0.61588,-0.73251,-1.85314,3.17612,0.01662,-0.05418,625.0,5.121
167,5.5822,Midnight 00:00,simulation,0.1,1,-0.73136,-0.86532,2.65389,0.65389,-0.73136,-1.86532,3.22604,0.0485,-0.17505,600.0,5.129
168,5.6156,Midnight 00:00,simulation,0.1,1,-0.70898,-0.85339,2.61668,0.61668,-0.70898,-1.85339,3.17717,0.0166,-0.05421,625.0,5.116
169,5.649,Midnight 00:00,simulation,0.1,1,-0.70772,-0.86586,2.65558,0.65558,-0.70772,-1.86586,3.22868,0.0487,-0.17672,600.0,5.133
170,5.6825,Midnight 00:00,simulation,0.1,1,-0.69195,-0.86623,2.65674,0.65674,-0.69195,-1.86623,3.23049,0.04882,-0.17784,600.0,5.129
171,5.7159,Midnight 00:00,simulation,0.1,1,-0.66973,-0.85384,2.61807,0.61807,-0.66973,-1.85384,3.17899,0.01652,-0.05415,625.0,5.123
172,5.7493,Midnight 00:00,simulation,0.1,1,-0.66827,-0.8668,2.65851,0.65851,-0.66827,-1.8668,3.23332,0.049,-0.17952,600.0,5.14
173,5.7827,Midnight 00:00,simulation,0.1,1,-0.65248,-0.86719,2.65973,0.65973,-0.65248,-1.86719,3.23527,0.0491,-0.18063,600.0,5.13
174,5.8162,Midnight 00:00,simulation,0.1,1,-0.63046,-0.85431,2.61952,0.61952,-0.63046,-1.85431,3.18091,0.0164,-0.05393,625.0,5.138
175,5.8496,Midnight 00:00,simulation,0.1,1,-0.62761,-0.86933,2.66634,0.66634,-0.62761,-1.86933,3.24619,0.01384,-0.0632,612.5,5.143
176,5.883,Midnight 00:00,simulation,0.1,1,-0.60688,-0.8546,2.62042,0.62042,-0.60688,-1.8546,3.18211,0.01629,-0.05371,625.0,5.13
177,5.9164,Midnight 00:00,simulation,0.1,1,-0.60504,-0.8684,2.66351,0.66351,-0.60504,-1.8684,3.24148,0.04935,-0.18393,600.0,5.146
178,5.9499,Midnight 00:00,simulation,0.1,1,-0.59335,-0.87226,2.67569,0.67569,-0.59335,-1.87226,-3.00494,-0.01638,0.05551,612.5,5.14
179,5.9833,Midnight 00:00,simulation,0.1,1,-0.56756,-0.85509,2.62197,0.62197,-0.56756,-1.85509,3.1842,0.01607,-0.05318,625.0,5.137
180,6.0167,Midnight 00:00,simulation,0.1,1,-0.56544,-0.86946,2.66683,0.66683,-0.56544,-1.86946,3.24709,0.04948,-0.18664,600.0,5.152
181,6.0501,Midnight 00:00,simulation,0.1,1,-0.54395,-0.8554,2.62294,0.62294,-0.54395,-1.8554,3.1855,0.0159,-0.05276,625.0,5.135
182,6.0836,Midnight 00:00,simulation,0.1,1,-0.54165,-0.87012,2.6689,0.6689,-0.54165,-1.87012,3.25068,0.04952,-0.18823,600.0,5.15
183,6.117,Midnight 00:00,simulation,0.1,1,-0.52577,-0.87057,2.67031,0.67031,-0.52577,-1.87057,3.25316,0.04953,-0.18928,600.0,5.153
184,6.1504,Midnight 00:00,simulation,0.1,1,-0.50457,-0.85593,2.62459,0.62459,-0.50457,-1.85593,3.18774,0.01556,-0.05183,625.0,5.139
185,6.1838,Midnight 00:00,simulation,0.1,1,-0.50193,-0.87126,2.67248,0.67248,-0.50193,-1.87126,3.25704,0.04951,-0.19082,600.0,5.158
186,6.2173,Midnight 00:00,simulation,0.1,1,-0.48603,-0.87173,2.67396,0.67396,-0.48603,-1.87173,3.25973,0.04948,-0.19182,600.0,5.148
187,6.2507,Midnight 00:00,simulation,0.1,1,-0.4718,-0.86743,2.66595,0.66595,-0.4718,-1.86743,-3.11111,-0.00348,-0.10203,612.5,5.15
188,6.2841,Midnight 00:00,simulation,0.1,1,-0.46214,-0.87246,2.67623,0.67623,-0.46214,-1.87246,3.26393,0.0494,-0.1933,600.0,5.16
189,6.3175,Midnight 00:00,simulation,0.1,1,-0.44147,-0.85681,2.62733,0.62733,-0.44147,-1.85681,3.19152,0.01482,-0.04971,625.0,5.141
190,6.351,Midnight 00:00,simulation,0.1,1,-0.43822,-0.8732,2.67855,0.67855,-0.43822,-1.8732,3.26835,0.04928,-0.19472,600.0,5.16
191,6.3844,Midnight 00:00,simulation,0.1,1,-0.43822,-0.8732,2.67855,0.67855,-0.43822,-1.8732,3.26835,0.04928,-0.19472,600.0,5.16
192,6.4178,Midnight 00:00,simulation,0.1,1,-0.42226,-0.87371,2.68014,0.68014,-0.42226,-1.87371,3.27143,0.04917,-0.19564,600.0,5.157
193,6.4513,Midnight 00:00,simulation,0.1,1,-0.40198,-0.85738,2.6291,0.6291,-0.40198,-1.85738,3.19399,0.01421,-0.04791,625.0,5.149
194,6.4847,Midnight 00:00,simulation,0.1,1,-0.39828,-0.87448,2.68257,0.68257,-0.39828,-1.87448,3.27624,0.04897,-0.19697,600.0,5.165
195,6.5181,Midnight 00:00,simulation,0.1,1,-0.37825,-0.85772,2.63017,0.63017,-0.37825,-1.85772,3.19549,0.01379,-0.04663,625.0,5.146
196,6.5515,Midnight 00:00,simulation,0.1,1,-0.35825,-0.87581,2.68677,0.68677,-0.35825,-1.87581,3.28487,0.0485,-0.19902,600.0,5.163
197,6.585,Midnight 00:00,simulation,0.1,1,-0.35825,-0.87581,2.68677,0.68677,-0.35825,-1.87581,3.28487,0.0485,-0.19902,600.0,5.163
198,6.6184,Midnight 00:00,simulation,0.1,1,-0.33417,-0.87664,2.68936,0.68936,-0.33417,-1.87664,3.29045,0.04813,-0.20014,600.0,5.165
199,6.6518,Midnight 00:00,simulation,0.1,1,-0.31959,-0.87796,2.69677,0.69677,-0.31959,-1.87796,-2.66686,0.02443,-0.29397,612.5,5.157
200,6.6852,Midnight 00:00,simulation,0.1,1,-0.29903,-0.85887,2.63373,0.63373,-0.29903,-1.85887,3.20056,0.01203,-0.04108,625.0,5.152
201,6.7187,Midnight 00:00,simulation,0.1,1,-0.29396,-0.87806,2.69382,0.69382,-0.29396,-1.87806,3.30048,0.04737,-0.20178,600.0,5.166
202,6.7521,Midnight 00:00,simulation,0.1,1,-0.27522,-0.8592,2.63477,0.63477,-0.27522,-1.8592,3.20206,0.01139,-0.03899,625.0,5.148
203,6.7855,Midnight 00:00,simulation,0.1,1,-0.27522,-0.8592,2.63477,0.63477,-0.27522,-1.8592,3.20206,0.01139,-0.03899,625.0,5.148
204,6.8189,Midnight 00:00,simulation,0.1,1,-0.25054,-0.86231,2.6444,0.6444,-0.25054,-1.86231,3.20288,0.05032,-0.18023,612.5,5.161
205,6.8524,Midnight 00:00,simulation,0.1,1,-0.23549,-0.85974,2.63644,0.63644,-0.23549,-1.85974,3.2045,0.01018,-0.03503,625.0,5.143
206,6.8858,Midnight 00:00,simulation,0.1,1,-0.22936,-0.88041,2.70126,0.70126,-0.22936,-1.88041,3.31882,0.04566,-0.20375,600.0,5.167
207,6.9192,Midnight 00:00,simulation,0.1,1,-0.21425,-0.87946,2.70126,0.70126,-0.21425,-1.87946,-2.69183,0.01154,-0.13289,612.5,5.151
208,6.9526,Midnight 00:00,simulation,0.1,1,-0.19569,-0.86023,2.63799,0.63799,-0.19569,-1.86023,3.20678,0.0088,-0.03043,625.0,5.157
209,6.9861,Midnight 00:00,simulation,0.1,1,-0.18502,-0.87685,2.68973,0.68973,-0.18502,-1.87685,3.27374,-0.02235,0.08197,612.5,5.164
210,7.0195,Midnight 00:00,simulation,0.1,1,-0.17179,-0.86051,2.63884,0.63884,-0.17179,-1.86051,3.20804,0.0079,-0.02736,625.0,5.145
211,7.0529,Midnight 00:00,simulation,0.1,1,-0.16442,-0.88284,2.70896,0.70896,-0.16442,-1.88284,3.34067,0.04323,-0.20487,600.0,5.165
212,7.0864,Midnight 00:00,simulation,0.1,1,-0.16442,-0.88284,2.70896,0.70896,-0.16442,-1.88284,3.34067,0.04323,-0.20487,600.0,5.165
213,7.1198,Midnight 00:00,simulation,0.1,1,-0.14813,-0.88345,2.7109,0.7109,-0.14813,-1.88345,3.3468,0.0425,-0.20506,600.0,5.159
214,7.1532,Midnight 00:00,simulation,0.1,1,-0.12364,-0.88435,2.71378,0.71378,-0.12364,-1.88435,3.35655,0.04131,-0.20536,600.0,5.166
215,7.1866,Midnight 00:00,simulation,0.1,1,-0.10795,-0.86111,2.64071,0.64071,-0.10795,-1.86111,3.21083,0.0052,-0.01812,625.0,5.146
216,7.2201,Midnight 00:00,simulation,0.1,1,-0.0991,-0.88523,2.71659,0.71659,-0.0991,-1.88523,3.36702,0.04001,-0.20583,600.0,5.161
217,7.2535,Midnight 00:00,simulation,0.1,1,-0.07879,-0.87417,2.68137,0.68137,-0.07879,-1.87417,3.2577,-0.03703,0.14539,612.5,5.163
218,7.2869,Midnight 00:00,simulation,0.1,1,-0.06799,-0.86136,2.64151,0.64151,-0.06799,-1.86136,3.21203,0.00334,-0.01166,625.0,5.146
219,7.3203,Midnight 00:00,simulation,0.1,1,-0.05808,-0.88658,2.72095,0.72095,-0.05808,-1.88658,3.38619,0.03774,-0.20799,600.0,5.167
220,7.3538,Midnight 00:00,simulation,0.1,1,-0.0429,-0.87397,2.68483,0.68483,-0.0429,-1.87397,-2.65589,-0.00751,0.10342,612.5,5.153
221,7.3872,Midnight 00:00,simulation,0.1,1,-0.028,-0.86151,2.64196,0.64196,-0.028,-1.86151,3.21271,0.00139,-0.00486,625.0,5.156
222,7.4206,Midnight 00:00,simulation,0.1,1,-0.01378,-0.8718,2.67398,0.67398,-0.01378,-1.8718,3.24581,-0.04249,0.16486,612.5,5.167
223,7.454,Midnight 00:00,simulation,0.1,1,-0.004,-0.86154,2.64206,0.64206,-0.004,-1.86154,3.21285,0.0002,-0.0007,625.0,5.146
224,7.4875,Midnight 00:00,simulation,0.1,1,0.00847,-0.89277,2.7402,0.7402,0.00847,-1.89277,3.42732,-0.01425,0.08595,600.0,5.164
225,7.5209,Midnight 00:00,simulation,0.1,1,0.02517,-0.88747,2.72387,0.72387,0.02517,-1.88747,3.40312,-0.03611,0.21318,600.0,5.16
226,7.5543,Midnight 00:00,simulation,0.1,1,0.02517,-0.88747,2.72387,0.72387,0.02517,-1.88747,3.40312,-0.03611,0.21318,600.0,5.16
227,7.5877,Midnight 00:00,simulation,0.1,1,0.04986,-0.88683,2.72175,0.72175,0.04986,-1.88683,3.39029,-0.03729,0.20886,600.0,5.165
228,7.6212,Midnight 00:00,simulation,0.1,1,0.05806,-0.8775,2.71886,0.71886,0.05806,-1.8775,3.38552,-0.0389,0.21728,600.0,5.168
229,7.6546,Midnight 00:00,simulation,0.1,1,0.05833,-0.87605,2.75173,0.75173,0.05833,-1.87605,3.2145,-0.00288,0.01038,576.0,5.182
230,7.688,Midnight 00:00,simulation,0.1,1,0.05798,-0.85028,2.71247,0.71247,0.05798,-1.85028,3.38232,-0.04194,0.24342,600.0,5.164
231,7.7214,Midnight 00:00,simulation,0.1,1,0.05798,-0.85028,2.71247,0.71247,0.05798,-1.85028,3.38232,-0.04194,0.24342,600.0,5.164
232,7.7549,Midnight 00:00,simulation,0.1,1,0.05832,-0.85047,2.7516,0.7516,0.05832,-1.85047,3.21701,-0.00302,0.01132,576.0,5.18
233,7.7883,Midnight 00:00,simulation,0.1,1,0.05832,-0.83342,2.7515,0.7515,0.05832,-1.83342,3.21879,-0.00312,0.01202,576.0,5.181
234,7.8217,Midnight 00:00,simulation,0.1,1,0.05783,-0.80516,2.70173,0.70173,0.05783,-1.80516,3.37403,-0.04566,0.28167,600.0,5.159
235,7.8552,Midnight 00:00,simulation,0.1,1,0.05832,-0.80784,2.75132,0.75132,0.05832,-1.80784,3.22162,-0.00329,0.01324,576.0,5.185
236,7.8886,Midnight 00:00,simulation,0.1,1,0.05774,-0.77828,2.69537,0.69537,0.05774,-1.77828,3.36781,-0.0472,0.30188,600.0,5.169
237,7.922,Midnight 00:00,simulation,0.1,1,0.05679,-0.76824,2.71343,0.71343,0.05679,-1.76824,-2.7205,-0.04814,0.2885,588.0,5.173
238,7.9554,Midnight 00:00,simulation,0.1,1,0.05832,-0.76518,2.75096,0.75096,0.05832,-1.76518,3.22679,-0.00363,0.01578,576.0,5.183
239,7.9889,Midnight 00:00,simulation,0.1,1,0.05816,-0.74655,2.73183,0.73183,0.05816,-1.74655,3.4252,-0.02337,0.14142,600.0,5.163
240,8.0223,Midnight 00:00,simulation,0.1,1,0.05832,-0.73958,2.75068,0.75068,0.05832,-1.73958,3.2302,-0.00388,0.01773,576.0,5.181
241,8.0557,Midnight 00:00,simulation,0.1,1,0.05832,-0.7225,2.75046,0.75046,0.05832,-1.7225,3.23261,-0.00407,0.01928,576.0,5.177
242,8.0891,Midnight 00:00,simulation,0.1,1,0.05743,-0.68978,2.67512,0.67512,0.05743,-1.68978,3.34325,-0.04952,0.35786,600.0,5.164
243,8.1226,Midnight 00:00,simulation,0.1,1,0.05832,-0.69688,2.75007,0.75007,0.05832,-1.69688,3.2364,-0.0044,0.02208,576.0,5.182
244,8.156,Midnight 00:00,simulation,0.1,1,0.05734,-0.66356,2.66939,0.66939,0.05734,-1.66356,3.33517,-0.04953,0.37188,600.0,5.163
245,8.1894,Midnight 00:00,simulation,0.1,1,0.05831,-0.67123,2.74958,0.74958,0.05831,-1.67123,3.24041,-0.0048,0.02566,576.0,5.177
246,8.2228,Midnight 00:00,simulation,0.1,1,0.05831,-0.65413,2.74918,0.74918,0.05831,-1.65413,3.24316,-0.00513,0.02865,576.0,5.181
247,8.2563,Midnight 00:00,simulation,0.1,1,0.0572,-0.62021,2.66025,0.66025,0.0572,-1.62021,3.32126,-0.04898,0.39296,600.0,5.161
248,8.2897,Midnight 00:00,simulation,0.1,1,0.05831,-0.62844,2.74842,0.74842,0.05831,-1.62844,3.24734,-0.00572,0.0344,576.0,5.185
249,8.3231,Midnight 00:00,simulation,0.1,1,0.05712,-0.59445,2.65528,0.65528,0.05712,-1.59445,3.31134,-0.04837,0.40472,600.0,5.171
250,8.3565,Midnight 00:00,simulation,0.1,1,0.0581,-0.59397,2.72751,0.72751,0.0581,-1.59397,3.36398,-0.0187,0.14963,600.0,5.17
251,8.39,Midnight 00:00,simulation,0.1,1,0.0583,-0.58553,2.74658,0.74658,0.0583,-1.58553,3.2539,-0.00716,0.0493,576.0,5.185
252,8.4234,Midnight 00:00,simulation,0.1,1,0.05698,-0.55166,2.64673,0.64673,0.05698,-1.55166,3.29827,-0.04686,0.4215,600.0,5.162
253,8.4568,Midnight 00:00,simulation,0.1,1,0.0583,-0.55971,2.74495,0.74495,0.0583,-1.55971,3.25712,-0.00839,0.06309,576.0,5.181
254,8.4903,Midnight 00:00,simulation,0.1,1,0.05829,-0.54246,2.74357,0.74357,0.05829,-1.54246,3.25874,-0.00937,0.07472,576.0,5.179
255,8.5237,Midnight 00:00,simulation,0.1,1,0.05685,-0.5093,2.639,0.639,0.05685,-1.5093,3.28362,-0.0449,0.43655,600.0,5.165
256,8.5571,Midnight 00:00,simulation,0.1,1,0.05829,-0.51652,2.74103,0.74103,0.05829,-1.51652,3.2601,-0.01097,0.09505,576.0,5.181
257,8.5905,Midnight 00:00,simulation,0.1,1,0.05678,-0.48404,2.63463,0.63463,0.05678,-1.48404,3.27477,-0.04352,0.44467,600.0,5.164
258,8.624,Midnight 00:00,simulation,0.1,1,0.05673,-0.46727,2.63182,0.63182,0.05673,-1.46727,3.26885,-0.04253,0.44971,600.0,5.173
259,8.6574,Midnight 00:00,simulation,0.1,1,0.05825,-0.47325,2.73584,0.73584,0.05825,-1.47325,3.25887,-0.01331,0.13071,576.0,5.175
260,8.6908,Midnight 00:00,simulation,0.1,1,0.05667,-0.44221,2.6278,0.6278,0.05667,-1.44221,3.25996,-0.04093,0.45677,600.0,5.153
261,8.7242,Midnight 00:00,simulation,0.1,1,0.05823,-0.44732,2.73245,0.73245,0.05823,-1.44732,3.25603,-0.01427,0.15024,576.0,5.176
262,8.7577,Midnight 00:00,simulation,0.1,1,0.05542,-0.42165,2.66317,0.66317,0.05542,-1.42165,-3.02618,-0.01666,0.43101,588.0,5.164
263,8.7911,Midnight 00:00,simulation,0.1,1,0.0553,-0.40799,2.65803,0.65803,0.0553,-1.40799,-2.87661,-0.04351,0.42285,588.0,5.154
264,8.8245,Midnight 00:00,simulation,0.1,1,0.05817,-0.40427,2.72683,0.72683,0.05817,-1.40427,3.24858,-0.01509,0.17826,576.0,5.17
265,8.8579,Midnight 00:00,simulation,0.1,1,0.0565,-0.3759,2.61807,0.61807,0.0565,-1.3759,3.2362,-0.03613,0.47277,600.0,5.146
266,8.8914,Midnight 00:00,simulation,0.1,1,0.05811,-0.36144,2.7215,0.7215,0.05811,-1.36144,3.23884,-0.0151,0.20112,576.0,5.158
267,8.9248,Midnight 00:00,simulation,0.1,1,0.05641,-0.3348,2.61276,0.61276,0.05641,-1.3348,3.22136,-0.03279,0.48084,600.0,5.141
268,8.9582,Midnight 00:00,simulation,0.1,1,0.05807,-0.33585,2.71852,0.71852,0.05807,-1.33585,3.23227,-0.01479,0.21275,576.0,5.155
269,8.9916,Midnight 00:00,simulation,0.1,1,0.05636,-0.31025,2.60985,0.60985,0.05636,-1.31025,3.21248,-0.03068,0.48501,600.0,5.141
270,9.0251,Midnight 00:00,simulation,0.1,1,0.05804,-0.31033,2.71573,0.71573,0.05804,-1.31033,3.22533,-0.01429,0.22302,576.0,5.142
271,9.0585,Midnight 00:00,simulation,0.1,1,0.05804,-0.31033,2.71573,0.71573,0.05804,-1.31033,3.22533,-0.01429,0.22302,576.0,5.142
272,9.0919,Midnight 00:00,simulation,0.1,1,0.05802,-0.29337,2.71397,0.71397,0.05802,-1.29337,3.22053,-0.01386,0.22917,576.0,5.148
273,9.1253,Midnight 00:00,simulation,0.1,1,0.05629,-0.2695,2.60549,0.60549,0.05629,-1.2695,3.19773,-0.02702,0.49091,600.0,5.124
274,9.1588,Midnight 00:00,simulation,0.1,1,0.05798,-0.26797,2.71151,0.71151,0.05798,-1.26797,3.21315,-0.01309,0.23746,576.0,5.139
275,9.1922,Midnight 00:00,simulation,0.1,1,0.05796,-0.25108,2.70998,0.70998,0.05796,-1.25108,3.20813,-0.01251,0.2424,576.0,5.132
276,9.2256,Midnight 00:00,simulation,0.1,1,0.05623,-0.22894,2.60172,0.60172,0.05623,-1.22894,3.18305,-0.0232,0.49555,600.0,5.114
277,9.2591,Midnight 00:00,simulation,0.1,1,0.05793,-0.2258,2.70787,0.70787,0.05793,-1.2258,3.20049,-0.01155,0.24899,576.0,5.128
278,9.2925,Midnight 00:00,simulation,0.1,1,0.05791,-0.20057,2.70597,0.70597,0.05791,-1.20057,3.19274,-0.01048,0.25465,576.0,5.118
279,9.3259,Midnight 00:00,simulation,0.1,1,0.05791,-0.20057,2.70597,0.70597,0.05791,-1.20057,3.19274,-0.01048,0.25465,576.0,5.118
280,9.3593,Midnight 00:00,simulation,0.1,1,0.05615,-0.16438,2.59695,0.59695,0.05615,-1.16438,3.15976,-0.01686,0.50047,600.0,5.099
281,9.3928,Midnight 00:00,simulation,0.1,1,0.05787,-0.15862,2.70329,0.70329,0.05787,-1.15862,3.17967,-0.00852,0.26217,576.0,5.117
282,9.4262,Midnight 00:00,simulation,0.1,1,0.05612,-0.14025,2.59556,0.59556,0.05612,-1.14025,3.1511,-0.01442,0.50156,600.0,5.106
283,9.4596,Midnight 00:00,simulation,0.1,1,0.05785,-0.13351,2.70198,0.70198,0.05785,-1.13351,3.17178,-0.00727,0.26562,576.0,5.097
284,9.493,Midnight 00:00,simulation,0.1,1,0.05784,-0.11679,2.70123,0.70123,0.05784,-1.11679,3.16651,-0.0064,0.26749,576.0,5.106
285,9.5265,Midnight 00:00,simulation,0.1,1,0.05609,-0.1001,2.59373,0.59373,0.05609,-1.1001,3.13676,-0.01032,0.50249,600.0,5.082
286,9.5599,Midnight 00:00,simulation,0.1,1,0.05783,-0.09173,2.70029,0.70029,0.05783,-1.09173,3.1586,-0.00507,0.26969,576.0,5.095
287,9.5933,Midnight 00:00,simulation,0.1,1,0.05783,-0.09173,2.70029,0.70029,0.05783,-1.09173,3.1586,-0.00507,0.26969,576.0,5.095
288,9.6267,Midnight 00:00,simulation,0.1,1,0.05607,-0.06003,2.59251,0.59251,0.05607,-1.06003,3.12256,-0.00619,0.50234,600.0,5.075
289,9.6602,Midnight 00:00,simulation,0.1,1,0.05781,-0.05002,2.69923,0.69923,0.05781,-1.05002,3.14546,-0.00278,0.27177,576.0,5.089
290,9.6936,Midnight 00:00,simulation,0.1,1,0.05606,-0.03601,2.59207,0.59207,0.05606,-1.03601,3.11411,-0.00371,0.50174,600.0,5.077
291,9.727,Midnight 00:00,simulation,0.1,1,0.0546,-0.02211,2.63145,0.63145,0.0546,-1.02211,-3.02545,-0.01658,0.49418,588.0,5.081
292,9.7604,Midnight 00:00,simulation,0.1,1,0.05781,-0.00833,2.69879,0.69879,0.05781,-1.00833,3.13241,-0.00046,0.27195,576.0,5.087
293,9.7939,Midnight 00:00,simulation,0.1,1,0.05606,0.004,2.59183,0.59183,0.05606,-0.996,3.10014,0.00041,0.49991,600.0,5.07
294,9.8273,Midnight 00:00,simulation,0.1,1,0.05606,0.004,2.59183,0.59183,0.05606,-0.996,3.10014,0.00041,0.49991,600.0,5.07
295,9.8607,Midnight 00:00,simulation,0.1,1,0.05606,0.004,2.59183,0.59183,0.05606,-0.996,3.10014,0.00041,0.49991,600.0,5.07
296,9.8942,Midnight 00:00,simulation,0.1,1,0.05606,0.004,2.59183,0.59183,0.05606,-0.996,3.10014,0.00041,0.49991,600.0,5.07
297,9.9276,Midnight 00:00,simulation,0.1,1,0.05606,0.004,2.59183,0.59183,0.05606,-0.996,3.10014,0.00041,0.49991,600.0,5.07
298,9.961,Midnight 00:00,simulation,0.1,1,0.05606,0.004,2.59183,0.59183,0.05606,-0.996,3.10014,0.00041,0.49991,600.0,5.07
299,9.9944,Midnight 00:00,simulation,0.1,1,0.05606,0.004,2.59183,0.59183,0.05606,-0.996,3.10014,0.00041,0.49991,600.0,5.07
300,10.0279,Midnight 00:00,simulation,0.1,1,0.05606,0.004,2.59183,0.59183,0.05606,-0.996,3.10014,0.00041,0.49991,600.0,5.07
301,10.0613,Midnight 00:00,simulation,0.1,1,0.05606,0.004,2.59183,0.59183,0.05606,-0.996,3.10014,0.00041,0.49991,600.0,5.07
302,10.0947,Midnight 00:00,simulation,0.1,1,0.05606,0.004,2.59183,0.59183,0.05606,-0.996,3.10014,0.00041,0.49991,600.0,5.07
303,10.1281,Midnight 00:00,simulation,0.1,1,0.05606,0.004,2.59183,0.59183,0.05606,-0.996,3.10014,0.00041,0.49991,600.0,5.07
304,10.1616,Midnight 00:00,simulation,0.1,1,0.05606,0.004,2.59183,0.59183,0.05606,-0.996,3.10014,0.00041,0.49991,600.0,5.07
305,10.195,Midnight 00:00,simulation,0.1,1,0.05606,0.004,2.59183,0.59183,0.05606,-0.996,3.10014,0.00041,0.49991,600.0,5.07
306,10.2284,Midnight 00:00,simulation,0.1,1,0.05606,0.004,2.59183,0.59183,0.05606,-0.996,3.10014,0.00041,0.49991,600.0,5.07
307,10.2618,Midnight 00:00,simulation,0.1,1,0.05606,0.004,2.59183,0.59183,0.05606,-0.996,3.10014,0.00041,0.49991,600.0,5.07
308,10.2953,Midnight 00:00,simulation,0.1,1,0.05606,0.004,2.59183,0.59183,0.05606,-0.996,3.10014,0.00041,0.49991,600.0,5.07
309,10.3287,Midnight 00:00,simulation,0.1,1,0.05606,0.004,2.59183,0.59183,0.05606,-0.996,3.10014,0.00041,0.49991,600.0,5.07
310,10.3621,Midnight 00:00,simulation,0.1,1,0.05606,0.004,2.59183,0.59183,0.05606,-0.996,3.10014,0.00041,0.49991,600.0,5.07
311,10.3955,Midnight 00:00,simulation,0.1,1,0.05606,0.004,2.59183,0.59183,0.05606,-0.996,3.10014,0.00041,0.49991,600.0,5.07
312,10.429,Midnight 00:00,simulation,0.1,1,0.05606,0.004,2.59183,0.59183,0.05606,-0.996,3.10014,0.00041,0.49991,600.0,5.07
313,10.4624,Midnight 00:00,simulation,0.1,1,0.05606,0.004,2.59183,0.59183,0.05606,-0.996,3.10014,0.00041,0.49991,600.0,5.07
314,10.4958,Midnight 00:00,simulation,0.1,1,0.05606,0.004,2.59183,0.59183,0.05606,-0.996,3.10014,0.00041,0.49991,600.0,5.07
315,10.5292,Midnight 00:00,simulation,0.1,1,0.05606,0.004,2.59183,0.59183,0.05606,-0.996,3.10014,0.00041,0.49991,600.0,5.07
316,10.5627,Midnight 00:00,simulation,0.1,1,0.05606,0.004,2.59183,0.59183,0.05606,-0.996,3.10014,0.00041,0.49991,600.0,5.07
317,10.5961,Midnight 00:00,simulation,0.1,1,0.05606,0.004,2.59183,0.59183,0.05606,-0.996,3.10014,0.00041,0.49991,600.0,5.07
318,10.6295,Midnight 00:00,simulation,0.1,1,0.05606,0.004,2.59183,0.59183,0.05606,-0.996,3.10014,0.00041,0.49991,600.0,5.07
319,10.663,Midnight 00:00,simulation,0.1,1,0.05606,0.004,2.59183,0.59183,0.05606,-0.996,3.10014,0.00041,0.49991,600.0,5.07
320,10.6964,Midnight 00:00,simulation,0.1,1,0.05606,0.004,2.59183,0.59183,0.05606,-0.996,3.10014,0.00041,0.49991,600.0,5.07
321,10.7298,Midnight 00:00,simulation,0.1,1,0.05606,0.004,2.59183,0.59183,0.05606,-0.996,3.10014,0.00041,0.49991,600.0,5.07
322,10.7632,Midnight 00:00,simulation,0.1,1,0.05606,0.004,2.59183,0.59183,0.05606,-0.996,3.10014,0.00041,0.49991,600.0,5.07
323,10.7967,Midnight 00:00,simulation,0.1,1,0.05606,0.004,2.59183,0.59183,0.05606,-0.996,3.10014,0.00041,0.49991,600.0,5.07
324,10.8301,Midnight 00:00,simulation,0.1,1,0.05606,0.004,2.59183,0.59183,0.05606,-0.996,3.10014,0.00041,0.49991,600.0,5.07
325,10.8635,Midnight 00:00,simulation,0.1,1,0.05606,0.004,2.59183,0.59183,0.05606,-0.996,3.10014,0.00041,0.49991,600.0,5.07
326,10.8969,Midnight 00:00,simulation,0.1,1,0.05606,0.004,2.59183,0.59183,0.05606,-0.996,3.10014,0.00041,0.49991,600.0,5.07
327,10.9304,Midnight 00:00,simulation,0.1,1,0.05606,0.004,2.59183,0.59183,0.05606,-0.996,3.10014,0.00041,0.49991,600.0,5.07
328,10.9638,Midnight 00:00,simulation,0.1,1,0.05606,0.004,2.59183,0.59183,0.05606,-0.996,3.10014,0.00041,0.49991,600.0,5.07
329,10.9972,Midnight 00:00,simulation,0.1,1,0.05606,0.004,2.59183,0.59183,0.05606,-0.996,3.10014,0.00041,0.49991,600.0,5.07
330,11.0306,Midnight 00:00,simulation,0.1,1,0.05606,0.004,2.59183,0.59183,0.05606,-0.996,3.10014,0.00041,0.49991,600.0,5.07
331,11.0641,Midnight 00:00,simulation,0.1,1,0.05606,0.004,2.59183,0.59183,0.05606,-0.996,3.10014,0.00041,0.49991,600.0,5.07
332,11.0975,Midnight 00:00,simulation,0.1,1,0.05606,0.004,2.59183,0.59183,0.05606,-0.996,3.10014,0.00041,0.49991,600.0,5.07
333,11.1309,Midnight 00:00,simulation,0.1,1,0.05606,0.004,2.59183,0.59183,0.05606,-0.996,3.10014,0.00041,0.49991,600.0,5.07
334,11.1643,Midnight 00:00,simulation,0.1,1,0.05606,0.004,2.59183,0.59183,0.05606,-0.996,3.10014,0.00041,0.49991,600.0,5.07
335,11.1978,Midnight 00:00,simulation,0.1,1,0.05606,0.004,2.59183,0.59183,0.05606,-0.996,3.10014,0.00041,0.49991,600.0,5.07
336,11.2312,Midnight 00:00,simulation,0.1,1,0.05606,0.004,2.59183,0.59183,0.05606,-0.996,3.10014,0.00041,0.49991,600.0,5.07
337,11.2646,Midnight 00:00,simulation,0.1,1,0.05606,0.004,2.59183,0.59183,0.05606,-0.996,3.10014,0.00041,0.49991,600.0,5.07
338,11.2981,Midnight 00:00,simulation,0.1,1,0.05606,0.004,2.59183,0.59183,0.05606,-0.996,3.10014,0.00041,0.49991,600.0,5.07
339,11.3315,Midnight 00:00,simulation,0.1,1,0.05606,0.004,2.59183,0.59183,0.05606,-0.996,3.10014,0.00041,0.49991,600.0,5.07
340,11.3649,Midnight 00:00,simulation,0.1,1,0.05606,0.004,2.59183,0.59183,0.05606,-0.996,3.10014,0.00041,0.49991,600.0,5.07
341,11.3983,Midnight 00:00,simulation,0.1,1,0.05606,0.004,2.59183,0.59183,0.05606,-0.996,3.10014,0.00041,0.49991,600.0,5.07
342,11.4318,Midnight 00:00,simulation,0.1,1,0.05606,0.004,2.59183,0.59183,0.05606,-0.996,3.10014,0.00041,0.49991,600.0,5.07
343,11.4652,Midnight 00:00,simulation,0.1,1,0.05606,0.004,2.59183,0.59183,0.05606,-0.996,3.10014,0.00041,0.49991,600.0,5.07
344,11.4986,Midnight 00:00,simulation,0.1,1,0.05606,0.004,2.59183,0.59183,0.05606,-0.996,3.10014,0.00041,0.49991,600.0,5.07
345,11.532,Midnight 00:00,simulation,0.1,1,0.05606,0.004,2.59183,0.59183,0.05606,-0.996,3.10014,0.00041,0.49991,600.0,5.07
346,11.5655,Midnight 00:00,simulation,0.1,1,0.05606,0.004,2.59183,0.59183,0.05606,-0.996,3.10014,0.00041,0.49991,600.0,5.07
347,11.5989,Midnight 00:00,simulation,0.1,1,0.05606,0.004,2.59183,0.59183,0.05606,-0.996,3.10014,0.00041,0.49991,600.0,5.07
348,11.6323,Midnight 00:00,simulation,0.1,1,0.05606,0.004,2.59183,0.59183,0.05606,-0.996,3.10014,0.00041,0.49991,600.0,5.07
349,11.6657,Midnight 00:00,simulation,0.1,1,0.05606,0.004,2.59183,0.59183,0.05606,-0.996,3.10014,0.00041,0.49991,600.0,5.07
350,11.6992,Midnight 00:00,simulation,0.1,1,0.05606,0.004,2.59183,0.59183,0.05606,-0.996,3.10014,0.00041,0.49991,600.0,5.07
351,11.7326,Midnight 00:00,simulation,0.1,1,0.05606,0.004,2.59183,0.59183,0.05606,-0.996,3.10014,0.00041,0.49991,600.0,5.07
352,11.766,Midnight 00:00,simulation,0.1,1,0.05606,0.004,2.59183,0.59183,0.05606,-0.996,3.10014,0.00041,0.49991,600.0,5.07
353,11.7994,Midnight 00:00,simulation,0.1,1,0.05606,0.004,2.59183,0.59183,0.05606,-0.996,3.10014,0.00041,0.49991,600.0,5.07
354,11.8329,Midnight 00:00,simulation,0.1,1,0.05606,0.004,2.59183,0.59183,0.05606,-0.996,3.10014,0.00041,0.49991,600.0,5.07
355,11.8663,Midnight 00:00,simulation,0.1,1,0.05606,0.004,2.59183,0.59183,0.05606,-0.996,3.10014,0.00041,0.49991,600.0,5.07
356,11.8997,Midnight 00:00,simulation,0.1,1,0.05606,0.004,2.59183,0.59183,0.05606,-0.996,3.10014,0.00041,0.49991,600.0,5.07
357,11.9331,Midnight 00:00,simulation,0.1,1,0.05606,0.004,2.59183,0.59183,0.05606,-0.996,3.10014,0.00041,0.49991,600.0,5.07
358,11.9666,Midnight 00:00,simulation,0.1,1,0.05606,0.004,2.59183,0.59183,0.05606,-0.996,3.10014,0.00041,0.49991,600.0,5.07
359,12.0,Midnight 00:00,simulation,0.1,1,0.05606,0.004,2.59183,0.59183,0.05606,-0.996,3.10014,0.00041,0.49991,600.0,5.07
360,12.0334,Midnight 00:00,simulation,0.1,1,0.05606,0.004,2.59183,0.59183,0.05606,-0.996,3.10014,0.00041,0.49991,600.0,5.064
361,12.0669,Midnight 00:00,simulation,0.1,1,0.05781,-0.0,2.69877,0.69877,0.05781,-1.0,3.12982,0.0,0.27176,576.0,5.063
362,12.1003,Midnight 00:00,simulation,0.1,1,0.05781,-0.0,2.69877,0.69877,0.05781,-1.0,3.12982,0.0,0.27176,576.0,5.063
363,12.1337,Midnight 00:00,simulation,0.1,1,0.05836,0.00493,2.75767,0.75767,0.05836,-0.99507,3.33066,-0.00338,-0.03309,552.0,5.073
364,12.1671,Midnight 00:00,simulation,0.1,1,0.05836,0.00493,2.75767,0.75767,0.05836,-0.99507,3.33066,-0.00338,-0.03309,552.0,5.075
365,12.2006,Midnight 00:00,simulation,0.1,1,0.05601,0.00435,2.81585,0.81585,0.05601,-0.99565,3.12819,0.00023,0.27519,529.0,5.074
366,12.234,Midnight 00:00,simulation,0.1,1,0.05601,0.00435,2.81585,0.81585,0.05601,-0.99565,3.12819,0.00023,0.27519,529.0,5.05
367,12.2674,Midnight 00:00,simulation,0.1,1,0.05601,0.00435,2.81585,0.81585,0.05601,-0.99565,3.12819,0.00023,0.27519,529.0,5.05
368,12.3008,Midnight 00:00,simulation,0.1,1,0.05601,0.00435,2.81585,0.81585,0.05601,-0.99565,3.12819,0.00023,0.27519,529.0,5.038
369,12.3343,Midnight 00:00,simulation,0.1,1,0.05601,0.00435,2.81585,0.81585,0.05601,-0.99565,3.12819,0.00023,0.27519,529.0,5.035
370,12.3677,Midnight 00:00,simulation,0.1,1,0.05521,0.00267,2.83914,0.83914,0.05521,-0.99733,-2.9881,-0.01433,0.28327,517.5,5.043
371,12.4011,Midnight 00:00,simulation,0.1,1,0.06295,-0.0,2.94352,0.94352,0.06295,-1.0,3.12955,0.0,0.27485,484.0,5.053
372,12.4345,Midnight 00:00,simulation,0.1,1,0.06373,0.00328,2.99855,0.99855,0.06373,-0.99672,-2.82995,0.02127,-0.0921,451.0,5.061
373,12.468,Midnight 00:00,simulation,0.1,1,0.06373,0.00328,2.99855,0.99855,0.06373,-0.99672,-2.82995,0.02127,-0.0921,451.0,5.061
374,12.5014,Midnight 00:00,simulation,0.1,1,0.06123,0.00476,3.08342,1.08342,0.06123,-0.99524,3.12792,0.00024,0.27816,441.0,5.064
375,12.5348,Midnight 00:00,simulation,0.1,1,0.06123,0.00476,3.08342,1.08342,0.06123,-0.99524,3.12792,0.00024,0.27816,441.0,5.056
376,12.5682,Midnight 00:00,simulation,0.1,1,0.06123,0.00476,3.08342,1.08342,0.06123,-0.99524,3.12792,0.00024,0.27816,441.0,5.034
377,12.6017,Midnight 00:00,simulation,0.1,1,0.06123,0.00476,3.08342,1.08342,0.06123,-0.99524,3.12792,0.00024,0.27816,441.0,5.032
378,12.6351,Midnight 00:00,simulation,0.1,1,0.06123,0.00476,3.08342,1.08342,0.06123,-0.99524,3.12792,0.00024,0.27816,441.0,5.032
379,12.6685,Midnight 00:00,simulation,0.1,1,0.06123,0.00476,3.08342,1.08342,0.06123,-0.99524,3.12792,0.00024,0.27816,441.0,5.03
380,12.7019,Midnight 00:00,simulation,0.1,1,0.06123,0.00476,3.08342,1.08342,0.06123,-0.99524,3.12792,0.00024,0.27816,441.0,5.028
381,12.7354,Midnight 00:00,simulation,0.1,1,0.06123,0.00476,3.08342,1.08342,0.06123,-0.99524,3.12792,0.00024,0.27816,441.0,5.028
382,12.7688,Midnight 00:00,simulation,0.1,1,0.06123,0.00476,3.08342,1.08342,0.06123,-0.99524,3.12792,0.00024,0.27816,441.0,5.032
383,12.8022,Midnight 00:00,simulation,0.1,1,0.06164,0.00288,3.10903,1.10903,0.06164,-0.99712,-2.97848,0.02021,-0.22545,430.5,5.029
384,12.8357,Midnight 00:00,simulation,0.1,1,0.05942,0.00295,3.09977,1.09977,0.05942,-0.99705,-2.93127,0.00296,-0.38492,420.0,5.025
385,12.8691,Midnight 00:00,simulation,0.1,1,0.06317,0.00247,3.3069,1.3069,0.06317,-0.99753,3.09291,0.04045,0.3254,380.5,5.022
386,12.9025,Midnight 00:00,simulation,0.1,1,0.06755,0.00526,3.40737,1.40737,0.06755,-0.99474,3.12767,0.00024,0.28085,361.0,5.017
387,12.9359,Midnight 00:00,simulation,0.1,1,0.06755,0.00526,3.40737,1.40737,0.06755,-0.99474,3.12767,0.00024,0.28085,361.0,5.018
388,12.9694,Midnight 00:00,simulation,0.1,1,0.06755,0.00526,3.40737,1.40737,0.06755,-0.99474,3.12767,0.00024,0.28085,361.0,5.018
389,13.0028,Midnight 00:00,simulation,0.1,1,0.06755,0.00526,3.40737,1.40737,0.06755,-0.99474,3.12767,0.00024,0.28085,361.0,5.019
390,13.0362,Midnight 00:00,simulation,0.1,1,0.06755,0.00526,3.40737,1.40737,0.06755,-0.99474,3.12767,0.00024,0.28085,361.0,5.021
391,13.0696,Midnight 00:00,simulation,0.1,1,0.06755,0.00526,3.40737,1.40737,0.06755,-0.99474,3.12767,0.00024,0.28085,361.0,5.02
392,13.1031,Midnight 00:00,simulation,0.1,1,0.06755,0.00526,3.40737,1.40737,0.06755,-0.99474,3.12767,0.00024,0.28085,361.0,5.019
393,13.1365,Midnight 00:00,simulation,0.1,1,0.06755,0.00526,3.40737,1.40737,0.06755,-0.99474,3.12767,0.00024,0.28085,361.0,5.018
394,13.1699,Midnight 00:00,simulation,0.1,1,0.06755,0.00526,3.40737,1.40737,0.06755,-0.99474,3.12767,0.00024,0.28085,361.0,5.014
395,13.2033,Midnight 00:00,simulation,0.1,1,0.06755,0.00526,3.40737,1.40737,0.06755,-0.99474,3.12767,0.00024,0.28085,361.0,5.012
396,13.2368,Midnight 00:00,simulation,0.1,1,0.06286,0.00526,3.40807,1.40807,0.06286,-0.99474,3.08914,0.00046,0.56374,342.0,5.008
397,13.2702,Midnight 00:00,simulation,0.1,1,0.06286,0.00526,3.40807,1.40807,0.06286,-0.99474,3.08914,0.00046,0.56374,342.0,5.002
398,13.3036,Midnight 00:00,simulation,0.1,1,0.06286,0.00526,3.40807,1.40807,0.06286,-0.99474,3.08914,0.00046,0.56374,342.0,4.995
399,13.337,Midnight 00:00,simulation,0.1,1,0.0658,-0.0,3.59639,1.59639,0.0658,-1.0,3.12871,0.0,0.28427,324.0,4.997
400,13.3705,Midnight 00:00,simulation,0.1,1,0.0658,-0.0,3.59639,1.59639,0.0658,-1.0,3.12871,0.0,0.28427,324.0,5.0
401,13.4039,Midnight 00:00,simulation,0.1,1,0.0658,-0.0,3.59639,1.59639,0.0658,-1.0,3.12871,0.0,0.28427,324.0,5.0
402,13.4373,Midnight 00:00,simulation,0.1,1,0.0658,-0.0,3.59639,1.59639,0.0658,-1.0,3.12871,0.0,0.28427,324.0,5.0
403,13.4708,Midnight 00:00,simulation,0.1,1,0.06668,0.00635,3.67461,1.67461,0.06668,-0.99365,3.39966,-0.00403,-0.03019,306.0,5.0
404,13.5042,Midnight 00:00,simulation,0.1,1,0.07537,0.00588,3.80762,1.80762,0.07537,-0.99412,3.12744,0.00024,0.28326,289.0,5.001
405,13.5376,Midnight 00:00,simulation,0.1,1,0.07537,0.00588,3.80762,1.80762,0.07537,-0.99412,3.12744,0.00024,0.28326,289.0,5.001
406,13.571,Midnight 00:00,simulation,0.1,1,0.07013,0.0063,3.72901,1.72901,0.07013,-0.9937,-2.92229,0.02389,0.23735,297.5,4.998
407,13.6045,Midnight 00:00,simulation,0.1,1,0.07013,0.0063,3.72901,1.72901,0.07013,-0.9937,-2.92229,0.02389,0.23735,297.5,4.998
408,13.6379,Midnight 00:00,simulation,0.1,1,0.07537,0.00588,3.80762,1.80762,0.07537,-0.99412,3.12744,0.00024,0.28326,289.0,4.996
409,13.6713,Midnight 00:00,simulation,0.1,1,0.07537,0.00588,3.80762,1.80762,0.07537,-0.99412,3.12744,0.00024,0.28326,289.0,4.991
410,13.7047,Midnight 00:00,simulation,0.1,1,0.07006,0.00588,3.8083,1.8083,0.07006,-0.99412,3.08426,0.00048,0.58983,272.0,4.991
411,13.7382,Midnight 00:00,simulation,0.1,1,0.07006,0.00588,3.8083,1.8083,0.07006,-0.99412,3.08426,0.00048,0.58983,272.0,4.991
412,13.7716,Midnight 00:00,simulation,0.1,1,0.07006,0.00588,3.8083,1.8083,0.07006,-0.99412,3.08426,0.00048,0.58983,272.0,4.988
413,13.805,Midnight 00:00,simulation,0.1,1,0.07006,0.00588,3.8083,1.8083,0.07006,-0.99412,3.08426,0.00048,0.58983,272.0,4.988
414,13.8384,Midnight 00:00,simulation,0.1,1,0.07006,0.00588,3.8083,1.8083,0.07006,-0.99412,3.08426,0.00048,0.58983,272.0,4.989
415,13.8719,Midnight 00:00,simulation,0.1,1,0.07006,0.00588,3.8083,1.8083,0.07006,-0.99412,3.08426,0.00048,0.58983,272.0,4.989
416,13.9053,Midnight 00:00,simulation,0.1,0,0.0,0.0,0.0,0.0,0.0,0.0,0.0,0.0,0.0,0.0,4.987
417,13.9387,Midnight 00:00,simulation,0.1,1,0.06994,0.00322,3.89757,1.89757,0.06994,-0.99678,-3.0031,-0.02186,0.54623,264.0,4.987
418,13.9721,Midnight 00:00,simulation,0.1,1,0.07391,-0.0,4.0453,2.0453,0.07391,-1.0,3.1285,0.0,0.28656,256.0,4.983
419,14.0056,Midnight 00:00,simulation,0.1,1,0.07502,0.00704,4.13328,2.13328,0.07502,-0.99296,3.42709,-0.0045,-0.03065,240.0,4.981
420,14.039,Midnight 00:00,simulation,0.1,0,0.0,0.0,0.0,0.0,0.0,0.0,0.0,0.0,0.0,0.0,4.979
421,14.0724,Midnight 00:00,simulation,0.1,0,0.0,0.0,0.0,0.0,0.0,0.0,0.0,0.0,0.0,0.0,4.979
422,14.1058,Midnight 00:00,simulation,0.1,0,0.0,0.0,0.0,0.0,0.0,0.0,0.0,0.0,0.0,0.0,4.979
423,14.1393,Midnight 00:00,simulation,0.1,1,0.07502,0.00704,4.13328,2.13328,0.07502,-0.99296,3.42709,-0.0045,-0.03065,240.0,4.98
424,14.1727,Midnight 00:00,simulation,0.1,1,0.07502,0.00704,4.13328,2.13328,0.07502,-0.99296,3.42709,-0.0045,-0.03065,240.0,4.982
425,14.2061,Midnight 00:00,simulation,0.1,1,0.07502,0.00704,4.13328,2.13328,0.07502,-0.99296,3.42709,-0.0045,-0.03065,240.0,4.98
426,14.2396,Midnight 00:00,simulation,0.1,1,0.07502,0.00704,4.13328,2.13328,0.07502,-0.99296,3.42709,-0.0045,-0.03065,240.0,4.98
427,14.273,Midnight 00:00,simulation,0.1,1,0.07502,0.00704,4.13328,2.13328,0.07502,-0.99296,3.42709,-0.0045,-0.03065,240.0,4.98
428,14.3064,Midnight 00:00,simulation,0.1,1,0.07502,0.00704,4.13328,2.13328,0.07502,-0.99296,3.42709,-0.0045,-0.03065,240.0,4.98
429,14.3398,Midnight 00:00,simulation,0.1,1,0.07502,0.00704,4.13328,2.13328,0.07502,-0.99296,3.42709,-0.0045,-0.03065,240.0,4.98
430,14.3733,Midnight 00:00,simulation,0.1,1,0.07502,0.00704,4.13328,2.13328,0.07502,-0.99296,3.42709,-0.0045,-0.03065,240.0,4.98
431,14.4067,Midnight 00:00,simulation,0.1,1,0.07502,0.00704,4.13328,2.13328,0.07502,-0.99296,3.42709,-0.0045,-0.03065,240.0,4.98
432,14.4401,Midnight 00:00,simulation,0.1,1,0.07502,0.00704,4.13328,2.13328,0.07502,-0.99296,3.42709,-0.0045,-0.03065,240.0,4.98
433,14.4735,Midnight 00:00,simulation,0.1,1,0.07502,0.00704,4.13328,2.13328,0.07502,-0.99296,3.42709,-0.0045,-0.03065,240.0,4.98
434,14.507,Midnight 00:00,simulation,0.1,1,0.07502,0.00704,4.13328,2.13328,0.07502,-0.99296,3.42709,-0.0045,-0.03065,240.0,4.98
435,14.5404,Midnight 00:00,simulation,0.1,1,0.07502,0.00704,4.13328,2.13328,0.07502,-0.99296,3.42709,-0.0045,-0.03065,240.0,4.98
436,14.5738,Midnight 00:00,simulation,0.1,1,0.07502,0.00704,4.13328,2.13328,0.07502,-0.99296,3.42709,-0.0045,-0.03065,240.0,4.98
437,14.6072,Midnight 00:00,simulation,0.1,1,0.07502,0.00704,4.13328,2.13328,0.07502,-0.99296,3.42709,-0.0045,-0.03065,240.0,4.98
438,14.6407,Midnight 00:00,simulation,0.1,1,0.07502,0.00704,4.13328,2.13328,0.07502,-0.99296,3.42709,-0.0045,-0.03065,240.0,4.98
439,14.6741,Midnight 00:00,simulation,0.1,1,0.07502,0.00704,4.13328,2.13328,0.07502,-0.99296,3.42709,-0.0045,-0.03065,240.0,4.98
440,14.7075,Midnight 00:00,simulation,0.1,1,0.07502,0.00704,4.13328,2.13328,0.07502,-0.99296,3.42709,-0.0045,-0.03065,240.0,4.98
441,14.7409,Midnight 00:00,simulation,0.1,1,0.07502,0.00704,4.13328,2.13328,0.07502,-0.99296,3.42709,-0.0045,-0.03065,240.0,4.98
442,14.7744,Midnight 00:00,simulation,0.1,1,0.07502,0.00704,4.13328,2.13328,0.07502,-0.99296,3.42709,-0.0045,-0.03065,240.0,4.98
443,14.8078,Midnight 00:00,simulation,0.1,1,0.07502,0.00704,4.13328,2.13328,0.07502,-0.99296,3.42709,-0.0045,-0.03065,240.0,4.98
444,14.8412,Midnight 00:00,simulation,0.1,1,0.07502,0.00704,4.13328,2.13328,0.07502,-0.99296,3.42709,-0.0045,-0.03065,240.0,4.98
445,14.8747,Midnight 00:00,simulation,0.1,1,0.07502,0.00704,4.13328,2.13328,0.07502,-0.99296,3.42709,-0.0045,-0.03065,240.0,4.98
446,14.9081,Midnight 00:00,simulation,0.1,1,0.07502,0.00704,4.13328,2.13328,0.07502,-0.99296,3.42709,-0.0045,-0.03065,240.0,4.98
447,14.9415,Midnight 00:00,simulation,0.1,1,0.07502,0.00704,4.13328,2.13328,0.07502,-0.99296,3.42709,-0.0045,-0.03065,240.0,4.98
448,14.9749,Midnight 00:00,simulation,0.1,1,0.07502,0.00704,4.13328,2.13328,0.07502,-0.99296,3.42709,-0.0045,-0.03065,240.0,4.98
449,15.0084,Midnight 00:00,simulation,0.1,1,0.07502,0.00704,4.13328,2.13328,0.07502,-0.99296,3.42709,-0.0045,-0.03065,240.0,4.98
450,15.0418,Midnight 00:00,simulation,0.1,1,0.07502,0.00704,4.13328,2.13328,0.07502,-0.99296,3.42709,-0.0045,-0.03065,240.0,4.98
451,15.0752,Midnight 00:00,simulation,0.1,1,0.07502,0.00704,4.13328,2.13328,0.07502,-0.99296,3.42709,-0.0045,-0.03065,240.0,4.98
452,15.1086,Midnight 00:00,simulation,0.1,1,0.07502,0.00704,4.13328,2.13328,0.07502,-0.99296,3.42709,-0.0045,-0.03065,240.0,4.98
453,15.1421,Midnight 00:00,simulation,0.1,1,0.07502,0.00704,4.13328,2.13328,0.07502,-0.99296,3.42709,-0.0045,-0.03065,240.0,4.98
454,15.1755,Midnight 00:00,simulation,0.1,1,0.07502,0.00704,4.13328,2.13328,0.07502,-0.99296,3.42709,-0.0045,-0.03065,240.0,4.98
455,15.2089,Midnight 00:00,simulation,0.1,1,0.07502,0.00704,4.13328,2.13328,0.07502,-0.99296,3.42709,-0.0045,-0.03065,240.0,4.98
456,15.2423,Midnight 00:00,simulation,0.1,1,0.07502,0.00704,4.13328,2.13328,0.07502,-0.99296,3.42709,-0.0045,-0.03065,240.0,4.98
457,15.2758,Midnight 00:00,simulation,0.1,1,0.07502,0.00704,4.13328,2.13328,0.07502,-0.99296,3.42709,-0.0045,-0.03065,240.0,4.98
458,15.3092,Midnight 00:00,simulation,0.1,1,0.07502,0.00704,4.13328,2.13328,0.07502,-0.99296,3.42709,-0.0045,-0.03065,240.0,4.98
459,15.3426,Midnight 00:00,simulation,0.1,1,0.07502,0.00704,4.13328,2.13328,0.07502,-0.99296,3.42709,-0.0045,-0.03065,240.0,4.98
460,15.376,Midnight 00:00,simulation,0.1,1,0.07502,0.00704,4.13328,2.13328,0.07502,-0.99296,3.42709,-0.0045,-0.03065,240.0,4.98
461,15.4095,Midnight 00:00,simulation,0.1,1,0.07502,0.00704,4.13328,2.13328,0.07502,-0.99296,3.42709,-0.0045,-0.03065,240.0,4.98
462,15.4429,Midnight 00:00,simulation,0.1,1,0.07502,0.00704,4.13328,2.13328,0.07502,-0.99296,3.42709,-0.0045,-0.03065,240.0,4.98
463,15.4763,Midnight 00:00,simulation,0.1,1,0.07502,0.00704,4.13328,2.13328,0.07502,-0.99296,3.42709,-0.0045,-0.03065,240.0,4.98
464,15.5097,Midnight 00:00,simulation,0.1,1,0.07502,0.00704,4.13328,2.13328,0.07502,-0.99296,3.42709,-0.0045,-0.03065,240.0,4.98
465,15.5432,Midnight 00:00,simulation,0.1,1,0.07502,0.00704,4.13328,2.13328,0.07502,-0.99296,3.42709,-0.0045,-0.03065,240.0,4.98
466,15.5766,Midnight 00:00,simulation,0.1,1,0.07502,0.00704,4.13328,2.13328,0.07502,-0.99296,3.42709,-0.0045,-0.03065,240.0,4.98
467,15.61,Midnight 00:00,simulation,0.1,1,0.07502,0.00704,4.13328,2.13328,0.07502,-0.99296,3.42709,-0.0045,-0.03065,240.0,4.98
468,15.6435,Midnight 00:00,simulation,0.1,1,0.07502,0.00704,4.13328,2.13328,0.07502,-0.99296,3.42709,-0.0045,-0.03065,240.0,4.98
469,15.6769,Midnight 00:00,simulation,0.1,1,0.07502,0.00704,4.13328,2.13328,0.07502,-0.99296,3.42709,-0.0045,-0.03065,240.0,4.98
470,15.7103,Midnight 00:00,simulation,0.1,1,0.07502,0.00704,4.13328,2.13328,0.07502,-0.99296,3.42709,-0.0045,-0.03065,240.0,4.98
471,15.7437,Midnight 00:00,simulation,0.1,1,0.07502,0.00704,4.13328,2.13328,0.07502,-0.99296,3.42709,-0.0045,-0.03065,240.0,4.98
472,15.7772,Midnight 00:00,simulation,0.1,1,0.07502,0.00704,4.13328,2.13328,0.07502,-0.99296,3.42709,-0.0045,-0.03065,240.0,4.98
473,15.8106,Midnight 00:00,simulation,0.1,1,0.07502,0.00704,4.13328,2.13328,0.07502,-0.99296,3.42709,-0.0045,-0.03065,240.0,4.98
474,15.844,Midnight 00:00,simulation,0.1,1,0.07502,0.00704,4.13328,2.13328,0.07502,-0.99296,3.42709,-0.0045,-0.03065,240.0,4.98
475,15.8774,Midnight 00:00,simulation,0.1,1,0.07502,0.00704,4.13328,2.13328,0.07502,-0.99296,3.42709,-0.0045,-0.03065,240.0,4.98
476,15.9109,Midnight 00:00,simulation,0.1,1,0.07502,0.00704,4.13328,2.13328,0.07502,-0.99296,3.42709,-0.0045,-0.03065,240.0,4.98
477,15.9443,Midnight 00:00,simulation,0.1,1,0.07502,0.00704,4.13328,2.13328,0.07502,-0.99296,3.42709,-0.0045,-0.03065,240.0,4.98
478,15.9777,Midnight 00:00,simulation,0.1,1,0.07502,0.00704,4.13328,2.13328,0.07502,-0.99296,3.42709,-0.0045,-0.03065,240.0,4.98
479,16.0111,Midnight 00:00,simulation,0.1,1,0.07502,0.00704,4.13328,2.13328,0.07502,-0.99296,3.42709,-0.0045,-0.03065,240.0,4.98
480,16.0446,Midnight 00:00,simulation,0.1,1,0.07502,0.00704,4.13328,2.13328,0.07502,-0.99296,3.42709,-0.0045,-0.03065,240.0,4.98
481,16.078,Midnight 00:00,simulation,0.1,1,0.07502,0.00704,4.13328,2.13328,0.07502,-0.99296,3.42709,-0.0045,-0.03065,240.0,4.98
482,16.1114,Midnight 00:00,simulation,0.1,1,0.07502,0.00704,4.13328,2.13328,0.07502,-0.99296,3.42709,-0.0045,-0.03065,240.0,4.98
483,16.1448,Midnight 00:00,simulation,0.1,1,0.07502,0.00704,4.13328,2.13328,0.07502,-0.99296,3.42709,-0.0045,-0.03065,240.0,4.98
484,16.1783,Midnight 00:00,simulation,0.1,1,0.07502,0.00704,4.13328,2.13328,0.07502,-0.99296,3.42709,-0.0045,-0.03065,240.0,4.98
485,16.2117,Midnight 00:00,simulation,0.1,1,0.07502,0.00704,4.13328,2.13328,0.07502,-0.99296,3.42709,-0.0045,-0.03065,240.0,4.98
486,16.2451,Midnight 00:00,simulation,0.1,1,0.07502,0.00704,4.13328,2.13328,0.07502,-0.99296,3.42709,-0.0045,-0.03065,240.0,4.98
487,16.2786,Midnight 00:00,simulation,0.1,1,0.07502,0.00704,4.13328,2.13328,0.07502,-0.99296,3.42709,-0.0045,-0.03065,240.0,4.98
488,16.312,Midnight 00:00,simulation,0.1,1,0.07502,0.00704,4.13328,2.13328,0.07502,-0.99296,3.42709,-0.0045,-0.03065,240.0,4.98
489,16.3454,Midnight 00:00,simulation,0.1,1,0.07502,0.00704,4.13328,2.13328,0.07502,-0.99296,3.42709,-0.0045,-0.03065,240.0,4.98
490,16.3788,Midnight 00:00,simulation,0.1,0,0.0,0.0,0.0,0.0,0.0,0.0,0.0,0.0,0.0,0.0,4.99
491,16.4123,Midnight 00:00,simulation,0.1,1,0.05001,0.00704,4.1329,2.1329,0.05001,-0.99296,3.42749,-0.003,-0.02043,240.0,4.981
492,16.4457,Midnight 00:00,simulation,0.1,0,0.0,0.0,0.0,0.0,0.0,0.0,0.0,0.0,0.0,0.0,4.982
493,16.4791,Midnight 00:00,simulation,0.1,0,0.0,0.0,0.0,0.0,0.0,0.0,0.0,0.0,0.0,0.0,4.992
494,16.5125,Midnight 00:00,simulation,0.1,0,0.0,0.0,0.0,0.0,0.0,0.0,0.0,0.0,0.0,0.0,4.99
495,16.546,Midnight 00:00,simulation,0.1,0,0.0,0.0,0.0,0.0,0.0,0.0,0.0,0.0,0.0,0.0,4.978
496,16.5794,Midnight 00:00,simulation,0.1,0,0.0,0.0,0.0,0.0,0.0,0.0,0.0,0.0,0.0,0.0,4.98
497,16.6128,Midnight 00:00,simulation,0.1,0,0.0,0.0,0.0,0.0,0.0,0.0,0.0,0.0,0.0,0.0,4.991
498,16.6462,Midnight 00:00,simulation,0.1,0,0.0,0.0,0.0,0.0,0.0,0.0,0.0,0.0,0.0,0.0,4.989
499,16.6797,Midnight 00:00,simulation,0.1,0,0.0,0.0,0.0,0.0,0.0,0.0,0.0,0.0,0.0,0.0,4.979
500,16.7131,Midnight 00:00,simulation,0.1,0,0.0,0.0,0.0,0.0,0.0,0.0,0.0,0.0,0.0,0.0,4.98
501,16.7465,Midnight 00:00,simulation,0.1,0,0.0,0.0,0.0,0.0,0.0,0.0,0.0,0.0,0.0,0.0,4.99
502,16.7799,Midnight 00:00,simulation,0.1,0,0.0,0.0,0.0,0.0,0.0,0.0,0.0,0.0,0.0,0.0,4.988
503,16.8134,Midnight 00:00,simulation,0.1,0,0.0,0.0,0.0,0.0,0.0,0.0,0.0,0.0,0.0,0.0,4.977
504,16.8468,Midnight 00:00,simulation,0.1,0,0.0,0.0,0.0,0.0,0.0,0.0,0.0,0.0,0.0,0.0,4.976
505,16.8802,Midnight 00:00,simulation,0.1,0,0.0,0.0,0.0,0.0,0.0,0.0,0.0,0.0,0.0,0.0,4.987
506,16.9136,Midnight 00:00,simulation,0.1,0,0.0,0.0,0.0,0.0,0.0,0.0,0.0,0.0,0.0,0.0,4.985
507,16.9471,Midnight 00:00,simulation,0.1,0,0.0,0.0,0.0,0.0,0.0,0.0,0.0,0.0,0.0,0.0,4.975
508,16.9805,Midnight 00:00,simulation,0.1,0,0.0,0.0,0.0,0.0,0.0,0.0,0.0,0.0,0.0,0.0,4.979
509,17.0139,Midnight 00:00,simulation,0.1,0,0.0,0.0,0.0,0.0,0.0,0.0,0.0,0.0,0.0,0.0,4.991
510,17.0474,Midnight 00:00,simulation,0.1,0,0.0,0.0,0.0,0.0,0.0,0.0,0.0,0.0,0.0,0.0,4.991
511,17.0808,Midnight 00:00,simulation,0.1,0,0.0,0.0,0.0,0.0,0.0,0.0,0.0,0.0,0.0,0.0,4.99
512,17.1142,Midnight 00:00,simulation,0.1,0,0.0,0.0,0.0,0.0,0.0,0.0,0.0,0.0,0.0,0.0,4.978
513,17.1476,Midnight 00:00,simulation,0.1,0,0.0,0.0,0.0,0.0,0.0,0.0,0.0,0.0,0.0,0.0,4.986
514,17.1811,Midnight 00:00,simulation,0.1,0,0.0,0.0,0.0,0.0,0.0,0.0,0.0,0.0,0.0,0.0,4.984
515,17.2145,Midnight 00:00,simulation,0.1,0,0.0,0.0,0.0,0.0,0.0,0.0,0.0,0.0,0.0,0.0,4.984
516,17.2479,Midnight 00:00,simulation,0.1,0,0.0,0.0,0.0,0.0,0.0,0.0,0.0,0.0,0.0,0.0,4.975
517,17.2813,Midnight 00:00,simulation,0.1,0,0.0,0.0,0.0,0.0,0.0,0.0,0.0,0.0,0.0,0.0,4.988
518,17.3148,Midnight 00:00,simulation,0.1,0,0.0,0.0,0.0,0.0,0.0,0.0,0.0,0.0,0.0,0.0,4.985
519,17.3482,Midnight 00:00,simulation,0.1,0,0.0,0.0,0.0,0.0,0.0,0.0,0.0,0.0,0.0,0.0,4.979
520,17.3816,Midnight 00:00,simulation,0.1,0,0.0,0.0,0.0,0.0,0.0,0.0,0.0,0.0,0.0,0.0,4.977
521,17.415,Midnight 00:00,simulation,0.1,0,0.0,0.0,0.0,0.0,0.0,0.0,0.0,0.0,0.0,0.0,4.989
522,17.4485,Midnight 00:00,simulation,0.1,1,-0.65954,0.00667,4.3134,2.3134,-0.65954,-0.99333,3.13694,-0.0002,-0.15925,225.0,4.981
523,17.4819,Midnight 00:00,simulation,0.1,0,0.0,0.0,0.0,0.0,0.0,0.0,0.0,0.0,0.0,0.0,4.973
524,17.5153,Midnight 00:00,simulation,0.1,0,0.0,0.0,0.0,0.0,0.0,0.0,0.0,0.0,0.0,0.0,4.973
525,17.5487,Midnight 00:00,simulation,0.1,0,0.0,0.0,0.0,0.0,0.0,0.0,0.0,0.0,0.0,0.0,4.983
526,17.5822,Midnight 00:00,simulation,0.1,0,0.0,0.0,0.0,0.0,0.0,0.0,0.0,0.0,0.0,0.0,4.981
527,17.6156,Midnight 00:00,simulation,0.1,0,0.0,0.0,0.0,0.0,0.0,0.0,0.0,0.0,0.0,0.0,4.981
528,17.649,Midnight 00:00,simulation,0.1,0,0.0,0.0,0.0,0.0,0.0,0.0,0.0,0.0,0.0,0.0,4.975
529,17.6825,Midnight 00:00,simulation,0.1,0,0.0,0.0,0.0,0.0,0.0,0.0,0.0,0.0,0.0,0.0,4.984
530,17.7159,Midnight 00:00,simulation,0.1,0,0.0,0.0,0.0,0.0,0.0,0.0,0.0,0.0,0.0,0.0,4.981
531,17.7493,Midnight 00:00,simulation,0.1,0,0.0,0.0,0.0,0.0,0.0,0.0,0.0,0.0,0.0,0.0,4.972
532,17.7827,Midnight 00:00,simulation,0.1,0,0.0,0.0,0.0,0.0,0.0,0.0,0.0,0.0,0.0,0.0,4.972
533,17.8162,Midnight 00:00,simulation,0.1,0,0.0,0.0,0.0,0.0,0.0,0.0,0.0,0.0,0.0,0.0,4.981
534,17.8496,Midnight 00:00,simulation,0.1,1,-0.9336,0.00667,4.31308,2.31308,-0.9336,-0.99333,3.13861,-0.00017,-0.12701,225.0,4.978
535,17.883,Midnight 00:00,simulation,0.1,1,-0.9336,0.00667,4.31308,2.31308,-0.9336,-0.99333,3.13861,-0.00017,-0.12701,225.0,4.978
536,17.9164,Midnight 00:00,simulation,0.1,1,-0.94795,0.00668,4.29217,2.29217,-0.94795,-0.99332,3.1477,0.00394,0.32883,240.0,4.967
537,17.9499,Midnight 00:00,simulation,0.1,1,-0.97394,0.00668,4.29235,2.29235,-0.97394,-0.99332,3.14463,0.00384,0.3421,240.0,4.97
538,17.9833,Midnight 00:00,simulation,0.1,0,0.0,0.0,0.0,0.0,0.0,0.0,0.0,0.0,0.0,0.0,4.981
539,18.0167,Midnight 00:00,simulation,0.1,0,0.0,0.0,0.0,0.0,0.0,0.0,0.0,0.0,0.0,0.0,4.968
540,18.0501,Midnight 00:00,simulation,0.1,1,-1.06529,0.00673,4.29418,2.29418,-1.06529,-0.99327,3.16472,0.00838,0.34992,240.0,4.969
541,18.0836,Midnight 00:00,simulation,0.1,0,0.0,0.0,0.0,0.0,0.0,0.0,0.0,0.0,0.0,0.0,4.978
542,18.117,Midnight 00:00,simulation,0.1,0,0.0,0.0,0.0,0.0,0.0,0.0,0.0,0.0,0.0,0.0,4.975
543,18.1504,Midnight 00:00,simulation,0.1,0,0.0,0.0,0.0,0.0,0.0,0.0,0.0,0.0,0.0,0.0,4.966
544,18.1838,Midnight 00:00,simulation,0.1,0,0.0,0.0,0.0,0.0,0.0,0.0,0.0,0.0,0.0,0.0,4.968
545,18.2173,Midnight 00:00,simulation,0.1,0,0.0,0.0,0.0,0.0,0.0,0.0,0.0,0.0,0.0,0.0,4.976
546,18.2507,Midnight 00:00,simulation,0.1,0,0.0,0.0,0.0,0.0,0.0,0.0,0.0,0.0,0.0,0.0,4.972
547,18.2841,Midnight 00:00,simulation,0.1,0,0.0,0.0,0.0,0.0,0.0,0.0,0.0,0.0,0.0,0.0,4.965
548,18.3175,Midnight 00:00,simulation,0.1,0,0.0,0.0,0.0,0.0,0.0,0.0,0.0,0.0,0.0,0.0,4.967
549,18.351,Midnight 00:00,simulation,0.1,0,0.0,0.0,0.0,0.0,0.0,0.0,0.0,0.0,0.0,0.0,4.972
550,18.3844,Midnight 00:00,simulation,0.1,1,-1.29901,0.00667,4.31284,2.31284,-1.29901,-0.99333,3.13978,-0.00014,-0.09858,225.0,4.971
551,18.4178,Midnight 00:00,simulation,0.1,0,0.0,0.0,0.0,0.0,0.0,0.0,0.0,0.0,0.0,0.0,4.962
552,18.4513,Midnight 00:00,simulation,0.1,0,0.0,0.0,0.0,0.0,0.0,0.0,0.0,0.0,0.0,0.0,4.963
553,18.4847,Midnight 00:00,simulation,0.1,0,0.0,0.0,0.0,0.0,0.0,0.0,0.0,0.0,0.0,0.0,4.968
554,18.5181,Midnight 00:00,simulation,0.1,0,0.0,0.0,0.0,0.0,0.0,0.0,0.0,0.0,0.0,0.0,4.966
555,18.5515,Midnight 00:00,simulation,0.1,1,-1.4083,0.00667,4.3095,2.3095,-1.4083,-0.99333,3.1306,0.00078,0.28785,240.0,4.959
556,18.585,Midnight 00:00,simulation,0.1,0,0.0,0.0,0.0,0.0,0.0,0.0,0.0,0.0,0.0,0.0,4.96
557,18.6184,Midnight 00:00,simulation,0.1,1,-1.36521,-0.0,4.04397,2.04397,-1.36521,-1.0,3.12741,-0.0,-0.29814,240.0,4.954
558,18.6518,Midnight 00:00,simulation,0.1,0,0.0,0.0,0.0,0.0,0.0,0.0,0.0,0.0,0.0,0.0,4.962
559,18.6852,Midnight 00:00,simulation,0.1,1,-1.45565,-0.04667,4.31284,2.31284,-1.45565,-1.04667,3.14186,0.0009,-0.08968,225.0,4.958
560,18.7187,Midnight 00:00,simulation,0.1,1,-1.3653,-0.06251,4.04425,2.04425,-1.3653,-1.06251,3.13281,0.0038,-0.29846,240.0,4.955
561,18.7521,Midnight 00:00,simulation,0.1,1,-1.3653,-0.06251,4.04425,2.04425,-1.3653,-1.06251,3.13281,0.0038,-0.29846,240.0,4.955
562,18.7855,Midnight 00:00,simulation,0.1,0,0.0,0.0,0.0,0.0,0.0,0.0,0.0,0.0,0.0,0.0,4.964
563,18.8189,Midnight 00:00,simulation,0.1,0,0.0,0.0,0.0,0.0,0.0,0.0,0.0,0.0,0.0,0.0,4.964
564,18.8524,Midnight 00:00,simulation,0.1,1,-1.36575,-0.15007,4.04557,2.04557,-1.36575,-1.15007,3.14039,0.00912,-0.29827,240.0,4.962
565,18.8858,Midnight 00:00,simulation,0.1,1,-1.36594,-0.1751,4.04615,2.04615,-1.36594,-1.1751,3.14256,0.01064,-0.29808,240.0,4.962
566,18.9192,Midnight 00:00,simulation,0.1,0,0.0,0.0,0.0,0.0,0.0,0.0,0.0,0.0,0.0,0.0,4.971
567,18.9526,Midnight 00:00,simulation,0.1,0,0.0,0.0,0.0,0.0,0.0,0.0,0.0,0.0,0.0,0.0,4.966
568,18.9861,Midnight 00:00,simulation,0.1,1,-1.36656,-0.23775,4.04798,2.04798,-1.36656,-1.23775,3.14797,0.01441,-0.29732,240.0,4.961
569,19.0195,Midnight 00:00,simulation,0.1,1,-1.36685,-0.26283,4.04886,2.04886,-1.36685,-1.26283,3.15013,0.01591,-0.29691,240.0,4.96
570,19.0529,Midnight 00:00,simulation,0.1,1,-1.45653,-0.30019,4.31548,2.31548,-1.45653,-1.30019,3.15011,0.00566,-0.08752,225.0,4.969
571,19.0864,Midnight 00:00,simulation,0.1,0,0.0,0.0,0.0,0.0,0.0,0.0,0.0,0.0,0.0,0.0,4.967
572,19.1198,Midnight 00:00,simulation,0.1,1,-1.36772,-0.32562,4.05145,2.05145,-1.36772,-1.32562,3.15551,0.01962,-0.29562,240.0,4.962
573,19.1532,Midnight 00:00,simulation,0.1,1,-1.36812,-0.35077,4.05263,2.05263,-1.36812,-1.35077,3.15765,0.02108,-0.295,240.0,4.962
574,19.1866,Midnight 00:00,simulation,0.1,0,0.0,0.0,0.0,0.0,0.0,0.0,0.0,0.0,0.0,0.0,4.971
575,19.2201,Midnight 00:00,simulation,0.1,1,-1.45737,-0.42051,4.31797,2.31797,-1.45737,-1.42051,3.15375,0.00774,-0.08535,225.0,4.968
576,19.2535,Midnight 00:00,simulation,0.1,1,-1.36924,-0.41374,4.05595,2.05595,-1.36924,-1.41374,3.16297,0.02471,-0.29317,240.0,4.966
577,19.2869,Midnight 00:00,simulation,0.1,1,-1.36973,-0.43898,4.05742,2.05742,-1.36973,-1.43898,3.16508,0.02614,-0.29233,240.0,4.965
578,19.3203,Midnight 00:00,simulation,0.1,1,-1.45794,-0.48745,4.31965,2.31965,-1.45794,-1.48745,3.15567,0.00882,-0.08386,225.0,4.974
579,19.3538,Midnight 00:00,simulation,0.1,1,-1.45818,-0.51424,4.32038,2.32038,-1.45818,-1.51424,3.1564,0.00923,-0.08321,225.0,4.971
580,19.3872,Midnight 00:00,simulation,0.1,1,-1.37109,-0.50219,4.06144,2.06144,-1.37109,-1.50219,3.1703,0.02966,-0.28998,240.0,4.966
581,19.4206,Midnight 00:00,simulation,0.1,1,-1.37167,-0.52752,4.06319,2.06319,-1.37167,-1.52752,3.17237,0.03104,-0.28893,240.0,4.966
582,19.454,Midnight 00:00,simulation,0.1,0,0.0,0.0,0.0,0.0,0.0,0.0,0.0,0.0,0.0,0.0,4.975
583,19.4875,Midnight 00:00,simulation,0.1,0,0.0,0.0,0.0,0.0,0.0,0.0,0.0,0.0,0.0,0.0,4.972
584,19.5209,Midnight 00:00,simulation,0.1,1,-1.37325,-0.59101,4.06789,2.06789,-1.37325,-1.59101,3.17748,0.03442,-0.28606,240.0,4.966
585,19.5543,Midnight 00:00,simulation,0.1,1,-1.37393,-0.61646,4.06989,2.06989,-1.37393,-1.61646,3.17949,0.03574,-0.28482,240.0,4.966
586,19.5877,Midnight 00:00,simulation,0.1,0,0.0,0.0,0.0,0.0,0.0,0.0,0.0,0.0,0.0,0.0,4.975
587,19.6212,Midnight 00:00,simulation,0.1,1,-1.46013,-0.70218,4.32617,2.32617,-1.46013,-1.70218,3.1611,0.01184,-0.07799,225.0,4.972
588,19.6546,Midnight 00:00,simulation,0.1,1,-1.37572,-0.68026,4.07522,2.07522,-1.37572,-1.68026,3.18445,0.03897,-0.28145,240.0,4.966
589,19.688,Midnight 00:00,simulation,0.1,1,-1.37648,-0.70584,4.07747,2.07747,-1.37648,-1.70584,3.1864,0.04022,-0.28001,240.0,4.966
590,19.7214,Midnight 00:00,simulation,0.1,1,-1.46091,-0.76947,4.32848,2.32848,-1.46091,-1.76947,3.16256,0.01263,-0.07588,225.0,4.975
591,19.7549,Midnight 00:00,simulation,0.1,0,0.0,0.0,0.0,0.0,0.0,0.0,0.0,0.0,0.0,0.0,4.972
592,19.7883,Midnight 00:00,simulation,0.1,1,-1.37847,-0.76998,4.08339,2.08339,-1.37847,-1.76998,3.19119,0.04326,-0.27617,240.0,4.966
593,19.8217,Midnight 00:00,simulation,0.1,1,-1.3793,-0.79571,4.08586,2.08586,-1.3793,-1.79571,3.19306,0.04444,-0.27454,240.0,4.966
594,19.8552,Midnight 00:00,simulation,0.1,1,-1.46204,-0.86382,4.33186,2.33186,-1.46204,-1.86382,3.1644,0.01361,-0.07277,225.0,4.975
595,19.8886,Midnight 00:00,simulation,0.1,0,0.0,0.0,0.0,0.0,0.0,0.0,0.0,0.0,0.0,0.0,4.972
596,19.922,Midnight 00:00,simulation,0.1,1,-1.38147,-0.86022,4.0923,2.0923,-1.38147,-1.86022,3.19765,0.04728,-0.27025,240.0,4.965
597,19.9554,Midnight 00:00,simulation,0.1,1,-1.38237,-0.8861,4.09498,2.09498,-1.38237,-1.8861,3.19943,0.04838,-0.26845,240.0,4.965
598,19.9889,Midnight 00:00,simulation,0.1,0,0.0,0.0,0.0,0.0,0.0,0.0,0.0,0.0,0.0,0.0,4.974
599,20.0223,Midnight 00:00,simulation,0.1,0,0.0,0.0,0.0,0.0,0.0,0.0,0.0,0.0,0.0,0.0,4.972
600,20.0557,Midnight 00:00,simulation,0.1,1,-1.3847,-0.95099,4.10189,2.10189,-1.3847,-1.95099,3.20379,0.051,-0.26374,240.0,4.966
601,20.0891,Midnight 00:00,simulation,0.1,1,-1.3847,-0.95099,4.10189,2.10189,-1.3847,-1.95099,3.20379,0.051,-0.26374,240.0,4.966
602,20.1226,Midnight 00:00,simulation,0.1,0,0.0,0.0,0.0,0.0,0.0,0.0,0.0,0.0,0.0,0.0,4.974
603,20.156,Midnight 00:00,simulation,0.1,0,0.0,0.0,0.0,0.0,0.0,0.0,0.0,0.0,0.0,0.0,4.971
604,20.1894,Midnight 00:00,simulation,0.1,1,-1.38812,-1.04234,4.11207,2.11207,-1.38812,-2.04234,3.20958,0.05439,-0.25668,240.0,4.965
605,20.2228,Midnight 00:00,simulation,0.1,1,-1.38913,-1.06854,4.11507,2.11507,-1.38913,-2.06854,3.21117,0.0553,-0.25457,240.0,4.964
606,20.2563,Midnight 00:00,simulation,0.1,0,0.0,0.0,0.0,0.0,0.0,0.0,0.0,0.0,0.0,0.0,4.973
607,20.2897,Midnight 00:00,simulation,0.1,0,0.0,0.0,0.0,0.0,0.0,0.0,0.0,0.0,0.0,0.0,4.973
608,20.3231,Midnight 00:00,simulation,0.1,1,-1.39171,-1.13426,4.12274,2.12274,-1.39171,-2.13426,3.21499,0.05745,-0.24913,240.0,4.963
609,20.3565,Midnight 00:00,simulation,0.1,1,-1.39276,-1.16063,4.12586,2.12586,-1.39276,-2.16063,3.21646,0.05825,-0.24689,240.0,4.963
610,20.39,Midnight 00:00,simulation,0.1,0,0.0,0.0,0.0,0.0,0.0,0.0,0.0,0.0,0.0,0.0,4.971
611,20.4234,Midnight 00:00,simulation,0.1,0,0.0,0.0,0.0,0.0,0.0,0.0,0.0,0.0,0.0,0.0,4.968
612,20.4568,Midnight 00:00,simulation,0.1,0,0.0,0.0,0.0,0.0,0.0,0.0,0.0,0.0,0.0,0.0,4.968
613,20.4903,Midnight 00:00,simulation,0.1,1,-1.39543,-1.22676,4.13379,2.13379,-1.39543,-2.22676,3.21999,0.06015,-0.24116,240.0,4.962
614,20.5237,Midnight 00:00,simulation,0.1,0,0.0,0.0,0.0,0.0,0.0,0.0,0.0,0.0,0.0,0.0,4.97
615,20.5571,Midnight 00:00,simulation,0.1,0,0.0,0.0,0.0,0.0,0.0,0.0,0.0,0.0,0.0,0.0,4.968
616,20.5905,Midnight 00:00,simulation,0.1,1,-1.39924,-1.31983,4.14513,2.14513,-1.39924,-2.31983,3.22456,0.06249,-0.23282,240.0,4.962
617,20.624,Midnight 00:00,simulation,0.1,1,-1.40034,-1.34652,4.14841,2.14841,-1.40034,-2.34652,3.22579,0.06309,-0.23039,240.0,4.962
618,20.6574,Midnight 00:00,simulation,0.1,0,0.0,0.0,0.0,0.0,0.0,0.0,0.0,0.0,0.0,0.0,4.968
619,20.6908,Midnight 00:00,simulation,0.1,0,0.0,0.0,0.0,0.0,0.0,0.0,0.0,0.0,0.0,0.0,4.965
620,20.7242,Midnight 00:00,simulation,0.1,1,-1.40312,-1.41345,4.15666,2.15666,-1.40312,-2.41345,3.22868,0.06446,-0.2242,240.0,4.959
621,20.7577,Midnight 00:00,simulation,0.1,1,-1.40423,-1.4403,4.15997,2.15997,-1.40423,-2.4403,3.22977,0.06496,-0.2217,240.0,4.959
622,20.7911,Midnight 00:00,simulation,0.1,0,0.0,0.0,0.0,0.0,0.0,0.0,0.0,0.0,0.0,0.0,4.966
623,20.8245,Midnight 00:00,simulation,0.1,1,-1.3599,-1.4395,4.08424,2.08424,-1.3599,-2.4395,3.17131,0.01676,-0.04996,256.0,4.952
624,20.8579,Midnight 00:00,simulation,0.1,1,-1.36842,-1.46812,4.16596,2.16596,-1.36842,-2.46812,3.23326,0.06581,-0.22151,240.0,4.956
625,20.8914,Midnight 00:00,simulation,0.1,1,-1.34379,-1.46876,4.16778,2.16778,-1.34379,-2.46876,3.23493,0.06606,-0.22308,240.0,4.963
626,20.9248,Midnight 00:00,simulation,0.1,1,-1.29867,-1.44014,4.08606,2.08606,-1.29867,-2.44014,3.17269,0.01678,-0.05013,256.0,4.956
627,20.9582,Midnight 00:00,simulation,0.1,1,-1.27417,-1.4404,4.08682,2.08682,-1.27417,-2.4404,3.17327,0.01678,-0.05018,256.0,4.955
628,20.9916,Midnight 00:00,simulation,0.1,1,-1.28217,-1.4704,4.17247,2.17247,-1.28217,-2.4704,3.2393,0.06666,-0.22708,240.0,4.961
629,21.0251,Midnight 00:00,simulation,0.1,1,-1.25749,-1.47108,4.1744,2.1744,-1.25749,-2.47108,3.24113,0.0669,-0.2287,240.0,4.966
630,21.0585,Midnight 00:00,simulation,0.1,1,-1.2129,-1.44108,4.08876,2.08876,-1.2129,-2.44108,3.17477,0.01676,-0.05023,256.0,4.958
631,21.0919,Midnight 00:00,simulation,0.1,1,-1.18838,-1.44136,4.08956,2.08956,-1.18838,-2.44136,3.17538,0.01674,-0.05022,256.0,4.958
632,21.1253,Midnight 00:00,simulation,0.1,1,-1.19574,-1.47282,4.17937,2.17937,-1.19574,-2.47282,3.2459,0.06746,-0.23283,240.0,4.964
633,21.1588,Midnight 00:00,simulation,0.1,1,-1.17102,-1.47353,4.18142,2.18142,-1.17102,-2.47353,3.2479,0.06768,-0.23452,240.0,4.971
634,21.1922,Midnight 00:00,simulation,0.1,1,-1.15472,-1.48208,4.20823,2.20823,-1.15472,-2.48208,-2.51995,0.05306,-0.7329,248.0,4.961
635,21.2256,Midnight 00:00,simulation,0.1,1,-1.10252,-1.44239,4.09248,2.09248,-1.10252,-2.44239,3.17765,0.01661,-0.05004,256.0,4.961
636,21.2591,Midnight 00:00,simulation,0.1,1,-1.10913,-1.47537,4.18668,2.18668,-1.10913,-2.47537,3.25312,0.06819,-0.23879,240.0,4.968
637,21.2925,Midnight 00:00,simulation,0.1,1,-1.08435,-1.47613,4.18884,2.18884,-1.08435,-2.47613,3.25531,0.06838,-0.24054,240.0,4.972
638,21.3259,Midnight 00:00,simulation,0.1,1,-1.04114,-1.44316,4.09467,2.09467,-1.04114,-2.44316,3.17937,0.01647,-0.04974,256.0,4.966
639,21.3593,Midnight 00:00,simulation,0.1,1,-1.01658,-1.44347,4.09557,2.09557,-1.01658,-2.44347,3.18008,0.01639,-0.04958,256.0,4.965
640,21.3928,Midnight 00:00,simulation,0.1,1,-1.02232,-1.47807,4.19439,2.19439,-1.02232,-2.47807,3.26105,0.06883,-0.24497,240.0,4.97
641,21.4262,Midnight 00:00,simulation,0.1,1,-0.99747,-1.47887,4.19668,2.19668,-0.99747,-2.47887,3.26346,0.069,-0.24678,240.0,4.976
642,21.4596,Midnight 00:00,simulation,0.1,1,-0.95513,-1.44428,4.09789,2.09789,-0.95513,-2.44428,3.18191,0.01617,-0.04905,256.0,4.967
643,21.493,Midnight 00:00,simulation,0.1,1,-0.93054,-1.44462,4.09884,2.09884,-0.93054,-2.44462,3.18266,0.01606,-0.04879,256.0,4.966
644,21.5265,Midnight 00:00,simulation,0.1,1,-0.93527,-1.48092,4.20253,2.20253,-0.93527,-2.48092,3.26979,0.06937,-0.25139,240.0,4.971
645,21.5599,Midnight 00:00,simulation,0.1,1,-0.91035,-1.48176,4.20494,2.20494,-0.91035,-2.48176,3.27245,0.06951,-0.25328,240.0,4.979
646,21.5933,Midnight 00:00,simulation,0.1,1,-0.86902,-1.44547,4.10126,2.10126,-0.86902,-2.44547,3.1846,0.01575,-0.04799,256.0,4.97
647,21.6267,Midnight 00:00,simulation,0.1,1,-0.8444,-1.44581,4.10225,2.10225,-0.8444,-2.44581,3.18539,0.0156,-0.0476,256.0,4.968
648,21.6602,Midnight 00:00,simulation,0.1,1,-0.84796,-1.48391,4.21109,2.21109,-0.84796,-2.48391,3.27944,0.06979,-0.25809,240.0,4.976
649,21.6936,Midnight 00:00,simulation,0.1,1,-0.82296,-1.48479,4.21361,2.21361,-0.82296,-2.48479,3.28238,0.06989,-0.26007,240.0,4.98
650,21.727,Midnight 00:00,simulation,0.1,1,-0.78279,-1.4467,4.10477,2.10477,-0.78279,-2.4467,3.18743,0.01517,-0.04645,256.0,4.972
651,21.7604,Midnight 00:00,simulation,0.1,1,-0.75813,-1.44705,4.10579,2.10579,-0.75813,-2.44705,3.18826,0.01497,-0.04592,256.0,4.972
652,21.7939,Midnight 00:00,simulation,0.1,1,-0.76036,-1.48705,4.22006,2.22006,-0.76036,-2.48705,3.29014,0.07007,-0.26513,240.0,4.978
653,21.8273,Midnight 00:00,simulation,0.1,1,-0.73527,-1.48797,4.22269,2.22269,-0.73527,-2.48797,3.29342,0.07013,-0.26721,240.0,4.984
654,21.8607,Midnight 00:00,simulation,0.1,1,-0.69643,-1.44796,4.10838,2.10838,-0.69643,-2.44796,3.19038,0.01442,-0.04437,256.0,4.974
655,21.8942,Midnight 00:00,simulation,0.1,1,-0.67173,-1.44833,4.10943,2.10943,-0.67173,-2.44833,3.19123,0.01417,-0.04367,256.0,4.971
656,21.9276,Midnight 00:00,simulation,0.1,1,-0.67244,-1.49031,4.22941,2.22941,-0.67244,-2.49031,3.30207,0.07019,-0.27259,240.0,4.979
657,21.961,Midnight 00:00,simulation,0.1,1,-0.64725,-1.49126,4.23214,2.23214,-0.64725,-2.49126,3.30572,0.0702,-0.27482,240.0,4.985
658,21.9944,Midnight 00:00,simulation,0.1,1,-0.62204,-1.49222,4.23489,2.23489,-0.62204,-2.49222,3.3095,0.07018,-0.2771,240.0,4.975
659,22.0279,Midnight 00:00,simulation,0.1,1,-0.60169,-1.49914,4.2564,2.2564,-0.60169,-2.49914,-2.64848,0.03809,-0.35201,248.0,4.974
660,22.0613,Midnight 00:00,simulation,0.1,1,-0.60169,-1.49914,4.2564,2.2564,-0.60169,-2.49914,-2.64848,0.03809,-0.35201,248.0,4.974
661,22.0947,Midnight 00:00,simulation,0.1,1,-0.55888,-1.49466,4.24187,2.24187,-0.55888,-2.49466,3.31951,0.07008,-0.28306,240.0,4.987
662,22.1281,Midnight 00:00,simulation,0.1,1,-0.52326,-1.45052,4.11568,2.11568,-0.52326,-2.45052,3.19643,0.01228,-0.03818,256.0,4.976
663,22.1616,Midnight 00:00,simulation,0.1,1,-0.49847,-1.45088,4.1167,2.1167,-0.49847,-2.45088,3.19729,0.01189,-0.03704,256.0,4.976
664,22.195,Midnight 00:00,simulation,0.1,1,-0.49551,-1.49712,4.24893,2.24893,-0.49551,-2.49712,3.3304,0.06988,-0.28949,240.0,4.982
665,22.2284,Midnight 00:00,simulation,0.1,1,-0.49551,-1.49712,4.24893,2.24893,-0.49551,-2.49712,3.3304,0.06988,-0.28949,240.0,4.982
666,22.2618,Midnight 00:00,simulation,0.1,1,-0.44466,-1.49909,4.25459,2.25459,-0.44466,-2.49909,3.33982,0.06965,-0.29507,240.0,4.978
667,22.2953,Midnight 00:00,simulation,0.1,1,-0.42257,-1.50232,4.26538,2.26538,-0.42257,-2.50232,-2.67163,0.0134,-0.12775,248.0,4.977
668,22.3287,Midnight 00:00,simulation,0.1,1,-0.40644,-1.50056,4.25881,2.25881,-0.40644,-2.50056,3.34732,0.06944,-0.2996,240.0,4.984
669,22.3621,Midnight 00:00,simulation,0.1,1,-0.38091,-1.50153,4.2616,2.2616,-0.38091,-2.50153,3.35255,0.06928,-0.30281,240.0,4.99
670,22.3955,Midnight 00:00,simulation,0.1,1,-0.34942,-1.45288,4.12241,2.12241,-0.34942,-2.45288,3.20216,0.00913,-0.02867,256.0,4.978
671,22.429,Midnight 00:00,simulation,0.1,1,-0.32452,-1.45318,4.12326,2.12326,-0.32452,-2.45318,3.20289,0.00859,-0.02701,256.0,4.977
672,22.4624,Midnight 00:00,simulation,0.1,1,-0.31693,-1.50389,4.26838,2.26838,-0.31693,-2.50389,3.36646,0.06883,-0.31171,240.0,4.984
673,22.4958,Midnight 00:00,simulation,0.1,1,-0.29127,-1.50479,4.27099,2.27099,-0.29127,-2.50479,3.37236,0.06864,-0.3157,240.0,4.99
674,22.5292,Midnight 00:00,simulation,0.1,1,-0.26224,-1.45386,4.12521,2.12521,-0.26224,-2.45386,3.20458,0.00715,-0.02255,256.0,4.979
675,22.5627,Midnight 00:00,simulation,0.1,1,-0.23731,-1.4541,4.1259,2.1259,-0.23731,-2.4541,3.20518,0.00654,-0.02064,256.0,4.979
676,22.5961,Midnight 00:00,simulation,0.1,1,-0.22697,-1.50691,4.27711,2.27711,-0.22697,-2.50691,3.38801,0.06816,-0.3271,240.0,4.985
677,22.6295,Midnight 00:00,simulation,0.1,1,-0.20119,-1.50768,4.27934,2.27934,-0.20119,-2.50768,3.39461,0.06798,-0.33237,240.0,4.99
678,22.663,Midnight 00:00,simulation,0.1,1,-0.20119,-1.50768,4.27934,2.27934,-0.20119,-2.50768,3.39461,0.06798,-0.33237,240.0,4.99
679,22.6964,Midnight 00:00,simulation,0.1,1,-0.14995,-1.45479,4.12788,2.12788,-0.14995,-2.45479,3.20691,0.00425,-0.01347,256.0,4.979
680,22.7298,Midnight 00:00,simulation,0.1,1,-0.14995,-1.45479,4.12788,2.12788,-0.14995,-2.45479,3.20691,0.00425,-0.01347,256.0,4.979
681,22.7632,Midnight 00:00,simulation,0.1,1,-0.13659,-1.50933,4.28416,2.28416,-0.13659,-2.50933,3.41189,0.06762,-0.34784,240.0,4.985
682,22.7967,Midnight 00:00,simulation,0.1,1,-0.11071,-1.50986,4.28571,2.28571,-0.11071,-2.50986,3.41905,0.06752,-0.35514,240.0,4.991
683,22.8301,Midnight 00:00,simulation,0.1,1,-0.0848,-1.5103,4.28701,2.28701,-0.0848,-2.5103,3.42631,0.06747,-0.36317,240.0,4.98
684,22.8635,Midnight 00:00,simulation,0.1,1,-0.0625,-1.4552,4.12902,2.12902,-0.0625,-2.4552,3.20792,0.0018,-0.00572,256.0,4.979
685,22.8969,Midnight 00:00,simulation,0.1,1,-0.01999,-1.51674,4.30544,2.30544,-0.01999,-2.51674,3.45903,0.06353,-0.36333,240.0,4.991
686,22.9304,Midnight 00:00,simulation,0.1,1,-0.01999,-1.51674,4.30544,2.30544,-0.01999,-2.51674,3.45903,0.06353,-0.36333,240.0,4.991
687,22.9638,Midnight 00:00,simulation,0.1,1,0.00662,-1.53324,4.35212,2.35212,0.00662,-2.53324,3.46588,-0.00561,0.03323,240.0,4.98
688,22.9972,Midnight 00:00,simulation,0.1,1,0.02823,-1.47763,4.19585,2.19585,0.02823,-2.47763,-2.58184,-0.01594,0.23481,248.0,4.98
689,23.0306,Midnight 00:00,simulation,0.1,1,0.04667,-1.54549,4.40449,2.40449,0.04667,-2.54549,3.20849,-0.00128,0.00407,225.0,4.995
690,23.0641,Midnight 00:00,simulation,0.1,0,0.0,0.0,0.0,0.0,0.0,0.0,0.0,0.0,0.0,0.0,4.99
691,23.0975,Midnight 00:00,simulation,0.1,0,0.0,0.0,0.0,0.0,0.0,0.0,0.0,0.0,0.0,0.0,4.991
692,23.1309,Midnight 00:00,simulation,0.1,0,0.0,0.0,0.0,0.0,0.0,0.0,0.0,0.0,0.0,0.0,5.001
693,23.1643,Midnight 00:00,simulation,0.1,1,0.04667,-1.45011,4.40436,2.40436,0.04667,-2.45011,3.21387,-0.00141,0.00488,225.0,4.996
694,23.1978,Midnight 00:00,simulation,0.1,1,0.04612,-1.41054,4.34691,2.34691,0.04612,-2.41054,3.44374,-0.01218,0.06836,240.0,4.99
695,23.2312,Midnight 00:00,simulation,0.1,1,0.0462,-1.37927,4.32382,2.32382,0.0462,-2.37927,-2.6767,0.06632,-0.26382,232.5,4.991
696,23.2646,Midnight 00:00,simulation,0.1,0,0.0,0.0,0.0,0.0,0.0,0.0,0.0,0.0,0.0,0.0,5.001
697,23.2981,Midnight 00:00,simulation,0.1,0,0.0,0.0,0.0,0.0,0.0,0.0,0.0,0.0,0.0,0.0,4.996
698,23.3315,Midnight 00:00,simulation,0.1,1,0.04614,-1.29142,4.35283,2.35283,0.04614,-2.29142,3.41945,-0.00541,0.02514,240.0,4.991
699,23.3649,Midnight 00:00,simulation,0.1,1,0.04614,-1.29142,4.35283,2.35283,0.04614,-2.29142,3.41945,-0.00541,0.02514,240.0,4.991
700,23.3983,Midnight 00:00,simulation,0.1,0,0.0,0.0,0.0,0.0,0.0,0.0,0.0,0.0,0.0,0.0,5.002
701,23.4318,Midnight 00:00,simulation,0.1,1,0.04515,-1.18171,4.20229,2.20229,0.04515,-2.18171,3.36435,-0.07088,0.49592,240.0,4.989
702,23.4652,Midnight 00:00,simulation,0.1,1,0.04515,-1.18171,4.20229,2.20229,0.04515,-2.18171,3.36435,-0.07088,0.49592,240.0,4.989
703,23.4986,Midnight 00:00,simulation,0.1,1,0.04619,-1.19837,4.35687,2.35687,0.04619,-2.19837,3.40828,-0.00537,0.02697,240.0,4.991
704,23.532,Midnight 00:00,simulation,0.1,0,0.0,0.0,0.0,0.0,0.0,0.0,0.0,0.0,0.0,0.0,5.002
705,23.5655,Midnight 00:00,simulation,0.1,1,0.04621,-1.1584,4.35841,2.35841,0.04621,-2.1584,3.39191,-0.00554,0.02999,240.0,4.995
706,23.5989,Midnight 00:00,simulation,0.1,1,0.04622,-1.13174,4.35952,2.35952,0.04622,-2.13174,3.3958,-0.00555,0.03057,240.0,4.989
707,23.6323,Midnight 00:00,simulation,0.1,1,0.04624,-1.10504,4.36036,2.36036,0.04624,-2.10504,3.39074,-0.00574,0.0339,240.0,4.991
708,23.6657,Midnight 00:00,simulation,0.1,0,0.0,0.0,0.0,0.0,0.0,0.0,0.0,0.0,0.0,0.0,5.001
709,23.6992,Midnight 00:00,simulation,0.1,0,0.0,0.0,0.0,0.0,0.0,0.0,0.0,0.0,0.0,0.0,4.996
710,23.7326,Midnight 00:00,simulation,0.1,1,0.04627,-1.03825,4.36292,2.36292,0.04627,-2.03825,3.36803,-0.00581,0.03599,240.0,4.989
711,23.766,Midnight 00:00,simulation,0.1,1,0.04628,-1.0113,4.36248,2.36248,0.04628,-2.0113,3.35937,-0.00677,0.05039,240.0,4.991
712,23.7994,Midnight 00:00,simulation,0.1,0,0.0,0.0,0.0,0.0,0.0,0.0,0.0,0.0,0.0,0.0,5.003
713,23.8329,Midnight 00:00,simulation,0.1,1,0.04426,-0.94016,4.23926,2.23926,0.04426,-1.94016,-3.0054,-0.02269,0.44223,232.5,4.994
714,23.8663,Midnight 00:00,simulation,0.1,1,0.04459,-0.89535,4.13924,2.13924,0.04459,-1.89535,3.2961,-0.06193,0.56135,240.0,4.99
715,23.8997,Midnight 00:00,simulation,0.1,1,0.04454,-0.86867,4.13404,2.13404,0.04454,-1.86867,3.28964,-0.06069,0.56606,240.0,4.992
716,23.9331,Midnight 00:00,simulation,0.1,0,0.0,0.0,0.0,0.0,0.0,0.0,0.0,0.0,0.0,0.0,5.003
717,23.9666,Midnight 00:00,simulation,0.1,1,0.04443,-0.80239,4.12169,2.12169,0.04443,-1.80239,3.27354,-0.05735,0.57685,240.0,4.99
718,24.0,Midnight 00:00,simulation,0.1,1,0.04443,-0.80239,4.12169,2.12169,0.04443,-1.80239,3.27354,-0.05735,0.57685,240.0,4.99
719,24.0334,Midnight 00:00,simulation,0.1,1,0.04438,-0.77603,4.11701,2.11701,0.04438,-1.77603,3.26712,-0.05592,0.58079,240.0,4.992
720,24.0669,Midnight 00:00,simulation,0.1,0,0.0,0.0,0.0,0.0,0.0,0.0,0.0,0.0,0.0,0.0,5.004
721,24.1003,Midnight 00:00,simulation,0.1,0,0.0,0.0,0.0,0.0,0.0,0.0,0.0,0.0,0.0,0.0,4.996
722,24.1337,Midnight 00:00,simulation,0.1,1,0.04428,-0.71051,4.10593,2.10593,0.04428,-1.71051,3.25115,-0.05217,0.58971,240.0,4.991
723,24.1671,Midnight 00:00,simulation,0.1,1,0.04425,-0.68443,4.10176,2.10176,0.04425,-1.68443,3.24479,-0.0506,0.59293,240.0,4.993
724,24.2006,Midnight 00:00,simulation,0.1,0,0.0,0.0,0.0,0.0,0.0,0.0,0.0,0.0,0.0,0.0,4.995
725,24.234,Midnight 00:00,simulation,0.1,0,0.0,0.0,0.0,0.0,0.0,0.0,0.0,0.0,0.0,0.0,4.995
726,24.2674,Midnight 00:00,simulation,0.1,1,0.04416,-0.61958,4.09197,2.09197,0.04416,-1.61958,3.22895,-0.04651,0.60014,240.0,4.99
727,24.3008,Midnight 00:00,simulation,0.1,0,0.0,0.0,0.0,0.0,0.0,0.0,0.0,0.0,0.0,0.0,5.003
728,24.3343,Midnight 00:00,simulation,0.1,1,0.04408,-0.55515,4.08311,2.08311,0.04408,-1.55515,3.21323,-0.04221,0.60619,240.0,4.995
729,24.3677,Midnight 00:00,simulation,0.1,1,0.04408,-0.55515,4.08311,2.08311,0.04408,-1.55515,3.21323,-0.04221,0.60619,240.0,4.995
730,24.4011,Midnight 00:00,simulation,0.1,1,0.04405,-0.52949,4.07983,2.07983,0.04405,-1.52949,3.20697,-0.04045,0.6083,240.0,4.99
731,24.4345,Midnight 00:00,simulation,0.1,1,0.04402,-0.50389,4.0767,2.0767,0.04402,-1.50389,3.20073,-0.03865,0.61024,240.0,4.992
732,24.468,Midnight 00:00,simulation,0.1,0,0.0,0.0,0.0,0.0,0.0,0.0,0.0,0.0,0.0,0.0,4.994
733,24.5014,Midnight 00:00,simulation,0.1,0,0.0,0.0,0.0,0.0,0.0,0.0,0.0,0.0,0.0,0.0,4.994
734,24.5348,Midnight 00:00,simulation,0.1,1,0.04395,-0.44012,4.06953,2.06953,0.04395,-1.44012,3.18523,-0.03407,0.61434,240.0,4.989
735,24.5682,Midnight 00:00,simulation,0.1,1,0.04393,-0.41471,4.06693,2.06693,0.04393,-1.41471,3.17906,-0.0322,0.61569,240.0,4.991
736,24.6017,Midnight 00:00,simulation,0.1,0,0.0,0.0,0.0,0.0,0.0,0.0,0.0,0.0,0.0,0.0,5.0
737,24.6351,Midnight 00:00,simulation,0.1,0,0.0,0.0,0.0,0.0,0.0,0.0,0.0,0.0,0.0,0.0,4.994
738,24.6685,Midnight 00:00,simulation,0.1,1,0.04387,-0.35137,4.06109,2.06109,0.04387,-1.35137,3.16374,-0.02745,0.61837,240.0,4.988
739,24.7019,Midnight 00:00,simulation,0.1,1,0.04386,-0.3261,4.05902,2.05902,0.04386,-1.3261,3.15765,-0.02553,0.61917,240.0,4.99
740,24.7354,Midnight 00:00,simulation,0.1,0,0.0,0.0,0.0,0.0,0.0,0.0,0.0,0.0,0.0,0.0,4.989
741,24.7688,Midnight 00:00,simulation,0.1,1,0.04381,-0.2631,4.05451,2.05451,0.04381,-1.2631,3.14252,-0.02067,0.62049,240.0,4.984
742,24.8022,Midnight 00:00,simulation,0.1,1,0.0438,-0.23795,4.05297,2.05297,0.0438,-1.23795,3.1365,-0.01872,0.62076,240.0,4.985
743,24.8357,Midnight 00:00,simulation,0.1,0,0.0,0.0,0.0,0.0,0.0,0.0,0.0,0.0,0.0,0.0,4.993
744,24.8691,Midnight 00:00,simulation,0.1,0,0.0,0.0,0.0,0.0,0.0,0.0,0.0,0.0,0.0,0.0,4.986
745,24.9025,Midnight 00:00,simulation,0.1,1,0.04377,-0.1752,4.0498,2.0498,0.04377,-1.1752,3.12157,-0.01379,0.62078,240.0,4.981
746,24.9359,Midnight 00:00,simulation,0.1,1,0.04376,-0.15013,4.0488,2.0488,0.04376,-1.15013,3.11564,-0.01182,0.62053,240.0,4.983
747,24.9694,Midnight 00:00,simulation,0.1,0,0.0,0.0,0.0,0.0,0.0,0.0,0.0,0.0,0.0,0.0,4.993
748,25.0028,Midnight 00:00,simulation,0.1,0,0.0,0.0,0.0,0.0,0.0,0.0,0.0,0.0,0.0,0.0,4.983
749,25.0362,Midnight 00:00,simulation,0.1,1,0.04375,-0.08754,4.04697,2.04697,0.04375,-1.08754,3.10093,-0.00688,0.6193,240.0,4.977
750,25.0696,Midnight 00:00,simulation,0.1,1,0.04374,-0.06252,4.04651,2.04651,0.04374,-1.06252,3.09508,-0.00491,0.61856,240.0,4.975
751,25.1031,Midnight 00:00,simulation,0.1,0,0.0,0.0,0.0,0.0,0.0,0.0,0.0,0.0,0.0,0.0,4.983
752,25.1365,Midnight 00:00,simulation,0.1,0,0.0,0.0,0.0,0.0,0.0,0.0,0.0,0.0,0.0,0.0,4.978
753,25.1699,Midnight 00:00,simulation,0.1,1,0.04374,0.0,4.04603,2.04603,0.04374,-1.0,3.08059,0.0,0.6161,240.0,4.973
754,25.2033,Midnight 00:00,simulation,0.1,0,0.0,0.0,0.0,0.0,0.0,0.0,0.0,0.0,0.0,0.0,4.987
755,25.2368,Midnight 00:00,simulation,0.1,0,0.0,0.0,0.0,0.0,0.0,0.0,0.0,0.0,0.0,0.0,4.987
756,25.2702,Midnight 00:00,simulation,0.1,0,0.0,0.0,0.0,0.0,0.0,0.0,0.0,0.0,0.0,0.0,4.987
757,25.3036,Midnight 00:00,simulation,0.1,0,0.0,0.0,0.0,0.0,0.0,0.0,0.0,0.0,0.0,0.0,4.987
758,25.337,Midnight 00:00,simulation,0.1,0,0.0,0.0,0.0,0.0,0.0,0.0,0.0,0.0,0.0,0.0,4.987
759,25.3705,Midnight 00:00,simulation,0.1,0,0.0,0.0,0.0,0.0,0.0,0.0,0.0,0.0,0.0,0.0,4.987
760,25.4039,Midnight 00:00,simulation,0.1,0,0.0,0.0,0.0,0.0,0.0,0.0,0.0,0.0,0.0,0.0,4.987
761,25.4373,Midnight 00:00,simulation,0.1,0,0.0,0.0,0.0,0.0,0.0,0.0,0.0,0.0,0.0,0.0,4.987
762,25.4708,Midnight 00:00,simulation,0.1,0,0.0,0.0,0.0,0.0,0.0,0.0,0.0,0.0,0.0,0.0,4.987
763,25.5042,Midnight 00:00,simulation,0.1,0,0.0,0.0,0.0,0.0,0.0,0.0,0.0,0.0,0.0,0.0,4.987
764,25.5376,Midnight 00:00,simulation,0.1,0,0.0,0.0,0.0,0.0,0.0,0.0,0.0,0.0,0.0,0.0,4.987
765,25.571,Midnight 00:00,simulation,0.1,0,0.0,0.0,0.0,0.0,0.0,0.0,0.0,0.0,0.0,0.0,4.987
766,25.6045,Midnight 00:00,simulation,0.1,0,0.0,0.0,0.0,0.0,0.0,0.0,0.0,0.0,0.0,0.0,4.987
767,25.6379,Midnight 00:00,simulation,0.1,0,0.0,0.0,0.0,0.0,0.0,0.0,0.0,0.0,0.0,0.0,4.987
768,25.6713,Midnight 00:00,simulation,0.1,0,0.0,0.0,0.0,0.0,0.0,0.0,0.0,0.0,0.0,0.0,4.987
769,25.7047,Midnight 00:00,simulation,0.1,0,0.0,0.0,0.0,0.0,0.0,0.0,0.0,0.0,0.0,0.0,4.987
770,25.7382,Midnight 00:00,simulation,0.1,0,0.0,0.0,0.0,0.0,0.0,0.0,0.0,0.0,0.0,0.0,4.987
771,25.7716,Midnight 00:00,simulation,0.1,0,0.0,0.0,0.0,0.0,0.0,0.0,0.0,0.0,0.0,0.0,4.987
772,25.805,Midnight 00:00,simulation,0.1,0,0.0,0.0,0.0,0.0,0.0,0.0,0.0,0.0,0.0,0.0,4.987
773,25.8384,Midnight 00:00,simulation,0.1,0,0.0,0.0,0.0,0.0,0.0,0.0,0.0,0.0,0.0,0.0,4.987
774,25.8719,Midnight 00:00,simulation,0.1,0,0.0,0.0,0.0,0.0,0.0,0.0,0.0,0.0,0.0,0.0,4.987
775,25.9053,Midnight 00:00,simulation,0.1,0,0.0,0.0,0.0,0.0,0.0,0.0,0.0,0.0,0.0,0.0,4.987
776,25.9387,Midnight 00:00,simulation,0.1,0,0.0,0.0,0.0,0.0,0.0,0.0,0.0,0.0,0.0,0.0,4.987
777,25.9721,Midnight 00:00,simulation,0.1,0,0.0,0.0,0.0,0.0,0.0,0.0,0.0,0.0,0.0,0.0,4.987
778,26.0056,Midnight 00:00,simulation,0.1,0,0.0,0.0,0.0,0.0,0.0,0.0,0.0,0.0,0.0,0.0,4.987
779,26.039,Midnight 00:00,simulation,0.1,0,0.0,0.0,0.0,0.0,0.0,0.0,0.0,0.0,0.0,0.0,4.987
780,26.0724,Midnight 00:00,simulation,0.1,0,0.0,0.0,0.0,0.0,0.0,0.0,0.0,0.0,0.0,0.0,4.987
781,26.1058,Midnight 00:00,simulation,0.1,0,0.0,0.0,0.0,0.0,0.0,0.0,0.0,0.0,0.0,0.0,4.987
782,26.1393,Midnight 00:00,simulation,0.1,0,0.0,0.0,0.0,0.0,0.0,0.0,0.0,0.0,0.0,0.0,4.987
783,26.1727,Midnight 00:00,simulation,0.1,0,0.0,0.0,0.0,0.0,0.0,0.0,0.0,0.0,0.0,0.0,4.987
784,26.2061,Midnight 00:00,simulation,0.1,0,0.0,0.0,0.0,0.0,0.0,0.0,0.0,0.0,0.0,0.0,4.987
785,26.2396,Midnight 00:00,simulation,0.1,0,0.0,0.0,0.0,0.0,0.0,0.0,0.0,0.0,0.0,0.0,4.987
786,26.273,Midnight 00:00,simulation,0.1,0,0.0,0.0,0.0,0.0,0.0,0.0,0.0,0.0,0.0,0.0,4.987
787,26.3064,Midnight 00:00,simulation,0.1,0,0.0,0.0,0.0,0.0,0.0,0.0,0.0,0.0,0.0,0.0,4.987
788,26.3398,Midnight 00:00,simulation,0.1,0,0.0,0.0,0.0,0.0,0.0,0.0,0.0,0.0,0.0,0.0,4.987
789,26.3733,Midnight 00:00,simulation,0.1,0,0.0,0.0,0.0,0.0,0.0,0.0,0.0,0.0,0.0,0.0,4.987
790,26.4067,Midnight 00:00,simulation,0.1,0,0.0,0.0,0.0,0.0,0.0,0.0,0.0,0.0,0.0,0.0,4.987
791,26.4401,Midnight 00:00,simulation,0.1,0,0.0,0.0,0.0,0.0,0.0,0.0,0.0,0.0,0.0,0.0,4.987
792,26.4735,Midnight 00:00,simulation,0.1,0,0.0,0.0,0.0,0.0,0.0,0.0,0.0,0.0,0.0,0.0,4.987
793,26.507,Midnight 00:00,simulation,0.1,0,0.0,0.0,0.0,0.0,0.0,0.0,0.0,0.0,0.0,0.0,4.987
794,26.5404,Midnight 00:00,simulation,0.1,0,0.0,0.0,0.0,0.0,0.0,0.0,0.0,0.0,0.0,0.0,4.987
795,26.5738,Midnight 00:00,simulation,0.1,0,0.0,0.0,0.0,0.0,0.0,0.0,0.0,0.0,0.0,0.0,4.987
796,26.6072,Midnight 00:00,simulation,0.1,0,0.0,0.0,0.0,0.0,0.0,0.0,0.0,0.0,0.0,0.0,4.987
797,26.6407,Midnight 00:00,simulation,0.1,0,0.0,0.0,0.0,0.0,0.0,0.0,0.0,0.0,0.0,0.0,4.987
798,26.6741,Midnight 00:00,simulation,0.1,0,0.0,0.0,0.0,0.0,0.0,0.0,0.0,0.0,0.0,0.0,4.987
799,26.7075,Midnight 00:00,simulation,0.1,0,0.0,0.0,0.0,0.0,0.0,0.0,0.0,0.0,0.0,0.0,4.987
800,26.7409,Midnight 00:00,simulation,0.1,0,0.0,0.0,0.0,0.0,0.0,0.0,0.0,0.0,0.0,0.0,4.987
801,26.7744,Midnight 00:00,simulation,0.1,0,0.0,0.0,0.0,0.0,0.0,0.0,0.0,0.0,0.0,0.0,4.987
802,26.8078,Midnight 00:00,simulation,0.1,0,0.0,0.0,0.0,0.0,0.0,0.0,0.0,0.0,0.0,0.0,4.987
803,26.8412,Midnight 00:00,simulation,0.1,0,0.0,0.0,0.0,0.0,0.0,0.0,0.0,0.0,0.0,0.0,4.987
804,26.8747,Midnight 00:00,simulation,0.1,0,0.0,0.0,0.0,0.0,0.0,0.0,0.0,0.0,0.0,0.0,4.987
805,26.9081,Midnight 00:00,simulation,0.1,0,0.0,0.0,0.0,0.0,0.0,0.0,0.0,0.0,0.0,0.0,4.987
806,26.9415,Midnight 00:00,simulation,0.1,0,0.0,0.0,0.0,0.0,0.0,0.0,0.0,0.0,0.0,0.0,4.987
807,26.9749,Midnight 00:00,simulation,0.1,0,0.0,0.0,0.0,0.0,0.0,0.0,0.0,0.0,0.0,0.0,4.987
808,27.0084,Midnight 00:00,simulation,0.1,0,0.0,0.0,0.0,0.0,0.0,0.0,0.0,0.0,0.0,0.0,4.987
809,27.0418,Midnight 00:00,simulation,0.1,0,0.0,0.0,0.0,0.0,0.0,0.0,0.0,0.0,0.0,0.0,4.987
810,27.0752,Midnight 00:00,simulation,0.1,0,0.0,0.0,0.0,0.0,0.0,0.0,0.0,0.0,0.0,0.0,4.987
811,27.1086,Midnight 00:00,simulation,0.1,0,0.0,0.0,0.0,0.0,0.0,0.0,0.0,0.0,0.0,0.0,4.987
812,27.1421,Midnight 00:00,simulation,0.1,0,0.0,0.0,0.0,0.0,0.0,0.0,0.0,0.0,0.0,0.0,4.987
813,27.1755,Midnight 00:00,simulation,0.1,0,0.0,0.0,0.0,0.0,0.0,0.0,0.0,0.0,0.0,0.0,4.987
814,27.2089,Midnight 00:00,simulation,0.1,0,0.0,0.0,0.0,0.0,0.0,0.0,0.0,0.0,0.0,0.0,4.987
815,27.2423,Midnight 00:00,simulation,0.1,0,0.0,0.0,0.0,0.0,0.0,0.0,0.0,0.0,0.0,0.0,4.987
816,27.2758,Midnight 00:00,simulation,0.1,0,0.0,0.0,0.0,0.0,0.0,0.0,0.0,0.0,0.0,0.0,4.987
817,27.3092,Midnight 00:00,simulation,0.1,0,0.0,0.0,0.0,0.0,0.0,0.0,0.0,0.0,0.0,0.0,4.987
818,27.3426,Midnight 00:00,simulation,0.1,0,0.0,0.0,0.0,0.0,0.0,0.0,0.0,0.0,0.0,0.0,4.987
819,27.376,Midnight 00:00,simulation,0.1,0,0.0,0.0,0.0,0.0,0.0,0.0,0.0,0.0,0.0,0.0,4.987
820,27.4095,Midnight 00:00,simulation,0.1,0,0.0,0.0,0.0,0.0,0.0,0.0,0.0,0.0,0.0,0.0,4.987
821,27.4429,Midnight 00:00,simulation,0.1,0,0.0,0.0,0.0,0.0,0.0,0.0,0.0,0.0,0.0,0.0,4.987
822,27.4763,Midnight 00:00,simulation,0.1,0,0.0,0.0,0.0,0.0,0.0,0.0,0.0,0.0,0.0,0.0,4.987
823,27.5097,Midnight 00:00,simulation,0.1,1,0.04104,0.00702,4.20745,2.20745,0.04104,-0.99298,-2.90371,0.02521,0.22859,232.5,4.985
824,27.5432,Midnight 00:00,simulation,0.1,0,0.0,0.0,0.0,0.0,0.0,0.0,0.0,0.0,0.0,0.0,4.984
825,27.5766,Midnight 00:00,simulation,0.1,0,0.0,0.0,0.0,0.0,0.0,0.0,0.0,0.0,0.0,0.0,4.98
826,27.61,Midnight 00:00,simulation,0.1,1,0.0355,0.00588,3.80839,1.80839,0.0355,-0.99412,3.08163,0.00048,0.60323,272.0,4.979
827,27.6435,Midnight 00:00,simulation,0.1,1,0.0355,0.00588,3.80839,1.80839,0.0355,-0.99412,3.08163,0.00048,0.60323,272.0,4.976
828,27.6769,Midnight 00:00,simulation,0.1,1,0.0355,0.00588,3.80839,1.80839,0.0355,-0.99412,3.08163,0.00048,0.60323,272.0,4.974
829,27.7103,Midnight 00:00,simulation,0.1,1,0.03806,0.00561,3.79135,1.79135,0.03806,-0.99439,3.00342,-0.0207,0.47593,280.5,4.975
830,27.7437,Midnight 00:00,simulation,0.1,1,0.0355,0.00588,3.80839,1.80839,0.0355,-0.99412,3.08163,0.00048,0.60323,272.0,4.977
831,27.7772,Midnight 00:00,simulation,0.1,1,0.0355,0.00588,3.80839,1.80839,0.0355,-0.99412,3.08163,0.00048,0.60323,272.0,4.981
832,27.8106,Midnight 00:00,simulation,0.1,1,0.03806,0.0061,3.79132,1.79132,0.03806,-0.9939,-3.00634,-0.02148,-0.47635,280.5,4.98
833,27.844,Midnight 00:00,simulation,0.1,1,0.04082,0.00588,3.80775,1.80775,0.04082,-0.99412,3.1262,0.00024,0.29589,289.0,4.985
834,27.8774,Midnight 00:00,simulation,0.1,1,0.04082,0.00588,3.80775,1.80775,0.04082,-0.99412,3.1262,0.00024,0.29589,289.0,4.992
835,27.9109,Midnight 00:00,simulation,0.1,1,0.04082,0.00588,3.80775,1.80775,0.04082,-0.99412,3.1262,0.00024,0.29589,289.0,4.995
836,27.9443,Midnight 00:00,simulation,0.1,1,0.04082,0.00588,3.80775,1.80775,0.04082,-0.99412,3.1262,0.00024,0.29589,289.0,4.996
837,27.9777,Midnight 00:00,simulation,0.1,1,0.04082,0.00588,3.80775,1.80775,0.04082,-0.99412,3.1262,0.00024,0.29589,289.0,4.997
838,28.0111,Midnight 00:00,simulation,0.1,1,0.03629,0.0063,3.72859,1.72859,0.03629,-0.9937,-2.92287,0.02249,0.224,297.5,4.999
839,28.0446,Midnight 00:00,simulation,0.1,1,0.04082,0.00588,3.80775,1.80775,0.04082,-0.99412,3.1262,0.00024,0.29589,289.0,4.999
840,28.078,Midnight 00:00,simulation,0.1,1,0.04082,0.00588,3.80775,1.80775,0.04082,-0.99412,3.1262,0.00024,0.29589,289.0,4.998
841,28.1114,Midnight 00:00,simulation,0.1,1,0.03334,0.00635,3.67415,1.67415,0.03334,-0.99365,3.40023,-0.00202,-0.0151,306.0,5.001
842,28.1448,Midnight 00:00,simulation,0.1,1,0.03334,0.00635,3.67415,1.67415,0.03334,-0.99365,3.40023,-0.00202,-0.0151,306.0,5.001
843,28.1783,Midnight 00:00,simulation,0.1,0,0.0,0.0,0.0,0.0,0.0,0.0,0.0,0.0,0.0,0.0,5.0
844,28.2117,Midnight 00:00,simulation,0.1,1,0.03193,0.00526,3.40817,1.40817,0.03193,-0.99474,3.08663,0.00046,0.5771,342.0,4.997
845,28.2451,Midnight 00:00,simulation,0.1,1,0.03193,0.00526,3.40817,1.40817,0.03193,-0.99474,3.08663,0.00046,0.5771,342.0,4.997
846,28.2786,Midnight 00:00,simulation,0.1,1,0.03193,0.00526,3.40817,1.40817,0.03193,-0.99474,3.08663,0.00046,0.5771,342.0,5.002
847,28.312,Midnight 00:00,simulation,0.1,1,0.03193,0.00526,3.40817,1.40817,0.03193,-0.99474,3.08663,0.00046,0.5771,342.0,5.002
848,28.3454,Midnight 00:00,simulation,0.1,1,0.03193,0.00526,3.40817,1.40817,0.03193,-0.99474,3.08663,0.00046,0.5771,342.0,5.008
849,28.3788,Midnight 00:00,simulation,0.1,1,0.03193,0.00526,3.40817,1.40817,0.03193,-0.99474,3.08663,0.00046,0.5771,342.0,5.016
850,28.4123,Midnight 00:00,simulation,0.1,1,0.03193,0.00526,3.40817,1.40817,0.03193,-0.99474,3.08663,0.00046,0.5771,342.0,5.016
851,28.4457,Midnight 00:00,simulation,0.1,1,0.03422,0.00551,3.39474,1.39474,0.03422,-0.99449,-3.01478,-0.01921,-0.45863,351.5,5.015
852,28.4791,Midnight 00:00,simulation,0.1,1,0.03663,0.00526,3.40752,1.40752,0.03663,-0.99474,3.12646,0.00024,0.29335,361.0,5.015
853,28.5125,Midnight 00:00,simulation,0.1,1,0.03,0.0058,3.30731,1.30731,0.03,-0.9942,3.37567,-0.00182,-0.01485,380.0,5.015
854,28.546,Midnight 00:00,simulation,0.1,1,0.03,0.0058,3.30731,1.30731,0.03,-0.9942,3.37567,-0.00182,-0.01485,380.0,5.016
855,28.5794,Midnight 00:00,simulation,0.1,1,0.03,0.0058,3.30731,1.30731,0.03,-0.9942,3.37567,-0.00182,-0.01485,380.0,5.014
856,28.6128,Midnight 00:00,simulation,0.1,1,0.03,0.0058,3.30731,1.30731,0.03,-0.9942,3.37567,-0.00182,-0.01485,380.0,5.017
857,28.6462,Midnight 00:00,simulation,0.1,1,0.03,0.0058,3.30731,1.30731,0.03,-0.9942,3.37567,-0.00182,-0.01485,380.0,5.018
858,28.6797,Midnight 00:00,simulation,0.1,1,0.03,0.0058,3.30731,1.30731,0.03,-0.9942,3.37567,-0.00182,-0.01485,380.0,5.021
859,28.7131,Midnight 00:00,simulation,0.1,1,0.03,0.0058,3.30731,1.30731,0.03,-0.9942,3.37567,-0.00182,-0.01485,380.0,5.025
860,28.7465,Midnight 00:00,simulation,0.1,1,0.02684,0.00774,3.3072,1.3072,0.02684,-0.99226,-3.09095,-0.03932,0.36557,380.5,5.022
861,28.7799,Midnight 00:00,simulation,0.1,1,0.02906,0.00476,3.08424,1.08424,0.02906,-0.99524,3.09075,0.00044,0.55463,420.0,5.024
862,28.8134,Midnight 00:00,simulation,0.1,1,0.02906,0.00476,3.08424,1.08424,0.02906,-0.99524,3.09075,0.00044,0.55463,420.0,5.024
863,28.8468,Midnight 00:00,simulation,0.1,1,0.02906,0.00476,3.08424,1.08424,0.02906,-0.99524,3.09075,0.00044,0.55463,420.0,5.024
864,28.8802,Midnight 00:00,simulation,0.1,1,0.02906,0.00476,3.08424,1.08424,0.02906,-0.99524,3.09075,0.00044,0.55463,420.0,5.041
865,28.9136,Midnight 00:00,simulation,0.1,1,0.02906,0.00476,3.08424,1.08424,0.02906,-0.99524,3.09075,0.00044,0.55463,420.0,5.038
866,28.9471,Midnight 00:00,simulation,0.1,1,0.02393,0.00476,3.08364,1.08364,0.02393,-0.99524,3.12631,0.00024,0.29475,441.0,5.034
867,28.9805,Midnight 00:00,simulation,0.1,1,0.02728,0.00533,3.00721,1.00721,0.02728,-0.99467,3.35307,-0.00163,-0.01455,462.0,5.035
868,29.0139,Midnight 00:00,simulation,0.1,1,0.02728,0.00533,3.00721,1.00721,0.02728,-0.99467,3.35307,-0.00163,-0.01455,462.0,5.036
869,29.0474,Midnight 00:00,simulation,0.1,1,0.02728,0.00533,3.00721,1.00721,0.02728,-0.99467,3.35307,-0.00163,-0.01455,462.0,5.042
870,29.0808,Midnight 00:00,simulation,0.1,1,0.02728,0.00533,3.00721,1.00721,0.02728,-0.99467,3.35307,-0.00163,-0.01455,462.0,5.048
871,29.1142,Midnight 00:00,simulation,0.1,1,0.02637,0.00735,2.96782,0.96782,0.02637,-0.99265,-2.98352,-0.01593,0.26679,473.0,5.044
872,29.1476,Midnight 00:00,simulation,0.1,1,0.02735,0.00909,2.94376,0.94376,0.02735,-0.99091,3.12529,0.00047,0.29091,484.0,5.046
873,29.1811,Midnight 00:00,simulation,0.1,1,0.0267,0.00435,2.8167,0.8167,0.0267,-0.99565,3.09423,0.00042,0.53493,506.0,5.045
874,29.2145,Midnight 00:00,simulation,0.1,1,0.0267,0.00435,2.8167,0.8167,0.0267,-0.99565,3.09423,0.00042,0.53493,506.0,5.042
875,29.2479,Midnight 00:00,simulation,0.1,1,0.02195,0.00435,2.81609,0.81609,0.02195,-0.99565,3.12663,0.00023,0.29155,529.0,5.046
876,29.2813,Midnight 00:00,simulation,0.1,1,0.02195,0.00435,2.81609,0.81609,0.02195,-0.99565,3.12663,0.00023,0.29155,529.0,5.043
877,29.3148,Midnight 00:00,simulation,0.1,1,0.02195,0.00435,2.81609,0.81609,0.02195,-0.99565,3.12663,0.00023,0.29155,529.0,5.049
878,29.3482,Midnight 00:00,simulation,0.1,1,0.02195,0.00435,2.81609,0.81609,0.02195,-0.99565,3.12663,0.00023,0.29155,529.0,5.059
879,29.3816,Midnight 00:00,simulation,0.1,1,0.025,0.00494,2.75717,0.75717,0.025,-0.99506,3.33174,-0.00146,-0.01419,552.0,5.071
880,29.415,Midnight 00:00,simulation,0.1,1,0.025,0.00494,2.75717,0.75717,0.025,-0.99506,3.33174,-0.00146,-0.01419,552.0,5.071
881,29.4485,Midnight 00:00,simulation,0.1,1,0.025,0.00494,2.75717,0.75717,0.025,-0.99506,3.33174,-0.00146,-0.01419,552.0,5.072
882,29.4819,Midnight 00:00,simulation,0.1,1,0.02517,0.00833,2.69904,0.69904,0.02517,-0.99167,3.12562,0.00046,0.28758,576.0,5.062
883,29.5153,Midnight 00:00,simulation,0.1,1,0.02715,0.00608,2.63753,0.63753,0.02715,-0.99392,3.08117,0.03313,0.53789,576.0,5.055
884,29.5487,Midnight 00:00,simulation,0.1,1,0.02472,0.004,2.59201,0.59201,0.02472,-0.996,3.09722,0.00041,0.51735,600.0,5.059
885,29.5822,Midnight 00:00,simulation,0.1,1,0.02045,0.00429,2.58481,0.58481,0.02045,-0.99571,-3.02972,0.01568,0.44386,612.5,5.068
886,29.6156,Midnight 00:00,simulation,0.1,1,0.0203,0.004,2.5914,0.5914,0.0203,-0.996,3.12697,0.00023,0.28802,625.0,5.078
887,29.649,Midnight 00:00,simulation,0.1,1,0.0203,0.004,2.5914,0.5914,0.0203,-0.996,3.12697,0.00023,0.28802,625.0,5.078
888,29.6825,Midnight 00:00,simulation,0.1,1,0.0203,0.004,2.5914,0.5914,0.0203,-0.996,3.12697,0.00023,0.28802,625.0,5.078
889,29.7159,Midnight 00:00,simulation,0.1,1,0.0203,0.004,2.5914,0.5914,0.0203,-0.996,3.12697,0.00023,0.28802,625.0,5.078
890,29.7493,Midnight 00:00,simulation,0.1,1,0.0203,0.004,2.5914,0.5914,0.0203,-0.996,3.12697,0.00023,0.28802,625.0,5.078
891,29.7827,Midnight 00:00,simulation,0.1,1,0.0203,0.004,2.5914,0.5914,0.0203,-0.996,3.12697,0.00023,0.28802,625.0,5.078
892,29.8162,Midnight 00:00,simulation,0.1,1,0.0203,0.004,2.5914,0.5914,0.0203,-0.996,3.12697,0.00023,0.28802,625.0,5.078
893,29.8496,Midnight 00:00,simulation,0.1,1,0.0203,0.004,2.5914,0.5914,0.0203,-0.996,3.12697,0.00023,0.28802,625.0,5.078
894,29.883,Midnight 00:00,simulation,0.1,1,0.0203,0.004,2.5914,0.5914,0.0203,-0.996,3.12697,0.00023,0.28802,625.0,5.078
895,29.9164,Midnight 00:00,simulation,0.1,1,0.0203,0.004,2.5914,0.5914,0.0203,-0.996,3.12697,0.00023,0.28802,625.0,5.078
896,29.9499,Midnight 00:00,simulation,0.1,1,0.0203,0.004,2.5914,0.5914,0.0203,-0.996,3.12697,0.00023,0.28802,625.0,5.078
897,29.9833,Midnight 00:00,simulation,0.1,1,0.0203,0.004,2.5914,0.5914,0.0203,-0.996,3.12697,0.00023,0.28802,625.0,5.078
898,30.0167,Midnight 00:00,simulation,0.1,1,0.0203,0.004,2.5914,0.5914,0.0203,-0.996,3.12697,0.00023,0.28802,625.0,5.078
899,30.0501,Midnight 00:00,simulation,0.1,1,0.0203,0.004,2.5914,0.5914,0.0203,-0.996,3.12697,0.00023,0.28802,625.0,5.078
900,30.0836,Midnight 00:00,simulation,0.1,1,0.0203,0.004,2.5914,0.5914,0.0203,-0.996,3.12697,0.00023,0.28802,625.0,5.078
901,30.117,Midnight 00:00,simulation,0.1,1,0.0203,0.004,2.5914,0.5914,0.0203,-0.996,3.12697,0.00023,0.28802,625.0,5.078
