frame,time_s,scenario,source,target_lux,detected,est_x,est_y,est_z,err_x,err_y,err_z,rot_x,rot_y,rot_z,marker_area_px,frame_brightness
0,0.0,Twilight 19:00,simulation,3.0,1,-0.004,0.03138,2.61258,0.61258,-0.004,-0.96862,3.45843,0.00044,0.00251,625.0,44.235
1,0.0337,Twilight 19:00,simulation,3.0,1,-0.004,0.03138,2.61258,0.61258,-0.004,-0.96862,3.45843,0.00044,0.00251,625.0,44.235
2,0.0674,Twilight 19:00,simulation,3.0,1,-0.004,0.03138,2.61258,0.61258,-0.004,-0.96862,3.45843,0.00044,0.00251,625.0,44.235
3,0.1011,Twilight 19:00,simulation,3.0,1,-0.004,0.03138,2.61258,0.61258,-0.004,-0.96862,3.45843,0.00044,0.00251,625.0,44.235
4,0.1348,Twilight 19:00,simulation,3.0,1,-0.004,0.03138,2.61258,0.61258,-0.004,-0.96862,3.45843,0.00044,0.00251,625.0,44.235
5,0.1685,Twilight 19:00,simulation,3.0,1,-0.004,0.03138,2.61258,0.61258,-0.004,-0.96862,3.45843,0.00044,0.00251,625.0,44.235
6,0.2022,Twilight 19:00,simulation,3.0,1,-0.004,0.03138,2.61258,0.61258,-0.004,-0.96862,3.45843,0.00044,0.00251,625.0,44.235
7,0.236,Twilight 19:00,simulation,3.0,1,-0.004,0.03138,2.61258,0.61258,-0.004,-0.96862,3.45843,0.00044,0.00251,625.0,44.235
8,0.2697,Twilight 19:00,simulation,3.0,1,-0.004,0.03138,2.61258,0.61258,-0.004,-0.96862,3.45843,0.00044,0.00251,625.0,44.235
9,0.3034,Twilight 19:00,simulation,3.0,1,-0.004,0.03138,2.61258,0.61258,-0.004,-0.96862,3.45843,0.00044,0.00251,625.0,44.235
10,0.3371,Twilight 19:00,simulation,3.0,1,-0.004,0.03138,2.61258,0.61258,-0.004,-0.96862,3.45843,0.00044,0.00251,625.0,44.235
11,0.3708,Twilight 19:00,simulation,3.0,1,-0.004,0.03138,2.61258,0.61258,-0.004,-0.96862,3.45843,0.00044,0.00251,625.0,44.235
12,0.4045,Twilight 19:00,simulation,3.0,1,-0.004,0.03138,2.61258,0.61258,-0.004,-0.96862,3.45843,0.00044,0.00251,625.0,44.235
13,0.4382,Twilight 19:00,simulation,3.0,1,-0.004,0.03138,2.61258,0.61258,-0.004,-0.96862,3.45843,0.00044,0.00251,625.0,44.235
14,0.4719,Twilight 19:00,simulation,3.0,1,-0.004,0.03138,2.61258,0.61258,-0.004,-0.96862,3.45843,0.00044,0.00251,625.0,44.235
15,0.5056,Twilight 19:00,simulation,3.0,1,-0.004,0.03138,2.61258,0.61258,-0.004,-0.96862,3.45843,0.00044,0.00251,625.0,44.235
16,0.5393,Twilight 19:00,simulation,3.0,1,-0.004,0.03138,2.61258,0.61258,-0.004,-0.96862,3.45843,0.00044,0.00251,625.0,44.235
17,0.573,Twilight 19:00,simulation,3.0,1,-0.004,0.03138,2.61258,0.61258,-0.004,-0.96862,3.45843,0.00044,0.00251,625.0,44.235
18,0.6067,Twilight 19:00,simulation,3.0,1,-0.004,0.03138,2.61258,0.61258,-0.004,-0.96862,3.45843,0.00044,0.00251,625.0,44.235
19,0.6404,Twilight 19:00,simulation,3.0,1,-0.004,0.03138,2.61258,0.61258,-0.004,-0.96862,3.45843,0.00044,0.00251,625.0,44.235
20,0.6742,Twilight 19:00,simulation,3.0,1,-0.004,0.03138,2.61258,0.61258,-0.004,-0.96862,3.45843,0.00044,0.00251,625.0,44.235
21,0.7079,Twilight 19:00,simulation,3.0,1,-0.004,0.03138,2.61258,0.61258,-0.004,-0.96862,3.45843,0.00044,0.00251,625.0,44.235
22,0.7416,Twilight 19:00,simulation,3.0,1,-0.004,0.03138,2.61258,0.61258,-0.004,-0.96862,3.45843,0.00044,0.00251,625.0,44.235
23,0.7753,Twilight 19:00,simulation,3.0,1,-0.004,0.03138,2.61258,0.61258,-0.004,-0.96862,3.45843,0.00044,0.00251,625.0,44.235
24,0.809,Twilight 19:00,simulation,3.0,1,-0.004,0.03138,2.61258,0.61258,-0.004,-0.96862,3.45843,0.00044,0.00251,625.0,44.235
25,0.8427,Twilight 19:00,simulation,3.0,1,-0.004,0.03138,2.61258,0.61258,-0.004,-0.96862,3.45843,0.00044,0.00251,625.0,44.235
26,0.8764,Twilight 19:00,simulation,3.0,1,-0.004,0.03138,2.61258,0.61258,-0.004,-0.96862,3.45843,0.00044,0.00251,625.0,44.235
27,0.9101,Twilight 19:00,simulation,3.0,1,-0.004,0.03138,2.61258,0.61258,-0.004,-0.96862,3.45843,0.00044,0.00251,625.0,44.235
28,0.9438,Twilight 19:00,simulation,3.0,1,-0.004,0.03138,2.61258,0.61258,-0.004,-0.96862,3.45843,0.00044,0.00251,625.0,44.235
29,0.9775,Twilight 19:00,simulation,3.0,1,-0.004,0.03138,2.61258,0.61258,-0.004,-0.96862,3.45843,0.00044,0.00251,625.0,44.235
30,1.0112,Twilight 19:00,simulation,3.0,1,-0.004,0.03138,2.61258,0.61258,-0.004,-0.96862,3.45843,0.00044,0.00251,625.0,44.235
31,1.0449,Twilight 19:00,simulation,3.0,1,-0.004,0.03138,2.61258,0.61258,-0.004,-0.96862,3.45843,0.00044,0.00251,625.0,44.235
32,1.0787,Twilight 19:00,simulation,3.0,1,-0.004,0.03138,2.61258,0.61258,-0.004,-0.96862,3.45843,0.00044,0.00251,625.0,44.235
33,1.1124,Twilight 19:00,simulation,3.0,1,-0.004,0.03138,2.61258,0.61258,-0.004,-0.96862,3.45843,0.00044,0.00251,625.0,44.235
34,1.1461,Twilight 19:00,simulation,3.0,1,-0.004,0.03138,2.61258,0.61258,-0.004,-0.96862,3.45843,0.00044,0.00251,625.0,44.262
35,1.1798,Twilight 19:00,simulation,3.0,1,-0.02001,0.03138,2.61265,0.61265,-0.02001,-0.96862,3.45833,0.00219,0.01256,625.0,44.253
36,1.2135,Twilight 19:00,simulation,3.0,1,-0.03334,0.03208,2.72062,0.72062,-0.03334,-0.96792,3.3001,0.0017,0.01749,600.0,44.276
37,1.2472,Twilight 19:00,simulation,3.0,1,-0.03334,0.03208,2.72062,0.72062,-0.03334,-0.96792,3.3001,0.0017,0.01749,600.0,44.276
38,1.2809,Twilight 19:00,simulation,3.0,1,-0.04402,0.03139,2.61294,0.61294,-0.04402,-0.96861,3.4579,0.00482,0.02762,625.0,44.24
39,1.3146,Twilight 19:00,simulation,3.0,1,-0.05836,0.03208,2.72104,0.72104,-0.05836,-0.96792,3.29911,0.00297,0.03057,600.0,44.266
40,1.3483,Twilight 19:00,simulation,3.0,1,-0.05836,0.03208,2.72104,0.72104,-0.05836,-0.96792,3.29911,0.00297,0.03057,600.0,44.266
41,1.382,Twilight 19:00,simulation,3.0,1,-0.07504,0.03208,2.72144,0.72144,-0.07504,-0.96792,3.29815,0.00379,0.03925,600.0,44.268
42,1.4157,Twilight 19:00,simulation,3.0,1,-0.10008,0.03208,2.72223,0.72223,-0.10008,-0.96792,3.29624,0.005,0.05218,600.0,44.273
43,1.4494,Twilight 19:00,simulation,3.0,1,-0.10008,0.03208,2.72223,0.72223,-0.10008,-0.96792,3.29624,0.005,0.05218,600.0,44.273
44,1.4831,Twilight 19:00,simulation,3.0,1,-0.10812,0.0314,2.61479,0.61479,-0.10812,-0.9686,3.45521,0.01173,0.06768,625.0,44.25
45,1.5169,Twilight 19:00,simulation,3.0,1,-0.12418,0.03141,2.61549,0.61549,-0.12418,-0.96859,3.45418,0.01343,0.07766,625.0,44.259
46,1.5506,Twilight 19:00,simulation,3.0,1,-0.14188,0.03209,2.72405,0.72405,-0.14188,-0.96791,3.29178,0.00689,0.07342,600.0,44.271
47,1.5843,Twilight 19:00,simulation,3.0,1,-0.14188,0.03209,2.72405,0.72405,-0.14188,-0.96791,3.29178,0.00689,0.07342,600.0,44.271
48,1.618,Twilight 19:00,simulation,3.0,1,-0.167,0.03209,2.72544,0.72544,-0.167,-0.96791,3.28831,0.00793,0.08589,600.0,44.27
49,1.6517,Twilight 19:00,simulation,3.0,1,-0.167,0.03209,2.72544,0.72544,-0.167,-0.96791,3.28831,0.00793,0.08589,600.0,44.27
50,1.6854,Twilight 19:00,simulation,3.0,1,-0.17242,0.03142,2.61819,0.61819,-0.17242,-0.96858,3.45023,0.01842,0.10746,625.0,44.261
51,1.7191,Twilight 19:00,simulation,3.0,1,-0.18854,0.03143,2.61928,0.61928,-0.18854,-0.96857,3.44863,0.02004,0.11734,625.0,44.248
52,1.7528,Twilight 19:00,simulation,3.0,1,-0.20897,0.0321,2.72824,0.72824,-0.20897,-0.9679,3.28111,0.00947,0.10606,600.0,44.273
53,1.7865,Twilight 19:00,simulation,3.0,1,-0.20897,0.0321,2.72824,0.72824,-0.20897,-0.9679,3.28111,0.00947,0.10606,600.0,44.273
54,1.8202,Twilight 19:00,simulation,3.0,1,-0.21276,0.03145,2.6211,0.6211,-0.21276,-0.96855,3.44595,0.02242,0.1321,625.0,44.243
55,1.8539,Twilight 19:00,simulation,3.0,1,-0.23422,0.03211,2.73022,0.73022,-0.23422,-0.96789,3.27587,0.01024,0.11767,600.0,44.259
56,1.8876,Twilight 19:00,simulation,3.0,1,-0.23422,0.03211,2.73022,0.73022,-0.23422,-0.96789,3.27587,0.01024,0.11767,600.0,44.259
57,1.9213,Twilight 19:00,simulation,3.0,1,-0.25324,0.03147,2.62461,0.62461,-0.25324,-0.96853,3.44075,0.02624,0.15651,625.0,44.237
58,1.9551,Twilight 19:00,simulation,3.0,1,-0.27643,0.03212,2.73399,0.73399,-0.27643,-0.96788,3.26543,0.0112,0.13586,600.0,44.266
59,1.9888,Twilight 19:00,simulation,3.0,1,-0.27643,0.03212,2.73399,0.73399,-0.27643,-0.96788,3.26543,0.0112,0.13586,600.0,44.266
60,2.0225,Twilight 19:00,simulation,3.0,1,-0.27761,0.03149,2.627,0.627,-0.27761,-0.96851,3.43717,0.02844,0.17103,625.0,44.249
61,2.0562,Twilight 19:00,simulation,3.0,1,-0.31883,0.03212,2.73833,0.73833,-0.31883,-0.96788,3.25248,0.01166,0.15195,600.0,44.264
62,2.0899,Twilight 19:00,simulation,3.0,1,-0.31883,0.03212,2.73833,0.73833,-0.31883,-0.96788,3.25248,0.01166,0.15195,600.0,44.264
63,2.1236,Twilight 19:00,simulation,3.0,1,-0.31839,0.03152,2.63147,0.63147,-0.31839,-0.96848,3.43046,0.03191,0.19498,625.0,44.23
64,2.1573,Twilight 19:00,simulation,3.0,1,-0.34437,0.03212,2.74119,0.74119,-0.34437,-0.96788,3.24323,0.01162,0.16011,600.0,44.26
65,2.191,Twilight 19:00,simulation,3.0,1,-0.36144,0.03212,2.74319,0.74319,-0.36144,-0.96788,3.23633,0.01143,0.1647,600.0,44.255
66,2.2247,Twilight 19:00,simulation,3.0,1,-0.36144,0.03212,2.74319,0.74319,-0.36144,-0.96788,3.23633,0.01143,0.1647,600.0,44.255
67,2.2584,Twilight 19:00,simulation,3.0,1,-0.35939,0.03156,2.63653,0.63653,-0.35939,-0.96844,3.42278,0.0351,0.21857,625.0,44.236
68,2.2921,Twilight 19:00,simulation,3.0,1,-0.38711,0.03212,2.74629,0.74629,-0.38711,-0.96788,3.22461,0.01084,0.16989,600.0,44.262
69,2.3258,Twilight 19:00,simulation,3.0,1,-0.3841,0.03158,2.63985,0.63985,-0.3841,-0.96842,3.41769,0.03687,0.23253,625.0,44.236
70,2.3596,Twilight 19:00,simulation,3.0,1,-0.3841,0.03158,2.63985,0.63985,-0.3841,-0.96842,3.41769,0.03687,0.23253,625.0,44.236
71,2.3933,Twilight 19:00,simulation,3.0,1,-0.41284,0.03211,2.74946,0.74946,-0.41284,-0.96789,3.21093,0.00983,0.17242,600.0,44.25
72,2.427,Twilight 19:00,simulation,3.0,1,-0.43003,0.03209,2.75153,0.75153,-0.43003,-0.96791,3.20058,0.00887,0.17232,600.0,44.257
73,2.4607,Twilight 19:00,simulation,3.0,1,-0.4255,0.03162,2.64585,0.64585,-0.4255,-0.96838,3.40838,0.03955,0.2554,625.0,44.228
74,2.4944,Twilight 19:00,simulation,3.0,1,-0.4255,0.03162,2.64585,0.64585,-0.4255,-0.96838,3.40838,0.03955,0.2554,625.0,44.227
75,2.5281,Twilight 19:00,simulation,3.0,1,-0.45582,0.03206,2.75433,0.75433,-0.45582,-0.96794,3.18393,0.00708,0.16958,600.0,44.253
76,2.5618,Twilight 19:00,simulation,3.0,1,-0.45048,0.03165,2.64973,0.64973,-0.45048,-0.96835,3.40228,0.04097,0.26887,625.0,44.239
77,2.5955,Twilight 19:00,simulation,3.0,1,-0.46719,0.03167,2.65244,0.65244,-0.46719,-0.96833,3.398,0.04184,0.27773,625.0,44.233
78,2.6292,Twilight 19:00,simulation,3.0,1,-0.49866,0.03202,2.75754,0.75754,-0.49866,-0.96798,3.16211,0.00442,0.1617,600.0,44.252
79,2.6629,Twilight 19:00,simulation,3.0,1,-0.49866,0.03202,2.75754,0.75754,-0.49866,-0.96798,3.16211,0.00442,0.1617,600.0,44.252
80,2.6966,Twilight 19:00,simulation,3.0,1,-0.49235,0.03169,2.65667,0.65667,-0.49235,-0.96831,3.39123,0.04301,0.29082,625.0,44.225
81,2.7303,Twilight 19:00,simulation,3.0,1,-0.52427,0.03201,2.7587,0.7587,-0.52427,-0.96799,3.15531,0.00351,0.15609,600.0,44.246
82,2.764,Twilight 19:00,simulation,3.0,1,-0.54132,0.032,2.75929,0.75929,-0.54132,-0.968,3.15246,0.0031,0.15202,600.0,44.243
83,2.7978,Twilight 19:00,simulation,3.0,1,-0.54132,0.032,2.75929,0.75929,-0.54132,-0.968,3.15246,0.0031,0.15202,600.0,44.243
84,2.8315,Twilight 19:00,simulation,3.0,1,-0.54989,0.032,2.73891,0.73891,-0.54989,-0.968,3.21412,0.01368,0.24215,625.0,44.219
85,2.8652,Twilight 19:00,simulation,3.0,1,-0.56686,0.032,2.75998,0.75998,-0.56686,-0.968,3.14961,0.00267,0.14568,600.0,44.246
86,2.8989,Twilight 19:00,simulation,3.0,1,-0.57555,0.03199,2.74183,0.74183,-0.57555,-0.96801,3.19436,0.01261,0.33665,625.0,44.22
87,2.9326,Twilight 19:00,simulation,3.0,1,-0.59255,0.03198,2.74282,0.74282,-0.59255,-0.96802,3.18913,0.01224,0.34023,625.0,44.226
88,2.9663,Twilight 19:00,simulation,3.0,1,-0.6094,0.032,2.7608,0.7608,-0.6094,-0.968,3.14692,0.0022,0.13518,600.0,44.239
89,3.0,Twilight 19:00,simulation,3.0,1,-0.61794,0.03198,2.74332,0.74332,-0.61794,-0.96802,3.1891,0.01212,0.29246,625.0,44.209
90,3.0337,Twilight 19:00,simulation,3.0,1,-0.61794,0.03198,2.74332,0.74332,-0.61794,-0.96802,3.1891,0.01212,0.29246,625.0,44.209
91,3.0674,Twilight 19:00,simulation,3.0,1,-0.63489,0.032,2.76115,0.76115,-0.63489,-0.968,3.14594,0.002,0.12924,600.0,44.229
92,3.1011,Twilight 19:00,simulation,3.0,1,-0.62867,0.03186,2.68265,0.68265,-0.62867,-0.96814,3.34743,0.04609,0.35541,625.0,44.222
93,3.1348,Twilight 19:00,simulation,3.0,1,-0.64599,0.03188,2.68629,0.68629,-0.64599,-0.96812,3.34092,0.04602,0.36264,625.0,44.211
94,3.1685,Twilight 19:00,simulation,3.0,1,-0.64599,0.03188,2.68629,0.68629,-0.64599,-0.96812,3.34092,0.04602,0.36264,625.0,44.211
95,3.2022,Twilight 19:00,simulation,3.0,1,-0.67737,0.032,2.76158,0.76158,-0.67737,-0.968,3.14485,0.00176,0.12018,600.0,44.228
96,3.236,Twilight 19:00,simulation,3.0,1,-0.67209,0.03192,2.69192,0.69192,-0.67209,-0.96808,3.33064,0.04569,0.37301,625.0,44.201
97,3.2697,Twilight 19:00,simulation,3.0,1,-0.70284,0.032,2.76178,0.76178,-0.70284,-0.968,3.14439,0.00164,0.11525,600.0,44.216
98,3.3034,Twilight 19:00,simulation,3.0,1,-0.71982,0.032,2.76189,0.76189,-0.71982,-0.968,3.14414,0.00157,0.11217,600.0,44.22
99,3.3371,Twilight 19:00,simulation,3.0,1,-0.71593,0.03197,2.7017,0.7017,-0.71593,-0.96803,3.31198,0.04444,0.38868,625.0,44.193
100,3.3708,Twilight 19:00,simulation,3.0,1,-0.71593,0.03197,2.7017,0.7017,-0.71593,-0.96803,3.31198,0.04444,0.38868,625.0,44.193
101,3.4045,Twilight 19:00,simulation,3.0,1,-0.73867,0.02881,2.74868,0.74868,-0.73867,-0.97119,-2.81259,-0.07248,-0.4471,588.0,44.237
102,3.4382,Twilight 19:00,simulation,3.0,1,-0.74532,0.016,2.76215,0.76215,-0.74532,-0.984,3.14179,0.00074,0.10805,600.0,44.205
103,3.4719,Twilight 19:00,simulation,3.0,1,-0.75979,0.00452,2.83303,0.83303,-0.75979,-0.99548,3.24978,0.02642,0.35124,600.0,44.221
104,3.5056,Twilight 19:00,simulation,3.0,1,-0.75979,0.00452,2.83303,0.83303,-0.75979,-0.99548,3.24978,0.02642,0.35124,600.0,44.221
105,3.5393,Twilight 19:00,simulation,3.0,1,-0.74532,-0.008,2.76218,0.76218,-0.74532,-1.008,3.13871,-0.00037,0.10802,600.0,44.183
106,3.573,Twilight 19:00,simulation,3.0,1,-0.75179,-0.02262,2.79053,0.79053,-0.75179,-1.02262,2.95287,-0.0126,0.60354,588.0,44.184
107,3.6067,Twilight 19:00,simulation,3.0,1,-0.77197,-0.03734,2.86296,0.86296,-0.77197,-1.03734,3.1008,-0.00548,0.39155,576.0,44.179
108,3.6404,Twilight 19:00,simulation,3.0,1,-0.73446,-0.04795,2.7398,0.7398,-0.73446,-1.04795,3.01421,-0.02371,0.39445,625.0,44.145
109,3.6742,Twilight 19:00,simulation,3.0,1,-0.73446,-0.04795,2.7398,0.7398,-0.73446,-1.04795,3.01421,-0.02371,0.39445,625.0,44.145
110,3.7079,Twilight 19:00,simulation,3.0,1,-0.73901,-0.06063,2.74982,0.74982,-0.73901,-1.06063,2.8266,-0.07297,0.43469,588.0,44.174
111,3.7416,Twilight 19:00,simulation,3.0,1,-0.74514,-0.07198,2.76147,0.76147,-0.74514,-1.07198,3.13079,-0.00327,0.10583,600.0,44.172
112,3.7753,Twilight 19:00,simulation,3.0,1,-0.74504,-0.08797,2.76112,0.76112,-0.74504,-1.08797,3.12895,-0.00395,0.10485,600.0,44.164
113,3.809,Twilight 19:00,simulation,3.0,1,-0.74504,-0.08797,2.76112,0.76112,-0.74504,-1.08797,3.12895,-0.00395,0.10485,600.0,44.164
114,3.8427,Twilight 19:00,simulation,3.0,1,-0.72467,-0.09887,2.70336,0.70336,-0.72467,-1.09887,2.81056,-0.0647,0.32772,600.0,44.191
115,3.8764,Twilight 19:00,simulation,3.0,1,-0.72385,-0.11004,2.69993,0.69993,-0.72385,-1.11004,2.95397,-0.03995,0.30396,625.0,44.169
116,3.9101,Twilight 19:00,simulation,3.0,1,-0.7395,-0.12431,2.75135,0.75135,-0.7395,-1.12431,2.85251,-0.07379,0.40889,588.0,44.193
117,3.9438,Twilight 19:00,simulation,3.0,1,-0.73606,-0.13761,2.73956,0.73956,-0.73606,-1.13761,-2.72988,-0.0691,-0.50317,588.0,44.204
118,3.9775,Twilight 19:00,simulation,3.0,1,-0.73606,-0.13761,2.73956,0.73956,-0.73606,-1.13761,-2.72988,-0.0691,-0.50317,588.0,44.204
119,4.0112,Twilight 19:00,simulation,3.0,1,-0.7232,-0.14895,2.69732,0.69732,-0.7232,-1.14895,2.96245,-0.04044,0.28432,625.0,44.176
120,4.0449,Twilight 19:00,simulation,3.0,1,-0.7242,-0.16131,2.70142,0.70142,-0.7242,-1.16131,2.8307,-0.06496,0.30661,600.0,44.205
121,4.0787,Twilight 19:00,simulation,3.0,1,-0.7242,-0.16131,2.70142,0.70142,-0.7242,-1.16131,2.8307,-0.06496,0.30661,600.0,44.205
122,4.1124,Twilight 19:00,simulation,3.0,1,-0.72854,-0.17183,2.71248,0.71248,-0.72854,-1.17183,-2.80282,-0.04695,-0.6115,612.5,44.19
123,4.1461,Twilight 19:00,simulation,3.0,1,-0.738,-0.19105,2.74532,0.74532,-0.738,-1.19105,3.03062,-0.04615,0.37274,612.5,44.195
124,4.1798,Twilight 19:00,simulation,3.0,1,-0.7275,-0.21072,2.70872,0.70872,-0.7275,-1.21072,-2.77681,-0.04622,-0.61965,612.5,44.185
125,4.2135,Twilight 19:00,simulation,3.0,1,-0.7275,-0.21072,2.70872,0.70872,-0.7275,-1.21072,-2.77681,-0.04622,-0.61965,612.5,44.185
126,4.2472,Twilight 19:00,simulation,3.0,1,-0.73968,-0.22779,2.75162,0.75162,-0.73968,-1.22779,2.88826,-0.07472,0.36618,588.0,44.214
127,4.2809,Twilight 19:00,simulation,3.0,1,-0.72418,-0.2349,2.69664,0.69664,-0.72418,-1.2349,-2.67393,-0.04409,-0.64368,600.0,44.215
128,4.3146,Twilight 19:00,simulation,3.0,1,-0.73767,-0.25443,2.74357,0.74357,-0.73767,-1.25443,3.0487,-0.04577,0.31959,612.5,44.204
129,4.3483,Twilight 19:00,simulation,3.0,1,-0.73767,-0.25443,2.74357,0.74357,-0.73767,-1.25443,3.0487,-0.04577,0.31959,612.5,44.204
130,4.382,Twilight 19:00,simulation,3.0,1,-0.72312,-0.26247,2.69705,0.69705,-0.72312,-1.26247,2.85887,-0.06502,0.27374,600.0,44.228
131,4.4157,Twilight 19:00,simulation,3.0,1,-0.72075,-0.27286,2.68766,0.68766,-0.72075,-1.27286,2.98212,-0.04162,0.2308,625.0,44.204
132,4.4494,Twilight 19:00,simulation,3.0,1,-0.73946,-0.29135,2.75053,0.75053,-0.73946,-1.29135,2.90645,-0.07507,0.34075,588.0,44.225
133,4.4831,Twilight 19:00,simulation,3.0,1,-0.73946,-0.29135,2.75053,0.75053,-0.73946,-1.29135,2.90645,-0.07507,0.34075,588.0,44.225
134,4.5169,Twilight 19:00,simulation,3.0,1,-0.73281,-0.3026,2.72789,0.72789,-0.73281,-1.3026,-2.63772,-0.06456,-0.54109,588.0,44.236
135,4.5506,Twilight 19:00,simulation,3.0,1,-0.71995,-0.31139,2.68455,0.68455,-0.71995,-1.31139,2.98687,-0.04182,0.21677,625.0,44.205
136,4.5843,Twilight 19:00,simulation,3.0,1,-0.72231,-0.32451,2.69383,0.69383,-0.72231,-1.32451,2.87376,-0.06485,0.25481,600.0,44.241
137,4.618,Twilight 19:00,simulation,3.0,1,-0.72231,-0.32451,2.69383,0.69383,-0.72231,-1.32451,2.87376,-0.06485,0.25481,600.0,44.241
138,4.6517,Twilight 19:00,simulation,3.0,1,-0.72456,-0.33461,2.69802,0.69802,-0.72456,-1.33461,-2.69475,-0.0434,-0.63648,612.5,44.226
139,4.6854,Twilight 19:00,simulation,3.0,1,-0.73627,-0.35692,2.73788,0.73788,-0.73627,-1.35692,3.06131,-0.04682,0.26332,612.5,44.221
140,4.7191,Twilight 19:00,simulation,3.0,1,-0.73627,-0.35692,2.73788,0.73788,-0.73627,-1.35692,3.06131,-0.04682,0.26332,612.5,44.221
141,4.7528,Twilight 19:00,simulation,3.0,1,-0.72177,-0.36319,2.69168,0.69168,-0.72177,-1.36319,2.88226,-0.06467,0.24356,600.0,44.241
142,4.7865,Twilight 19:00,simulation,3.0,1,-0.72376,-0.37318,2.69508,0.69508,-0.72376,-1.37318,-2.66949,-0.04242,-0.63949,612.5,44.216
143,4.8202,Twilight 19:00,simulation,3.0,1,-0.73867,-0.39433,2.74724,0.74724,-0.73867,-1.39433,2.9307,-0.07534,0.30252,588.0,44.242
144,4.8539,Twilight 19:00,simulation,3.0,1,-0.73081,-0.40402,2.72065,0.72065,-0.73081,-1.40402,-2.57867,-0.06137,-0.55619,588.0,44.242
145,4.8876,Twilight 19:00,simulation,3.0,1,-0.73081,-0.40402,2.72065,0.72065,-0.73081,-1.40402,-2.57867,-0.06137,-0.55619,588.0,44.242
146,4.9213,Twilight 19:00,simulation,3.0,1,-0.73528,-0.41972,2.73397,0.73397,-0.73528,-1.41972,3.06518,-0.04764,0.23827,612.5,44.21
147,4.9551,Twilight 19:00,simulation,3.0,1,-0.72086,-0.42493,2.68812,0.68812,-0.72086,-1.42493,2.89475,-0.06427,0.22655,600.0,44.25
148,4.9888,Twilight 19:00,simulation,3.0,1,-0.71747,-0.43415,2.67496,0.67496,-0.71747,-1.43415,2.9997,-0.04191,0.17887,625.0,44.229
149,5.0225,Twilight 19:00,simulation,3.0,1,-0.71747,-0.43415,2.67496,0.67496,-0.71747,-1.43415,2.9997,-0.04191,0.17887,625.0,44.229
150,5.0562,Twilight 19:00,simulation,3.0,1,-0.7391,-0.46007,2.74956,0.74956,-0.7391,-1.46007,2.99613,-0.05713,0.39048,600.0,44.239
151,5.0899,Twilight 19:00,simulation,3.0,1,-0.72027,-0.46342,2.68584,0.68584,-0.72027,-1.46342,2.90193,-0.06395,0.21654,600.0,44.253
152,5.1236,Twilight 19:00,simulation,3.0,1,-0.71674,-0.47236,2.67216,0.67216,-0.71674,-1.47236,3.0032,-0.04179,0.16887,625.0,44.221
153,5.1573,Twilight 19:00,simulation,3.0,1,-0.71992,-0.48649,2.68447,0.68447,-0.71992,-1.48649,2.90603,-0.06374,0.21076,600.0,44.253
154,5.191,Twilight 19:00,simulation,3.0,1,-0.71992,-0.48649,2.68447,0.68447,-0.71992,-1.48649,2.90603,-0.06374,0.21076,600.0,44.253
155,5.2247,Twilight 19:00,simulation,3.0,1,-0.71878,-0.49618,2.67678,0.67678,-0.71878,-1.49618,-2.51843,-0.03458,-0.65531,600.0,44.242
156,5.2584,Twilight 19:00,simulation,3.0,1,-0.71878,-0.49618,2.67678,0.67678,-0.71878,-1.49618,-2.51843,-0.03458,-0.65531,600.0,44.242
157,5.2921,Twilight 19:00,simulation,3.0,1,-0.71933,-0.52488,2.68218,0.68218,-0.71933,-1.52488,2.91256,-0.06335,0.2015,600.0,44.254
158,5.3258,Twilight 19:00,simulation,3.0,1,-0.72093,-0.53463,2.68467,0.68467,-0.72093,-1.53463,-2.56535,-0.03802,-0.64395,612.5,44.222
159,5.3596,Twilight 19:00,simulation,3.0,1,-0.72093,-0.53463,2.68467,0.68467,-0.72093,-1.53463,-2.56535,-0.03802,-0.64395,612.5,44.222
160,5.3933,Twilight 19:00,simulation,3.0,1,-0.73677,-0.55973,2.7397,0.7397,-0.73677,-1.55973,2.95961,-0.07511,0.2506,588.0,44.248
161,5.427,Twilight 19:00,simulation,3.0,1,-0.72788,-0.56691,2.7099,0.7099,-0.72788,-1.56691,-2.48256,-0.05595,-0.56993,588.0,44.25
162,5.4607,Twilight 19:00,simulation,3.0,1,-0.73276,-0.58381,2.72414,0.72414,-0.73276,-1.58381,3.07154,-0.04924,0.19006,612.5,44.216
163,5.4944,Twilight 19:00,simulation,3.0,1,-0.73627,-0.59895,2.73773,0.73773,-0.73627,-1.59895,2.96516,-0.07496,0.23998,588.0,44.258
164,5.5281,Twilight 19:00,simulation,3.0,1,-0.72006,-0.59597,2.68145,0.68145,-0.72006,-1.59597,-2.52649,-0.03632,-0.64295,612.5,44.236
165,5.5618,Twilight 19:00,simulation,3.0,1,-0.72006,-0.59597,2.68145,0.68145,-0.72006,-1.59597,-2.52649,-0.03632,-0.64295,612.5,44.236
166,5.5955,Twilight 19:00,simulation,3.0,1,-0.7322,-0.62275,2.72199,0.72199,-0.7322,-1.62275,3.07276,-0.04948,0.18109,612.5,44.241
167,5.6292,Twilight 19:00,simulation,3.0,1,-0.7322,-0.62275,2.72199,0.72199,-0.7322,-1.62275,3.07276,-0.04948,0.18109,612.5,44.241
168,5.6629,Twilight 19:00,simulation,3.0,1,-0.71782,-0.62441,2.67632,0.67632,-0.71782,-1.62441,2.92791,-0.06217,0.17952,600.0,44.258
169,5.6966,Twilight 19:00,simulation,3.0,1,-0.70925,-0.6241,2.67497,0.67497,-0.70925,-1.6241,2.92693,-0.06173,0.17793,600.0,44.242
170,5.7303,Twilight 19:00,simulation,3.0,1,-0.69215,-0.62348,2.67228,0.67228,-0.69215,-1.62348,2.925,-0.06081,0.17469,600.0,44.254
171,5.764,Twilight 19:00,simulation,3.0,1,-0.69215,-0.62348,2.67228,0.67228,-0.69215,-1.62348,2.925,-0.06081,0.17469,600.0,44.254
172,5.7978,Twilight 19:00,simulation,3.0,1,-0.70451,-0.64564,2.76854,0.76854,-0.70451,-1.64564,3.01098,-0.03997,0.13233,576.0,44.266
173,5.8315,Twilight 19:00,simulation,3.0,1,-0.6783,-0.64495,2.76554,0.76554,-0.6783,-1.64495,3.00823,-0.03927,0.12931,576.0,44.27
174,5.8652,Twilight 19:00,simulation,3.0,1,-0.6783,-0.64495,2.76554,0.76554,-0.6783,-1.64495,3.00823,-0.03927,0.12931,576.0,44.27
175,5.8989,Twilight 19:00,simulation,3.0,1,-0.64112,-0.62168,2.66446,0.66446,-0.64112,-1.62168,2.91946,-0.05787,0.16461,600.0,44.26
176,5.9326,Twilight 19:00,simulation,3.0,1,-0.62419,-0.6211,2.66194,0.66194,-0.62419,-1.6211,2.91769,-0.05682,0.16112,600.0,44.253
177,5.9663,Twilight 19:00,simulation,3.0,1,-0.63477,-0.64382,2.76062,0.76062,-0.63477,-1.64382,3.00379,-0.03793,0.12386,576.0,44.278
178,6.0,Twilight 19:00,simulation,3.0,1,-0.59888,-0.62025,2.65825,0.65825,-0.59888,-1.62025,2.91512,-0.05519,0.15579,600.0,44.247
179,6.0337,Twilight 19:00,simulation,3.0,1,-0.59888,-0.62025,2.65825,0.65825,-0.59888,-1.62025,2.91512,-0.05519,0.15579,600.0,44.247
180,6.0674,Twilight 19:00,simulation,3.0,1,-0.59141,-0.64271,2.75582,0.75582,-0.59141,-1.64271,2.99952,-0.0364,0.11791,576.0,44.278
181,6.1011,Twilight 19:00,simulation,3.0,1,-0.59141,-0.64271,2.75582,0.75582,-0.59141,-1.64271,2.99952,-0.0364,0.11791,576.0,44.278
182,6.1348,Twilight 19:00,simulation,3.0,1,-0.55689,-0.61889,2.65233,0.65233,-0.55689,-1.61889,2.91106,-0.05232,0.14662,600.0,44.255
183,6.1685,Twilight 19:00,simulation,3.0,1,-0.55689,-0.61889,2.65233,0.65233,-0.55689,-1.61889,2.91106,-0.05232,0.14662,600.0,44.255
184,6.2022,Twilight 19:00,simulation,3.0,1,-0.56549,-0.64207,2.75302,0.75302,-0.56549,-1.64207,2.99706,-0.03539,0.1141,576.0,44.288
185,6.236,Twilight 19:00,simulation,3.0,1,-0.53181,-0.61811,2.64893,0.64893,-0.53181,-1.61811,2.90875,-0.05051,0.14097,600.0,44.267
186,6.2697,Twilight 19:00,simulation,3.0,1,-0.51514,-0.6176,2.64673,0.64673,-0.51514,-1.6176,2.90726,-0.04927,0.13714,600.0,44.272
187,6.3034,Twilight 19:00,simulation,3.0,1,-0.52242,-0.64103,2.7485,0.7485,-0.52242,-1.64103,2.99315,-0.03356,0.1074,576.0,44.29
188,6.3371,Twilight 19:00,simulation,3.0,1,-0.52242,-0.64103,2.7485,0.7485,-0.52242,-1.64103,2.99315,-0.03356,0.1074,576.0,44.29
189,6.3708,Twilight 19:00,simulation,3.0,1,-0.49667,-0.64043,2.7459,0.7459,-0.49667,-1.64043,2.99091,-0.03238,0.10318,576.0,44.29
190,6.4045,Twilight 19:00,simulation,3.0,1,-0.46536,-0.61616,2.64047,0.64047,-0.46536,-1.61616,2.90308,-0.04538,0.12538,600.0,44.282
191,6.4382,Twilight 19:00,simulation,3.0,1,-0.46536,-0.61616,2.64047,0.64047,-0.46536,-1.61616,2.90308,-0.04538,0.12538,600.0,44.282
192,6.4719,Twilight 19:00,simulation,3.0,1,-0.44884,-0.61571,2.6385,0.6385,-0.44884,-1.61571,2.90177,-0.04403,0.12138,600.0,44.268
193,6.5056,Twilight 19:00,simulation,3.0,1,-0.44884,-0.61571,2.6385,0.6385,-0.44884,-1.61571,2.90177,-0.04403,0.12138,600.0,44.268
194,6.5393,Twilight 19:00,simulation,3.0,1,-0.42412,-0.61505,2.63566,0.63566,-0.42412,-1.61505,2.8999,-0.04197,0.1153,600.0,44.265
195,6.573,Twilight 19:00,simulation,3.0,1,-0.42412,-0.61505,2.63566,0.63566,-0.42412,-1.61505,2.8999,-0.04197,0.1153,600.0,44.265
196,6.6067,Twilight 19:00,simulation,3.0,1,-0.4283,-0.63894,2.73939,0.73939,-0.4283,-1.63894,2.98541,-0.02892,0.09121,576.0,44.288
197,6.6404,Twilight 19:00,simulation,3.0,1,-0.41128,-0.63859,2.73787,0.73787,-0.41128,-1.63859,2.98415,-0.02799,0.08808,576.0,44.293
198,6.6742,Twilight 19:00,simulation,3.0,1,-0.38308,-0.61403,2.63124,0.63124,-0.38308,-1.61403,2.89701,-0.03841,0.10499,600.0,44.263
199,6.7079,Twilight 19:00,simulation,3.0,1,-0.38308,-0.61403,2.63124,0.63124,-0.38308,-1.61403,2.89701,-0.03841,0.10499,600.0,44.263
200,6.7416,Twilight 19:00,simulation,3.0,1,-0.35855,-0.61346,2.62877,0.62877,-0.35855,-1.61346,2.89542,-0.03621,0.09871,600.0,44.281
201,6.7753,Twilight 19:00,simulation,3.0,1,-0.35855,-0.61346,2.62877,0.62877,-0.35855,-1.61346,2.89542,-0.03621,0.09871,600.0,44.281
202,6.809,Twilight 19:00,simulation,3.0,1,-0.34223,-0.6131,2.62721,0.62721,-0.34223,-1.6131,2.89441,-0.03472,0.09448,600.0,44.275
203,6.8427,Twilight 19:00,simulation,3.0,1,-0.34342,-0.63731,2.7323,0.7323,-0.34342,-1.63731,2.97955,-0.02405,0.07502,576.0,44.298
204,6.8764,Twilight 19:00,simulation,3.0,1,-0.3178,-0.61259,2.625,0.625,-0.3178,-1.61259,2.89299,-0.03245,0.08808,600.0,44.267
205,6.9101,Twilight 19:00,simulation,3.0,1,-0.31808,-0.63688,2.73043,0.73043,-0.31808,-1.63688,2.97802,-0.02248,0.06993,576.0,44.295
206,6.9438,Twilight 19:00,simulation,3.0,1,-0.31808,-0.63688,2.73043,0.73043,-0.31808,-1.63688,2.97802,-0.02248,0.06993,576.0,44.295
207,6.9775,Twilight 19:00,simulation,3.0,1,-0.3012,-0.63661,2.72925,0.72925,-0.3012,-1.63661,2.97706,-0.02141,0.06649,576.0,44.291
208,7.0112,Twilight 19:00,simulation,3.0,1,-0.27722,-0.61182,2.62164,0.62164,-0.27722,-1.61182,2.89084,-0.02858,0.07728,600.0,44.266
209,7.0449,Twilight 19:00,simulation,3.0,1,-0.27593,-0.63622,2.72759,0.72759,-0.27593,-1.63622,2.97572,-0.01977,0.06125,576.0,44.302
210,7.0787,Twilight 19:00,simulation,3.0,1,-0.27593,-0.63622,2.72759,0.72759,-0.27593,-1.63622,2.97572,-0.01977,0.06125,576.0,44.302
211,7.1124,Twilight 19:00,simulation,3.0,1,-0.23678,-0.61115,2.61872,0.61872,-0.23678,-1.61115,2.88899,-0.02461,0.06634,600.0,44.288
212,7.1461,Twilight 19:00,simulation,3.0,1,-0.23678,-0.61115,2.61872,0.61872,-0.23678,-1.61115,2.88899,-0.02461,0.06634,600.0,44.288
213,7.1798,Twilight 19:00,simulation,3.0,1,-0.23391,-0.63566,2.72511,0.72511,-0.23391,-1.63566,2.97373,-0.01696,0.05235,576.0,44.301
214,7.2135,Twilight 19:00,simulation,3.0,1,-0.21257,-0.61079,2.61718,0.61718,-0.21257,-1.61079,2.88802,-0.02219,0.05971,600.0,44.267
215,7.2472,Twilight 19:00,simulation,3.0,1,-0.20875,-0.63536,2.72381,0.72381,-0.20875,-1.63536,2.97269,-0.01523,0.04691,576.0,44.3
216,7.2809,Twilight 19:00,simulation,3.0,1,-0.18841,-0.61047,2.6158,0.6158,-0.18841,-1.61047,2.88715,-0.01975,0.05305,600.0,44.286
217,7.3146,Twilight 19:00,simulation,3.0,1,-0.17232,-0.61028,2.61496,0.61496,-0.17232,-1.61028,2.88663,-0.0181,0.04859,600.0,44.274
218,7.3483,Twilight 19:00,simulation,3.0,1,-0.16689,-0.63493,2.72195,0.72195,-0.16689,-1.63493,2.97122,-0.01228,0.03773,576.0,44.301
219,7.382,Twilight 19:00,simulation,3.0,1,-0.16689,-0.63493,2.72195,0.72195,-0.16689,-1.63493,2.97122,-0.01228,0.03773,576.0,44.301
220,7.4157,Twilight 19:00,simulation,3.0,1,-0.14821,-0.61003,2.61385,0.61385,-0.14821,-1.61003,2.88593,-0.01562,0.04187,600.0,44.268
221,7.4494,Twilight 19:00,simulation,3.0,1,-0.13648,-0.62096,2.66127,0.66127,-0.13648,-1.62096,2.91665,-0.03543,0.09943,588.0,44.292
222,7.4831,Twilight 19:00,simulation,3.0,1,-0.13648,-0.62096,2.66127,0.66127,-0.13648,-1.62096,2.91665,-0.03543,0.09943,588.0,44.292
223,7.5169,Twilight 19:00,simulation,3.0,1,-0.1251,-0.6346,2.7205,0.7205,-0.1251,-1.6346,2.97006,-0.00927,0.02841,576.0,44.296
224,7.5506,Twilight 19:00,simulation,3.0,1,-0.1251,-0.6346,2.7205,0.7205,-0.1251,-1.6346,2.97006,-0.00927,0.02841,576.0,44.296
225,7.5843,Twilight 19:00,simulation,3.0,1,-0.10005,-0.63444,2.71982,0.71982,-0.10005,-1.63444,2.96953,-0.00744,0.02277,576.0,44.306
226,7.618,Twilight 19:00,simulation,3.0,1,-0.10005,-0.63444,2.71982,0.71982,-0.10005,-1.63444,2.96953,-0.00744,0.02277,576.0,44.306
227,7.6517,Twilight 19:00,simulation,3.0,1,-0.06803,-0.60945,2.61135,0.61135,-0.06803,-1.60945,2.88437,-0.00722,0.0193,600.0,44.287
228,7.6854,Twilight 19:00,simulation,3.0,1,-0.06803,-0.60945,2.61135,0.61135,-0.06803,-1.60945,2.88437,-0.00722,0.0193,600.0,44.287
229,7.7191,Twilight 19:00,simulation,3.0,1,-0.05835,-0.63426,2.71903,0.71903,-0.05835,-1.63426,2.9689,-0.00435,0.01331,576.0,44.305
230,7.7528,Twilight 19:00,simulation,3.0,1,-0.05835,-0.63426,2.71903,0.71903,-0.05835,-1.63426,2.9689,-0.00435,0.01331,576.0,44.305
231,7.7865,Twilight 19:00,simulation,3.0,1,-0.03334,-0.63419,2.71875,0.71875,-0.03334,-1.63419,2.96868,-0.00249,0.00761,576.0,44.299
232,7.8202,Twilight 19:00,simulation,3.0,1,-0.03334,-0.63419,2.71875,0.71875,-0.03334,-1.63419,2.96868,-0.00249,0.00761,576.0,44.299
233,7.8539,Twilight 19:00,simulation,3.0,1,-0.02,-0.60931,2.61073,0.61073,-0.02,-1.60931,2.88399,-0.00213,0.00568,600.0,44.289
234,7.8876,Twilight 19:00,simulation,3.0,1,-0.004,-0.6093,2.61068,0.61068,-0.004,-1.6093,2.88395,-0.00043,0.00114,600.0,44.272
235,7.9213,Twilight 19:00,simulation,3.0,1,0.00833,-0.63416,2.71862,0.71862,0.00833,-1.63416,2.96858,0.00062,-0.0019,576.0,44.302
236,7.9551,Twilight 19:00,simulation,3.0,1,0.02,-0.60931,2.61073,0.61073,0.02,-1.60931,2.88399,0.00213,-0.00568,600.0,44.275
237,7.9888,Twilight 19:00,simulation,3.0,1,0.03601,-0.60934,2.61086,0.61086,0.03601,-1.60934,2.88407,0.00383,-0.01022,600.0,44.291
238,8.0225,Twilight 19:00,simulation,3.0,1,0.03601,-0.60934,2.61086,0.61086,0.03601,-1.60934,2.88407,0.00383,-0.01022,600.0,44.291
239,8.0562,Twilight 19:00,simulation,3.0,1,0.05001,-0.63423,2.71892,0.71892,0.05001,-1.63423,2.96882,0.00373,-0.01141,576.0,44.296
240,8.0899,Twilight 19:00,simulation,3.0,1,0.06002,-0.60942,2.6112,0.6112,0.06002,-1.60942,2.88428,0.00637,-0.01703,600.0,44.268
241,8.1236,Twilight 19:00,simulation,3.0,1,0.07502,-0.63432,2.7193,0.7193,0.07502,-1.63432,2.96911,0.00559,-0.0171,576.0,44.304
242,8.1573,Twilight 19:00,simulation,3.0,1,0.08405,-0.60953,2.6117,0.6117,0.08405,-1.60953,2.88459,0.00891,-0.02383,600.0,44.287
243,8.191,Twilight 19:00,simulation,3.0,1,0.08405,-0.60953,2.6117,0.6117,0.08405,-1.60953,2.88459,0.00891,-0.02383,600.0,44.287
244,8.2247,Twilight 19:00,simulation,3.0,1,0.10007,-0.60963,2.61213,0.61213,0.10007,-1.60963,2.88486,0.0106,-0.02835,600.0,44.281
245,8.2584,Twilight 19:00,simulation,3.0,1,0.11675,-0.63454,2.72026,0.72026,0.11675,-1.63454,2.96987,0.00866,-0.02654,576.0,44.305
246,8.2921,Twilight 19:00,simulation,3.0,1,0.12413,-0.60981,2.61291,0.61291,0.12413,-1.60981,2.88534,0.01312,-0.03512,600.0,44.269
247,8.3258,Twilight 19:00,simulation,3.0,1,0.1418,-0.63472,2.72103,0.72103,0.1418,-1.63472,2.97049,0.01048,-0.03215,576.0,44.297
248,8.3596,Twilight 19:00,simulation,3.0,1,0.1418,-0.63472,2.72103,0.72103,0.1418,-1.63472,2.97049,0.01048,-0.03215,576.0,44.297
249,8.3933,Twilight 19:00,simulation,3.0,1,0.15852,-0.63486,2.72163,0.72163,0.15852,-1.63486,2.97096,0.01169,-0.03587,576.0,44.293
250,8.427,Twilight 19:00,simulation,3.0,1,0.15852,-0.63486,2.72163,0.72163,0.15852,-1.63486,2.97096,0.01169,-0.03587,576.0,44.293
251,8.4607,Twilight 19:00,simulation,3.0,1,0.16428,-0.61019,2.61458,0.61458,0.16428,-1.61019,2.88639,0.01728,-0.04635,600.0,44.268
252,8.4944,Twilight 19:00,simulation,3.0,1,0.18362,-0.63509,2.72265,0.72265,0.18362,-1.63509,2.97177,0.01347,-0.04142,576.0,44.302
253,8.5281,Twilight 19:00,simulation,3.0,1,0.18841,-0.61047,2.6158,0.6158,0.18841,-1.61047,2.88715,0.01975,-0.05305,600.0,44.273
254,8.5618,Twilight 19:00,simulation,3.0,1,0.20451,-0.61068,2.6167,0.6167,0.20451,-1.61068,2.88772,0.02138,-0.0575,600.0,44.285
255,8.5955,Twilight 19:00,simulation,3.0,1,0.22552,-0.63555,2.72466,0.72466,0.22552,-1.63555,2.97337,0.01639,-0.05054,576.0,44.299
256,8.6292,Twilight 19:00,simulation,3.0,1,0.22552,-0.63555,2.72466,0.72466,0.22552,-1.63555,2.97337,0.01639,-0.05054,576.0,44.299
257,8.6629,Twilight 19:00,simulation,3.0,1,0.25071,-0.63587,2.72606,0.72606,0.25071,-1.63587,2.97449,0.0181,-0.05593,576.0,44.3
258,8.6966,Twilight 19:00,simulation,3.0,1,0.25071,-0.63587,2.72606,0.72606,0.25071,-1.63587,2.97449,0.0181,-0.05593,576.0,44.3
259,8.7303,Twilight 19:00,simulation,3.0,1,0.26912,-0.61168,2.62102,0.62102,0.26912,-1.61168,2.89045,0.02779,-0.0751,600.0,44.274
260,8.764,Twilight 19:00,simulation,3.0,1,0.26912,-0.61168,2.62102,0.62102,0.26912,-1.61168,2.89045,0.02779,-0.0751,600.0,44.274
261,8.7978,Twilight 19:00,simulation,3.0,1,0.29278,-0.63648,2.72868,0.72868,0.29278,-1.63648,2.9766,0.02087,-0.06475,576.0,44.3
262,8.8315,Twilight 19:00,simulation,3.0,1,0.29343,-0.61212,2.62293,0.62293,0.29343,-1.61212,2.89167,0.03014,-0.08162,600.0,44.268
263,8.8652,Twilight 19:00,simulation,3.0,1,0.29343,-0.61212,2.62293,0.62293,0.29343,-1.61212,2.89167,0.03014,-0.08162,600.0,44.268
264,8.8989,Twilight 19:00,simulation,3.0,1,0.31808,-0.63688,2.73043,0.73043,0.31808,-1.63688,2.97802,0.02248,-0.06993,576.0,44.291
265,8.9326,Twilight 19:00,simulation,3.0,1,0.31808,-0.63688,2.73043,0.73043,0.31808,-1.63688,2.97802,0.02248,-0.06993,576.0,44.291
266,8.9663,Twilight 19:00,simulation,3.0,1,0.33408,-0.61293,2.62646,0.62646,0.33408,-1.61293,2.89392,0.03397,-0.09235,600.0,44.265
267,9.0,Twilight 19:00,simulation,3.0,1,0.36035,-0.63761,2.73361,0.73361,0.36035,-1.63761,2.98063,0.02507,-0.07836,576.0,44.296
268,9.0337,Twilight 19:00,simulation,3.0,1,0.36035,-0.63761,2.73361,0.73361,0.36035,-1.63761,2.98063,0.02507,-0.07836,576.0,44.296
269,9.0674,Twilight 19:00,simulation,3.0,1,0.35855,-0.61346,2.62877,0.62877,0.35855,-1.61346,2.89542,0.03621,-0.09871,600.0,44.275
270,9.1011,Twilight 19:00,simulation,3.0,1,0.37489,-0.61384,2.6304,0.6304,0.37489,-1.61384,2.89647,0.03768,-0.1029,600.0,44.279
271,9.1348,Twilight 19:00,simulation,3.0,1,0.40277,-0.63842,2.73713,0.73713,0.40277,-1.63842,2.98353,0.02752,-0.08649,576.0,44.295
272,9.1685,Twilight 19:00,simulation,3.0,1,0.39947,-0.61443,2.63296,0.63296,0.39947,-1.61443,2.89814,0.03985,-0.10914,600.0,44.259
273,9.2022,Twilight 19:00,simulation,3.0,1,0.39947,-0.61443,2.63296,0.63296,0.39947,-1.61443,2.89814,0.03985,-0.10914,600.0,44.259
274,9.236,Twilight 19:00,simulation,3.0,1,0.4283,-0.63894,2.73939,0.73939,0.4283,-1.63894,2.98541,0.02892,-0.09121,576.0,44.293
275,9.2697,Twilight 19:00,simulation,3.0,1,0.44535,-0.6393,2.74095,0.74095,0.44535,-1.6393,2.98672,0.02982,-0.09429,576.0,44.287
276,9.3034,Twilight 19:00,simulation,3.0,1,0.44535,-0.6393,2.74095,0.74095,0.44535,-1.6393,2.98672,0.02982,-0.09429,576.0,44.287
277,9.3371,Twilight 19:00,simulation,3.0,1,0.44059,-0.61548,2.63754,0.63754,0.44059,-1.61548,2.90114,0.04335,-0.11936,600.0,44.264
278,9.3708,Twilight 19:00,simulation,3.0,1,0.47098,-0.63985,2.74338,0.74338,0.47098,-1.63985,2.98877,0.03113,-0.0988,576.0,44.295
279,9.4045,Twilight 19:00,simulation,3.0,1,0.46536,-0.61616,2.64047,0.64047,0.46536,-1.61616,2.90308,0.04538,-0.12538,600.0,44.266
280,9.4382,Twilight 19:00,simulation,3.0,1,0.48192,-0.61663,2.6425,0.6425,0.48192,-1.61663,2.90443,0.0467,-0.12935,600.0,44.281
281,9.4719,Twilight 19:00,simulation,3.0,1,0.51383,-0.64083,2.74762,0.74762,0.51383,-1.64083,2.99239,0.03317,-0.10601,576.0,44.286
282,9.5056,Twilight 19:00,simulation,3.0,1,0.51383,-0.64083,2.74762,0.74762,0.51383,-1.64083,2.99239,0.03317,-0.10601,576.0,44.286
283,9.5393,Twilight 19:00,simulation,3.0,1,0.50682,-0.61735,2.64565,0.64565,0.50682,-1.61735,2.90654,0.04864,-0.13521,600.0,44.251
284,9.573,Twilight 19:00,simulation,3.0,1,0.53963,-0.64144,2.75029,0.75029,0.53963,-1.64144,2.99469,0.03431,-0.11014,576.0,44.287
285,9.6067,Twilight 19:00,simulation,3.0,1,0.53181,-0.61811,2.64893,0.64893,0.53181,-1.61811,2.90875,0.05051,-0.14097,600.0,44.272
286,9.6404,Twilight 19:00,simulation,3.0,1,0.54852,-0.61863,2.65118,0.65118,0.54852,-1.61863,2.91027,0.05172,-0.14475,600.0,44.265
287,9.6742,Twilight 19:00,simulation,3.0,1,0.54852,-0.61863,2.65118,0.65118,0.54852,-1.61863,2.91027,0.05172,-0.14475,600.0,44.265
288,9.7079,Twilight 19:00,simulation,3.0,1,0.57365,-0.61943,2.65466,0.65466,0.57365,-1.61943,2.91265,0.05349,-0.15033,600.0,44.248
289,9.7416,Twilight 19:00,simulation,3.0,1,0.57365,-0.61943,2.65466,0.65466,0.57365,-1.61943,2.91265,0.05349,-0.15033,600.0,44.248
290,9.7753,Twilight 19:00,simulation,3.0,1,0.60873,-0.64315,2.75772,0.75772,0.60873,-1.64315,3.0012,0.03704,-0.12035,576.0,44.277
291,9.809,Twilight 19:00,simulation,3.0,1,0.60873,-0.64315,2.75772,0.75772,0.60873,-1.64315,3.0012,0.03704,-0.12035,576.0,44.277
292,9.8427,Twilight 19:00,simulation,3.0,1,0.61574,-0.62082,2.6607,0.6607,0.61574,-1.62082,2.91682,0.05629,-0.15936,600.0,44.245
293,9.8764,Twilight 19:00,simulation,3.0,1,0.61574,-0.62082,2.6607,0.6607,0.61574,-1.62082,2.91682,0.05629,-0.15936,600.0,44.245
294,9.9101,Twilight 19:00,simulation,3.0,1,0.65216,-0.64427,2.76258,0.76258,0.65216,-1.64427,3.00554,0.03849,-0.1261,576.0,44.275
295,9.9438,Twilight 19:00,simulation,3.0,1,0.64112,-0.62168,2.66446,0.66446,0.64112,-1.62168,2.91946,0.05787,-0.16461,600.0,44.248
296,9.9775,Twilight 19:00,simulation,3.0,1,0.65809,-0.62227,2.66703,0.66703,0.65809,-1.62227,2.92127,0.05888,-0.16803,600.0,44.255
297,10.0112,Twilight 19:00,simulation,3.0,1,0.65809,-0.62227,2.66703,0.66703,0.65809,-1.62227,2.92127,0.05888,-0.16803,600.0,44.255
298,10.0449,Twilight 19:00,simulation,3.0,1,0.69576,-0.64541,2.76754,0.76754,0.69576,-1.64541,3.01006,0.03974,-0.13134,576.0,44.264
299,10.0787,Twilight 19:00,simulation,3.0,1,0.68362,-0.62318,2.67095,0.67095,0.68362,-1.62318,2.92405,0.06034,-0.17305,600.0,44.233
300,10.1124,Twilight 19:00,simulation,3.0,1,0.68362,-0.62318,2.67095,0.67095,0.68362,-1.62318,2.92405,0.06034,-0.17305,600.0,44.233
301,10.1461,Twilight 19:00,simulation,3.0,1,0.70925,-0.6241,2.67497,0.67497,0.70925,-1.6241,2.92693,0.06173,-0.17793,600.0,44.248
302,10.1798,Twilight 19:00,simulation,3.0,1,0.70925,-0.6241,2.67497,0.67497,0.70925,-1.6241,2.92693,0.06173,-0.17793,600.0,44.248
303,10.2135,Twilight 19:00,simulation,3.0,1,0.76588,-0.64726,2.7756,0.7756,0.76588,-1.64726,3.01756,0.04135,-0.13861,576.0,44.256
304,10.2472,Twilight 19:00,simulation,3.0,1,0.76588,-0.64726,2.7756,0.7756,0.76588,-1.64726,3.01756,0.04135,-0.13861,576.0,44.256
305,10.2809,Twilight 19:00,simulation,3.0,1,0.75218,-0.62568,2.68183,0.68183,0.75218,-1.62568,2.93193,0.06386,-0.18571,600.0,44.226
306,10.3146,Twilight 19:00,simulation,3.0,1,0.79229,-0.64795,2.77864,0.77864,0.79229,-1.64795,3.02045,0.04182,-0.14097,576.0,44.242
307,10.3483,Twilight 19:00,simulation,3.0,1,0.80992,-0.64842,2.78066,0.78066,0.80992,-1.64842,3.02238,0.04209,-0.14243,576.0,44.243
308,10.382,Twilight 19:00,simulation,3.0,1,0.79538,-0.6273,2.68888,0.68888,0.79538,-1.6273,2.93715,0.06576,-0.19304,600.0,44.214
309,10.4157,Twilight 19:00,simulation,3.0,1,0.83641,-0.64911,2.78368,0.78368,0.83641,-1.64911,3.0253,0.04245,-0.14445,576.0,44.239
310,10.4494,Twilight 19:00,simulation,3.0,1,0.83641,-0.64911,2.78368,0.78368,0.83641,-1.64911,3.0253,0.04245,-0.14445,576.0,44.239
311,10.4831,Twilight 19:00,simulation,3.0,1,0.83885,-0.62896,2.69609,0.69609,0.83885,-1.62896,2.9426,0.06743,-0.19989,600.0,44.215
312,10.5169,Twilight 19:00,simulation,3.0,1,0.83885,-0.62896,2.69609,0.69609,0.83885,-1.62896,2.9426,0.06743,-0.19989,600.0,44.215
313,10.5506,Twilight 19:00,simulation,3.0,1,0.88067,-0.65025,2.78865,0.78865,0.88067,-1.65025,3.03019,0.0429,-0.14736,576.0,44.227
314,10.5843,Twilight 19:00,simulation,3.0,1,0.88067,-0.65025,2.78865,0.78865,0.88067,-1.65025,3.03019,0.0429,-0.14736,576.0,44.227
315,10.618,Twilight 19:00,simulation,3.0,1,0.90728,-0.65093,2.7916,0.7916,0.90728,-1.65093,3.03312,0.04309,-0.14885,576.0,44.219
316,10.6517,Twilight 19:00,simulation,3.0,1,0.90728,-0.65093,2.7916,0.7916,0.90728,-1.65093,3.03312,0.04309,-0.14885,576.0,44.219
317,10.6854,Twilight 19:00,simulation,3.0,1,0.92505,-0.65137,2.79353,0.79353,0.92505,-1.65137,3.03507,0.04318,-0.14972,576.0,44.211
318,10.7191,Twilight 19:00,simulation,3.0,1,0.90893,-0.63167,2.70784,0.70784,0.90893,-1.63167,2.95171,0.06962,-0.20978,600.0,44.193
319,10.7528,Twilight 19:00,simulation,3.0,1,0.95173,-0.65203,2.7964,0.7964,0.95173,-1.65203,3.03799,0.04326,-0.15088,576.0,44.214
320,10.7865,Twilight 19:00,simulation,3.0,1,0.95173,-0.65203,2.7964,0.7964,0.95173,-1.65203,3.03799,0.04326,-0.15088,576.0,44.214
321,10.8202,Twilight 19:00,simulation,3.0,1,0.95306,-0.63338,2.71527,0.71527,0.95306,-1.63338,2.95762,0.07068,-0.21525,600.0,44.198
322,10.8539,Twilight 19:00,simulation,3.0,1,0.95306,-0.63338,2.71527,0.71527,0.95306,-1.63338,2.95762,0.07068,-0.21525,600.0,44.198
323,10.8876,Twilight 19:00,simulation,3.0,1,0.99627,-0.6531,2.80106,0.80106,0.99627,-1.6531,3.0428,0.04329,-0.15238,576.0,44.201
324,10.9213,Twilight 19:00,simulation,3.0,1,0.97964,-0.6344,2.71973,0.71973,0.97964,-1.6344,2.96124,0.07121,-0.21826,600.0,44.172
325,10.9551,Twilight 19:00,simulation,3.0,1,1.02303,-0.65372,2.80377,0.80377,1.02303,-1.65372,3.04564,0.04323,-0.15304,576.0,44.194
326,10.9888,Twilight 19:00,simulation,3.0,1,1.00631,-0.63543,2.72419,0.72419,1.00631,-1.63543,2.9649,0.07165,-0.22106,600.0,44.176
327,11.0225,Twilight 19:00,simulation,3.0,1,1.00631,-0.63543,2.72419,0.72419,1.00631,-1.63543,2.9649,0.07165,-0.22106,600.0,44.176
328,11.0562,Twilight 19:00,simulation,3.0,1,1.02413,-0.63611,2.72716,0.72716,1.02413,-1.63611,2.96736,0.07189,-0.22281,600.0,44.169
329,11.0899,Twilight 19:00,simulation,3.0,1,1.06769,-0.65473,2.80815,0.80815,1.06769,-1.65473,3.05029,0.04304,-0.15376,576.0,44.181
330,11.1236,Twilight 19:00,simulation,3.0,1,1.06769,-0.65473,2.80815,0.80815,1.06769,-1.65473,3.05029,0.04304,-0.15376,576.0,44.181
331,11.1573,Twilight 19:00,simulation,3.0,1,1.09452,-0.6553,2.81067,0.81067,1.09452,-1.6553,3.05302,0.04287,-0.15398,576.0,44.169
332,11.191,Twilight 19:00,simulation,3.0,1,1.11241,-0.65568,2.81231,0.81231,1.11241,-1.65568,3.0548,0.04274,-0.15404,576.0,44.163
333,11.2247,Twilight 19:00,simulation,3.0,1,1.11241,-0.65568,2.81231,0.81231,1.11241,-1.65568,3.0548,0.04274,-0.15404,576.0,44.163
334,11.2584,Twilight 19:00,simulation,3.0,1,1.09574,-0.63881,2.73889,0.73889,1.09574,-1.63881,2.97732,0.07252,-0.22884,600.0,44.144
335,11.2921,Twilight 19:00,simulation,3.0,1,1.09574,-0.63881,2.73889,0.73889,1.09574,-1.63881,2.97732,0.07252,-0.22884,600.0,44.144
336,11.3258,Twilight 19:00,simulation,3.0,1,1.13926,-0.65623,2.81471,0.81471,1.13926,-1.65623,3.05744,0.04251,-0.154,576.0,44.165
337,11.3596,Twilight 19:00,simulation,3.0,1,1.13926,-0.65623,2.81471,0.81471,1.13926,-1.65623,3.05744,0.04251,-0.154,576.0,44.165
338,11.3933,Twilight 19:00,simulation,3.0,1,1.14072,-0.64046,2.74607,0.74607,1.14072,-1.64046,2.9836,0.07263,-0.23182,600.0,44.145
339,11.427,Twilight 19:00,simulation,3.0,1,1.18404,-0.65711,2.81853,0.81853,1.18404,-1.65711,3.0617,0.04205,-0.15365,576.0,44.151
340,11.4607,Twilight 19:00,simulation,3.0,1,1.18404,-0.65711,2.81853,0.81853,1.18404,-1.65711,3.0617,0.04205,-0.15365,576.0,44.151
341,11.4944,Twilight 19:00,simulation,3.0,1,1.16778,-0.64143,2.7503,0.7503,1.16778,-1.64143,2.98737,0.0726,-0.23332,600.0,44.124
342,11.5281,Twilight 19:00,simulation,3.0,1,1.21091,-0.65761,2.82072,0.82072,1.21091,-1.65761,3.06417,0.04175,-0.15327,576.0,44.14
343,11.5618,Twilight 19:00,simulation,3.0,1,1.1949,-0.64239,2.75446,0.75446,1.1949,-1.64239,2.99113,0.0725,-0.23461,600.0,44.125
344,11.5955,Twilight 19:00,simulation,3.0,1,1.213,-0.64302,2.7572,0.7572,1.213,-1.64302,2.99363,0.0724,-0.23534,600.0,44.112
345,11.6292,Twilight 19:00,simulation,3.0,1,1.25571,-0.6584,2.82418,0.82418,1.25571,-1.6584,3.06814,0.04118,-0.1524,576.0,44.128
346,11.6629,Twilight 19:00,simulation,3.0,1,1.25571,-0.6584,2.82418,0.82418,1.25571,-1.6584,3.06814,0.04118,-0.1524,576.0,44.128
347,11.6966,Twilight 19:00,simulation,3.0,1,1.24018,-0.64395,2.76123,0.76123,1.24018,-1.64395,2.99736,0.07219,-0.23627,600.0,44.102
348,11.7303,Twilight 19:00,simulation,3.0,1,1.25832,-0.64455,2.76387,0.76387,1.25832,-1.64455,2.99983,0.07202,-0.23678,600.0,44.115
349,11.764,Twilight 19:00,simulation,3.0,1,1.25832,-0.64455,2.76387,0.76387,1.25832,-1.64455,2.99983,0.07202,-0.23678,600.0,44.115
350,11.7978,Twilight 19:00,simulation,3.0,1,1.30052,-0.65914,2.82742,0.82742,1.30052,-1.65914,3.07191,0.04057,-0.15126,576.0,44.11
351,11.8315,Twilight 19:00,simulation,3.0,1,1.28556,-0.64545,2.76776,0.76776,1.28556,-1.64545,3.00352,0.07171,-0.23737,600.0,44.088
352,11.8652,Twilight 19:00,simulation,3.0,1,1.32741,-0.65957,2.82927,0.82927,1.32741,-1.65957,3.07408,0.04018,-0.15046,576.0,44.105
353,11.8989,Twilight 19:00,simulation,3.0,1,1.31283,-0.64632,2.77156,0.77156,1.31283,-1.64632,3.00716,0.07135,-0.23777,600.0,44.087
354,11.9326,Twilight 19:00,simulation,3.0,1,1.33102,-0.64689,2.77403,0.77403,1.33102,-1.64689,3.00956,0.07108,-0.23792,600.0,44.084
355,11.9663,Twilight 19:00,simulation,3.0,1,1.37221,-0.66023,2.83217,0.83217,1.37221,-1.66023,3.07754,0.03951,-0.14897,576.0,44.088
356,12.0,Twilight 19:00,simulation,3.0,1,1.35832,-0.64772,2.77766,0.77766,1.35832,-1.64772,3.01312,0.07064,-0.238,600.0,44.064
357,12.0337,Twilight 19:00,simulation,3.0,1,1.35832,-0.64772,2.77766,0.77766,1.35832,-1.64772,3.01312,0.07064,-0.238,600.0,44.064
358,12.0674,Twilight 19:00,simulation,3.0,1,1.39909,-0.66061,2.83381,0.83381,1.39909,-1.66061,3.07953,0.0391,-0.148,576.0,44.076
359,12.1011,Twilight 19:00,simulation,3.0,1,1.39909,-0.66061,2.83381,0.83381,1.39909,-1.66061,3.07953,0.0391,-0.148,576.0,44.076
360,12.1348,Twilight 19:00,simulation,3.0,1,1.40385,-0.64905,2.78347,0.78347,1.40385,-1.64905,3.01893,0.06981,-0.23775,600.0,44.051
361,12.1685,Twilight 19:00,simulation,3.0,1,1.40385,-0.64905,2.78347,0.78347,1.40385,-1.64905,3.01893,0.06981,-0.23775,600.0,44.051
362,12.2022,Twilight 19:00,simulation,3.0,1,1.44387,-0.6612,2.8364,0.8364,1.44387,-1.6612,3.08268,0.0384,-0.14626,576.0,44.061
363,12.236,Twilight 19:00,simulation,3.0,1,1.43118,-0.64982,2.78681,0.78681,1.43118,-1.64982,3.02233,0.06927,-0.23738,600.0,44.036
364,12.2697,Twilight 19:00,simulation,3.0,1,1.44941,-0.65032,2.78897,0.78897,1.44941,-1.65032,3.02456,0.06889,-0.23705,600.0,44.046
365,12.3034,Twilight 19:00,simulation,3.0,1,1.44941,-0.65032,2.78897,0.78897,1.44941,-1.65032,3.02456,0.06889,-0.23705,600.0,44.046
366,12.3371,Twilight 19:00,simulation,3.0,1,1.48863,-0.66175,2.8388,0.8388,1.48863,-1.66175,3.08565,0.03768,-0.1444,576.0,44.041
367,12.3708,Twilight 19:00,simulation,3.0,1,1.43632,-0.63803,2.75471,0.75471,1.43632,-1.63803,3.12836,0.01019,-0.04271,600.0,44.029
368,12.4045,Twilight 19:00,simulation,3.0,1,1.47107,-0.65347,2.83852,0.83852,1.47107,-1.65347,3.08471,0.03775,-0.14604,576.0,44.042
369,12.4382,Twilight 19:00,simulation,3.0,1,1.4535,-0.64519,2.83823,0.83823,1.4535,-1.64519,3.08374,0.03783,-0.14772,576.0,44.034
370,12.4719,Twilight 19:00,simulation,3.0,1,1.4792,-0.65663,2.90629,0.90629,1.4792,-1.65663,3.0176,0.07042,-0.24573,552.0,44.056
371,12.5056,Twilight 19:00,simulation,3.0,1,1.4792,-0.65663,2.90629,0.90629,1.4792,-1.65663,3.0176,0.07042,-0.24573,552.0,44.056
372,12.5393,Twilight 19:00,simulation,3.0,1,1.44825,-0.64406,2.87044,0.87044,1.44825,-1.64406,3.12937,0.00914,-0.0396,552.0,44.052
373,12.573,Twilight 19:00,simulation,3.0,1,1.48456,-0.66021,2.9609,0.9609,1.48456,-1.66021,3.08184,0.03805,-0.15062,529.0,44.068
374,12.6067,Twilight 19:00,simulation,3.0,1,1.48456,-0.66021,2.9609,0.9609,1.48456,-1.66021,3.08184,0.03805,-0.15062,529.0,44.068
375,12.6404,Twilight 19:00,simulation,3.0,1,1.41302,-0.62743,2.87042,0.87042,1.41302,-1.62743,3.12904,0.00914,-0.0406,552.0,44.076
376,12.6742,Twilight 19:00,simulation,3.0,1,1.41302,-0.62743,2.87042,0.87042,1.41302,-1.62743,3.12904,0.00914,-0.0406,552.0,44.076
377,12.7079,Twilight 19:00,simulation,3.0,1,1.44787,-0.64291,2.96017,0.96017,1.44787,-1.64291,3.07966,0.03821,-0.1542,529.0,44.055
378,12.7416,Twilight 19:00,simulation,3.0,1,1.43887,-0.63438,2.96035,0.96035,1.43887,-1.63438,3.0792,0.03815,-0.15564,529.0,44.077
379,12.7753,Twilight 19:00,simulation,3.0,1,1.43887,-0.63438,2.96035,0.96035,1.43887,-1.63438,3.0792,0.03815,-0.15564,529.0,44.077
380,12.809,Twilight 19:00,simulation,3.0,1,1.48983,-0.65862,3.09443,1.09443,1.48983,-1.65862,3.0782,0.0383,-0.1569,484.0,44.096
381,12.8427,Twilight 19:00,simulation,3.0,1,1.43369,-0.63328,2.99639,0.99639,1.43369,-1.63328,3.13041,0.00796,-0.03666,506.0,44.09
382,12.8764,Twilight 19:00,simulation,3.0,1,1.47064,-0.64958,3.094,1.094,1.47064,-1.64958,3.07699,0.0384,-0.1588,484.0,44.085
383,12.9101,Twilight 19:00,simulation,3.0,1,1.47064,-0.64958,3.094,1.094,1.47064,-1.64958,3.07699,0.0384,-0.1588,484.0,44.085
384,12.9438,Twilight 19:00,simulation,3.0,1,1.46583,-0.64871,3.13383,1.13383,1.46583,-1.64871,3.13201,0.00671,-0.03166,462.0,44.1
385,12.9775,Twilight 19:00,simulation,3.0,1,1.46583,-0.64871,3.13383,1.13383,1.46583,-1.64871,3.13201,0.00671,-0.03166,462.0,44.1
386,13.0112,Twilight 19:00,simulation,3.0,1,1.50542,-0.66621,3.2403,1.2403,1.50542,-1.66621,3.07461,0.03866,-0.16205,441.0,44.112
387,13.0449,Twilight 19:00,simulation,3.0,1,1.49555,-0.65686,3.24047,1.24047,1.49555,-1.65686,3.07406,0.0386,-0.16364,441.0,44.108
388,13.0787,Twilight 19:00,simulation,3.0,1,1.4853,-0.65673,3.23978,1.23978,1.4853,-1.65673,3.07326,0.03876,-0.16404,441.0,44.107
389,13.1124,Twilight 19:00,simulation,3.0,1,1.4853,-0.65673,3.23978,1.23978,1.4853,-1.65673,3.07326,0.03876,-0.16404,441.0,44.107
390,13.1461,Twilight 19:00,simulation,3.0,1,1.47543,-0.64738,3.23994,1.23994,1.47543,-1.64738,3.07267,0.0387,-0.16566,441.0,44.112
391,13.1798,Twilight 19:00,simulation,3.0,1,1.48089,-0.65611,3.28446,1.28446,1.48089,-1.65611,3.13374,0.00535,-0.02622,420.0,44.113
392,13.2135,Twilight 19:00,simulation,3.0,1,1.47084,-0.64661,3.28452,1.28452,1.47084,-1.64661,3.13371,0.00532,-0.02647,420.0,44.117
393,13.2472,Twilight 19:00,simulation,3.0,1,1.51214,-0.66472,3.40067,1.40067,1.51214,-1.66472,3.06997,0.03899,-0.16912,400.0,44.128
394,13.2809,Twilight 19:00,simulation,3.0,1,1.45069,-0.6371,3.28452,1.28452,1.45069,-1.6371,3.1336,0.00532,-0.02685,420.0,44.121
395,13.3146,Twilight 19:00,simulation,3.0,1,1.49099,-0.65475,3.40002,1.40002,1.49099,-1.65475,3.06842,0.03911,-0.17124,400.0,44.131
396,13.3483,Twilight 19:00,simulation,3.0,1,1.48021,-0.6546,3.39922,1.39922,1.48021,-1.6546,3.0675,0.03928,-0.17162,400.0,44.122
397,13.382,Twilight 19:00,simulation,3.0,1,1.46983,-0.64479,3.39934,1.39934,1.46983,-1.64479,3.06679,0.03923,-0.17339,400.0,44.13
398,13.4157,Twilight 19:00,simulation,3.0,1,1.46983,-0.64479,3.39934,1.39934,1.46983,-1.64479,3.06679,0.03923,-0.17339,400.0,44.13
399,13.4494,Twilight 19:00,simulation,3.0,1,1.45905,-0.64463,3.39851,1.39851,1.45905,-1.64463,3.06585,0.0394,-0.17377,400.0,44.128
400,13.4831,Twilight 19:00,simulation,3.0,1,1.45905,-0.64463,3.39851,1.39851,1.45905,-1.64463,3.06585,0.0394,-0.17377,400.0,44.128
401,13.5169,Twilight 19:00,simulation,3.0,1,1.43788,-0.63466,3.39776,1.39776,1.43788,-1.63466,3.06412,0.03953,-0.17594,400.0,44.123
402,13.5506,Twilight 19:00,simulation,3.0,1,1.43788,-0.63466,3.39776,1.39776,1.43788,-1.63466,3.06412,0.03953,-0.17594,400.0,44.123
403,13.5843,Twilight 19:00,simulation,3.0,1,1.45531,-0.64238,3.46462,1.46462,1.45531,-1.64238,2.95468,0.07938,-0.28682,380.0,44.137
404,13.618,Twilight 19:00,simulation,3.0,1,1.44457,-0.6343,3.45033,1.45033,1.44457,-1.6343,3.13559,0.00382,-0.02045,380.0,44.13
405,13.6517,Twilight 19:00,simulation,3.0,1,1.48583,-0.65237,3.57581,1.57581,1.48583,-1.65237,3.0618,0.03969,-0.17926,361.0,44.143
406,13.6854,Twilight 19:00,simulation,3.0,1,1.48583,-0.65237,3.57581,1.57581,1.48583,-1.65237,3.0618,0.03969,-0.17926,361.0,44.143
407,13.7191,Twilight 19:00,simulation,3.0,1,1.4234,-0.62431,3.45033,1.45033,1.4234,-1.62431,3.1355,0.00382,-0.02076,380.0,44.132
408,13.7528,Twilight 19:00,simulation,3.0,1,1.46353,-0.64186,3.57491,1.57491,1.46353,-1.64186,3.05989,0.03982,-0.18152,361.0,44.142
409,13.7865,Twilight 19:00,simulation,3.0,1,1.45216,-0.64169,3.57392,1.57392,1.45216,-1.64169,3.05881,0.04,-0.18184,361.0,44.132
410,13.8202,Twilight 19:00,simulation,3.0,1,1.47123,-0.64171,3.63375,1.63375,1.47123,-1.64171,3.13811,0.00217,-0.01217,342.0,44.143
411,13.8539,Twilight 19:00,simulation,3.0,1,1.47123,-0.64171,3.63375,1.63375,1.47123,-1.64171,3.13811,0.00217,-0.01217,342.0,44.143
412,13.8876,Twilight 19:00,simulation,3.0,1,1.45567,-0.63767,3.63805,1.63805,1.45567,-1.63767,2.93495,0.08135,-0.29428,342.0,44.148
413,13.9213,Twilight 19:00,simulation,3.0,1,1.45567,-0.63767,3.63805,1.63805,1.45567,-1.63767,2.93495,0.08135,-0.29428,342.0,44.148
414,13.9551,Twilight 19:00,simulation,3.0,1,1.41888,-0.62084,3.57296,1.57296,1.41888,-1.62084,3.05579,0.04011,-0.18608,361.0,44.124
415,13.9888,Twilight 19:00,simulation,3.0,1,1.49197,-0.64985,3.77147,1.77147,1.49197,-1.64985,3.05518,0.04015,-0.18729,324.0,44.144
416,14.0225,Twilight 19:00,simulation,3.0,1,1.47996,-0.64966,3.77035,1.77035,1.47996,-1.64966,3.05401,0.04032,-0.18757,324.0,44.152
417,14.0562,Twilight 19:00,simulation,3.0,1,1.47996,-0.64966,3.77035,1.77035,1.47996,-1.64966,3.05401,0.04032,-0.18757,324.0,44.152
418,14.0899,Twilight 19:00,simulation,3.0,1,1.46838,-0.63874,3.77033,1.77033,1.46838,-1.63874,3.05295,0.0403,-0.18962,324.0,44.145
419,14.1236,Twilight 19:00,simulation,3.0,1,1.45637,-0.63855,3.76917,1.76917,1.45637,-1.63855,3.05174,0.04047,-0.18988,324.0,44.147
420,14.1573,Twilight 19:00,simulation,3.0,1,1.45637,-0.63855,3.76917,1.76917,1.45637,-1.63855,3.05174,0.04047,-0.18988,324.0,44.147
421,14.191,Twilight 19:00,simulation,3.0,1,1.47653,-0.64228,3.86269,1.86269,1.47653,-1.64228,-2.72294,-0.01355,0.85009,315.0,44.15
422,14.2247,Twilight 19:00,simulation,3.0,1,1.47653,-0.64228,3.86269,1.86269,1.47653,-1.64228,-2.72294,-0.01355,0.85009,315.0,44.15
423,14.2584,Twilight 19:00,simulation,3.0,1,1.43277,-0.62743,3.76792,1.76792,1.43277,-1.62743,3.04937,0.04063,-0.19219,324.0,44.143
424,14.2921,Twilight 19:00,simulation,3.0,1,1.51095,-0.65854,3.98952,1.98952,1.51095,-1.65854,3.04865,0.04067,-0.19345,289.0,44.156
425,14.3258,Twilight 19:00,simulation,3.0,1,1.49822,-0.65832,3.98822,1.98822,1.49822,-1.65832,3.04737,0.04084,-0.19365,289.0,44.153
426,14.3596,Twilight 19:00,simulation,3.0,1,1.48594,-0.64676,3.9881,1.9881,1.48594,-1.64676,3.04613,0.04083,-0.19578,289.0,44.15
427,14.3933,Twilight 19:00,simulation,3.0,1,1.48594,-0.64676,3.9881,1.9881,1.48594,-1.64676,3.04613,0.04083,-0.19578,289.0,44.156
428,14.427,Twilight 19:00,simulation,3.0,1,1.48594,-0.64676,3.9881,1.9881,1.48594,-1.64676,3.04613,0.04083,-0.19578,289.0,44.156
429,14.4607,Twilight 19:00,simulation,3.0,1,1.47321,-0.64655,3.98675,1.98675,1.47321,-1.64655,3.0448,0.041,-0.19594,289.0,44.156
430,14.4944,Twilight 19:00,simulation,3.0,1,1.46092,-0.63498,3.98659,1.98659,1.46092,-1.63498,3.04348,0.04099,-0.1981,289.0,44.146
431,14.5281,Twilight 19:00,simulation,3.0,1,1.484,-0.64734,4.06562,2.06562,1.484,-1.64734,3.14431,-0.00158,0.01003,272.0,44.157
432,14.5618,Twilight 19:00,simulation,3.0,1,1.46877,-0.63831,4.04242,2.04242,1.46877,-1.63831,2.89305,0.0845,-0.30138,272.0,44.161
433,14.5955,Twilight 19:00,simulation,3.0,1,1.46877,-0.63831,4.04242,2.04242,1.46877,-1.63831,2.89305,0.0845,-0.30138,272.0,44.161
434,14.6292,Twilight 19:00,simulation,3.0,1,1.45906,-0.63557,4.06561,2.06561,1.45906,-1.63557,3.14435,-0.00158,0.0102,272.0,44.157
435,14.6629,Twilight 19:00,simulation,3.0,1,1.45906,-0.63557,4.06561,2.06561,1.45906,-1.63557,3.14435,-0.00158,0.0102,272.0,44.157
436,14.6966,Twilight 19:00,simulation,3.0,1,1.45519,-0.63269,4.08188,2.08188,1.45519,-1.63269,2.92303,0.04531,-0.16563,264.0,44.16
437,14.7303,Twilight 19:00,simulation,3.0,0,0.0,0.0,0.0,0.0,0.0,0.0,0.0,0.0,0.0,0.0,44.156
438,14.764,Twilight 19:00,simulation,3.0,0,0.0,0.0,0.0,0.0,0.0,0.0,0.0,0.0,0.0,0.0,44.156
439,14.7978,Twilight 19:00,simulation,3.0,1,1.43412,-0.6238,4.06561,2.06561,1.43412,-1.6238,3.14439,-0.00158,0.01038,272.0,44.156
440,14.8315,Twilight 19:00,simulation,3.0,1,1.47896,-0.6432,4.23049,2.23049,1.47896,-1.6432,3.03543,0.04153,-0.20399,256.0,44.155
441,14.8652,Twilight 19:00,simulation,3.0,1,1.47896,-0.6432,4.23049,2.23049,1.47896,-1.6432,3.03543,0.04153,-0.20399,256.0,44.159
442,14.8989,Twilight 19:00,simulation,3.0,1,1.48347,-0.64506,4.2815,2.2815,1.48347,-1.64506,2.87164,0.0856,-0.30113,240.0,44.161
443,14.9326,Twilight 19:00,simulation,3.0,1,1.48347,-0.64506,4.2815,2.2815,1.48347,-1.64506,2.87164,0.0856,-0.30113,240.0,44.161
444,14.9663,Twilight 19:00,simulation,3.0,1,1.45231,-0.63066,4.22849,2.22849,1.45231,-1.63066,3.0323,0.04169,-0.20616,256.0,44.147
445,15.0,Twilight 19:00,simulation,3.0,1,1.45231,-0.63066,4.22849,2.22849,1.45231,-1.63066,3.0323,0.04169,-0.20616,256.0,44.147
446,15.0337,Twilight 19:00,simulation,3.0,1,1.45534,-0.63187,4.27602,2.27602,1.45534,-1.63187,2.86696,0.08506,-0.29971,240.0,44.166
447,15.0674,Twilight 19:00,simulation,3.0,1,1.45534,-0.63187,4.27602,2.27602,1.45534,-1.63187,2.86696,0.08506,-0.29971,240.0,44.166
448,15.1011,Twilight 19:00,simulation,3.0,1,1.42566,-0.61812,4.22637,2.22637,1.42566,-1.61812,3.02904,0.04184,-0.20826,256.0,44.148
449,15.1348,Twilight 19:00,simulation,3.0,1,1.42566,-0.61812,4.22637,2.22637,1.42566,-1.61812,3.02904,0.04184,-0.20826,256.0,44.148
450,15.1685,Twilight 19:00,simulation,3.0,1,1.51374,-0.65274,4.50786,2.50786,1.51374,-1.65274,3.02799,0.0419,-0.20961,225.0,44.164
451,15.2022,Twilight 19:00,simulation,3.0,1,1.42727,-0.6187,4.27051,2.27051,1.42727,-1.6187,2.86227,0.08448,-0.29813,240.0,44.158
452,15.236,Twilight 19:00,simulation,3.0,0,0.0,0.0,0.0,0.0,0.0,0.0,0.0,0.0,0.0,0.0,44.16
453,15.2697,Twilight 19:00,simulation,3.0,0,0.0,0.0,0.0,0.0,0.0,0.0,0.0,0.0,0.0,0.0,44.16
454,15.3034,Twilight 19:00,simulation,3.0,1,1.48528,-0.63935,4.50544,2.50544,1.48528,-1.63935,3.02453,0.04205,-0.21163,225.0,44.166
455,15.3371,Twilight 19:00,simulation,3.0,1,1.47083,-0.63908,4.50351,2.50351,1.47083,-1.63908,3.02289,0.04218,-0.21135,225.0,44.153
456,15.3708,Twilight 19:00,simulation,3.0,1,1.48554,-0.63926,4.54903,2.54903,1.48554,-1.63926,2.84598,0.08595,-0.299,210.0,44.173
457,15.4045,Twilight 19:00,simulation,3.0,1,1.48554,-0.63926,4.54903,2.54903,1.48554,-1.63926,2.84598,0.08595,-0.299,210.0,44.173
458,15.4382,Twilight 19:00,simulation,3.0,1,1.45681,-0.62596,4.50288,2.50288,1.45681,-1.62596,3.02093,0.04219,-0.21354,225.0,44.157
459,15.4719,Twilight 19:00,simulation,3.0,1,1.48567,-0.64096,4.61273,2.61273,1.48567,-1.64096,3.15248,-0.00597,0.04478,210.0,44.162
460,15.5056,Twilight 19:00,simulation,3.0,1,1.48567,-0.64096,4.61273,2.61273,1.48567,-1.64096,3.15248,-0.00597,0.04478,210.0,44.162
461,15.5393,Twilight 19:00,simulation,3.0,1,1.5379,-0.66331,4.82197,2.82197,1.5379,-1.66331,3.01805,0.04237,-0.2145,196.0,44.168
462,15.573,Twilight 19:00,simulation,3.0,1,1.5379,-0.66331,4.82197,2.82197,1.5379,-1.66331,3.01805,0.04237,-0.2145,196.0,44.168
463,15.6067,Twilight 19:00,simulation,3.0,1,1.44067,-0.6248,4.53954,2.53954,1.44067,-1.6248,2.83984,0.08482,-0.29453,210.0,44.159
464,15.6404,Twilight 19:00,simulation,3.0,1,1.45736,-0.6276,4.61267,2.61267,1.45736,-1.6276,3.15262,-0.00595,0.04563,210.0,44.158
465,15.6742,Twilight 19:00,simulation,3.0,1,1.42593,-0.61131,4.53694,2.53694,1.42593,-1.61131,2.8366,0.08443,-0.29455,210.0,44.163
466,15.7079,Twilight 19:00,simulation,3.0,1,1.50738,-0.64895,4.81897,2.81897,1.50738,-1.64895,3.0142,0.04249,-0.21619,196.0,44.16
467,15.7416,Twilight 19:00,simulation,3.0,1,1.49191,-0.64865,4.81674,2.81674,1.49191,-1.64865,3.01245,0.04259,-0.21565,196.0,44.162
468,15.7753,Twilight 19:00,simulation,3.0,1,1.49191,-0.64865,4.81674,2.81674,1.49191,-1.64865,3.01245,0.04259,-0.21565,196.0,44.162
469,15.809,Twilight 19:00,simulation,3.0,1,1.49233,-0.63489,4.81811,2.81811,1.49233,-1.63489,3.012,0.0425,-0.21831,196.0,44.165
470,15.8427,Twilight 19:00,simulation,3.0,1,1.49233,-0.63489,4.81811,2.81811,1.49233,-1.63489,3.012,0.0425,-0.21831,196.0,44.165
471,15.8764,Twilight 19:00,simulation,3.0,1,1.47685,-0.63459,4.81583,2.81583,1.47685,-1.63459,3.01022,0.04259,-0.21773,196.0,44.155
472,15.9101,Twilight 19:00,simulation,3.0,1,1.47685,-0.63459,4.81583,2.81583,1.47685,-1.63459,3.01022,0.04259,-0.21773,196.0,44.155
473,15.9438,Twilight 19:00,simulation,3.0,1,1.50922,-0.6513,4.94477,2.94477,1.50922,-1.6513,3.15703,-0.0084,0.06805,182.0,44.165
474,15.9775,Twilight 19:00,simulation,3.0,1,1.47238,-0.63241,4.85019,2.85019,1.47238,-1.63241,2.81782,0.0852,-0.29147,182.0,44.165
475,16.0112,Twilight 19:00,simulation,3.0,1,1.49397,-0.63695,4.94452,2.94452,1.49397,-1.63695,3.15697,-0.00831,0.06888,182.0,44.171
476,16.0449,Twilight 19:00,simulation,3.0,1,1.49397,-0.63695,4.94452,2.94452,1.49397,-1.63695,3.15697,-0.00831,0.06888,182.0,44.171
477,16.0787,Twilight 19:00,simulation,3.0,1,1.47885,-0.63697,4.94466,2.94466,1.47885,-1.63697,3.15721,-0.00836,0.06936,182.0,44.164
478,16.1124,Twilight 19:00,simulation,3.0,1,1.47885,-0.63697,4.94466,2.94466,1.47885,-1.63697,3.15721,-0.00836,0.06936,182.0,44.164
479,16.1461,Twilight 19:00,simulation,3.0,1,1.44069,-0.61755,4.84368,2.84368,1.44069,-1.61755,2.8132,0.08423,-0.28857,182.0,44.161
480,16.1798,Twilight 19:00,simulation,3.0,1,1.53283,-0.66001,5.17955,3.17955,1.53283,-1.66001,3.00288,0.04279,-0.21956,169.0,44.167
481,16.2135,Twilight 19:00,simulation,3.0,1,1.47871,-0.63257,4.99935,2.99935,1.47871,-1.63257,-2.65988,-0.00264,0.80867,175.5,44.16
482,16.2472,Twilight 19:00,simulation,3.0,1,1.44848,-0.62264,4.94455,2.94455,1.44848,-1.62264,3.15738,-0.00831,0.07073,182.0,44.162
483,16.2809,Twilight 19:00,simulation,3.0,1,1.44848,-0.62264,4.94455,2.94455,1.44848,-1.62264,3.15738,-0.00831,0.07073,182.0,44.162
484,16.3146,Twilight 19:00,simulation,3.0,1,1.51659,-0.64487,5.17835,3.17835,1.51659,-1.64487,3.00039,0.04279,-0.22149,169.0,44.164
485,16.3483,Twilight 19:00,simulation,3.0,1,1.49995,-0.64455,5.17573,3.17573,1.49995,-1.64455,2.99855,0.04283,-0.22058,169.0,44.163
486,16.382,Twilight 19:00,simulation,3.0,1,1.49995,-0.64455,5.17573,3.17573,1.49995,-1.64455,2.99855,0.04283,-0.22058,169.0,44.163
487,16.4157,Twilight 19:00,simulation,3.0,0,0.0,0.0,0.0,0.0,0.0,0.0,0.0,0.0,0.0,0.0,44.162
488,16.4494,Twilight 19:00,simulation,3.0,0,0.0,0.0,0.0,0.0,0.0,0.0,0.0,0.0,0.0,0.0,44.162
489,16.4831,Twilight 19:00,simulation,3.0,0,0.0,0.0,0.0,0.0,0.0,0.0,0.0,0.0,0.0,0.0,44.162
490,16.5169,Twilight 19:00,simulation,3.0,0,0.0,0.0,0.0,0.0,0.0,0.0,0.0,0.0,0.0,0.0,44.159
491,16.5506,Twilight 19:00,simulation,3.0,0,0.0,0.0,0.0,0.0,0.0,0.0,0.0,0.0,0.0,0.0,44.159
492,16.5843,Twilight 19:00,simulation,3.0,0,0.0,0.0,0.0,0.0,0.0,0.0,0.0,0.0,0.0,0.0,44.16
493,16.618,Twilight 19:00,simulation,3.0,0,0.0,0.0,0.0,0.0,0.0,0.0,0.0,0.0,0.0,0.0,44.162
494,16.6517,Twilight 19:00,simulation,3.0,1,1.58054,-0.67326,5.60191,3.60191,1.58054,-1.67326,2.99256,0.04289,-0.22251,144.0,44.166
495,16.6854,Twilight 19:00,simulation,3.0,1,1.43821,-0.61148,5.12738,3.12738,1.43821,-1.61148,-2.56352,0.03277,0.59571,162.5,44.16
496,16.7191,Twilight 19:00,simulation,3.0,1,1.43821,-0.61148,5.12738,3.12738,1.43821,-1.61148,-2.56352,0.03277,0.59571,162.5,44.16
497,16.7528,Twilight 19:00,simulation,3.0,0,0.0,0.0,0.0,0.0,0.0,0.0,0.0,0.0,0.0,0.0,44.162
498,16.7865,Twilight 19:00,simulation,3.0,0,0.0,0.0,0.0,0.0,0.0,0.0,0.0,0.0,0.0,0.0,44.162
499,16.8202,Twilight 19:00,simulation,3.0,1,1.54493,-0.65653,5.5974,3.5974,1.54493,-1.65653,2.98794,0.04286,-0.22304,144.0,44.168
500,16.8539,Twilight 19:00,simulation,3.0,1,1.52695,-0.65618,5.59444,3.59444,1.52695,-1.65618,2.98606,0.04285,-0.22179,144.0,44.169
501,16.8876,Twilight 19:00,simulation,3.0,1,1.52695,-0.65618,5.59444,3.59444,1.52695,-1.65618,2.98606,0.04285,-0.22179,144.0,44.169
502,16.9213,Twilight 19:00,simulation,3.0,0,0.0,0.0,0.0,0.0,0.0,0.0,0.0,0.0,0.0,0.0,44.166
503,16.9551,Twilight 19:00,simulation,3.0,1,1.47313,-0.65515,5.58555,3.58555,1.47313,-1.65515,2.98054,0.04272,-0.21772,144.0,44.171
504,16.9888,Twilight 19:00,simulation,3.0,0,0.0,0.0,0.0,0.0,0.0,0.0,0.0,0.0,0.0,0.0,44.167
505,17.0225,Twilight 19:00,simulation,3.0,0,0.0,0.0,0.0,0.0,0.0,0.0,0.0,0.0,0.0,0.0,44.167
506,17.0562,Twilight 19:00,simulation,3.0,1,1.41948,-0.65412,5.57667,3.57667,1.41948,-1.65412,2.97517,0.04246,-0.21319,144.0,44.172
507,17.0899,Twilight 19:00,simulation,3.0,0,0.0,0.0,0.0,0.0,0.0,0.0,0.0,0.0,0.0,0.0,44.169
508,17.1236,Twilight 19:00,simulation,3.0,0,0.0,0.0,0.0,0.0,0.0,0.0,0.0,0.0,0.0,0.0,44.172
509,17.1573,Twilight 19:00,simulation,3.0,1,1.34822,-0.65275,5.56493,3.56493,1.34822,-1.65275,2.96829,0.04192,-0.20651,144.0,44.174
510,17.191,Twilight 19:00,simulation,3.0,1,1.34822,-0.65275,5.56493,3.56493,1.34822,-1.65275,2.96829,0.04192,-0.20651,144.0,44.174
511,17.2247,Twilight 19:00,simulation,3.0,1,1.295,-0.65175,5.55626,3.55626,1.295,-1.65175,2.96334,0.04137,-0.20104,144.0,44.175
512,17.2584,Twilight 19:00,simulation,3.0,1,1.295,-0.65175,5.55626,3.55626,1.295,-1.65175,2.96334,0.04137,-0.20104,144.0,44.175
513,17.2921,Twilight 19:00,simulation,3.0,0,0.0,0.0,0.0,0.0,0.0,0.0,0.0,0.0,0.0,0.0,44.168
514,17.3258,Twilight 19:00,simulation,3.0,1,1.24197,-0.65076,5.54773,3.54773,1.24197,-1.65076,2.95859,0.04069,-0.19523,144.0,44.175
515,17.3596,Twilight 19:00,simulation,3.0,1,1.24197,-0.65076,5.54773,3.54773,1.24197,-1.65076,2.95859,0.04069,-0.19523,144.0,44.175
516,17.3933,Twilight 19:00,simulation,3.0,1,1.22433,-0.65043,5.54493,3.54493,1.22433,-1.65043,2.95705,0.04044,-0.19322,144.0,44.175
517,17.427,Twilight 19:00,simulation,3.0,1,1.10824,-0.60167,5.12644,3.12644,1.10824,-1.60167,2.76475,0.06885,-0.22175,156.0,44.175
518,17.4607,Twilight 19:00,simulation,3.0,1,1.10824,-0.60167,5.12644,3.12644,1.10824,-1.60167,2.76475,0.06885,-0.22175,156.0,44.175
519,17.4944,Twilight 19:00,simulation,3.0,0,0.0,0.0,0.0,0.0,0.0,0.0,0.0,0.0,0.0,0.0,44.17
520,17.5281,Twilight 19:00,simulation,3.0,0,0.0,0.0,0.0,0.0,0.0,0.0,0.0,0.0,0.0,0.0,44.17
521,17.5618,Twilight 19:00,simulation,3.0,1,1.11899,-0.64853,5.52859,3.52859,1.11899,-1.64853,2.94829,0.03867,-0.18046,144.0,44.178
522,17.5955,Twilight 19:00,simulation,3.0,1,1.11899,-0.64853,5.52859,3.52859,1.11899,-1.64853,2.94829,0.03867,-0.18046,144.0,44.178
523,17.6292,Twilight 19:00,simulation,3.0,0,0.0,0.0,0.0,0.0,0.0,0.0,0.0,0.0,0.0,0.0,44.178
524,17.6629,Twilight 19:00,simulation,3.0,0,0.0,0.0,0.0,0.0,0.0,0.0,0.0,0.0,0.0,0.0,44.178
525,17.6966,Twilight 19:00,simulation,3.0,1,1.0492,-0.64733,5.51822,3.51822,1.0492,-1.64733,2.94291,0.03725,-0.17137,144.0,44.178
526,17.7303,Twilight 19:00,simulation,3.0,1,1.0492,-0.64733,5.51822,3.51822,1.0492,-1.64733,2.94291,0.03725,-0.17137,144.0,44.178
527,17.764,Twilight 19:00,simulation,3.0,0,0.0,0.0,0.0,0.0,0.0,0.0,0.0,0.0,0.0,0.0,44.176
528,17.7978,Twilight 19:00,simulation,3.0,1,0.99708,-0.64646,5.51075,3.51075,0.99708,-1.64646,2.93912,0.03607,-0.16428,144.0,44.179
529,17.8315,Twilight 19:00,simulation,3.0,0,0.0,0.0,0.0,0.0,0.0,0.0,0.0,0.0,0.0,0.0,44.172
530,17.8652,Twilight 19:00,simulation,3.0,1,0.84951,-0.59664,5.08327,3.08327,0.84951,-1.59664,2.75232,0.05522,-0.17305,156.0,44.178
531,17.8989,Twilight 19:00,simulation,3.0,1,0.84951,-0.59664,5.08327,3.08327,0.84951,-1.59664,2.75232,0.05522,-0.17305,156.0,44.178
532,17.9326,Twilight 19:00,simulation,3.0,0,0.0,0.0,0.0,0.0,0.0,0.0,0.0,0.0,0.0,0.0,44.178
533,17.9663,Twilight 19:00,simulation,3.0,1,0.87618,-0.64456,5.49446,3.49446,0.87618,-1.64456,2.93106,0.03295,-0.14695,144.0,44.179
534,18.0,Twilight 19:00,simulation,3.0,0,0.0,0.0,0.0,0.0,0.0,0.0,0.0,0.0,0.0,0.0,44.172
535,18.0337,Twilight 19:00,simulation,3.0,1,0.82466,-0.64381,5.48801,3.48801,0.82466,-1.64381,2.92794,0.03148,-0.13924,144.0,44.18
536,18.0674,Twilight 19:00,simulation,3.0,0,0.0,0.0,0.0,0.0,0.0,0.0,0.0,0.0,0.0,0.0,44.178
537,18.1011,Twilight 19:00,simulation,3.0,0,0.0,0.0,0.0,0.0,0.0,0.0,0.0,0.0,0.0,0.0,44.178
538,18.1348,Twilight 19:00,simulation,3.0,0,0.0,0.0,0.0,0.0,0.0,0.0,0.0,0.0,0.0,0.0,44.18
539,18.1685,Twilight 19:00,simulation,3.0,0,0.0,0.0,0.0,0.0,0.0,0.0,0.0,0.0,0.0,0.0,44.18
540,18.2022,Twilight 19:00,simulation,3.0,1,0.75622,-0.64287,5.47992,3.47992,0.75622,-1.64287,2.9241,0.02939,-0.12871,144.0,44.179
541,18.236,Twilight 19:00,simulation,3.0,1,0.70508,-0.64221,5.47427,3.47427,0.70508,-1.64221,2.92145,0.02774,-0.12067,144.0,44.18
542,18.2697,Twilight 19:00,simulation,3.0,1,0.70508,-0.64221,5.47427,3.47427,0.70508,-1.64221,2.92145,0.02774,-0.12067,144.0,44.18
543,18.3034,Twilight 19:00,simulation,3.0,0,0.0,0.0,0.0,0.0,0.0,0.0,0.0,0.0,0.0,0.0,44.176
544,18.3371,Twilight 19:00,simulation,3.0,1,0.65408,-0.6416,5.46896,3.46896,0.65408,-1.6416,2.91899,0.02603,-0.1125,144.0,44.18
545,18.3708,Twilight 19:00,simulation,3.0,1,0.58058,-0.59265,5.04902,3.04902,0.58058,-1.59265,2.74285,0.03906,-0.1199,156.0,44.177
546,18.4045,Twilight 19:00,simulation,3.0,0,0.0,0.0,0.0,0.0,0.0,0.0,0.0,0.0,0.0,0.0,44.181
547,18.4382,Twilight 19:00,simulation,3.0,0,0.0,0.0,0.0,0.0,0.0,0.0,0.0,0.0,0.0,0.0,44.181
548,18.4719,Twilight 19:00,simulation,3.0,1,0.5863,-0.64084,5.46246,3.46246,0.5863,-1.64084,2.91601,0.02365,-0.10144,144.0,44.181
549,18.5056,Twilight 19:00,simulation,3.0,0,0.0,0.0,0.0,0.0,0.0,0.0,0.0,0.0,0.0,0.0,44.172
550,18.5393,Twilight 19:00,simulation,3.0,1,0.53561,-0.64032,5.45802,3.45802,0.53561,-1.64032,2.914,0.0218,-0.09304,144.0,44.181
551,18.573,Twilight 19:00,simulation,3.0,1,0.53561,-0.64032,5.45802,3.45802,0.53561,-1.64032,2.914,0.0218,-0.09304,144.0,44.181
552,18.6067,Twilight 19:00,simulation,3.0,0,0.0,0.0,0.0,0.0,0.0,0.0,0.0,0.0,0.0,0.0,44.181
553,18.6404,Twilight 19:00,simulation,3.0,0,0.0,0.0,0.0,0.0,0.0,0.0,0.0,0.0,0.0,0.0,44.181
554,18.6742,Twilight 19:00,simulation,3.0,1,0.4682,-0.6397,5.45269,3.45269,0.4682,-1.6397,2.91161,0.01927,-0.08171,144.0,44.179
555,18.7079,Twilight 19:00,simulation,3.0,0,0.0,0.0,0.0,0.0,0.0,0.0,0.0,0.0,0.0,0.0,44.176
556,18.7416,Twilight 19:00,simulation,3.0,0,0.0,0.0,0.0,0.0,0.0,0.0,0.0,0.0,0.0,0.0,44.176
557,18.7753,Twilight 19:00,simulation,3.0,1,0.41776,-0.63929,5.44914,3.44914,0.41776,-1.63929,2.91003,0.01731,-0.07314,144.0,44.181
558,18.809,Twilight 19:00,simulation,3.0,1,0.36742,-0.63893,5.44599,3.44599,0.36742,-1.63893,2.90863,0.01532,-0.06449,144.0,44.181
559,18.8427,Twilight 19:00,simulation,3.0,1,0.36742,-0.63893,5.44599,3.44599,0.36742,-1.63893,2.90863,0.01532,-0.06449,144.0,44.181
560,18.8764,Twilight 19:00,simulation,3.0,1,0.31601,-0.59011,5.02721,3.02721,0.31601,-1.59011,2.73698,0.02172,-0.06582,156.0,44.176
561,18.9101,Twilight 19:00,simulation,3.0,0,0.0,0.0,0.0,0.0,0.0,0.0,0.0,0.0,0.0,0.0,44.18
562,18.9438,Twilight 19:00,simulation,3.0,1,0.30042,-0.63851,5.4424,3.4424,0.30042,-1.63851,2.90706,0.01262,-0.05289,144.0,44.181
563,18.9775,Twilight 19:00,simulation,3.0,0,0.0,0.0,0.0,0.0,0.0,0.0,0.0,0.0,0.0,0.0,44.175
564,19.0112,Twilight 19:00,simulation,3.0,1,0.25024,-0.63825,5.44017,3.44017,0.25024,-1.63825,2.90608,0.01055,-0.04414,144.0,44.18
565,19.0449,Twilight 19:00,simulation,3.0,0,0.0,0.0,0.0,0.0,0.0,0.0,0.0,0.0,0.0,0.0,44.178
566,19.0787,Twilight 19:00,simulation,3.0,0,0.0,0.0,0.0,0.0,0.0,0.0,0.0,0.0,0.0,0.0,44.178
567,19.1124,Twilight 19:00,simulation,3.0,0,0.0,0.0,0.0,0.0,0.0,0.0,0.0,0.0,0.0,0.0,44.182
568,19.1461,Twilight 19:00,simulation,3.0,1,0.18343,-0.63798,5.43782,3.43782,0.18343,-1.63798,2.90506,0.00777,-0.03242,144.0,44.18
569,19.1798,Twilight 19:00,simulation,3.0,0,0.0,0.0,0.0,0.0,0.0,0.0,0.0,0.0,0.0,0.0,44.176
570,19.2135,Twilight 19:00,simulation,3.0,0,0.0,0.0,0.0,0.0,0.0,0.0,0.0,0.0,0.0,0.0,44.176
571,19.2472,Twilight 19:00,simulation,3.0,1,0.13337,-0.63783,5.43654,3.43654,0.13337,-1.63783,2.9045,0.00566,-0.0236,144.0,44.181
572,19.2809,Twilight 19:00,simulation,3.0,0,0.0,0.0,0.0,0.0,0.0,0.0,0.0,0.0,0.0,0.0,44.177
573,19.3146,Twilight 19:00,simulation,3.0,1,0.08335,-0.63772,5.43566,3.43566,0.08335,-1.63772,2.90412,0.00355,-0.01476,144.0,44.182
574,19.3483,Twilight 19:00,simulation,3.0,1,0.05386,-0.58905,5.01814,3.01814,0.05386,-1.58905,2.73457,0.00373,-0.01126,156.0,44.177
575,19.382,Twilight 19:00,simulation,3.0,0,0.0,0.0,0.0,0.0,0.0,0.0,0.0,0.0,0.0,0.0,44.18
576,19.4157,Twilight 19:00,simulation,3.0,0,0.0,0.0,0.0,0.0,0.0,0.0,0.0,0.0,0.0,0.0,44.18
577,19.4494,Twilight 19:00,simulation,3.0,1,0.01667,-0.63766,5.43511,3.43511,0.01667,-1.63766,2.90389,0.00071,-0.00295,144.0,44.182
578,19.4831,Twilight 19:00,simulation,3.0,0,0.0,0.0,0.0,0.0,0.0,0.0,0.0,0.0,0.0,0.0,44.177
579,19.5169,Twilight 19:00,simulation,3.0,1,-0.03334,-0.63767,5.43518,3.43518,-0.03334,-1.63767,2.90391,-0.00142,0.0059,144.0,44.18
580,19.5506,Twilight 19:00,simulation,3.0,1,-0.03334,-0.63767,5.43518,3.43518,-0.03334,-1.63767,2.90391,-0.00142,0.0059,144.0,44.18
581,19.5843,Twilight 19:00,simulation,3.0,0,0.0,0.0,0.0,0.0,0.0,0.0,0.0,0.0,0.0,0.0,44.182
582,19.618,Twilight 19:00,simulation,3.0,0,0.0,0.0,0.0,0.0,0.0,0.0,0.0,0.0,0.0,0.0,44.182
583,19.6517,Twilight 19:00,simulation,3.0,1,-0.10002,-0.63775,5.4359,3.4359,-0.10002,-1.63775,2.90423,-0.00425,0.0177,144.0,44.182
584,19.6854,Twilight 19:00,simulation,3.0,0,0.0,0.0,0.0,0.0,0.0,0.0,0.0,0.0,0.0,0.0,44.175
585,19.7191,Twilight 19:00,simulation,3.0,0,0.0,0.0,0.0,0.0,0.0,0.0,0.0,0.0,0.0,0.0,44.175
586,19.7528,Twilight 19:00,simulation,3.0,0,0.0,0.0,0.0,0.0,0.0,0.0,0.0,0.0,0.0,0.0,44.178
587,19.7865,Twilight 19:00,simulation,3.0,1,-0.20013,-0.63804,5.43834,3.43834,-0.20013,-1.63804,2.90529,-0.00847,0.03535,144.0,44.181
588,19.8202,Twilight 19:00,simulation,3.0,1,-0.20013,-0.63804,5.43834,3.43834,-0.20013,-1.63804,2.90529,-0.00847,0.03535,144.0,44.181
589,19.8539,Twilight 19:00,simulation,3.0,1,-0.20789,-0.58949,5.02192,3.02192,-0.20789,-1.58949,2.73558,-0.01436,0.04339,156.0,44.178
590,19.8876,Twilight 19:00,simulation,3.0,0,0.0,0.0,0.0,0.0,0.0,0.0,0.0,0.0,0.0,0.0,44.179
591,19.9213,Twilight 19:00,simulation,3.0,1,-0.26696,-0.63833,5.44087,3.44087,-0.26696,-1.63833,2.90639,-0.01124,0.04706,144.0,44.182
592,19.9551,Twilight 19:00,simulation,3.0,0,0.0,0.0,0.0,0.0,0.0,0.0,0.0,0.0,0.0,0.0,44.177
593,19.9888,Twilight 19:00,simulation,3.0,1,-0.31715,-0.6386,5.44323,3.44323,-0.31715,-1.6386,2.90742,-0.0133,0.0558,144.0,44.18
594,20.0225,Twilight 19:00,simulation,3.0,1,-0.31715,-0.6386,5.44323,3.44323,-0.31715,-1.6386,2.90742,-0.0133,0.0558,144.0,44.18
595,20.0562,Twilight 19:00,simulation,3.0,0,0.0,0.0,0.0,0.0,0.0,0.0,0.0,0.0,0.0,0.0,44.174
596,20.0899,Twilight 19:00,simulation,3.0,0,0.0,0.0,0.0,0.0,0.0,0.0,0.0,0.0,0.0,0.0,44.174
597,20.1236,Twilight 19:00,simulation,3.0,1,-0.36742,-0.63893,5.44599,3.44599,-0.36742,-1.63893,2.90863,-0.01532,0.06449,144.0,44.181
598,20.1573,Twilight 19:00,simulation,3.0,0,0.0,0.0,0.0,0.0,0.0,0.0,0.0,0.0,0.0,0.0,44.177
599,20.191,Twilight 19:00,simulation,3.0,0,0.0,0.0,0.0,0.0,0.0,0.0,0.0,0.0,0.0,0.0,44.177
600,20.2247,Twilight 19:00,simulation,3.0,1,-0.43456,-0.63942,5.45028,3.45028,-0.43456,-1.63942,2.91054,-0.01797,0.076,144.0,44.181
601,20.2584,Twilight 19:00,simulation,3.0,0,0.0,0.0,0.0,0.0,0.0,0.0,0.0,0.0,0.0,0.0,44.175
602,20.2921,Twilight 19:00,simulation,3.0,1,-0.48503,-0.63985,5.45396,3.45396,-0.48503,-1.63985,2.91218,-0.01991,0.08456,144.0,44.182
603,20.3258,Twilight 19:00,simulation,3.0,1,-0.48503,-0.63985,5.45396,3.45396,-0.48503,-1.63985,2.91218,-0.01991,0.08456,144.0,44.182
604,20.3596,Twilight 19:00,simulation,3.0,1,-0.47122,-0.59142,5.03851,3.03851,-0.47122,-1.59142,2.74001,-0.03204,0.09772,156.0,44.179
605,20.3933,Twilight 19:00,simulation,3.0,0,0.0,0.0,0.0,0.0,0.0,0.0,0.0,0.0,0.0,0.0,44.179
606,20.427,Twilight 19:00,simulation,3.0,0,0.0,0.0,0.0,0.0,0.0,0.0,0.0,0.0,0.0,0.0,44.179
607,20.4607,Twilight 19:00,simulation,3.0,0,0.0,0.0,0.0,0.0,0.0,0.0,0.0,0.0,0.0,0.0,44.178
608,20.4944,Twilight 19:00,simulation,3.0,0,0.0,0.0,0.0,0.0,0.0,0.0,0.0,0.0,0.0,0.0,44.178
609,20.5281,Twilight 19:00,simulation,3.0,0,0.0,0.0,0.0,0.0,0.0,0.0,0.0,0.0,0.0,0.0,44.173
610,20.5618,Twilight 19:00,simulation,3.0,0,0.0,0.0,0.0,0.0,0.0,0.0,0.0,0.0,0.0,0.0,44.173
611,20.5955,Twilight 19:00,simulation,3.0,1,-0.65408,-0.6416,5.46896,3.46896,-0.65408,-1.6416,2.91899,-0.02603,0.1125,144.0,44.181
612,20.6292,Twilight 19:00,simulation,3.0,1,-0.67106,-0.6418,5.47069,3.47069,-0.67106,-1.6418,2.91979,-0.02661,0.11523,144.0,44.18
613,20.6629,Twilight 19:00,simulation,3.0,1,-0.67106,-0.6418,5.47069,3.47069,-0.67106,-1.6418,2.91979,-0.02661,0.11523,144.0,44.18
614,20.6966,Twilight 19:00,simulation,3.0,1,-0.6434,-0.59346,5.05598,3.05598,-0.6434,-1.59346,2.74475,-0.04299,0.1325,156.0,44.179
615,20.7303,Twilight 19:00,simulation,3.0,1,-0.72211,-0.64243,5.47611,3.47611,-0.72211,-1.64243,2.92231,-0.0283,0.12336,144.0,44.18
616,20.764,Twilight 19:00,simulation,3.0,0,0.0,0.0,0.0,0.0,0.0,0.0,0.0,0.0,0.0,0.0,44.173
617,20.7978,Twilight 19:00,simulation,3.0,1,-0.77331,-0.6431,5.48189,3.48189,-0.77331,-1.6431,2.92503,-0.02992,0.13137,144.0,44.18
618,20.8315,Twilight 19:00,simulation,3.0,1,-0.73812,-0.59483,5.06769,3.06769,-0.73812,-1.59483,2.74797,-0.04875,0.15131,156.0,44.178
619,20.8652,Twilight 19:00,simulation,3.0,1,-0.73812,-0.59483,5.06769,3.06769,-0.73812,-1.59483,2.74797,-0.04875,0.15131,156.0,44.178
620,20.8989,Twilight 19:00,simulation,3.0,0,0.0,0.0,0.0,0.0,0.0,0.0,0.0,0.0,0.0,0.0,44.179
621,20.9326,Twilight 19:00,simulation,3.0,1,-0.84182,-0.64406,5.49012,3.49012,-0.84182,-1.64406,2.92896,-0.03198,0.14183,144.0,44.18
622,20.9663,Twilight 19:00,simulation,3.0,0,0.0,0.0,0.0,0.0,0.0,0.0,0.0,0.0,0.0,0.0,44.176
623,21.0,Twilight 19:00,simulation,3.0,1,-0.89339,-0.64482,5.49669,3.49669,-0.89339,-1.64482,2.93214,-0.03343,0.14949,144.0,44.18
624,21.0337,Twilight 19:00,simulation,3.0,0,0.0,0.0,0.0,0.0,0.0,0.0,0.0,0.0,0.0,0.0,44.178
625,21.0674,Twilight 19:00,simulation,3.0,0,0.0,0.0,0.0,0.0,0.0,0.0,0.0,0.0,0.0,0.0,44.174
626,21.1011,Twilight 19:00,simulation,3.0,1,-0.94514,-0.64562,5.50357,3.50357,-0.94514,-1.64562,2.93553,-0.03479,0.15698,144.0,44.178
627,21.1348,Twilight 19:00,simulation,3.0,1,-0.89756,-0.59749,5.09058,3.09058,-0.89756,-1.59749,2.75439,-0.05791,0.18229,156.0,44.178
628,21.1685,Twilight 19:00,simulation,3.0,1,-0.89756,-0.59749,5.09058,3.09058,-0.89756,-1.59749,2.75439,-0.05791,0.18229,156.0,44.178
629,21.2022,Twilight 19:00,simulation,3.0,1,-1.01443,-0.64674,5.51321,3.51321,-1.01443,-1.64674,2.94036,-0.03647,0.16667,144.0,44.179
630,21.236,Twilight 19:00,simulation,3.0,1,-1.01443,-0.64674,5.51321,3.51321,-1.01443,-1.64674,2.94036,-0.03647,0.16667,144.0,44.179
631,21.2697,Twilight 19:00,simulation,3.0,0,0.0,0.0,0.0,0.0,0.0,0.0,0.0,0.0,0.0,0.0,44.17
632,21.3034,Twilight 19:00,simulation,3.0,1,-1.06662,-0.64762,5.52077,3.52077,-1.06662,-1.64762,2.94422,-0.03762,0.17368,144.0,44.178
633,21.3371,Twilight 19:00,simulation,3.0,0,0.0,0.0,0.0,0.0,0.0,0.0,0.0,0.0,0.0,0.0,44.177
634,21.3708,Twilight 19:00,simulation,3.0,0,0.0,0.0,0.0,0.0,0.0,0.0,0.0,0.0,0.0,0.0,44.177
635,21.4045,Twilight 19:00,simulation,3.0,1,-1.1365,-0.64884,5.53125,3.53125,-1.1365,-1.64884,2.9497,-0.039,0.18267,144.0,44.178
636,21.4382,Twilight 19:00,simulation,3.0,1,-1.1365,-0.64884,5.53125,3.53125,-1.1365,-1.64884,2.9497,-0.039,0.18267,144.0,44.178
637,21.4719,Twilight 19:00,simulation,3.0,0,0.0,0.0,0.0,0.0,0.0,0.0,0.0,0.0,0.0,0.0,44.174
638,21.5056,Twilight 19:00,simulation,3.0,1,-1.18913,-0.64979,5.53939,3.53939,-1.18913,-1.64979,2.95404,-0.0399,0.1891,144.0,44.177
639,21.5393,Twilight 19:00,simulation,3.0,0,0.0,0.0,0.0,0.0,0.0,0.0,0.0,0.0,0.0,0.0,44.173
640,21.573,Twilight 19:00,simulation,3.0,0,0.0,0.0,0.0,0.0,0.0,0.0,0.0,0.0,0.0,0.0,44.173
641,21.6067,Twilight 19:00,simulation,3.0,1,-1.24197,-0.65076,5.54773,3.54773,-1.24197,-1.65076,2.95859,-0.04069,0.19523,144.0,44.176
642,21.6404,Twilight 19:00,simulation,3.0,1,-1.17395,-0.60312,5.13882,3.13882,-1.17395,-1.60312,2.76842,-0.07196,0.23366,156.0,44.173
643,21.6742,Twilight 19:00,simulation,3.0,0,0.0,0.0,0.0,0.0,0.0,0.0,0.0,0.0,0.0,0.0,44.175
644,21.7079,Twilight 19:00,simulation,3.0,0,0.0,0.0,0.0,0.0,0.0,0.0,0.0,0.0,0.0,0.0,44.175
645,21.7416,Twilight 19:00,simulation,3.0,0,0.0,0.0,0.0,0.0,0.0,0.0,0.0,0.0,0.0,0.0,44.167
646,21.7753,Twilight 19:00,simulation,3.0,0,0.0,0.0,0.0,0.0,0.0,0.0,0.0,0.0,0.0,0.0,44.167
647,21.809,Twilight 19:00,simulation,3.0,1,-1.36601,-0.65309,5.56785,3.56785,-1.36601,-1.65309,2.96998,-0.04208,0.20824,144.0,44.174
648,21.8427,Twilight 19:00,simulation,3.0,0,0.0,0.0,0.0,0.0,0.0,0.0,0.0,0.0,0.0,0.0,44.171
649,21.8764,Twilight 19:00,simulation,3.0,0,0.0,0.0,0.0,0.0,0.0,0.0,0.0,0.0,0.0,0.0,44.174
650,21.9101,Twilight 19:00,simulation,3.0,1,-1.43734,-0.65446,5.57962,3.57962,-1.43734,-1.65446,2.97694,-0.04256,0.21475,144.0,44.172
651,21.9438,Twilight 19:00,simulation,3.0,0,0.0,0.0,0.0,0.0,0.0,0.0,0.0,0.0,0.0,0.0,44.167
652,21.9775,Twilight 19:00,simulation,3.0,0,0.0,0.0,0.0,0.0,0.0,0.0,0.0,0.0,0.0,0.0,44.167
653,22.0112,Twilight 19:00,simulation,3.0,1,-1.49105,-0.65549,5.58851,3.58851,-1.49105,-1.65549,2.98236,-0.04278,0.21913,144.0,44.172
654,22.0449,Twilight 19:00,simulation,3.0,0,0.0,0.0,0.0,0.0,0.0,0.0,0.0,0.0,0.0,0.0,44.167
655,22.0787,Twilight 19:00,simulation,3.0,0,0.0,0.0,0.0,0.0,0.0,0.0,0.0,0.0,0.0,0.0,44.167
656,22.1124,Twilight 19:00,simulation,3.0,1,-1.54493,-0.65653,5.5974,3.5974,-1.54493,-1.65653,2.98794,-0.04286,0.22304,144.0,44.171
657,22.1461,Twilight 19:00,simulation,3.0,1,-1.45849,-0.61003,5.19811,3.19811,-1.45849,-1.61003,2.78672,-0.0836,0.28274,156.0,44.167
658,22.1798,Twilight 19:00,simulation,3.0,0,0.0,0.0,0.0,0.0,0.0,0.0,0.0,0.0,0.0,0.0,44.167
659,22.2135,Twilight 19:00,simulation,3.0,1,-1.617,-0.65789,5.60917,3.60917,-1.617,-1.65789,2.99556,-0.04278,0.22748,144.0,44.17
660,22.2472,Twilight 19:00,simulation,3.0,1,-1.617,-0.65789,5.60917,3.60917,-1.617,-1.65789,2.99556,-0.04278,0.22748,144.0,44.17
661,22.2809,Twilight 19:00,simulation,3.0,0,0.0,0.0,0.0,0.0,0.0,0.0,0.0,0.0,0.0,0.0,44.162
662,22.3146,Twilight 19:00,simulation,3.0,0,0.0,0.0,0.0,0.0,0.0,0.0,0.0,0.0,0.0,0.0,44.162
663,22.3483,Twilight 19:00,simulation,3.0,0,0.0,0.0,0.0,0.0,0.0,0.0,0.0,0.0,0.0,0.0,44.162
664,22.382,Twilight 19:00,simulation,3.0,0,0.0,0.0,0.0,0.0,0.0,0.0,0.0,0.0,0.0,0.0,44.162
665,22.4157,Twilight 19:00,simulation,3.0,1,-1.74363,-0.66022,5.6292,3.6292,-1.74363,-1.66022,3.00927,-0.0421,0.23295,144.0,44.165
666,22.4494,Twilight 19:00,simulation,3.0,1,-1.74363,-0.66022,5.6292,3.6292,-1.74363,-1.66022,3.00927,-0.0421,0.23295,144.0,44.165
667,22.4831,Twilight 19:00,simulation,3.0,0,0.0,0.0,0.0,0.0,0.0,0.0,0.0,0.0,0.0,0.0,44.158
668,22.5169,Twilight 19:00,simulation,3.0,0,0.0,0.0,0.0,0.0,0.0,0.0,0.0,0.0,0.0,0.0,44.158
669,22.5506,Twilight 19:00,simulation,3.0,1,-1.79805,-0.66117,5.63742,3.63742,-1.79805,-1.66117,3.0152,-0.04162,0.23436,144.0,44.163
670,22.5843,Twilight 19:00,simulation,3.0,1,-1.85253,-0.66209,5.64535,3.64535,-1.85253,-1.66209,3.02111,-0.04104,0.23519,144.0,44.163
671,22.618,Twilight 19:00,simulation,3.0,1,-1.85253,-0.66209,5.64535,3.64535,-1.85253,-1.66209,3.02111,-0.04104,0.23519,144.0,44.163
672,22.6517,Twilight 19:00,simulation,3.0,1,-1.85253,-0.66209,5.64535,3.64535,-1.85253,-1.66209,3.02111,-0.04104,0.23519,144.0,44.163
673,22.6854,Twilight 19:00,simulation,3.0,0,0.0,0.0,0.0,0.0,0.0,0.0,0.0,0.0,0.0,0.0,44.159
674,22.7191,Twilight 19:00,simulation,3.0,0,0.0,0.0,0.0,0.0,0.0,0.0,0.0,0.0,0.0,0.0,44.159
675,22.7528,Twilight 19:00,simulation,3.0,1,-1.92521,-0.66325,5.65539,3.65539,-1.92521,-1.66325,3.02888,-0.04013,0.23542,144.0,44.161
676,22.7865,Twilight 19:00,simulation,3.0,0,0.0,0.0,0.0,0.0,0.0,0.0,0.0,0.0,0.0,0.0,44.155
677,22.8202,Twilight 19:00,simulation,3.0,1,-1.97973,-0.66407,5.66248,3.66248,-1.97973,-1.66407,3.03457,-0.03937,0.23496,144.0,44.158
678,22.8539,Twilight 19:00,simulation,3.0,1,-1.97973,-0.66407,5.66248,3.66248,-1.97973,-1.66407,3.03457,-0.03937,0.23496,144.0,44.158
679,22.8876,Twilight 19:00,simulation,3.0,0,0.0,0.0,0.0,0.0,0.0,0.0,0.0,0.0,0.0,0.0,44.157
680,22.9213,Twilight 19:00,simulation,3.0,0,0.0,0.0,0.0,0.0,0.0,0.0,0.0,0.0,0.0,0.0,44.157
681,22.9551,Twilight 19:00,simulation,3.0,1,-2.0524,-0.66509,5.67128,3.67128,-2.0524,-1.66509,3.04191,-0.03826,0.23358,144.0,44.156
682,22.9888,Twilight 19:00,simulation,3.0,0,0.0,0.0,0.0,0.0,0.0,0.0,0.0,0.0,0.0,0.0,44.15
683,23.0225,Twilight 19:00,simulation,3.0,1,-2.10685,-0.6658,5.67738,3.67738,-2.10685,-1.6658,3.04718,-0.03739,0.23201,144.0,44.155
684,23.0562,Twilight 19:00,simulation,3.0,1,-2.10685,-0.6658,5.67738,3.67738,-2.10685,-1.6658,3.04718,-0.03739,0.23201,144.0,44.155
685,23.0899,Twilight 19:00,simulation,3.0,0,0.0,0.0,0.0,0.0,0.0,0.0,0.0,0.0,0.0,0.0,44.148
686,23.1236,Twilight 19:00,simulation,3.0,0,0.0,0.0,0.0,0.0,0.0,0.0,0.0,0.0,0.0,0.0,44.148
687,23.1573,Twilight 19:00,simulation,3.0,1,-2.05682,-0.62708,5.34447,3.34447,-2.05682,-1.62708,2.8382,-0.09709,0.36928,156.0,44.15
688,23.191,Twilight 19:00,simulation,3.0,1,-2.05682,-0.62708,5.34447,3.34447,-2.05682,-1.62708,2.8382,-0.09709,0.36928,156.0,44.15
689,23.2247,Twilight 19:00,simulation,3.0,1,-2.23368,-0.66725,5.68993,3.68993,-2.23368,-1.66725,3.05858,-0.03527,0.22691,144.0,44.151
690,23.2584,Twilight 19:00,simulation,3.0,1,-2.23368,-0.66725,5.68993,3.68993,-2.23368,-1.66725,3.05858,-0.03527,0.22691,144.0,44.151
691,23.2921,Twilight 19:00,simulation,3.0,0,0.0,0.0,0.0,0.0,0.0,0.0,0.0,0.0,0.0,0.0,44.146
692,23.3258,Twilight 19:00,simulation,3.0,1,-2.28792,-0.66779,5.69461,3.69461,-2.28792,-1.66779,3.06305,-0.03436,0.22424,144.0,44.148
693,23.3596,Twilight 19:00,simulation,3.0,1,-2.28792,-0.66779,5.69461,3.69461,-2.28792,-1.66779,3.06305,-0.03436,0.22424,144.0,44.148
694,23.3933,Twilight 19:00,simulation,3.0,0,0.0,0.0,0.0,0.0,0.0,0.0,0.0,0.0,0.0,0.0,44.141
695,23.427,Twilight 19:00,simulation,3.0,1,-2.36013,-0.66845,5.70024,3.70024,-2.36013,-1.66845,3.0686,-0.03317,0.22034,144.0,44.146
696,23.4607,Twilight 19:00,simulation,3.0,1,-2.36013,-0.66845,5.70024,3.70024,-2.36013,-1.66845,3.0686,-0.03317,0.22034,144.0,44.146
697,23.4944,Twilight 19:00,simulation,3.0,0,0.0,0.0,0.0,0.0,0.0,0.0,0.0,0.0,0.0,0.0,44.141
698,23.5281,Twilight 19:00,simulation,3.0,0,0.0,0.0,0.0,0.0,0.0,0.0,0.0,0.0,0.0,0.0,44.141
699,23.5618,Twilight 19:00,simulation,3.0,1,-2.4142,-0.66889,5.70405,3.70405,-2.4142,-1.66889,3.07247,-0.03229,0.21723,144.0,44.144
700,23.5955,Twilight 19:00,simulation,3.0,1,-2.31595,-0.61948,5.41379,3.41379,-2.31595,-1.61948,2.86444,-0.09775,0.40083,156.0,44.139
701,23.6292,Twilight 19:00,simulation,3.0,1,-2.31595,-0.61948,5.41379,3.41379,-2.31595,-1.61948,2.86444,-0.09775,0.40083,156.0,44.139
702,23.6629,Twilight 19:00,simulation,3.0,0,0.0,0.0,0.0,0.0,0.0,0.0,0.0,0.0,0.0,0.0,44.133
703,23.6966,Twilight 19:00,simulation,3.0,1,-2.31819,-0.57303,5.41907,3.41907,-2.31819,-1.57303,2.85957,-0.09741,0.41161,156.0,44.141
704,23.7303,Twilight 19:00,simulation,3.0,1,-2.24404,-0.53031,5.23818,3.23818,-2.24404,-1.53031,-2.63351,-0.05588,-1.11465,162.5,44.131
705,23.764,Twilight 19:00,simulation,3.0,1,-2.32037,-0.52646,5.42418,3.42418,-2.32037,-1.52646,2.85439,-0.09705,0.42274,156.0,44.14
706,23.7978,Twilight 19:00,simulation,3.0,1,-2.26392,-0.49283,5.28444,3.28444,-2.26392,-1.49283,-2.54678,-0.06168,-1.05068,156.0,44.135
707,23.8315,Twilight 19:00,simulation,3.0,1,-2.26392,-0.49283,5.28444,3.28444,-2.26392,-1.49283,-2.54678,-0.06168,-1.05068,156.0,44.135
708,23.8652,Twilight 19:00,simulation,3.0,1,-2.41577,-0.47675,5.63779,3.63779,-2.41577,-1.47675,-2.62846,-0.14838,-0.67841,144.0,44.139
709,23.8989,Twilight 19:00,simulation,3.0,1,-2.41577,-0.47675,5.63779,3.63779,-2.41577,-1.47675,-2.62846,-0.14838,-0.67841,144.0,44.139
710,23.9326,Twilight 19:00,simulation,3.0,1,-2.28494,-0.43194,5.33072,3.33072,-2.28494,-1.43194,3.2268,-0.00643,0.08773,162.5,44.134
711,23.9663,Twilight 19:00,simulation,3.0,1,-2.32508,-0.41741,5.43528,3.43528,-2.32508,-1.41741,2.84096,-0.09614,0.45004,156.0,44.14
712,24.0,Twilight 19:00,simulation,3.0,1,-2.24987,-0.37973,5.2518,3.2518,-2.24987,-1.37973,-2.68397,-0.05767,-1.12452,162.5,44.13
713,24.0337,Twilight 19:00,simulation,3.0,1,-2.24987,-0.37973,5.2518,3.2518,-2.24987,-1.37973,-2.68397,-0.05767,-1.12452,162.5,44.13
714,24.0674,Twilight 19:00,simulation,3.0,1,-2.41979,-0.3844,5.64704,3.64704,-2.41979,-1.3844,2.91146,-0.09949,0.68412,150.0,44.138
715,24.1011,Twilight 19:00,simulation,3.0,0,0.0,0.0,0.0,0.0,0.0,0.0,0.0,0.0,0.0,0.0,44.138
716,24.1348,Twilight 19:00,simulation,3.0,1,-2.28056,-0.32329,5.32049,3.32049,-2.28056,-1.32329,3.22966,-0.00433,0.07875,162.5,44.134
717,24.1685,Twilight 19:00,simulation,3.0,1,-2.32909,-0.30781,5.44476,3.44476,-2.32909,-1.30781,2.82529,-0.09515,0.47908,156.0,44.139
718,24.2022,Twilight 19:00,simulation,3.0,1,-2.32909,-0.30781,5.44476,3.44476,-2.32909,-1.30781,2.82529,-0.09515,0.47908,156.0,44.139
719,24.236,Twilight 19:00,simulation,3.0,1,-2.27929,-0.27722,5.32037,3.32037,-2.27929,-1.27722,2.91499,-0.06023,1.15807,162.5,44.13
720,24.2697,Twilight 19:00,simulation,3.0,1,-2.37496,-0.2643,5.54301,3.54301,-2.37496,-1.2643,-2.69046,-0.10062,-0.85597,150.0,44.139
721,24.3034,Twilight 19:00,simulation,3.0,0,0.0,0.0,0.0,0.0,0.0,0.0,0.0,0.0,0.0,0.0,44.134
722,24.3371,Twilight 19:00,simulation,3.0,0,0.0,0.0,0.0,0.0,0.0,0.0,0.0,0.0,0.0,0.0,44.134
723,24.3708,Twilight 19:00,simulation,3.0,0,0.0,0.0,0.0,0.0,0.0,0.0,0.0,0.0,0.0,0.0,44.134
724,24.4045,Twilight 19:00,simulation,3.0,1,-2.37973,-0.20054,5.55411,3.55411,-2.37973,-1.20054,-2.71264,-0.10094,-0.84725,150.0,44.137
725,24.4382,Twilight 19:00,simulation,3.0,0,0.0,0.0,0.0,0.0,0.0,0.0,0.0,0.0,0.0,0.0,44.13
726,24.4719,Twilight 19:00,simulation,3.0,1,-2.33311,-0.15048,5.45429,3.45429,-2.33311,-1.15048,2.79811,-0.09373,0.52277,156.0,44.139
727,24.5056,Twilight 19:00,simulation,3.0,1,-2.26085,-0.12201,5.27739,3.27739,-2.26085,-1.12201,-2.77244,-0.0599,-1.13929,162.5,44.13
728,24.5393,Twilight 19:00,simulation,3.0,1,-2.26085,-0.12201,5.27739,3.27739,-2.26085,-1.12201,-2.77244,-0.0599,-1.13929,162.5,44.13
729,24.573,Twilight 19:00,simulation,3.0,0,0.0,0.0,0.0,0.0,0.0,0.0,0.0,0.0,0.0,0.0,44.136
730,24.6067,Twilight 19:00,simulation,3.0,0,0.0,0.0,0.0,0.0,0.0,0.0,0.0,0.0,0.0,0.0,44.135
731,24.6404,Twilight 19:00,simulation,3.0,0,0.0,0.0,0.0,0.0,0.0,0.0,0.0,0.0,0.0,0.0,44.135
732,24.6742,Twilight 19:00,simulation,3.0,0,0.0,0.0,0.0,0.0,0.0,0.0,0.0,0.0,0.0,0.0,44.132
733,24.7079,Twilight 19:00,simulation,3.0,1,-2.33441,-0.03898,5.45751,3.45751,-2.33441,-1.03898,3.39028,0.11337,0.70803,156.0,44.137
734,24.7416,Twilight 19:00,simulation,3.0,0,0.0,0.0,0.0,0.0,0.0,0.0,0.0,0.0,0.0,0.0,44.127
735,24.7753,Twilight 19:00,simulation,3.0,0,0.0,0.0,0.0,0.0,0.0,0.0,0.0,0.0,0.0,0.0,44.136
736,24.809,Twilight 19:00,simulation,3.0,1,-2.30075,0.02751,5.37031,3.37031,-2.30075,-0.97249,-2.71777,-0.06981,-1.04711,156.0,44.132
737,24.8427,Twilight 19:00,simulation,3.0,1,-2.30075,0.02751,5.37031,3.37031,-2.30075,-0.97249,-2.71777,-0.06981,-1.04711,156.0,44.132
738,24.8764,Twilight 19:00,simulation,3.0,0,0.0,0.0,0.0,0.0,0.0,0.0,0.0,0.0,0.0,0.0,44.139
739,24.9101,Twilight 19:00,simulation,3.0,0,0.0,0.0,0.0,0.0,0.0,0.0,0.0,0.0,0.0,0.0,44.138
740,24.9438,Twilight 19:00,simulation,3.0,1,-2.26221,0.09152,5.28057,3.28057,-2.26221,-0.90848,2.78309,-0.06007,1.14087,162.5,44.15
741,24.9775,Twilight 19:00,simulation,3.0,1,-2.26221,0.09152,5.28057,3.28057,-2.26221,-0.90848,2.78309,-0.06007,1.14087,162.5,44.15
742,25.0112,Twilight 19:00,simulation,3.0,1,-2.40396,0.12213,5.61042,3.61042,-2.40396,-0.87787,-2.8256,-0.10094,-0.78066,150.0,44.162
743,25.0449,Twilight 19:00,simulation,3.0,1,-2.2728,0.13829,5.30526,3.30526,-2.2728,-0.86171,-2.86463,-0.06064,-1.15189,162.5,44.162
744,25.0787,Twilight 19:00,simulation,3.0,0,0.0,0.0,0.0,0.0,0.0,0.0,0.0,0.0,0.0,0.0,44.173
745,25.1124,Twilight 19:00,simulation,3.0,0,0.0,0.0,0.0,0.0,0.0,0.0,0.0,0.0,0.0,0.0,44.178
746,25.1461,Twilight 19:00,simulation,3.0,0,0.0,0.0,0.0,0.0,0.0,0.0,0.0,0.0,0.0,0.0,44.185
747,25.1798,Twilight 19:00,simulation,3.0,0,0.0,0.0,0.0,0.0,0.0,0.0,0.0,0.0,0.0,0.0,44.185
748,25.2135,Twilight 19:00,simulation,3.0,1,-2.26873,0.24569,5.30291,3.30291,-2.26873,-0.75431,3.16166,0.01636,0.26342,169.0,44.192
749,25.2472,Twilight 19:00,simulation,3.0,1,-2.26873,0.24569,5.30291,3.30291,-2.26873,-0.75431,3.16166,0.01636,0.26342,169.0,44.192
750,25.2809,Twilight 19:00,simulation,3.0,0,0.0,0.0,0.0,0.0,0.0,0.0,0.0,0.0,0.0,0.0,44.206
751,25.3146,Twilight 19:00,simulation,3.0,0,0.0,0.0,0.0,0.0,0.0,0.0,0.0,0.0,0.0,0.0,44.209
752,25.3483,Twilight 19:00,simulation,3.0,0,0.0,0.0,0.0,0.0,0.0,0.0,0.0,0.0,0.0,0.0,44.209
753,25.382,Twilight 19:00,simulation,3.0,0,0.0,0.0,0.0,0.0,0.0,0.0,0.0,0.0,0.0,0.0,44.211
754,25.4157,Twilight 19:00,simulation,3.0,1,-2.32803,0.33918,5.44225,3.44225,-2.32803,-0.66082,3.36461,0.11346,0.55953,156.0,44.21
755,25.4494,Twilight 19:00,simulation,3.0,1,-2.2511,0.34953,5.25466,3.25466,-2.2511,-0.65047,2.69419,-0.058,1.12639,162.5,44.201
756,25.4831,Twilight 19:00,simulation,3.0,1,-2.32631,0.38615,5.43818,3.43818,-2.32631,-0.61385,3.36262,0.11363,0.54311,156.0,44.206
757,25.5169,Twilight 19:00,simulation,3.0,1,-2.28371,0.40086,5.32785,3.32785,-2.28371,-0.59914,-3.22768,-0.00579,-0.08518,162.5,44.2
758,25.5506,Twilight 19:00,simulation,3.0,1,-2.28371,0.40086,5.32785,3.32785,-2.28371,-0.59914,-3.22768,-0.00579,-0.08518,162.5,44.2
759,25.5843,Twilight 19:00,simulation,3.0,1,-2.32444,0.43302,5.43378,3.43378,-2.32444,-0.56698,3.36078,0.11381,0.52726,156.0,44.202
760,25.618,Twilight 19:00,simulation,3.0,0,0.0,0.0,0.0,0.0,0.0,0.0,0.0,0.0,0.0,0.0,44.198
761,25.6517,Twilight 19:00,simulation,3.0,0,0.0,0.0,0.0,0.0,0.0,0.0,0.0,0.0,0.0,0.0,44.198
762,25.6854,Twilight 19:00,simulation,3.0,1,-2.32177,0.49536,5.42749,3.42749,-2.32177,-0.50464,3.35854,0.11404,0.507,156.0,44.199
763,25.7191,Twilight 19:00,simulation,3.0,1,-2.32177,0.49536,5.42749,3.42749,-2.32177,-0.50464,3.35854,0.11404,0.507,156.0,44.199
764,25.7528,Twilight 19:00,simulation,3.0,1,-2.31965,0.542,5.4225,3.4225,-2.31965,-0.458,3.35698,0.11421,0.49246,156.0,44.195
765,25.7865,Twilight 19:00,simulation,3.0,1,-2.31965,0.542,5.4225,3.4225,-2.31965,-0.458,3.35698,0.11421,0.49246,156.0,44.195
766,25.8202,Twilight 19:00,simulation,3.0,1,-2.28962,0.55655,5.34166,3.34166,-2.28962,-0.44345,-3.22273,-0.00929,-0.09759,162.5,44.19
767,25.8539,Twilight 19:00,simulation,3.0,1,-2.28962,0.55655,5.34166,3.34166,-2.28962,-0.44345,-3.22273,-0.00929,-0.09759,162.5,44.19
768,25.8876,Twilight 19:00,simulation,3.0,1,-2.24293,0.56034,5.2356,3.2356,-2.24293,-0.43966,2.62356,-0.05549,1.11258,162.5,44.188
769,25.9213,Twilight 19:00,simulation,3.0,1,-2.24293,0.56034,5.2356,3.2356,-2.24293,-0.43966,2.62356,-0.05549,1.11258,162.5,44.188
770,25.9551,Twilight 19:00,simulation,3.0,1,-2.24293,0.56034,5.2356,3.2356,-2.24293,-0.43966,2.62356,-0.05549,1.11258,162.5,44.188
771,25.9888,Twilight 19:00,simulation,3.0,1,-2.24293,0.56034,5.2356,3.2356,-2.24293,-0.43966,2.62356,-0.05549,1.11258,162.5,44.188
772,26.0225,Twilight 19:00,simulation,3.0,1,-2.24293,0.56034,5.2356,3.2356,-2.24293,-0.43966,2.62356,-0.05549,1.11258,162.5,44.188
773,26.0562,Twilight 19:00,simulation,3.0,1,-2.24293,0.56034,5.2356,3.2356,-2.24293,-0.43966,2.62356,-0.05549,1.11258,162.5,44.188
774,26.0899,Twilight 19:00,simulation,3.0,1,-2.24293,0.56034,5.2356,3.2356,-2.24293,-0.43966,2.62356,-0.05549,1.11258,162.5,44.188
775,26.1236,Twilight 19:00,simulation,3.0,1,-2.24293,0.56034,5.2356,3.2356,-2.24293,-0.43966,2.62356,-0.05549,1.11258,162.5,44.188
776,26.1573,Twilight 19:00,simulation,3.0,1,-2.24293,0.56034,5.2356,3.2356,-2.24293,-0.43966,2.62356,-0.05549,1.11258,162.5,44.188
777,26.191,Twilight 19:00,simulation,3.0,1,-2.24293,0.56034,5.2356,3.2356,-2.24293,-0.43966,2.62356,-0.05549,1.11258,162.5,44.188
778,26.2247,Twilight 19:00,simulation,3.0,1,-2.24293,0.56034,5.2356,3.2356,-2.24293,-0.43966,2.62356,-0.05549,1.11258,162.5,44.188
779,26.2584,Twilight 19:00,simulation,3.0,1,-2.24293,0.56034,5.2356,3.2356,-2.24293,-0.43966,2.62356,-0.05549,1.11258,162.5,44.188
780,26.2921,Twilight 19:00,simulation,3.0,1,-2.24293,0.56034,5.2356,3.2356,-2.24293,-0.43966,2.62356,-0.05549,1.11258,162.5,44.188
781,26.3258,Twilight 19:00,simulation,3.0,1,-2.24293,0.56034,5.2356,3.2356,-2.24293,-0.43966,2.62356,-0.05549,1.11258,162.5,44.188
782,26.3596,Twilight 19:00,simulation,3.0,1,-2.24293,0.56034,5.2356,3.2356,-2.24293,-0.43966,2.62356,-0.05549,1.11258,162.5,44.188
783,26.3933,Twilight 19:00,simulation,3.0,1,-2.24293,0.56034,5.2356,3.2356,-2.24293,-0.43966,2.62356,-0.05549,1.11258,162.5,44.188
784,26.427,Twilight 19:00,simulation,3.0,1,-2.24293,0.56034,5.2356,3.2356,-2.24293,-0.43966,2.62356,-0.05549,1.11258,162.5,44.188
785,26.4607,Twilight 19:00,simulation,3.0,1,-2.24293,0.56034,5.2356,3.2356,-2.24293,-0.43966,2.62356,-0.05549,1.11258,162.5,44.188
786,26.4944,Twilight 19:00,simulation,3.0,1,-2.24293,0.56034,5.2356,3.2356,-2.24293,-0.43966,2.62356,-0.05549,1.11258,162.5,44.188
787,26.5281,Twilight 19:00,simulation,3.0,1,-2.24293,0.56034,5.2356,3.2356,-2.24293,-0.43966,2.62356,-0.05549,1.11258,162.5,44.188
788,26.5618,Twilight 19:00,simulation,3.0,1,-2.24293,0.56034,5.2356,3.2356,-2.24293,-0.43966,2.62356,-0.05549,1.11258,162.5,44.188
789,26.5955,Twilight 19:00,simulation,3.0,1,-2.24293,0.56034,5.2356,3.2356,-2.24293,-0.43966,2.62356,-0.05549,1.11258,162.5,44.188
790,26.6292,Twilight 19:00,simulation,3.0,1,-2.24293,0.56034,5.2356,3.2356,-2.24293,-0.43966,2.62356,-0.05549,1.11258,162.5,44.188
791,26.6629,Twilight 19:00,simulation,3.0,1,-2.24293,0.56034,5.2356,3.2356,-2.24293,-0.43966,2.62356,-0.05549,1.11258,162.5,44.188
792,26.6966,Twilight 19:00,simulation,3.0,1,-2.24293,0.56034,5.2356,3.2356,-2.24293,-0.43966,2.62356,-0.05549,1.11258,162.5,44.188
793,26.7303,Twilight 19:00,simulation,3.0,1,-2.24293,0.56034,5.2356,3.2356,-2.24293,-0.43966,2.62356,-0.05549,1.11258,162.5,44.188
794,26.764,Twilight 19:00,simulation,3.0,1,-2.24293,0.56034,5.2356,3.2356,-2.24293,-0.43966,2.62356,-0.05549,1.11258,162.5,44.188
795,26.7978,Twilight 19:00,simulation,3.0,1,-2.24293,0.56034,5.2356,3.2356,-2.24293,-0.43966,2.62356,-0.05549,1.11258,162.5,44.188
796,26.8315,Twilight 19:00,simulation,3.0,1,-2.24293,0.56034,5.2356,3.2356,-2.24293,-0.43966,2.62356,-0.05549,1.11258,162.5,44.188
797,26.8652,Twilight 19:00,simulation,3.0,1,-2.24293,0.56034,5.2356,3.2356,-2.24293,-0.43966,2.62356,-0.05549,1.11258,162.5,44.188
798,26.8989,Twilight 19:00,simulation,3.0,1,-2.24293,0.56034,5.2356,3.2356,-2.24293,-0.43966,2.62356,-0.05549,1.11258,162.5,44.188
799,26.9326,Twilight 19:00,simulation,3.0,1,-2.24293,0.56034,5.2356,3.2356,-2.24293,-0.43966,2.62356,-0.05549,1.11258,162.5,44.188
800,26.9663,Twilight 19:00,simulation,3.0,1,-2.24293,0.56034,5.2356,3.2356,-2.24293,-0.43966,2.62356,-0.05549,1.11258,162.5,44.188
801,27.0,Twilight 19:00,simulation,3.0,1,-2.24293,0.56034,5.2356,3.2356,-2.24293,-0.43966,2.62356,-0.05549,1.11258,162.5,44.188
802,27.0337,Twilight 19:00,simulation,3.0,1,-2.24293,0.56034,5.2356,3.2356,-2.24293,-0.43966,2.62356,-0.05549,1.11258,162.5,44.188
803,27.0674,Twilight 19:00,simulation,3.0,1,-2.24293,0.56034,5.2356,3.2356,-2.24293,-0.43966,2.62356,-0.05549,1.11258,162.5,44.188
804,27.1011,Twilight 19:00,simulation,3.0,1,-2.24293,0.56034,5.2356,3.2356,-2.24293,-0.43966,2.62356,-0.05549,1.11258,162.5,44.188
805,27.1348,Twilight 19:00,simulation,3.0,1,-2.24293,0.56034,5.2356,3.2356,-2.24293,-0.43966,2.62356,-0.05549,1.11258,162.5,44.188
806,27.1685,Twilight 19:00,simulation,3.0,1,-2.24293,0.56034,5.2356,3.2356,-2.24293,-0.43966,2.62356,-0.05549,1.11258,162.5,44.188
807,27.2022,Twilight 19:00,simulation,3.0,1,-2.24293,0.56034,5.2356,3.2356,-2.24293,-0.43966,2.62356,-0.05549,1.11258,162.5,44.188
808,27.236,Twilight 19:00,simulation,3.0,1,-2.24293,0.56034,5.2356,3.2356,-2.24293,-0.43966,2.62356,-0.05549,1.11258,162.5,44.188
809,27.2697,Twilight 19:00,simulation,3.0,1,-2.24293,0.56034,5.2356,3.2356,-2.24293,-0.43966,2.62356,-0.05549,1.11258,162.5,44.188
810,27.3034,Twilight 19:00,simulation,3.0,1,-2.24293,0.56034,5.2356,3.2356,-2.24293,-0.43966,2.62356,-0.05549,1.11258,162.5,44.188
811,27.3371,Twilight 19:00,simulation,3.0,1,-2.24293,0.56034,5.2356,3.2356,-2.24293,-0.43966,2.62356,-0.05549,1.11258,162.5,44.188
812,27.3708,Twilight 19:00,simulation,3.0,1,-2.24293,0.56034,5.2356,3.2356,-2.24293,-0.43966,2.62356,-0.05549,1.11258,162.5,44.188
813,27.4045,Twilight 19:00,simulation,3.0,1,-2.24293,0.56034,5.2356,3.2356,-2.24293,-0.43966,2.62356,-0.05549,1.11258,162.5,44.188
814,27.4382,Twilight 19:00,simulation,3.0,1,-2.24293,0.56034,5.2356,3.2356,-2.24293,-0.43966,2.62356,-0.05549,1.11258,162.5,44.188
815,27.4719,Twilight 19:00,simulation,3.0,1,-2.24293,0.56034,5.2356,3.2356,-2.24293,-0.43966,2.62356,-0.05549,1.11258,162.5,44.188
816,27.5056,Twilight 19:00,simulation,3.0,1,-2.24293,0.56034,5.2356,3.2356,-2.24293,-0.43966,2.62356,-0.05549,1.11258,162.5,44.188
817,27.5393,Twilight 19:00,simulation,3.0,1,-2.24293,0.56034,5.2356,3.2356,-2.24293,-0.43966,2.62356,-0.05549,1.11258,162.5,44.188
818,27.573,Twilight 19:00,simulation,3.0,1,-2.24293,0.56034,5.2356,3.2356,-2.24293,-0.43966,2.62356,-0.05549,1.11258,162.5,44.188
819,27.6067,Twilight 19:00,simulation,3.0,1,-2.24293,0.56034,5.2356,3.2356,-2.24293,-0.43966,2.62356,-0.05549,1.11258,162.5,44.188
820,27.6404,Twilight 19:00,simulation,3.0,1,-2.24293,0.56034,5.2356,3.2356,-2.24293,-0.43966,2.62356,-0.05549,1.11258,162.5,44.188
821,27.6742,Twilight 19:00,simulation,3.0,1,-2.24293,0.56034,5.2356,3.2356,-2.24293,-0.43966,2.62356,-0.05549,1.11258,162.5,44.188
822,27.7079,Twilight 19:00,simulation,3.0,1,-2.24293,0.56034,5.2356,3.2356,-2.24293,-0.43966,2.62356,-0.05549,1.11258,162.5,44.188
823,27.7416,Twilight 19:00,simulation,3.0,1,-2.24293,0.56034,5.2356,3.2356,-2.24293,-0.43966,2.62356,-0.05549,1.11258,162.5,44.188
824,27.7753,Twilight 19:00,simulation,3.0,1,-2.24293,0.56034,5.2356,3.2356,-2.24293,-0.43966,2.62356,-0.05549,1.11258,162.5,44.188
825,27.809,Twilight 19:00,simulation,3.0,1,-2.24293,0.56034,5.2356,3.2356,-2.24293,-0.43966,2.62356,-0.05549,1.11258,162.5,44.188
826,27.8427,Twilight 19:00,simulation,3.0,1,-2.24293,0.56034,5.2356,3.2356,-2.24293,-0.43966,2.62356,-0.05549,1.11258,162.5,44.188
827,27.8764,Twilight 19:00,simulation,3.0,1,-2.24293,0.56034,5.2356,3.2356,-2.24293,-0.43966,2.62356,-0.05549,1.11258,162.5,44.188
828,27.9101,Twilight 19:00,simulation,3.0,1,-2.24293,0.56034,5.2356,3.2356,-2.24293,-0.43966,2.62356,-0.05549,1.11258,162.5,44.188
829,27.9438,Twilight 19:00,simulation,3.0,1,-2.24293,0.56034,5.2356,3.2356,-2.24293,-0.43966,2.62356,-0.05549,1.11258,162.5,44.188
830,27.9775,Twilight 19:00,simulation,3.0,1,-2.24293,0.56034,5.2356,3.2356,-2.24293,-0.43966,2.62356,-0.05549,1.11258,162.5,44.188
831,28.0112,Twilight 19:00,simulation,3.0,1,-2.24293,0.56034,5.2356,3.2356,-2.24293,-0.43966,2.62356,-0.05549,1.11258,162.5,44.188
832,28.0449,Twilight 19:00,simulation,3.0,1,-2.24293,0.56034,5.2356,3.2356,-2.24293,-0.43966,2.62356,-0.05549,1.11258,162.5,44.188
833,28.0787,Twilight 19:00,simulation,3.0,1,-2.24293,0.56034,5.2356,3.2356,-2.24293,-0.43966,2.62356,-0.05549,1.11258,162.5,44.188
834,28.1124,Twilight 19:00,simulation,3.0,1,-2.24293,0.56034,5.2356,3.2356,-2.24293,-0.43966,2.62356,-0.05549,1.11258,162.5,44.188
835,28.1461,Twilight 19:00,simulation,3.0,1,-2.18321,0.54499,5.08428,3.08428,-2.18321,-0.45501,3.34745,0.01138,0.05421,169.0,44.189
836,28.1798,Twilight 19:00,simulation,3.0,1,-2.4704,0.62027,5.71265,3.71265,-2.4704,-0.37973,3.18892,0.0311,0.22708,144.0,44.195
837,28.2135,Twilight 19:00,simulation,3.0,0,0.0,0.0,0.0,0.0,0.0,0.0,0.0,0.0,0.0,0.0,44.191
838,28.2472,Twilight 19:00,simulation,3.0,1,-2.37386,0.59014,5.43234,3.43234,-2.37386,-0.40986,3.34748,0.11346,0.48253,156.0,44.192
839,28.2809,Twilight 19:00,simulation,3.0,0,0.0,0.0,0.0,0.0,0.0,0.0,0.0,0.0,0.0,0.0,44.191
840,28.3146,Twilight 19:00,simulation,3.0,0,0.0,0.0,0.0,0.0,0.0,0.0,0.0,0.0,0.0,0.0,44.191
841,28.3483,Twilight 19:00,simulation,3.0,0,0.0,0.0,0.0,0.0,0.0,0.0,0.0,0.0,0.0,0.0,44.191
842,28.382,Twilight 19:00,simulation,3.0,1,-2.338,0.58046,5.27559,3.27559,-2.338,-0.41954,3.18604,0.03024,0.22118,169.0,44.19
843,28.4157,Twilight 19:00,simulation,3.0,1,-2.338,0.58046,5.27559,3.27559,-2.338,-0.41954,3.18604,0.03024,0.22118,169.0,44.19
844,28.4494,Twilight 19:00,simulation,3.0,0,0.0,0.0,0.0,0.0,0.0,0.0,0.0,0.0,0.0,0.0,44.188
845,28.4831,Twilight 19:00,simulation,3.0,1,-2.35457,0.58055,5.27645,3.27645,-2.35457,-0.41945,3.18516,0.02994,0.21981,169.0,44.191
846,28.5169,Twilight 19:00,simulation,3.0,0,0.0,0.0,0.0,0.0,0.0,0.0,0.0,0.0,0.0,0.0,44.19
847,28.5506,Twilight 19:00,simulation,3.0,0,0.0,0.0,0.0,0.0,0.0,0.0,0.0,0.0,0.0,0.0,44.187
848,28.5843,Twilight 19:00,simulation,3.0,1,-2.38703,0.59585,5.27664,3.27664,-2.38703,-0.40415,3.18436,0.02989,0.21566,169.0,44.19
849,28.618,Twilight 19:00,simulation,3.0,1,-2.38703,0.59585,5.27664,3.27664,-2.38703,-0.40415,3.18436,0.02989,0.21566,169.0,44.19
850,28.6517,Twilight 19:00,simulation,3.0,1,-2.40358,0.59594,5.27743,3.27743,-2.40358,-0.40406,3.18354,0.0296,0.21433,169.0,44.189
851,28.6854,Twilight 19:00,simulation,3.0,0,0.0,0.0,0.0,0.0,0.0,0.0,0.0,0.0,0.0,0.0,44.188
852,28.7191,Twilight 19:00,simulation,3.0,1,-2.31059,0.57272,5.0388,3.0388,-2.31059,-0.42728,3.22613,0.06161,0.01081,175.5,44.19
853,28.7528,Twilight 19:00,simulation,3.0,0,0.0,0.0,0.0,0.0,0.0,0.0,0.0,0.0,0.0,0.0,44.187
854,28.7865,Twilight 19:00,simulation,3.0,0,0.0,0.0,0.0,0.0,0.0,0.0,0.0,0.0,0.0,0.0,44.187
855,28.8202,Twilight 19:00,simulation,3.0,1,-2.26993,0.56059,4.90153,2.90153,-2.26993,-0.43941,3.18199,0.02914,0.21021,196.0,44.183
856,28.8539,Twilight 19:00,simulation,3.0,1,-2.45255,0.61131,5.27831,3.27831,-2.45255,-0.38869,3.18207,0.02929,0.20911,169.0,44.193
857,28.8876,Twilight 19:00,simulation,3.0,1,-2.46908,0.61139,5.27903,3.27903,-2.46908,-0.38861,3.18133,0.02903,0.20784,169.0,44.192
858,28.9213,Twilight 19:00,simulation,3.0,1,-2.31067,0.57414,4.92432,2.92432,-2.31067,-0.42586,3.30443,0.10925,0.23154,189.0,44.186
859,28.9551,Twilight 19:00,simulation,3.0,1,-2.31067,0.57414,4.92432,2.92432,-2.31067,-0.42586,3.30443,0.10925,0.23154,189.0,44.186
860,28.9888,Twilight 19:00,simulation,3.0,1,-2.31538,0.57486,4.90225,2.90225,-2.31538,-0.42514,3.18064,0.02886,0.20519,196.0,44.183
861,29.0225,Twilight 19:00,simulation,3.0,1,-2.31538,0.57486,4.90225,2.90225,-2.31538,-0.42514,3.18064,0.02886,0.20519,196.0,44.183
862,29.0562,Twilight 19:00,simulation,3.0,1,-2.33072,0.57494,4.90288,2.90288,-2.33072,-0.42506,3.17994,0.02861,0.20395,196.0,44.181
863,29.0899,Twilight 19:00,simulation,3.0,1,-2.34605,0.57501,4.9035,2.9035,-2.34605,-0.42499,3.17927,0.02836,0.20273,196.0,44.18
864,29.1236,Twilight 19:00,simulation,3.0,1,-2.34605,0.57501,4.9035,2.9035,-2.34605,-0.42499,3.17927,0.02836,0.20273,196.0,44.18
865,29.1573,Twilight 19:00,simulation,3.0,1,-2.3608,0.58913,4.90289,2.90289,-2.3608,-0.41087,3.1794,0.02861,0.20039,196.0,44.183
866,29.191,Twilight 19:00,simulation,3.0,0,0.0,0.0,0.0,0.0,0.0,0.0,0.0,0.0,0.0,0.0,44.185
867,29.2247,Twilight 19:00,simulation,3.0,1,-2.37613,0.5892,4.90349,2.90349,-2.37613,-0.4108,3.17875,0.02837,0.19921,196.0,44.18
868,29.2584,Twilight 19:00,simulation,3.0,1,-2.39146,0.58927,4.90407,2.90407,-2.39146,-0.41073,3.17812,0.02813,0.19803,196.0,44.18
869,29.2921,Twilight 19:00,simulation,3.0,1,-2.39146,0.58927,4.90407,2.90407,-2.39146,-0.41073,3.17812,0.02813,0.19803,196.0,44.18
870,29.3258,Twilight 19:00,simulation,3.0,1,-2.27586,0.56033,4.60844,2.60844,-2.27586,-0.43967,3.13653,-0.00389,-0.03264,210.0,44.174
871,29.3596,Twilight 19:00,simulation,3.0,1,-2.27586,0.56033,4.60844,2.60844,-2.27586,-0.43967,3.13653,-0.00389,-0.03264,210.0,44.174
872,29.3933,Twilight 19:00,simulation,3.0,1,-2.26744,0.5567,4.57784,2.57784,-2.26744,-0.4433,3.17696,0.02777,0.19448,225.0,44.176
873,29.427,Twilight 19:00,simulation,3.0,1,-2.37558,0.58686,4.76728,2.76728,-2.37558,-0.41314,3.27365,0.09181,0.44154,210.0,44.182
874,29.4607,Twilight 19:00,simulation,3.0,1,-2.37558,0.58686,4.76728,2.76728,-2.37558,-0.41314,3.27365,0.09181,0.44154,210.0,44.182
875,29.4944,Twilight 19:00,simulation,3.0,1,-2.3919,0.58728,4.77068,2.77068,-2.3919,-0.41272,3.27132,0.09114,0.441,210.0,44.185
876,29.5281,Twilight 19:00,simulation,3.0,1,-2.31828,0.57367,4.60847,2.60847,-2.31828,-0.42633,3.13659,-0.00391,-0.03205,210.0,44.181
877,29.5618,Twilight 19:00,simulation,3.0,1,-2.30979,0.57001,4.57827,2.57827,-2.30979,-0.42999,3.17597,0.02758,0.19016,225.0,44.173
878,29.5955,Twilight 19:00,simulation,3.0,1,-2.32407,0.57007,4.57874,2.57874,-2.32407,-0.42993,3.17543,0.02737,0.18907,225.0,44.172
879,29.6292,Twilight 19:00,simulation,3.0,0,0.0,0.0,0.0,0.0,0.0,0.0,0.0,0.0,0.0,0.0,44.176
880,29.6629,Twilight 19:00,simulation,3.0,0,0.0,0.0,0.0,0.0,0.0,0.0,0.0,0.0,0.0,0.0,44.176
881,29.6966,Twilight 19:00,simulation,3.0,0,0.0,0.0,0.0,0.0,0.0,0.0,0.0,0.0,0.0,0.0,44.173
882,29.7303,Twilight 19:00,simulation,3.0,1,-2.3664,0.58336,4.5791,2.5791,-2.3664,-0.41664,3.17454,0.02721,0.18499,225.0,44.174
883,29.764,Twilight 19:00,simulation,3.0,0,0.0,0.0,0.0,0.0,0.0,0.0,0.0,0.0,0.0,0.0,44.171
884,29.7978,Twilight 19:00,simulation,3.0,1,-2.33572,0.57101,4.48053,2.48053,-2.33572,-0.42899,3.25038,0.08243,0.41576,240.0,44.168
885,29.8315,Twilight 19:00,simulation,3.0,1,-2.33572,0.57101,4.48053,2.48053,-2.33572,-0.42899,3.25038,0.08243,0.41576,240.0,44.168
886,29.8652,Twilight 19:00,simulation,3.0,1,-2.25166,0.55319,4.29342,2.29342,-2.25166,-0.44681,3.17361,0.02691,0.18188,256.0,44.162
887,29.8989,Twilight 19:00,simulation,3.0,1,-2.26504,0.55324,4.29381,2.29381,-2.26504,-0.44676,3.17314,0.02671,0.18087,256.0,44.16
888,29.9326,Twilight 19:00,simulation,3.0,1,-2.26504,0.55324,4.29381,2.29381,-2.26504,-0.44676,3.17314,0.02671,0.18087,256.0,44.16
889,29.9663,Twilight 19:00,simulation,3.0,1,-2.39485,0.58497,4.4883,2.4883,-2.39485,-0.41503,3.24359,0.08035,0.40771,240.0,44.169
890,30.0,Twilight 19:00,simulation,3.0,1,-2.39485,0.58497,4.4883,2.4883,-2.39485,-0.41503,3.24359,0.08035,0.40771,240.0,44.169
891,30.0337,Twilight 19:00,simulation,3.0,1,-2.32767,0.57191,4.34285,2.34285,-2.32767,-0.42809,3.08101,0.00791,0.09872,248.0,44.163
892,30.0674,Twilight 19:00,simulation,3.0,1,-2.31806,0.56575,4.29444,2.29444,-2.31806,-0.43425,3.17195,0.0264,0.17619,256.0,44.16
893,30.1011,Twilight 19:00,simulation,3.0,1,-2.33143,0.5658,4.2948,2.2948,-2.33143,-0.4342,3.17152,0.02621,0.17524,256.0,44.159
894,30.1348,Twilight 19:00,simulation,3.0,1,-2.33143,0.5658,4.2948,2.2948,-2.33143,-0.4342,3.17152,0.02621,0.17524,256.0,44.159
895,30.1685,Twilight 19:00,simulation,3.0,1,-2.36747,0.57187,4.34255,2.34255,-2.36747,-0.42813,3.08213,0.0078,0.09665,248.0,44.158
896,30.2022,Twilight 19:00,simulation,3.0,1,-2.31112,0.56863,4.22223,2.22223,-2.31112,-0.43137,3.2314,0.07427,0.3838,272.0,44.154
897,30.236,Twilight 19:00,simulation,3.0,1,-2.32512,0.56888,4.22414,2.22414,-2.32512,-0.43112,3.2298,0.07365,0.38243,272.0,44.152
898,30.2697,Twilight 19:00,simulation,3.0,1,-2.32512,0.56888,4.22414,2.22414,-2.32512,-0.43112,3.2298,0.07365,0.38243,272.0,44.152
899,30.3034,Twilight 19:00,simulation,3.0,1,-2.33911,0.56913,4.226,2.226,-2.33911,-0.43087,3.22823,0.07303,0.38104,272.0,44.149
900,30.3371,Twilight 19:00,simulation,3.0,1,-2.25019,0.55011,4.0424,2.0424,-2.25019,-0.44989,3.17053,0.02605,0.16994,289.0,44.141
901,30.3708,Twilight 19:00,simulation,3.0,1,-2.25019,0.55011,4.0424,2.0424,-2.25019,-0.44989,3.17053,0.02605,0.16994,289.0,44.141
902,30.4045,Twilight 19:00,simulation,3.0,1,-2.25019,0.55011,4.0424,2.0424,-2.25019,-0.44989,3.17053,0.02605,0.16994,289.0,44.141
903,30.4382,Twilight 19:00,simulation,3.0,1,-2.25019,0.55011,4.0424,2.0424,-2.25019,-0.44989,3.17053,0.02605,0.16994,289.0,44.141
904,30.4719,Twilight 19:00,simulation,3.0,1,-2.25019,0.55011,4.0424,2.0424,-2.25019,-0.44989,3.17053,0.02605,0.16994,289.0,44.141
905,30.5056,Twilight 19:00,simulation,3.0,1,-2.25019,0.55011,4.0424,2.0424,-2.25019,-0.44989,3.17053,0.02605,0.16994,289.0,44.141
906,30.5393,Twilight 19:00,simulation,3.0,1,-2.25019,0.55011,4.0424,2.0424,-2.25019,-0.44989,3.17053,0.02605,0.16994,289.0,44.141
907,30.573,Twilight 19:00,simulation,3.0,1,-2.25019,0.55011,4.0424,2.0424,-2.25019,-0.44989,3.17053,0.02605,0.16994,289.0,44.141
908,30.6067,Twilight 19:00,simulation,3.0,1,-2.25019,0.55011,4.0424,2.0424,-2.25019,-0.44989,3.17053,0.02605,0.16994,289.0,44.141
909,30.6404,Twilight 19:00,simulation,3.0,1,-2.25019,0.55011,4.0424,2.0424,-2.25019,-0.44989,3.17053,0.02605,0.16994,289.0,44.141
910,30.6742,Twilight 19:00,simulation,3.0,1,-2.25019,0.55011,4.0424,2.0424,-2.25019,-0.44989,3.17053,0.02605,0.16994,289.0,44.141
911,30.7079,Twilight 19:00,simulation,3.0,1,-2.25019,0.55011,4.0424,2.0424,-2.25019,-0.44989,3.17053,0.02605,0.16994,289.0,44.141
912,30.7416,Twilight 19:00,simulation,3.0,1,-2.25019,0.55011,4.0424,2.0424,-2.25019,-0.44989,3.17053,0.02605,0.16994,289.0,44.141
913,30.7753,Twilight 19:00,simulation,3.0,1,-2.25019,0.55011,4.0424,2.0424,-2.25019,-0.44989,3.17053,0.02605,0.16994,289.0,44.141
914,30.809,Twilight 19:00,simulation,3.0,1,-2.25019,0.55011,4.0424,2.0424,-2.25019,-0.44989,3.17053,0.02605,0.16994,289.0,44.141
915,30.8427,Twilight 19:00,simulation,3.0,1,-2.25019,0.55011,4.0424,2.0424,-2.25019,-0.44989,3.17053,0.02605,0.16994,289.0,44.141
916,30.8764,Twilight 19:00,simulation,3.0,1,-2.25019,0.55011,4.0424,2.0424,-2.25019,-0.44989,3.17053,0.02605,0.16994,289.0,44.141
917,30.9101,Twilight 19:00,simulation,3.0,1,-2.25019,0.55011,4.0424,2.0424,-2.25019,-0.44989,3.17053,0.02605,0.16994,289.0,44.141
918,30.9438,Twilight 19:00,simulation,3.0,1,-2.25019,0.55011,4.0424,2.0424,-2.25019,-0.44989,3.17053,0.02605,0.16994,289.0,44.141
919,30.9775,Twilight 19:00,simulation,3.0,1,-2.25019,0.55011,4.0424,2.0424,-2.25019,-0.44989,3.17053,0.02605,0.16994,289.0,44.141
920,31.0112,Twilight 19:00,simulation,3.0,1,-2.25019,0.55011,4.0424,2.0424,-2.25019,-0.44989,3.17053,0.02605,0.16994,289.0,44.141
921,31.0449,Twilight 19:00,simulation,3.0,1,-2.25019,0.55011,4.0424,2.0424,-2.25019,-0.44989,3.17053,0.02605,0.16994,289.0,44.141
922,31.0787,Twilight 19:00,simulation,3.0,1,-2.25019,0.55011,4.0424,2.0424,-2.25019,-0.44989,3.17053,0.02605,0.16994,289.0,44.141
923,31.1124,Twilight 19:00,simulation,3.0,1,-2.25019,0.55011,4.0424,2.0424,-2.25019,-0.44989,3.17053,0.02605,0.16994,289.0,44.141
924,31.1461,Twilight 19:00,simulation,3.0,1,-2.25019,0.55011,4.0424,2.0424,-2.25019,-0.44989,3.17053,0.02605,0.16994,289.0,44.141
925,31.1798,Twilight 19:00,simulation,3.0,1,-2.25019,0.55011,4.0424,2.0424,-2.25019,-0.44989,3.17053,0.02605,0.16994,289.0,44.141
926,31.2135,Twilight 19:00,simulation,3.0,1,-2.25019,0.55011,4.0424,2.0424,-2.25019,-0.44989,3.17053,0.02605,0.16994,289.0,44.141
927,31.2472,Twilight 19:00,simulation,3.0,1,-2.25019,0.55011,4.0424,2.0424,-2.25019,-0.44989,3.17053,0.02605,0.16994,289.0,44.141
928,31.2809,Twilight 19:00,simulation,3.0,1,-2.25019,0.55011,4.0424,2.0424,-2.25019,-0.44989,3.17053,0.02605,0.16994,289.0,44.141
929,31.3146,Twilight 19:00,simulation,3.0,1,-2.25019,0.55011,4.0424,2.0424,-2.25019,-0.44989,3.17053,0.02605,0.16994,289.0,44.141
930,31.3483,Twilight 19:00,simulation,3.0,1,-2.25019,0.55011,4.0424,2.0424,-2.25019,-0.44989,3.17053,0.02605,0.16994,289.0,44.141
931,31.382,Twilight 19:00,simulation,3.0,1,-2.25019,0.55011,4.0424,2.0424,-2.25019,-0.44989,3.17053,0.02605,0.16994,289.0,44.141
932,31.4157,Twilight 19:00,simulation,3.0,1,-2.25019,0.55011,4.0424,2.0424,-2.25019,-0.44989,3.17053,0.02605,0.16994,289.0,44.141
933,31.4494,Twilight 19:00,simulation,3.0,1,-2.25019,0.55011,4.0424,2.0424,-2.25019,-0.44989,3.17053,0.02605,0.16994,289.0,44.141
934,31.4831,Twilight 19:00,simulation,3.0,1,-2.25019,0.55011,4.0424,2.0424,-2.25019,-0.44989,3.17053,0.02605,0.16994,289.0,44.141
935,31.5169,Twilight 19:00,simulation,3.0,1,-2.25019,0.55011,4.0424,2.0424,-2.25019,-0.44989,3.17053,0.02605,0.16994,289.0,44.141
936,31.5506,Twilight 19:00,simulation,3.0,1,-2.25019,0.55011,4.0424,2.0424,-2.25019,-0.44989,3.17053,0.02605,0.16994,289.0,44.141
937,31.5843,Twilight 19:00,simulation,3.0,1,-2.25019,0.55011,4.0424,2.0424,-2.25019,-0.44989,3.17053,0.02605,0.16994,289.0,44.141
938,31.618,Twilight 19:00,simulation,3.0,1,-2.25019,0.55011,4.0424,2.0424,-2.25019,-0.44989,3.17053,0.02605,0.16994,289.0,44.141
939,31.6517,Twilight 19:00,simulation,3.0,1,-2.25019,0.55011,4.0424,2.0424,-2.25019,-0.44989,3.17053,0.02605,0.16994,289.0,44.141
940,31.6854,Twilight 19:00,simulation,3.0,1,-2.25019,0.55011,4.0424,2.0424,-2.25019,-0.44989,3.17053,0.02605,0.16994,289.0,44.141
941,31.7191,Twilight 19:00,simulation,3.0,1,-2.25019,0.55011,4.0424,2.0424,-2.25019,-0.44989,3.17053,0.02605,0.16994,289.0,44.141
942,31.7528,Twilight 19:00,simulation,3.0,1,-2.25019,0.55011,4.0424,2.0424,-2.25019,-0.44989,3.17053,0.02605,0.16994,289.0,44.141
