frame,time_s,scenario,target_lux,detected,est_x,est_y,est_z,err_x,err_y,err_z,rot_x,rot_y,rot_z,marker_area_px,frame_brightness
0,0.0,Midnight 00:00,0.1,1,-0.008,0.00822,2.62928,0.62928,-0.008,-0.99178,3.20785,0.00017,0.00344,625.0,6.933
1,0.0335,Midnight 00:00,0.1,1,-0.008,0.00822,2.62928,0.62928,-0.008,-0.99178,3.20785,0.00017,0.00344,625.0,6.933
2,0.067,Midnight 00:00,0.1,1,-0.008,0.00822,2.62928,0.62928,-0.008,-0.99178,3.20785,0.00017,0.00344,625.0,6.933
3,0.1006,Midnight 00:00,0.1,1,-0.008,0.00822,2.62928,0.62928,-0.008,-0.99178,3.20785,0.00017,0.00344,625.0,6.933
4,0.1341,Midnight 00:00,0.1,1,-0.008,0.00822,2.62928,0.62928,-0.008,-0.99178,3.20785,0.00017,0.00344,625.0,6.933
5,0.1676,Midnight 00:00,0.1,1,-0.008,0.00822,2.62928,0.62928,-0.008,-0.99178,3.20785,0.00017,0.00344,625.0,6.933
6,0.2011,Midnight 00:00,0.1,1,-0.008,0.00822,2.62928,0.62928,-0.008,-0.99178,3.20785,0.00017,0.00344,625.0,6.933
7,0.2346,Midnight 00:00,0.1,1,-0.008,0.00822,2.62928,0.62928,-0.008,-0.99178,3.20785,0.00017,0.00344,625.0,6.933
8,0.2682,Midnight 00:00,0.1,1,-0.008,0.00822,2.62928,0.62928,-0.008,-0.99178,3.20785,0.00017,0.00344,625.0,6.933
9,0.3017,Midnight 00:00,0.1,1,-0.008,0.00822,2.62928,0.62928,-0.008,-0.99178,3.20785,0.00017,0.00344,625.0,6.933
10,0.3352,Midnight 00:00,0.1,1,-0.008,0.00822,2.62928,0.62928,-0.008,-0.99178,3.20785,0.00017,0.00344,625.0,6.933
11,0.3687,Midnight 00:00,0.1,1,-0.008,0.00822,2.62928,0.62928,-0.008,-0.99178,3.20785,0.00017,0.00344,625.0,6.933
12,0.4022,Midnight 00:00,0.1,1,-0.008,0.00822,2.62928,0.62928,-0.008,-0.99178,3.20785,0.00017,0.00344,625.0,6.933
13,0.4358,Midnight 00:00,0.1,1,-0.008,0.00822,2.62928,0.62928,-0.008,-0.99178,3.20785,0.00017,0.00344,625.0,6.933
14,0.4693,Midnight 00:00,0.1,1,-0.008,0.00822,2.62928,0.62928,-0.008,-0.99178,3.20785,0.00017,0.00344,625.0,6.933
15,0.5028,Midnight 00:00,0.1,1,-0.008,0.00822,2.62928,0.62928,-0.008,-0.99178,3.20785,0.00017,0.00344,625.0,6.933
16,0.5363,Midnight 00:00,0.1,1,-0.008,0.00822,2.62928,0.62928,-0.008,-0.99178,3.20785,0.00017,0.00344,625.0,6.933
17,0.5698,Midnight 00:00,0.1,1,-0.008,0.00822,2.62928,0.62928,-0.008,-0.99178,3.20785,0.00017,0.00344,625.0,6.933
18,0.6034,Midnight 00:00,0.1,1,-0.008,0.00822,2.62928,0.62928,-0.008,-0.99178,3.20785,0.00017,0.00344,625.0,6.933
19,0.6369,Midnight 00:00,0.1,1,-0.008,0.00822,2.62928,0.62928,-0.008,-0.99178,3.20785,0.00017,0.00344,625.0,6.933
20,0.6704,Midnight 00:00,0.1,1,-0.008,0.00822,2.62928,0.62928,-0.008,-0.99178,3.20785,0.00017,0.00344,625.0,6.933
21,0.7039,Midnight 00:00,0.1,1,-0.008,0.00822,2.62928,0.62928,-0.008,-0.99178,3.20785,0.00017,0.00344,625.0,6.933
22,0.7374,Midnight 00:00,0.1,1,-0.008,0.00822,2.62928,0.62928,-0.008,-0.99178,3.20785,0.00017,0.00344,625.0,6.933
23,0.7709,Midnight 00:00,0.1,1,-0.008,0.00822,2.62928,0.62928,-0.008,-0.99178,3.20785,0.00017,0.00344,625.0,6.933
24,0.8045,Midnight 00:00,0.1,1,-0.008,0.00822,2.62928,0.62928,-0.008,-0.99178,3.20785,0.00017,0.00344,625.0,6.933
25,0.838,Midnight 00:00,0.1,1,-0.008,0.00822,2.62928,0.62928,-0.008,-0.99178,3.20785,0.00017,0.00344,625.0,6.933
26,0.8715,Midnight 00:00,0.1,1,-0.008,0.00822,2.62928,0.62928,-0.008,-0.99178,3.20785,0.00017,0.00344,625.0,6.933
27,0.905,Midnight 00:00,0.1,1,-0.008,0.00822,2.62928,0.62928,-0.008,-0.99178,3.20785,0.00017,0.00344,625.0,6.933
28,0.9385,Midnight 00:00,0.1,1,-0.008,0.00822,2.62928,0.62928,-0.008,-0.99178,3.20785,0.00017,0.00344,625.0,6.933
29,0.9721,Midnight 00:00,0.1,1,-0.008,0.00822,2.62928,0.62928,-0.008,-0.99178,3.20785,0.00017,0.00344,625.0,6.933
30,1.0056,Midnight 00:00,0.1,1,-0.008,0.00822,2.62928,0.62928,-0.008,-0.99178,3.20785,0.00017,0.00344,625.0,6.933
31,1.0391,Midnight 00:00,0.1,1,-0.008,0.00822,2.62928,0.62928,-0.008,-0.99178,3.20785,0.00017,0.00344,625.0,6.933
32,1.0726,Midnight 00:00,0.1,1,-0.008,0.00822,2.62928,0.62928,-0.008,-0.99178,3.20785,0.00017,0.00344,625.0,6.933
33,1.1061,Midnight 00:00,0.1,1,-0.008,0.00822,2.62928,0.62928,-0.008,-0.99178,3.20785,0.00017,0.00344,625.0,6.933
34,1.1397,Midnight 00:00,0.1,1,-0.008,0.00822,2.62928,0.62928,-0.008,-0.99178,3.20785,0.00017,0.00344,625.0,6.933
35,1.1732,Midnight 00:00,0.1,1,-0.008,0.00822,2.62928,0.62928,-0.008,-0.99178,3.20785,0.00017,0.00344,625.0,6.933
36,1.2067,Midnight 00:00,0.1,1,-0.008,0.00822,2.62928,0.62928,-0.008,-0.99178,3.20785,0.00017,0.00344,625.0,6.933
37,1.2402,Midnight 00:00,0.1,1,-0.008,0.00822,2.62928,0.62928,-0.008,-0.99178,3.20785,0.00017,0.00344,625.0,6.933
38,1.2737,Midnight 00:00,0.1,1,-0.008,0.00822,2.62928,0.62928,-0.008,-0.99178,3.20785,0.00017,0.00344,625.0,6.933
39,1.3073,Midnight 00:00,0.1,1,-0.008,0.00822,2.62928,0.62928,-0.008,-0.99178,3.20785,0.00017,0.00344,625.0,6.933
40,1.3408,Midnight 00:00,0.1,1,-0.008,0.00822,2.62928,0.62928,-0.008,-0.99178,3.20785,0.00017,0.00344,625.0,6.933
41,1.3743,Midnight 00:00,0.1,1,-0.008,0.00822,2.62928,0.62928,-0.008,-0.99178,3.20785,0.00017,0.00344,625.0,6.933
42,1.4078,Midnight 00:00,0.1,1,-0.008,0.00822,2.62928,0.62928,-0.008,-0.99178,3.20785,0.00017,0.00344,625.0,6.933
43,1.4413,Midnight 00:00,0.1,1,-0.008,0.00822,2.62928,0.62928,-0.008,-0.99178,3.20785,0.00017,0.00344,625.0,6.933
44,1.4749,Midnight 00:00,0.1,1,-0.008,0.00822,2.62928,0.62928,-0.008,-0.99178,3.20785,0.00017,0.00344,625.0,6.933
45,1.5084,Midnight 00:00,0.1,1,-0.008,0.00822,2.62928,0.62928,-0.008,-0.99178,3.20785,0.00017,0.00344,625.0,6.933
46,1.5419,Midnight 00:00,0.1,1,-0.008,0.00822,2.62928,0.62928,-0.008,-0.99178,3.20785,0.00017,0.00344,625.0,6.933
47,1.5754,Midnight 00:00,0.1,1,-0.008,0.00822,2.62928,0.62928,-0.008,-0.99178,3.20785,0.00017,0.00344,625.0,6.933
48,1.6089,Midnight 00:00,0.1,1,-0.008,0.00822,2.62928,0.62928,-0.008,-0.99178,3.20785,0.00017,0.00344,625.0,6.933
49,1.6425,Midnight 00:00,0.1,1,-0.008,0.00822,2.62928,0.62928,-0.008,-0.99178,3.20785,0.00017,0.00344,625.0,6.933
50,1.676,Midnight 00:00,0.1,1,-0.008,0.00822,2.62928,0.62928,-0.008,-0.99178,3.20785,0.00017,0.00344,625.0,6.933
51,1.7095,Midnight 00:00,0.1,1,-0.008,0.00822,2.62928,0.62928,-0.008,-0.99178,3.20785,0.00017,0.00344,625.0,6.933
52,1.743,Midnight 00:00,0.1,1,-0.008,0.00822,2.62928,0.62928,-0.008,-0.99178,3.20785,0.00017,0.00344,625.0,6.933
53,1.7765,Midnight 00:00,0.1,1,-0.008,0.00822,2.62928,0.62928,-0.008,-0.99178,3.20785,0.00017,0.00344,625.0,6.933
54,1.8101,Midnight 00:00,0.1,1,-0.008,0.00822,2.62928,0.62928,-0.008,-0.99178,3.20785,0.00017,0.00344,625.0,6.933
55,1.8436,Midnight 00:00,0.1,1,-0.008,0.00822,2.62928,0.62928,-0.008,-0.99178,3.20785,0.00017,0.00344,625.0,6.933
56,1.8771,Midnight 00:00,0.1,1,-0.008,0.00822,2.62928,0.62928,-0.008,-0.99178,3.20785,0.00017,0.00344,625.0,6.933
57,1.9106,Midnight 00:00,0.1,1,-0.008,0.00822,2.62928,0.62928,-0.008,-0.99178,3.20785,0.00017,0.00344,625.0,6.933
58,1.9441,Midnight 00:00,0.1,1,-0.008,0.00822,2.62928,0.62928,-0.008,-0.99178,3.20785,0.00017,0.00344,625.0,6.933
59,1.9777,Midnight 00:00,0.1,1,-0.02103,0.008,2.64332,0.64332,-0.02103,-0.992,3.11489,-0.0006,-0.38639,600.0,7.053
60,2.0112,Midnight 00:00,0.1,1,-0.03201,0.00822,2.62946,0.62946,-0.03201,-0.99178,3.20678,0.00066,0.01368,625.0,6.961
61,2.0447,Midnight 00:00,0.1,1,-0.04803,0.00821,2.6297,0.6297,-0.04803,-0.99179,3.20533,0.00097,0.02036,625.0,7.015
62,2.0782,Midnight 00:00,0.1,1,-0.06125,0.008,2.64305,0.64305,-0.06125,-0.992,3.11762,-0.0006,-0.36514,600.0,7.056
63,2.1117,Midnight 00:00,0.1,1,-0.07206,0.0082,2.63022,0.63022,-0.07206,-0.9918,3.20195,0.00137,0.03,625.0,6.941
64,2.1453,Midnight 00:00,0.1,1,-0.08537,0.008,2.6429,0.6429,-0.08537,-0.992,3.11912,-0.0006,-0.35303,600.0,7.056
65,2.1788,Midnight 00:00,0.1,1,-0.08537,0.008,2.6429,0.6429,-0.08537,-0.992,3.11912,-0.0006,-0.35303,600.0,7.056
66,2.2123,Midnight 00:00,0.1,1,-0.1095,0.008,2.64274,0.64274,-0.1095,-0.992,3.12051,-0.0006,-0.34139,600.0,7.004
67,2.2458,Midnight 00:00,0.1,1,-0.12558,0.008,2.64264,0.64264,-0.12558,-0.992,3.12138,-0.0006,-0.33389,600.0,7.054
68,2.2793,Midnight 00:00,0.1,1,-0.12558,0.008,2.64264,0.64264,-0.12558,-0.992,3.12138,-0.0006,-0.33389,600.0,7.054
69,2.3128,Midnight 00:00,0.1,1,-0.1497,0.008,2.6425,0.6425,-0.1497,-0.992,3.12262,-0.00059,-0.32302,600.0,7.037
70,2.3464,Midnight 00:00,0.1,1,-0.1497,0.008,2.6425,0.6425,-0.1497,-0.992,3.12262,-0.00059,-0.32302,600.0,7.037
71,2.3799,Midnight 00:00,0.1,1,-0.17645,0.00806,2.63443,0.63443,-0.17645,-0.99194,3.1605,0.00112,0.05771,625.0,6.946
72,2.4134,Midnight 00:00,0.1,1,-0.17645,0.00806,2.63443,0.63443,-0.17645,-0.99194,3.1605,0.00112,0.05771,625.0,6.946
73,2.4469,Midnight 00:00,0.1,1,-0.20058,0.00802,2.6352,0.6352,-0.20058,-0.99198,3.15056,0.00066,0.06079,625.0,6.98
74,2.4804,Midnight 00:00,0.1,1,-0.21667,0.00801,2.63561,0.63561,-0.21667,-0.99199,3.14746,0.00051,0.06231,625.0,7.006
75,2.514,Midnight 00:00,0.1,1,-0.2301,0.008,2.64204,0.64204,-0.2301,-0.992,3.12617,-0.00058,-0.28992,600.0,7.056
76,2.5475,Midnight 00:00,0.1,1,-0.24081,0.00801,2.63616,0.63616,-0.24081,-0.99199,3.14506,0.00039,0.06344,625.0,6.944
77,2.581,Midnight 00:00,0.1,1,-0.25422,0.008,2.64192,0.64192,-0.25422,-0.992,3.12708,-0.00057,-0.28088,600.0,7.057
78,2.6145,Midnight 00:00,0.1,1,-0.26539,0.00756,2.63051,0.63051,-0.26539,-0.99244,2.99141,-0.02309,0.45649,612.5,7.018
79,2.648,Midnight 00:00,0.1,1,-0.28106,0.008,2.63693,0.63693,-0.28106,-0.992,3.14333,0.00029,0.06245,625.0,6.984
80,2.6816,Midnight 00:00,0.1,1,-0.29441,0.008,2.64172,0.64172,-0.29441,-0.992,3.12846,-0.00056,-0.26666,600.0,7.061
81,2.7151,Midnight 00:00,0.1,1,-0.30521,0.008,2.63729,0.63729,-0.30521,-0.992,3.14282,0.00026,0.06063,625.0,6.959
82,2.7486,Midnight 00:00,0.1,1,-0.31853,0.008,2.64161,0.64161,-0.31853,-0.992,3.12921,-0.00056,-0.25862,600.0,7.036
83,2.7821,Midnight 00:00,0.1,1,-0.31853,0.008,2.64161,0.64161,-0.31853,-0.992,3.12921,-0.00056,-0.25862,600.0,7.036
84,2.8156,Midnight 00:00,0.1,1,-0.34545,0.008,2.63776,0.63776,-0.34545,-0.992,3.14235,0.00022,0.05664,625.0,6.95
85,2.8492,Midnight 00:00,0.1,1,-0.34545,0.008,2.63776,0.63776,-0.34545,-0.992,3.14235,0.00022,0.05664,625.0,6.953
86,2.8827,Midnight 00:00,0.1,1,-0.3696,0.008,2.63796,0.63796,-0.3696,-0.992,3.14219,0.0002,0.05407,625.0,6.98
87,2.9162,Midnight 00:00,0.1,1,-0.3857,0.008,2.63808,0.63808,-0.3857,-0.992,3.1421,0.00019,0.05237,625.0,6.988
88,2.9497,Midnight 00:00,0.1,1,-0.3989,0.008,2.64126,0.64126,-0.3989,-0.992,3.13137,-0.00053,-0.23422,600.0,7.051
89,2.9832,Midnight 00:00,0.1,1,-0.40984,0.008,2.63823,0.63823,-0.40984,-0.992,3.14201,0.00017,0.04989,625.0,6.941
90,3.0168,Midnight 00:00,0.1,1,-0.42302,0.008,2.64117,0.64117,-0.42302,-0.992,3.13192,-0.00053,-0.22758,600.0,7.045
91,3.0503,Midnight 00:00,0.1,1,-0.42302,0.008,2.64117,0.64117,-0.42302,-0.992,3.13192,-0.00053,-0.22758,600.0,7.045
92,3.0838,Midnight 00:00,0.1,1,-0.43909,0.008,2.64111,0.64111,-0.43909,-0.992,3.13227,-0.00052,-0.22331,600.0,7.035
93,3.1173,Midnight 00:00,0.1,1,-0.4632,0.008,2.64103,0.64103,-0.4632,-0.992,3.13276,-0.00051,-0.21713,600.0,7.058
94,3.1508,Midnight 00:00,0.1,1,-0.47421,0.008,2.6385,0.6385,-0.47421,-0.992,3.14186,0.00015,0.04398,625.0,6.961
95,3.1844,Midnight 00:00,0.1,1,-0.47421,0.008,2.6385,0.6385,-0.47421,-0.992,3.14186,0.00015,0.04398,625.0,6.961
96,3.2179,Midnight 00:00,0.1,1,-0.50339,0.008,2.64089,0.64089,-0.50339,-0.992,3.13352,-0.0005,-0.20741,600.0,7.043
97,3.2514,Midnight 00:00,0.1,1,-0.51444,0.008,2.63862,0.63862,-0.51444,-0.992,3.1418,0.00013,0.04082,625.0,6.945
98,3.2849,Midnight 00:00,0.1,1,-0.5275,0.008,2.64082,0.64082,-0.5275,-0.992,3.13393,-0.00049,-0.20191,600.0,7.036
99,3.3184,Midnight 00:00,0.1,1,-0.53857,0.008,2.63867,0.63867,-0.53857,-0.992,3.14178,0.00013,0.03911,625.0,6.994
100,3.352,Midnight 00:00,0.1,1,-0.53857,0.008,2.63867,0.63867,-0.53857,-0.992,3.14178,0.00013,0.03911,625.0,6.994
101,3.3855,Midnight 00:00,0.1,1,-0.55466,0.008,2.63871,0.63871,-0.55466,-0.992,3.14176,0.00012,0.03804,625.0,6.986
102,3.419,Midnight 00:00,0.1,1,-0.56769,0.008,2.6407,0.6407,-0.56769,-0.992,3.13456,-0.00048,-0.19325,600.0,7.044
103,3.4525,Midnight 00:00,0.1,1,-0.57879,0.008,2.63875,0.63875,-0.57879,-0.992,3.14174,0.00012,0.03653,625.0,6.954
104,3.486,Midnight 00:00,0.1,1,-0.60788,0.008,2.6406,0.6406,-0.60788,-0.992,3.13512,-0.00047,-0.18518,600.0,7.03
105,3.5196,Midnight 00:00,0.1,1,-0.61901,0.008,2.63881,0.63881,-0.61901,-0.992,3.14172,0.00011,0.03425,625.0,6.952
106,3.5531,Midnight 00:00,0.1,1,-0.63199,0.008,2.64054,0.64054,-0.63199,-0.992,3.13543,-0.00046,-0.1806,600.0,7.053
107,3.5866,Midnight 00:00,0.1,1,-0.64314,0.008,2.63884,0.63884,-0.64314,-0.992,3.14171,0.00011,0.03301,625.0,6.98
108,3.6201,Midnight 00:00,0.1,1,-0.65923,0.008,2.63886,0.63886,-0.65923,-0.992,3.1417,0.0001,0.03223,625.0,7.005
109,3.6536,Midnight 00:00,0.1,1,-0.67218,0.008,2.64045,0.64045,-0.67218,-0.992,3.1359,-0.00045,-0.17337,600.0,7.043
110,3.6872,Midnight 00:00,0.1,1,-0.68336,0.008,2.63889,0.63889,-0.68336,-0.992,3.14169,0.0001,0.03112,625.0,6.934
111,3.7207,Midnight 00:00,0.1,1,-0.69629,0.008,2.64039,0.64039,-0.69629,-0.992,3.13616,-0.00044,-0.16927,600.0,7.031
112,3.7542,Midnight 00:00,0.1,1,-0.69629,0.008,2.64039,0.64039,-0.69629,-0.992,3.13616,-0.00044,-0.16927,600.0,7.031
113,3.7877,Midnight 00:00,0.1,1,-0.72358,0.008,2.63892,0.63892,-0.72358,-0.992,3.14168,9e-05,0.02943,625.0,6.972
114,3.8212,Midnight 00:00,0.1,1,-0.73648,0.008,2.64032,0.64032,-0.73648,-0.992,3.13656,-0.00043,-0.16279,600.0,7.038
115,3.8547,Midnight 00:00,0.1,1,-0.74771,0.008,2.63894,0.63894,-0.74771,-0.992,3.14167,9e-05,0.0285,625.0,6.952
116,3.8883,Midnight 00:00,0.1,1,-0.74771,0.008,2.63894,0.63894,-0.74771,-0.992,3.14167,9e-05,0.0285,625.0,6.952
117,3.9218,Midnight 00:00,0.1,1,-0.76059,0.008,2.64027,0.64027,-0.76059,-0.992,3.13678,-0.00042,-0.1591,600.0,7.022
118,3.9553,Midnight 00:00,0.1,1,-0.77667,0.008,2.64024,0.64024,-0.77667,-0.992,3.13692,-0.00042,-0.15672,600.0,7.033
119,3.9888,Midnight 00:00,0.1,1,-0.80078,0.008,2.6402,0.6402,-0.80078,-0.992,3.13712,-0.00041,-0.15327,600.0,7.037
120,4.0223,Midnight 00:00,0.1,1,-0.81205,0.008,2.63898,0.63898,-0.81205,-0.992,3.14166,8e-05,0.02628,625.0,6.983
121,4.0559,Midnight 00:00,0.1,1,-0.82814,0.008,2.63899,0.63899,-0.82814,-0.992,3.14165,8e-05,0.02577,625.0,6.978
122,4.0894,Midnight 00:00,0.1,1,-0.84097,0.008,2.64014,0.64014,-0.84097,-0.992,3.13743,-0.0004,-0.1478,600.0,7.037
123,4.1229,Midnight 00:00,0.1,1,-0.84097,0.008,2.64014,0.64014,-0.84097,-0.992,3.13743,-0.0004,-0.1478,600.0,7.037
124,4.1564,Midnight 00:00,0.1,1,-0.85226,0.008,2.639,0.639,-0.85226,-0.992,3.14165,8e-05,0.02505,625.0,6.932
125,4.1899,Midnight 00:00,0.1,1,-0.89393,-0.01251,2.74413,0.74413,-0.89393,-1.01251,3.11987,-0.00265,0.29397,600.0,7.056
126,4.2235,Midnight 00:00,0.1,1,-0.89393,-0.01251,2.74413,0.74413,-0.89393,-1.01251,3.11987,-0.00265,0.29397,600.0,7.056
127,4.257,Midnight 00:00,0.1,1,-0.89359,-0.0375,2.74307,0.74307,-0.89359,-1.0375,3.10564,-0.00759,0.28919,600.0,7.07
128,4.2905,Midnight 00:00,0.1,1,-0.86029,-0.048,2.63896,0.63896,-0.86029,-1.048,3.14057,-0.00046,0.02473,625.0,7.021
129,4.324,Midnight 00:00,0.1,1,-0.86028,-0.064,2.63893,0.63893,-0.86028,-1.064,3.14026,-0.00061,0.02466,625.0,7.012
130,4.3575,Midnight 00:00,0.1,1,-0.89253,-0.07904,2.73974,0.73974,-0.89253,-1.07904,3.08818,-0.01416,0.27628,600.0,7.069
131,4.3911,Midnight 00:00,0.1,1,-0.89253,-0.07904,2.73974,0.73974,-0.89253,-1.07904,3.08818,-0.01416,0.27628,600.0,7.069
132,4.4246,Midnight 00:00,0.1,1,-0.86026,-0.088,2.63886,0.63886,-0.86026,-1.088,3.13981,-0.00084,0.02453,625.0,6.971
133,4.4581,Midnight 00:00,0.1,1,-0.89174,-0.10389,2.73726,0.73726,-0.89174,-1.10389,3.08091,-0.01721,0.26707,600.0,7.063
134,4.4916,Midnight 00:00,0.1,1,-0.89119,-0.12042,2.73551,0.73551,-0.89119,-1.12042,3.07704,-0.01895,0.26074,600.0,7.046
135,4.5251,Midnight 00:00,0.1,1,-0.89033,-0.14518,2.73281,0.73281,-0.89033,-1.14518,3.07233,-0.02122,0.25121,600.0,7.066
136,4.5587,Midnight 00:00,0.1,1,-0.89033,-0.14518,2.73281,0.73281,-0.89033,-1.14518,3.07233,-0.02122,0.25121,600.0,7.066
137,4.5922,Midnight 00:00,0.1,1,-0.86014,-0.16797,2.63848,0.63848,-0.86014,-1.16797,3.13838,-0.00155,0.0238,625.0,7.028
138,4.6257,Midnight 00:00,0.1,1,-0.86014,-0.16797,2.63848,0.63848,-0.86014,-1.16797,3.13838,-0.00155,0.0238,625.0,7.028
139,4.6592,Midnight 00:00,0.1,1,-0.88888,-0.18631,2.72825,0.72825,-0.88888,-1.18631,3.06662,-0.02428,0.2358,600.0,7.066
140,4.6927,Midnight 00:00,0.1,1,-0.88802,-0.21092,2.72554,0.72554,-0.88802,-1.21092,3.06412,-0.02578,0.22698,600.0,7.082
141,4.7263,Midnight 00:00,0.1,1,-0.86003,-0.21593,2.63816,0.63816,-0.86003,-1.21593,3.13761,-0.00194,0.02319,625.0,7.04
142,4.7598,Midnight 00:00,0.1,1,-0.86003,-0.21593,2.63816,0.63816,-0.86003,-1.21593,3.13761,-0.00194,0.02319,625.0,7.04
143,4.7933,Midnight 00:00,0.1,1,-0.8866,-0.25183,2.7211,0.7211,-0.8866,-1.25183,3.06104,-0.02786,0.21312,600.0,7.083
144,4.8268,Midnight 00:00,0.1,1,-0.8866,-0.25183,2.7211,0.7211,-0.8866,-1.25183,3.06104,-0.02786,0.21312,600.0,7.083
145,4.8603,Midnight 00:00,0.1,1,-0.85993,-0.25589,2.63785,0.63785,-0.85993,-1.25589,3.13701,-0.00224,0.02259,625.0,6.983
146,4.8939,Midnight 00:00,0.1,1,-0.88578,-0.27632,2.71851,0.71851,-0.88578,-1.27632,3.0597,-0.02889,0.2053,600.0,7.066
147,4.9274,Midnight 00:00,0.1,1,-0.88523,-0.29262,2.71681,0.71681,-0.88523,-1.29262,3.05897,-0.02951,0.20029,600.0,7.063
148,4.9609,Midnight 00:00,0.1,1,-0.85982,-0.29583,2.6375,0.6375,-0.85982,-1.29583,3.13647,-0.00252,0.02194,625.0,6.976
149,4.9944,Midnight 00:00,0.1,1,-0.85975,-0.31979,2.63729,0.63729,-0.85975,-1.31979,3.13617,-0.00267,0.02153,625.0,7.017
150,5.0279,Midnight 00:00,0.1,1,-0.85975,-0.31979,2.63729,0.63729,-0.85975,-1.31979,3.13617,-0.00267,0.02153,625.0,7.017
151,5.0615,Midnight 00:00,0.1,1,-0.8597,-0.33576,2.63714,0.63714,-0.8597,-1.33576,3.13598,-0.00277,0.02124,625.0,7.013
152,5.095,Midnight 00:00,0.1,1,-0.85963,-0.35971,2.63691,0.63691,-0.85963,-1.35971,3.13571,-0.0029,0.02081,625.0,6.97
153,5.1285,Midnight 00:00,0.1,1,-0.88241,-0.38198,2.70797,0.70797,-0.88241,-1.38198,3.05674,-0.03205,0.17546,600.0,7.077
154,5.162,Midnight 00:00,0.1,1,-0.88193,-0.39817,2.70645,0.70645,-0.88193,-1.39817,3.05658,-0.03239,0.17139,600.0,7.063
155,5.1955,Midnight 00:00,0.1,1,-0.8595,-0.39962,2.63651,0.63651,-0.8595,-1.39962,3.13531,-0.00311,0.02006,625.0,7.001
156,5.2291,Midnight 00:00,0.1,1,-0.88122,-0.42244,2.70423,0.70423,-0.88122,-1.42244,3.05644,-0.03283,0.16552,600.0,7.095
157,5.2626,Midnight 00:00,0.1,1,-0.85943,-0.42355,2.63627,0.63627,-0.85943,-1.42355,3.1351,-0.00322,0.01961,625.0,6.999
158,5.2961,Midnight 00:00,0.1,1,-0.88053,-0.44668,2.70207,0.70207,-0.88053,-1.44668,3.05642,-0.03321,0.15992,600.0,7.062
159,5.3296,Midnight 00:00,0.1,1,-0.88008,-0.46282,2.70066,0.70066,-0.88008,-1.46282,3.05646,-0.03343,0.15632,600.0,7.071
160,5.3631,Midnight 00:00,0.1,1,-0.8593,-0.46344,2.63586,0.63586,-0.8593,-1.46344,3.13478,-0.00338,0.01885,625.0,6.971
161,5.3966,Midnight 00:00,0.1,1,-0.87942,-0.48701,2.69861,0.69861,-0.87942,-1.48701,3.05659,-0.03372,0.15113,600.0,7.077
162,5.4302,Midnight 00:00,0.1,1,-0.85922,-0.48736,2.63562,0.63562,-0.85922,-1.48736,3.13461,-0.00347,0.01839,625.0,7.035
163,5.4637,Midnight 00:00,0.1,1,-0.85916,-0.50331,2.63546,0.63546,-0.85916,-1.50331,3.13451,-0.00352,0.01808,625.0,7.015
164,5.4972,Midnight 00:00,0.1,1,-0.87837,-0.52726,2.69532,0.69532,-0.87837,-1.52726,3.05697,-0.03409,0.14297,600.0,7.076
165,5.5307,Midnight 00:00,0.1,1,-0.85909,-0.52723,2.63521,0.63521,-0.85909,-1.52723,3.13437,-0.00359,0.01763,625.0,6.986
166,5.5642,Midnight 00:00,0.1,1,-0.87776,-0.55138,2.69342,0.69342,-0.87776,-1.55138,3.05728,-0.03426,0.13835,600.0,7.073
167,5.5978,Midnight 00:00,0.1,1,-0.87737,-0.56745,2.69219,0.69219,-0.87737,-1.56745,3.05752,-0.03435,0.13539,600.0,7.073
168,5.6313,Midnight 00:00,0.1,1,-0.85896,-0.56708,2.63481,0.63481,-0.85896,-1.56708,3.13417,-0.0037,0.01688,625.0,6.987
169,5.6648,Midnight 00:00,0.1,1,-0.85896,-0.56708,2.63481,0.63481,-0.85896,-1.56708,3.13417,-0.0037,0.01688,625.0,6.987
170,5.6983,Midnight 00:00,0.1,1,-0.85888,-0.59099,2.63457,0.63457,-0.85888,-1.59099,3.13407,-0.00375,0.01644,625.0,7.023
171,5.7318,Midnight 00:00,0.1,1,-0.85883,-0.60693,2.63442,0.63442,-0.85883,-1.60693,3.13401,-0.00378,0.01614,625.0,7.047
172,5.7654,Midnight 00:00,0.1,1,-0.87587,-0.63164,2.68751,0.68751,-0.87587,-1.63164,3.05867,-0.03456,0.12433,600.0,7.086
173,5.7989,Midnight 00:00,0.1,1,-0.85876,-0.63083,2.63419,0.63419,-0.85876,-1.63083,3.13393,-0.00383,0.01571,625.0,6.977
174,5.8324,Midnight 00:00,0.1,1,-0.87533,-0.65567,2.68585,0.68585,-0.87533,-1.65567,3.05917,-0.03459,0.12049,600.0,7.079
175,5.8659,Midnight 00:00,0.1,1,-0.85868,-0.65473,2.63396,0.63396,-0.85868,-1.65473,3.13386,-0.00386,0.01529,625.0,7.04
176,5.8994,Midnight 00:00,0.1,1,-0.85864,-0.67066,2.63381,0.63381,-0.85864,-1.67066,3.13382,-0.00389,0.01501,625.0,7.0
177,5.933,Midnight 00:00,0.1,1,-0.87449,-0.69569,2.6832,0.6832,-0.87449,-1.69569,3.06006,-0.03458,0.11443,600.0,7.078
178,5.9665,Midnight 00:00,0.1,1,-0.85856,-0.69455,2.63359,0.63359,-0.85856,-1.69455,3.13377,-0.00391,0.01461,625.0,6.985
179,6.0,Midnight 00:00,0.1,1,-0.874,-0.71968,2.68167,0.68167,-0.874,-1.71968,3.06063,-0.03454,0.11099,600.0,7.06
180,6.0335,Midnight 00:00,0.1,1,-0.87368,-0.73566,2.68068,0.68068,-0.87368,-1.73566,3.06102,-0.0345,0.10877,600.0,7.078
181,6.067,Midnight 00:00,0.1,1,-0.85845,-0.73437,2.63324,0.63324,-0.85845,-1.73437,3.13371,-0.00395,0.01395,625.0,6.984
182,6.1006,Midnight 00:00,0.1,1,-0.87322,-0.75963,2.67923,0.67923,-0.87322,-1.75963,3.06162,-0.03443,0.10556,600.0,7.089
183,6.1341,Midnight 00:00,0.1,1,-0.87396,-0.77424,2.68149,0.68149,-0.87396,-1.77424,-3.14989,0.00204,-0.10727,612.5,7.031
184,6.1676,Midnight 00:00,0.1,1,-0.85834,-0.77418,2.6329,0.6329,-0.85834,-1.77418,3.13367,-0.00397,0.01331,625.0,7.021
185,6.2011,Midnight 00:00,0.1,1,-0.87247,-0.79954,2.67692,0.67692,-0.87247,-1.79954,3.06265,-0.03428,0.10047,600.0,7.089
186,6.2346,Midnight 00:00,0.1,1,-0.85828,-0.79806,2.6327,0.6327,-0.85828,-1.79806,3.13366,-0.00398,0.01295,625.0,6.97
187,6.2682,Midnight 00:00,0.1,1,-0.87205,-0.82347,2.67559,0.67559,-0.87205,-1.82347,3.06329,-0.03417,0.09757,600.0,7.078
188,6.3017,Midnight 00:00,0.1,1,-0.8732,-0.83854,2.67914,0.67914,-0.8732,-1.83854,-3.1524,0.00323,-0.10272,612.5,7.065
189,6.3352,Midnight 00:00,0.1,1,-0.85817,-0.83786,2.63238,0.63238,-0.85817,-1.83786,3.13365,-0.00399,0.01236,625.0,7.001
190,6.3687,Midnight 00:00,0.1,1,-0.86092,-0.85204,2.6776,0.6776,-0.86092,-1.85204,3.18877,0.02754,-0.09442,600.0,7.063
191,6.4022,Midnight 00:00,0.1,1,-0.86092,-0.85204,2.6776,0.6776,-0.86092,-1.85204,3.18877,0.02754,-0.09442,600.0,7.063
192,6.4358,Midnight 00:00,0.1,1,-0.81797,-0.83776,2.63205,0.63205,-0.81797,-1.83776,3.13328,-0.00398,0.01232,625.0,6.978
193,6.4693,Midnight 00:00,0.1,1,-0.82068,-0.8526,2.67939,0.67939,-0.82068,-1.8526,3.19122,0.02773,-0.09551,600.0,7.055
194,6.5028,Midnight 00:00,0.1,1,-0.79385,-0.83769,2.63185,0.63185,-0.79385,-1.83769,3.13305,-0.00397,0.01229,625.0,6.971
195,6.5363,Midnight 00:00,0.1,1,-0.79468,-0.85344,2.68202,0.68202,-0.79468,-1.85344,3.19227,-0.00639,0.01335,612.5,7.032
196,6.5698,Midnight 00:00,0.1,1,-0.78042,-0.85319,2.68128,0.68128,-0.78042,-1.85319,3.19383,0.02788,-0.09653,600.0,7.044
197,6.6034,Midnight 00:00,0.1,1,-0.78042,-0.85319,2.68128,0.68128,-0.78042,-1.85319,3.19383,0.02788,-0.09653,600.0,7.044
198,6.6369,Midnight 00:00,0.1,1,-0.75624,-0.85356,2.68247,0.68247,-0.75624,-1.85356,3.19549,0.02795,-0.0971,600.0,7.054
199,6.6704,Midnight 00:00,0.1,1,-0.74012,-0.85381,2.68328,0.68328,-0.74012,-1.85381,3.19663,0.02799,-0.09745,600.0,7.017
200,6.7039,Midnight 00:00,0.1,1,-0.71347,-0.83747,2.63113,0.63113,-0.71347,-1.83747,3.13223,-0.0039,0.01207,625.0,7.0
201,6.7374,Midnight 00:00,0.1,1,-0.71593,-0.85421,2.68453,0.68453,-0.71593,-1.85421,3.1984,0.02804,-0.09795,600.0,7.057
202,6.7709,Midnight 00:00,0.1,1,-0.68936,-0.8374,2.63091,0.63091,-0.68936,-1.8374,3.13198,-0.00387,0.01197,625.0,6.979
203,6.8045,Midnight 00:00,0.1,1,-0.69172,-0.85461,2.68583,0.68583,-0.69172,-1.85461,3.20025,0.02806,-0.09839,600.0,7.058
204,6.838,Midnight 00:00,0.1,1,-0.67558,-0.85489,2.68671,0.68671,-0.67558,-1.85489,3.20152,0.02807,-0.09865,600.0,7.042
205,6.8715,Midnight 00:00,0.1,1,-0.64918,-0.83728,2.63053,0.63053,-0.64918,-1.83728,3.13154,-0.00381,0.01177,625.0,6.981
206,6.905,Midnight 00:00,0.1,1,-0.65135,-0.85531,2.68808,0.68808,-0.65135,-1.85531,3.2035,0.02806,-0.09899,600.0,7.068
207,6.9385,Midnight 00:00,0.1,1,-0.62508,-0.83721,2.6303,0.6303,-0.62508,-1.83721,3.13128,-0.00377,0.01162,625.0,6.986
208,6.9721,Midnight 00:00,0.1,1,-0.62374,-0.8544,2.68506,0.68506,-0.62374,-1.8544,3.19483,-0.01097,0.02901,612.5,7.019
209,7.0056,Midnight 00:00,0.1,1,-0.61094,-0.85606,2.69045,0.69045,-0.61094,-1.85606,3.20697,0.02798,-0.0994,600.0,7.057
210,7.0391,Midnight 00:00,0.1,1,-0.58493,-0.83708,2.6299,0.6299,-0.58493,-1.83708,3.13083,-0.00368,0.01133,625.0,6.963
211,7.0726,Midnight 00:00,0.1,1,-0.58667,-0.85652,2.69194,0.69194,-0.58667,-1.85652,3.20918,0.0279,-0.09953,600.0,7.057
212,7.1061,Midnight 00:00,0.1,1,-0.57048,-0.85684,2.69296,0.69296,-0.57048,-1.85684,3.2107,0.02782,-0.09956,600.0,7.026
213,7.1397,Midnight 00:00,0.1,1,-0.54478,-0.83696,2.6295,0.6295,-0.54478,-1.83696,3.13038,-0.00357,0.01099,625.0,6.985
214,7.1732,Midnight 00:00,0.1,1,-0.54619,-0.85733,2.69452,0.69452,-0.54619,-1.85733,3.21306,0.02768,-0.09952,600.0,7.058
215,7.2067,Midnight 00:00,0.1,1,-0.5207,-0.83688,2.62926,0.62926,-0.5207,-1.83688,3.1301,-0.00349,0.01075,625.0,6.982
216,7.2402,Midnight 00:00,0.1,1,-0.50464,-0.83683,2.6291,0.6291,-0.50464,-1.83683,3.12992,-0.00344,0.01058,625.0,7.05
217,7.2737,Midnight 00:00,0.1,1,-0.50564,-0.85818,2.69724,0.69724,-0.50564,-1.85818,3.21722,0.02735,-0.09917,600.0,7.055
218,7.3073,Midnight 00:00,0.1,1,-0.48057,-0.83675,2.62886,0.62886,-0.48057,-1.83675,3.12965,-0.00335,0.0103,625.0,6.958
219,7.3408,Midnight 00:00,0.1,1,-0.48129,-0.85871,2.69893,0.69893,-0.48129,-1.85871,3.21985,0.0271,-0.09877,600.0,7.073
220,7.3743,Midnight 00:00,0.1,1,-0.4565,-0.83668,2.62862,0.62862,-0.4565,-1.83668,3.12938,-0.00325,0.01,625.0,7.015
221,7.4078,Midnight 00:00,0.1,1,-0.45203,-0.85468,2.68594,0.68594,-0.45203,-1.85468,3.19359,-0.01754,0.05259,612.5,7.02
222,7.4413,Midnight 00:00,0.1,1,-0.44065,-0.85962,2.70186,0.70186,-0.44065,-1.85962,3.22449,0.02655,-0.09771,600.0,7.068
223,7.4749,Midnight 00:00,0.1,1,-0.41639,-0.83656,2.62823,0.62823,-0.41639,-1.83656,3.12894,-0.00307,0.00944,625.0,6.964
224,7.5084,Midnight 00:00,0.1,1,-0.41623,-0.86019,2.70369,0.70369,-0.41623,-1.86019,3.22743,0.02615,-0.0968,600.0,7.062
225,7.5419,Midnight 00:00,0.1,1,-0.39993,-0.86058,2.70493,0.70493,-0.39993,-1.86058,3.22945,0.02584,-0.09606,600.0,7.031
226,7.5754,Midnight 00:00,0.1,1,-0.3763,-0.83644,2.62784,0.62784,-0.3763,-1.83644,3.12851,-0.00287,0.00881,625.0,6.97
227,7.6089,Midnight 00:00,0.1,1,-0.37547,-0.86117,2.70683,0.70683,-0.37547,-1.86117,3.23258,0.02532,-0.09474,600.0,7.059
228,7.6425,Midnight 00:00,0.1,1,-0.35225,-0.83637,2.62762,0.62762,-0.35225,-1.83637,3.12826,-0.00274,0.0084,625.0,6.99
229,7.676,Midnight 00:00,0.1,1,-0.33622,-0.83632,2.62748,0.62748,-0.33622,-1.83632,3.1281,-0.00264,0.00811,625.0,7.023
230,7.7095,Midnight 00:00,0.1,1,-0.33463,-0.86219,2.71009,0.71009,-0.33463,-1.86219,3.23807,0.02426,-0.09185,600.0,7.054
231,7.743,Midnight 00:00,0.1,1,-0.31218,-0.83626,2.62727,0.62727,-0.31218,-1.83626,3.12786,-0.0025,0.00766,625.0,6.957
232,7.7765,Midnight 00:00,0.1,1,-0.31008,-0.86282,2.7121,0.7121,-0.31008,-1.86282,3.24152,0.0235,-0.08963,600.0,7.071
233,7.8101,Midnight 00:00,0.1,1,-0.2937,-0.86324,2.71346,0.71346,-0.2937,-1.86324,3.24388,0.02294,-0.08792,600.0,7.031
234,7.8436,Midnight 00:00,0.1,1,-0.27212,-0.83615,2.62694,0.62694,-0.27212,-1.83615,3.1275,-0.00223,0.00684,625.0,7.0
235,7.8771,Midnight 00:00,0.1,1,-0.26909,-0.86388,2.71552,0.71552,-0.26909,-1.86388,3.24751,0.02199,-0.08496,600.0,7.072
236,7.9106,Midnight 00:00,0.1,1,-0.24809,-0.8361,2.62676,0.62676,-0.24809,-1.8361,3.12729,-0.00206,0.00633,625.0,6.971
237,7.9441,Midnight 00:00,0.1,1,-0.24445,-0.86453,2.71759,0.71759,-0.24445,-1.86453,3.25123,0.02091,-0.08145,600.0,7.062
238,7.9777,Midnight 00:00,0.1,1,-0.228,-0.86496,2.71897,0.71897,-0.228,-1.86496,3.25375,0.0201,-0.07877,600.0,7.047
239,8.0112,Midnight 00:00,0.1,1,-0.20806,-0.83601,2.62649,0.62649,-0.20806,-1.83601,3.12699,-0.00177,0.00541,625.0,6.969
240,8.0447,Midnight 00:00,0.1,1,-0.20329,-0.8656,2.72103,0.72103,-0.20329,-1.8656,3.25757,0.01876,-0.07416,600.0,7.061
241,8.0782,Midnight 00:00,0.1,1,-0.18404,-0.83596,2.62634,0.62634,-0.18404,-1.83596,3.12683,-0.00158,0.00484,625.0,6.984
242,8.1117,Midnight 00:00,0.1,1,-0.16803,-0.83594,2.62626,0.62626,-0.16803,-1.83594,3.12673,-0.00145,0.00445,625.0,7.005
243,8.1453,Midnight 00:00,0.1,1,-0.16201,-0.86665,2.72438,0.72438,-0.16201,-1.86665,3.26389,0.01612,-0.06467,600.0,7.053
244,8.1788,Midnight 00:00,0.1,1,-0.16201,-0.86665,2.72438,0.72438,-0.16201,-1.86665,3.26389,0.01612,-0.06467,600.0,7.053
245,8.2123,Midnight 00:00,0.1,1,-0.13719,-0.86724,2.72628,0.72628,-0.13719,-1.86724,3.26756,0.01425,-0.05769,600.0,7.06
246,8.2458,Midnight 00:00,0.1,1,-0.12062,-0.86761,2.72747,0.72747,-0.12062,-1.86761,3.26988,0.01288,-0.05244,600.0,7.044
247,8.2793,Midnight 00:00,0.1,1,-0.10401,-0.83585,2.62597,0.62597,-0.10401,-1.83585,3.12641,-0.00092,0.00281,625.0,6.992
248,8.3128,Midnight 00:00,0.1,1,-0.09572,-0.86812,2.7291,0.7291,-0.09572,-1.86812,3.27309,0.01062,-0.04358,600.0,7.074
249,8.3464,Midnight 00:00,0.1,1,-0.08,-0.83582,2.6259,0.6259,-0.08,-1.83582,3.12633,-0.00071,0.00217,625.0,6.985
250,8.3799,Midnight 00:00,0.1,1,-0.07079,-0.86854,2.73048,0.73048,-0.07079,-1.86854,3.27583,0.00811,-0.03354,600.0,7.063
251,8.4134,Midnight 00:00,0.1,1,-0.05415,-0.86877,2.73121,0.73121,-0.05415,-1.86877,3.27731,0.00631,-0.02621,600.0,7.053
252,8.4469,Midnight 00:00,0.1,1,-0.04,-0.8358,2.62582,0.62582,-0.04,-1.8358,3.12624,-0.00036,0.00109,625.0,6.96
253,8.4804,Midnight 00:00,0.1,1,-0.02917,-0.86901,2.73199,0.73199,-0.02917,-1.86901,3.27886,0.00347,-0.01445,600.0,7.07
254,8.514,Midnight 00:00,0.1,1,-0.016,-0.83579,2.6258,0.6258,-0.016,-1.83579,3.12622,-0.00014,0.00044,625.0,7.004
255,8.5475,Midnight 00:00,0.1,1,-0.0,-0.83579,2.62579,0.62579,-0.0,-1.83579,3.12621,0.0,-0.0,625.0,7.007
256,8.581,Midnight 00:00,0.1,1,0.008,-0.83249,2.62676,0.62676,0.008,-1.83249,3.02384,0.00047,-0.00123,600.0,7.083
257,8.6145,Midnight 00:00,0.1,1,0.008,-0.81658,2.62679,0.62679,0.008,-1.81658,3.02222,0.00047,-0.00126,600.0,7.044
258,8.648,Midnight 00:00,0.1,1,0.008,-0.80396,2.62581,0.62581,0.008,-1.80396,3.12566,7e-05,-0.00023,625.0,7.025
259,8.6816,Midnight 00:00,0.1,1,0.008,-0.79271,2.62683,0.62683,0.008,-1.79271,3.01971,0.00048,-0.0013,600.0,7.093
260,8.7151,Midnight 00:00,0.1,1,0.008,-0.78009,2.62582,0.62582,0.008,-1.78009,3.12523,8e-05,-0.00025,625.0,6.978
261,8.7486,Midnight 00:00,0.1,1,0.008,-0.78009,2.62582,0.62582,0.008,-1.78009,3.12523,8e-05,-0.00025,625.0,6.978
262,8.7821,Midnight 00:00,0.1,1,0.008,-0.75294,2.62691,0.62691,0.008,-1.75294,3.01533,0.00049,-0.00138,600.0,7.071
263,8.8156,Midnight 00:00,0.1,1,0.008,-0.7403,2.62584,0.62584,0.008,-1.7403,3.12445,8e-05,-0.00027,625.0,6.987
264,8.8492,Midnight 00:00,0.1,1,0.008,-0.72907,2.62696,0.62696,0.008,-1.72907,3.01257,0.0005,-0.00143,600.0,7.08
265,8.8827,Midnight 00:00,0.1,1,0.008,-0.72907,2.62696,0.62696,0.008,-1.72907,3.01257,0.0005,-0.00143,600.0,7.08
266,8.9162,Midnight 00:00,0.1,1,0.00782,-0.7021,2.62348,0.62348,0.00782,-1.7021,-3.22436,0.00632,0.07215,612.5,7.039
267,8.9497,Midnight 00:00,0.1,1,0.008,-0.6893,2.62705,0.62705,0.008,-1.6893,3.00773,0.00051,-0.00152,600.0,7.076
268,8.9832,Midnight 00:00,0.1,1,0.008,-0.67664,2.62588,0.62588,0.008,-1.67664,3.12304,9e-05,-0.00032,625.0,6.973
269,9.0168,Midnight 00:00,0.1,1,0.008,-0.66544,2.6271,0.6271,0.008,-1.66544,3.00469,0.00052,-0.00158,600.0,7.078
270,9.0503,Midnight 00:00,0.1,1,0.008,-0.64953,2.62714,0.62714,0.008,-1.64953,3.00259,0.00052,-0.00162,600.0,7.042
271,9.0838,Midnight 00:00,0.1,1,0.008,-0.63685,2.6259,0.6259,0.008,-1.63685,3.12205,9e-05,-0.00035,625.0,7.0
272,9.1173,Midnight 00:00,0.1,1,0.008,-0.62566,2.6272,0.6272,0.008,-1.62566,2.99935,0.00053,-0.00168,600.0,7.087
273,9.1508,Midnight 00:00,0.1,1,0.008,-0.61298,2.62592,0.62592,0.008,-1.61298,3.1214,9e-05,-0.00038,625.0,6.998
274,9.1844,Midnight 00:00,0.1,1,0.008,-0.61298,2.62592,0.62592,0.008,-1.61298,3.1214,9e-05,-0.00038,625.0,6.998
275,9.2179,Midnight 00:00,0.1,1,0.008,-0.58589,2.62731,0.62731,0.008,-1.58589,2.99367,0.00054,-0.00179,600.0,7.08
276,9.2514,Midnight 00:00,0.1,1,0.008,-0.57319,2.62596,0.62596,0.008,-1.57319,3.12024,0.0001,-0.00042,625.0,6.969
277,9.2849,Midnight 00:00,0.1,1,0.008,-0.56202,2.62738,0.62738,0.008,-1.56202,2.99008,0.00055,-0.00186,600.0,7.085
278,9.3184,Midnight 00:00,0.1,1,0.008,-0.54932,2.62599,0.62599,0.008,-1.54932,3.11948,0.0001,-0.00045,625.0,7.016
279,9.352,Midnight 00:00,0.1,1,0.0078,-0.53507,2.62299,0.62299,0.0078,-1.53507,-3.24275,0.0079,0.07993,612.5,7.029
280,9.3855,Midnight 00:00,0.1,1,0.008,-0.52225,2.6275,0.6275,0.008,-1.52225,2.98379,0.00056,-0.00198,600.0,7.083
281,9.419,Midnight 00:00,0.1,1,0.008,-0.50953,2.62603,0.62603,0.008,-1.50953,3.1181,0.00011,-0.00051,625.0,6.98
282,9.4525,Midnight 00:00,0.1,1,0.008,-0.49839,2.62758,0.62758,0.008,-1.49839,2.97981,0.00057,-0.00206,600.0,7.072
283,9.486,Midnight 00:00,0.1,1,0.008,-0.48248,2.62763,0.62763,0.008,-1.48248,2.97708,0.00057,-0.00211,600.0,7.053
284,9.5196,Midnight 00:00,0.1,1,0.008,-0.46975,2.62609,0.62609,0.008,-1.46975,3.11655,0.00011,-0.00058,625.0,6.993
285,9.5531,Midnight 00:00,0.1,1,0.008,-0.45861,2.62772,0.62772,0.008,-1.45861,2.97284,0.00058,-0.00219,600.0,7.078
286,9.5866,Midnight 00:00,0.1,1,0.008,-0.44588,2.62613,0.62613,0.008,-1.44588,3.11554,0.00011,-0.00062,625.0,6.996
287,9.6201,Midnight 00:00,0.1,1,0.008,-0.42997,2.62616,0.62616,0.008,-1.42997,3.11482,0.00012,-0.00066,625.0,7.041
288,9.6536,Midnight 00:00,0.1,1,0.008,-0.41883,2.62786,0.62786,0.008,-1.41883,2.96539,0.00059,-0.00233,600.0,7.083
289,9.6872,Midnight 00:00,0.1,1,0.008,-0.4061,2.62621,0.62621,0.008,-1.4061,3.11368,0.00012,-0.00072,625.0,6.965
290,9.7207,Midnight 00:00,0.1,1,0.008,-0.39497,2.62796,0.62796,0.008,-1.39497,2.96068,0.0006,-0.00242,600.0,7.083
291,9.7542,Midnight 00:00,0.1,1,0.0083,-0.37952,2.61885,0.61885,0.0083,-1.37952,-3.26474,-0.00635,-0.14062,612.5,7.046
292,9.7877,Midnight 00:00,0.1,1,0.008,-0.36632,2.6263,0.6263,0.008,-1.36632,3.11159,0.00013,-0.00083,625.0,7.028
293,9.8212,Midnight 00:00,0.1,1,0.008,-0.35519,2.62812,0.62812,0.008,-1.35519,2.95242,0.0006,-0.00258,600.0,7.088
294,9.8547,Midnight 00:00,0.1,1,0.008,-0.34245,2.62637,0.62637,0.008,-1.34245,3.1102,0.00013,-0.0009,625.0,6.982
295,9.8883,Midnight 00:00,0.1,1,0.008,-0.33132,2.62823,0.62823,0.008,-1.33132,2.9472,0.00061,-0.00268,600.0,7.067
296,9.9218,Midnight 00:00,0.1,1,0.008,-0.31541,2.6283,0.6283,0.008,-1.31541,2.9436,0.00061,-0.00274,600.0,7.064
297,9.9553,Midnight 00:00,0.1,1,0.008,-0.31541,2.6283,0.6283,0.008,-1.31541,2.9436,0.00061,-0.00274,600.0,7.064
298,9.9888,Midnight 00:00,0.1,1,0.008,-0.30267,2.6265,0.6265,0.008,-1.30267,3.10763,0.00014,-0.00105,625.0,6.981
299,10.0223,Midnight 00:00,0.1,1,0.008,-0.29154,2.62841,0.62841,0.008,-1.29154,2.93803,0.00062,-0.00285,600.0,7.073
300,10.0559,Midnight 00:00,0.1,1,0.008,-0.2788,2.62659,0.62659,0.008,-1.2788,3.10593,0.00015,-0.00115,625.0,7.01
301,10.0894,Midnight 00:00,0.1,1,0.008,-0.25176,2.6286,0.6286,0.008,-1.25176,2.92826,0.00063,-0.00302,600.0,7.073
302,10.1229,Midnight 00:00,0.1,1,0.008,-0.23902,2.62677,0.62677,0.008,-1.23902,3.10279,0.00015,-0.00135,625.0,6.969
303,10.1564,Midnight 00:00,0.1,1,0.008,-0.23902,2.62677,0.62677,0.008,-1.23902,3.10279,0.00015,-0.00135,625.0,6.969
304,10.1899,Midnight 00:00,0.1,1,0.008,-0.22789,2.62872,0.62872,0.008,-1.22789,2.92209,0.00063,-0.00313,600.0,7.081
305,10.2235,Midnight 00:00,0.1,1,0.008,-0.19924,2.627,0.627,0.008,-1.19924,3.09921,0.00016,-0.0016,625.0,7.005
306,10.257,Midnight 00:00,0.1,1,0.008,-0.1881,2.62893,0.62893,0.008,-1.1881,2.91127,0.00063,-0.00332,600.0,7.091
307,10.2905,Midnight 00:00,0.1,1,0.008,-0.17537,2.62717,0.62717,0.008,-1.17537,3.09684,0.00016,-0.00176,625.0,7.001
308,10.324,Midnight 00:00,0.1,1,0.008,-0.17537,2.62717,0.62717,0.008,-1.17537,3.09684,0.00016,-0.00176,625.0,7.001
309,10.3575,Midnight 00:00,0.1,1,0.008,-0.16423,2.62906,0.62906,0.008,-1.16423,2.90446,0.00064,-0.00343,600.0,7.068
310,10.3911,Midnight 00:00,0.1,1,0.008,-0.14831,2.62915,0.62915,0.008,-1.14831,2.89977,0.00064,-0.00351,600.0,7.072
311,10.4246,Midnight 00:00,0.1,1,0.008,-0.13558,2.6275,0.6275,0.008,-1.13558,3.09247,0.00017,-0.00208,625.0,6.97
312,10.4581,Midnight 00:00,0.1,1,0.008,-0.12443,2.62929,0.62929,0.008,-1.12443,2.89253,0.00064,-0.00363,600.0,7.071
313,10.4916,Midnight 00:00,0.1,1,0.008,-0.11171,2.62774,0.62774,0.008,-1.11171,3.08961,0.00017,-0.00228,625.0,7.009
314,10.5251,Midnight 00:00,0.1,1,0.008,-0.09579,2.62792,0.62792,0.008,-1.09579,3.08759,0.00017,-0.00243,625.0,7.013
315,10.5587,Midnight 00:00,0.1,1,0.008,-0.08464,2.62952,0.62952,0.008,-1.08464,2.87988,0.00064,-0.00383,600.0,7.068
316,10.5922,Midnight 00:00,0.1,1,0.008,-0.07192,2.62822,0.62822,0.008,-1.07192,3.08442,0.00017,-0.00266,625.0,6.974
317,10.6257,Midnight 00:00,0.1,1,0.008,-0.06075,2.62967,0.62967,0.008,-1.06075,2.87193,0.00064,-0.00394,600.0,7.065
318,10.6592,Midnight 00:00,0.1,1,0.008,-0.04483,2.62976,0.62976,0.008,-1.04483,2.86648,0.00064,-0.00402,600.0,7.066
319,10.6927,Midnight 00:00,0.1,1,0.008,-0.03211,2.62883,0.62883,0.008,-1.03211,3.0788,0.00017,-0.00306,625.0,6.997
320,10.7263,Midnight 00:00,0.1,1,0.008,-0.02095,2.62991,0.62991,0.008,-1.02095,2.85807,0.00064,-0.00414,600.0,7.091
321,10.7598,Midnight 00:00,0.1,1,0.008,-0.00822,2.62928,0.62928,0.008,-1.00822,3.07534,0.00016,-0.0033,625.0,7.01
322,10.7933,Midnight 00:00,0.1,1,0.00802,5e-05,2.63233,0.63233,0.00802,-0.99995,3.15541,-3e-05,-0.00048,625.0,7.029
323,10.8268,Midnight 00:00,0.1,1,0.00802,5e-05,2.63233,0.63233,0.00802,-0.99995,3.15541,-3e-05,-0.00048,625.0,7.029
324,10.8603,Midnight 00:00,0.1,1,0.00802,5e-05,2.63233,0.63233,0.00802,-0.99995,3.15541,-3e-05,-0.00048,625.0,7.029
325,10.8939,Midnight 00:00,0.1,1,0.00802,5e-05,2.63233,0.63233,0.00802,-0.99995,3.15541,-3e-05,-0.00048,625.0,7.029
326,10.9274,Midnight 00:00,0.1,1,0.00802,5e-05,2.63233,0.63233,0.00802,-0.99995,3.15541,-3e-05,-0.00048,625.0,7.029
327,10.9609,Midnight 00:00,0.1,1,0.00802,5e-05,2.63233,0.63233,0.00802,-0.99995,3.15541,-3e-05,-0.00048,625.0,7.029
328,10.9944,Midnight 00:00,0.1,1,0.00802,5e-05,2.63233,0.63233,0.00802,-0.99995,3.15541,-3e-05,-0.00048,625.0,7.029
329,11.0279,Midnight 00:00,0.1,1,0.00802,5e-05,2.63233,0.63233,0.00802,-0.99995,3.15541,-3e-05,-0.00048,625.0,7.029
330,11.0615,Midnight 00:00,0.1,1,0.00802,5e-05,2.63233,0.63233,0.00802,-0.99995,3.15541,-3e-05,-0.00048,625.0,7.029
331,11.095,Midnight 00:00,0.1,1,0.00802,5e-05,2.63233,0.63233,0.00802,-0.99995,3.15541,-3e-05,-0.00048,625.0,7.029
332,11.1285,Midnight 00:00,0.1,1,0.00802,5e-05,2.63233,0.63233,0.00802,-0.99995,3.15541,-3e-05,-0.00048,625.0,7.029
333,11.162,Midnight 00:00,0.1,1,0.00802,5e-05,2.63233,0.63233,0.00802,-0.99995,3.15541,-3e-05,-0.00048,625.0,7.029
334,11.1955,Midnight 00:00,0.1,1,0.00802,5e-05,2.63233,0.63233,0.00802,-0.99995,3.15541,-3e-05,-0.00048,625.0,7.029
335,11.2291,Midnight 00:00,0.1,1,0.00802,5e-05,2.63233,0.63233,0.00802,-0.99995,3.15541,-3e-05,-0.00048,625.0,7.029
336,11.2626,Midnight 00:00,0.1,1,0.00802,5e-05,2.63233,0.63233,0.00802,-0.99995,3.15541,-3e-05,-0.00048,625.0,7.029
337,11.2961,Midnight 00:00,0.1,1,0.00802,5e-05,2.63233,0.63233,0.00802,-0.99995,3.15541,-3e-05,-0.00048,625.0,7.029
338,11.3296,Midnight 00:00,0.1,1,0.00802,5e-05,2.63233,0.63233,0.00802,-0.99995,3.15541,-3e-05,-0.00048,625.0,7.029
339,11.3631,Midnight 00:00,0.1,1,0.00802,5e-05,2.63233,0.63233,0.00802,-0.99995,3.15541,-3e-05,-0.00048,625.0,7.029
340,11.3966,Midnight 00:00,0.1,1,0.00802,5e-05,2.63233,0.63233,0.00802,-0.99995,3.15541,-3e-05,-0.00048,625.0,7.029
341,11.4302,Midnight 00:00,0.1,1,0.00802,5e-05,2.63233,0.63233,0.00802,-0.99995,3.15541,-3e-05,-0.00048,625.0,7.029
342,11.4637,Midnight 00:00,0.1,1,0.00802,5e-05,2.63233,0.63233,0.00802,-0.99995,3.15541,-3e-05,-0.00048,625.0,7.029
343,11.4972,Midnight 00:00,0.1,1,0.00802,5e-05,2.63233,0.63233,0.00802,-0.99995,3.15541,-3e-05,-0.00048,625.0,7.029
344,11.5307,Midnight 00:00,0.1,1,0.00802,5e-05,2.63233,0.63233,0.00802,-0.99995,3.15541,-3e-05,-0.00048,625.0,7.029
345,11.5642,Midnight 00:00,0.1,1,0.00802,5e-05,2.63233,0.63233,0.00802,-0.99995,3.15541,-3e-05,-0.00048,625.0,7.029
346,11.5978,Midnight 00:00,0.1,1,0.00802,5e-05,2.63233,0.63233,0.00802,-0.99995,3.15541,-3e-05,-0.00048,625.0,7.029
347,11.6313,Midnight 00:00,0.1,1,0.00802,5e-05,2.63233,0.63233,0.00802,-0.99995,3.15541,-3e-05,-0.00048,625.0,7.029
348,11.6648,Midnight 00:00,0.1,1,0.00802,5e-05,2.63233,0.63233,0.00802,-0.99995,3.15541,-3e-05,-0.00048,625.0,7.029
349,11.6983,Midnight 00:00,0.1,1,0.00802,5e-05,2.63233,0.63233,0.00802,-0.99995,3.15541,-3e-05,-0.00048,625.0,7.029
350,11.7318,Midnight 00:00,0.1,1,0.00802,5e-05,2.63233,0.63233,0.00802,-0.99995,3.15541,-3e-05,-0.00048,625.0,7.029
351,11.7654,Midnight 00:00,0.1,1,0.00802,5e-05,2.63233,0.63233,0.00802,-0.99995,3.15541,-3e-05,-0.00048,625.0,7.029
352,11.7989,Midnight 00:00,0.1,1,0.00802,5e-05,2.63233,0.63233,0.00802,-0.99995,3.15541,-3e-05,-0.00048,625.0,7.029
353,11.8324,Midnight 00:00,0.1,1,0.00802,5e-05,2.63233,0.63233,0.00802,-0.99995,3.15541,-3e-05,-0.00048,625.0,7.029
354,11.8659,Midnight 00:00,0.1,1,0.00802,5e-05,2.63233,0.63233,0.00802,-0.99995,3.15541,-3e-05,-0.00048,625.0,7.029
355,11.8994,Midnight 00:00,0.1,1,0.00802,5e-05,2.63233,0.63233,0.00802,-0.99995,3.15541,-3e-05,-0.00048,625.0,7.029
356,11.933,Midnight 00:00,0.1,1,0.00802,5e-05,2.63233,0.63233,0.00802,-0.99995,3.15541,-3e-05,-0.00048,625.0,7.029
357,11.9665,Midnight 00:00,0.1,1,0.00802,5e-05,2.63233,0.63233,0.00802,-0.99995,3.15541,-3e-05,-0.00048,625.0,7.029
358,12.0,Midnight 00:00,0.1,1,0.00802,5e-05,2.63233,0.63233,0.00802,-0.99995,3.15541,-3e-05,-0.00048,625.0,7.029
359,12.0335,Midnight 00:00,0.1,1,0.00802,5e-05,2.63233,0.63233,0.00802,-0.99995,3.15541,-3e-05,-0.00048,625.0,7.029
360,12.067,Midnight 00:00,0.1,1,0.00802,5e-05,2.63233,0.63233,0.00802,-0.99995,3.15541,-3e-05,-0.00048,625.0,7.029
361,12.1006,Midnight 00:00,0.1,1,0.00802,5e-05,2.63233,0.63233,0.00802,-0.99995,3.15541,-3e-05,-0.00048,625.0,7.029
362,12.1341,Midnight 00:00,0.1,1,0.00802,5e-05,2.63233,0.63233,0.00802,-0.99995,3.15541,-3e-05,-0.00048,625.0,7.029
363,12.1676,Midnight 00:00,0.1,1,0.00802,5e-05,2.63233,0.63233,0.00802,-0.99995,3.15541,-3e-05,-0.00048,625.0,7.029
364,12.2011,Midnight 00:00,0.1,1,0.00802,5e-05,2.63233,0.63233,0.00802,-0.99995,3.15541,-3e-05,-0.00048,625.0,7.029
365,12.2346,Midnight 00:00,0.1,1,0.00802,5e-05,2.63233,0.63233,0.00802,-0.99995,3.15541,-3e-05,-0.00048,625.0,7.029
366,12.2682,Midnight 00:00,0.1,1,0.00802,5e-05,2.63233,0.63233,0.00802,-0.99995,3.15541,-3e-05,-0.00048,625.0,7.029
367,12.3017,Midnight 00:00,0.1,1,0.00802,5e-05,2.63233,0.63233,0.00802,-0.99995,3.15541,-3e-05,-0.00048,625.0,7.029
368,12.3352,Midnight 00:00,0.1,1,0.00802,5e-05,2.63233,0.63233,0.00802,-0.99995,3.15541,-3e-05,-0.00048,625.0,7.029
369,12.3687,Midnight 00:00,0.1,1,0.00802,5e-05,2.63233,0.63233,0.00802,-0.99995,3.15541,-3e-05,-0.00048,625.0,7.029
370,12.4022,Midnight 00:00,0.1,1,0.00802,5e-05,2.63233,0.63233,0.00802,-0.99995,3.15541,-3e-05,-0.00048,625.0,7.029
371,12.4358,Midnight 00:00,0.1,1,0.00802,5e-05,2.63233,0.63233,0.00802,-0.99995,3.15541,-3e-05,-0.00048,625.0,7.029
372,12.4693,Midnight 00:00,0.1,1,0.00802,5e-05,2.63233,0.63233,0.00802,-0.99995,3.15541,-3e-05,-0.00048,625.0,7.029
373,12.5028,Midnight 00:00,0.1,1,0.00802,5e-05,2.63233,0.63233,0.00802,-0.99995,3.15541,-3e-05,-0.00048,625.0,7.029
374,12.5363,Midnight 00:00,0.1,1,0.00802,5e-05,2.63233,0.63233,0.00802,-0.99995,3.15541,-3e-05,-0.00048,625.0,7.029
375,12.5698,Midnight 00:00,0.1,1,0.00802,5e-05,2.63233,0.63233,0.00802,-0.99995,3.15541,-3e-05,-0.00048,625.0,7.029
376,12.6034,Midnight 00:00,0.1,1,0.00802,5e-05,2.63233,0.63233,0.00802,-0.99995,3.15541,-3e-05,-0.00048,625.0,7.029
377,12.6369,Midnight 00:00,0.1,1,0.00802,5e-05,2.63233,0.63233,0.00802,-0.99995,3.15541,-3e-05,-0.00048,625.0,7.029
378,12.6704,Midnight 00:00,0.1,1,0.00802,5e-05,2.63233,0.63233,0.00802,-0.99995,3.15541,-3e-05,-0.00048,625.0,7.029
379,12.7039,Midnight 00:00,0.1,1,0.00802,5e-05,2.63233,0.63233,0.00802,-0.99995,3.15541,-3e-05,-0.00048,625.0,7.029
380,12.7374,Midnight 00:00,0.1,1,0.00802,5e-05,2.63233,0.63233,0.00802,-0.99995,3.15541,-3e-05,-0.00048,625.0,7.029
381,12.7709,Midnight 00:00,0.1,1,0.00802,5e-05,2.63233,0.63233,0.00802,-0.99995,3.15541,-3e-05,-0.00048,625.0,7.029
382,12.8045,Midnight 00:00,0.1,1,0.00802,5e-05,2.63233,0.63233,0.00802,-0.99995,3.15541,-3e-05,-0.00048,625.0,7.029
383,12.838,Midnight 00:00,0.1,1,0.00802,5e-05,2.63233,0.63233,0.00802,-0.99995,3.15541,-3e-05,-0.00048,625.0,7.029
384,12.8715,Midnight 00:00,0.1,1,0.00802,5e-05,2.63233,0.63233,0.00802,-0.99995,3.15541,-3e-05,-0.00048,625.0,7.029
385,12.905,Midnight 00:00,0.1,1,0.00802,5e-05,2.63233,0.63233,0.00802,-0.99995,3.15541,-3e-05,-0.00048,625.0,7.029
386,12.9385,Midnight 00:00,0.1,1,0.00802,5e-05,2.63233,0.63233,0.00802,-0.99995,3.15541,-3e-05,-0.00048,625.0,7.029
387,12.9721,Midnight 00:00,0.1,1,0.008,0.00503,2.63001,0.63001,0.008,-0.99497,3.43086,-0.00077,-0.00508,600.0,7.04
388,13.0056,Midnight 00:00,0.1,1,0.00417,0.00441,2.73862,0.73862,0.00417,-0.99559,3.21156,-9e-05,-0.00179,576.0,7.024
389,13.0391,Midnight 00:00,0.1,1,0.00417,0.00441,2.73862,0.73862,0.00417,-0.99559,3.21156,-9e-05,-0.00179,576.0,7.034
390,13.0726,Midnight 00:00,0.1,1,0.00378,0.00288,2.72639,0.72639,0.00378,-0.99712,-2.90648,-0.01473,0.15418,564.0,7.038
391,13.1061,Midnight 00:00,0.1,1,0.0087,0.00025,2.85759,0.85759,0.0087,-0.99975,3.21403,-0.00018,-0.00378,529.0,7.003
392,13.1397,Midnight 00:00,0.1,1,0.0087,0.00025,2.85759,0.85759,0.0087,-0.99975,3.21403,-0.00018,-0.00378,529.0,6.96
393,13.1732,Midnight 00:00,0.1,1,0.0087,0.00025,2.85759,0.85759,0.0087,-0.99975,3.21403,-0.00018,-0.00378,529.0,6.96
394,13.2067,Midnight 00:00,0.1,1,0.0087,0.00025,2.85759,0.85759,0.0087,-0.99975,3.21403,-0.00018,-0.00378,529.0,6.911
395,13.2402,Midnight 00:00,0.1,1,0.0087,0.00025,2.85759,0.85759,0.0087,-0.99975,3.21403,-0.00018,-0.00378,529.0,6.875
396,13.2737,Midnight 00:00,0.1,1,0.0087,0.00533,2.85803,0.85803,0.0087,-0.99467,3.44418,-0.0008,-0.00513,506.0,6.872
397,13.3073,Midnight 00:00,0.1,1,0.00455,0.00478,2.98697,0.98697,0.00455,-0.99522,3.21706,-9e-05,-0.0019,484.0,6.879
398,13.3408,Midnight 00:00,0.1,1,0.00455,0.00478,2.98697,0.98697,0.00455,-0.99522,3.21706,-9e-05,-0.0019,484.0,6.861
399,13.3743,Midnight 00:00,0.1,1,0.00455,0.00478,2.98697,0.98697,0.00455,-0.99522,3.21706,-9e-05,-0.0019,484.0,6.813
400,13.4078,Midnight 00:00,0.1,1,0.00455,0.00478,2.98697,0.98697,0.00455,-0.99522,3.21706,-9e-05,-0.0019,484.0,6.764
401,13.4413,Midnight 00:00,0.1,1,0.00455,0.00478,2.98697,0.98697,0.00455,-0.99522,3.21706,-9e-05,-0.0019,484.0,6.777
402,13.4749,Midnight 00:00,0.1,1,0.00455,0.00478,2.98697,0.98697,0.00455,-0.99522,3.21706,-9e-05,-0.0019,484.0,6.782
403,13.5084,Midnight 00:00,0.1,1,0.00455,0.00478,2.98697,0.98697,0.00455,-0.99522,3.21706,-9e-05,-0.0019,484.0,6.782
404,13.5419,Midnight 00:00,0.1,1,0.00953,0.00025,3.12897,1.12897,0.00953,-0.99975,3.22047,-0.00019,-0.00395,441.0,6.78
405,13.5754,Midnight 00:00,0.1,1,0.00953,0.00025,3.12897,1.12897,0.00953,-0.99975,3.22047,-0.00019,-0.00395,441.0,6.751
406,13.6089,Midnight 00:00,0.1,1,0.00953,0.00025,3.12897,1.12897,0.00953,-0.99975,3.22047,-0.00019,-0.00395,441.0,6.724
407,13.6425,Midnight 00:00,0.1,1,0.005,0.00522,3.28504,1.28504,0.005,-0.99478,3.22179,-0.0001,-0.00199,400.0,6.737
408,13.676,Midnight 00:00,0.1,1,0.005,0.00522,3.28504,1.28504,0.005,-0.99478,3.22179,-0.0001,-0.00199,400.0,6.737
409,13.7095,Midnight 00:00,0.1,1,0.005,0.00522,3.28504,1.28504,0.005,-0.99478,3.22179,-0.0001,-0.00199,400.0,6.679
410,13.743,Midnight 00:00,0.1,1,0.005,0.00522,3.28504,1.28504,0.005,-0.99478,3.22179,-0.0001,-0.00199,400.0,6.674
411,13.7765,Midnight 00:00,0.1,1,0.005,0.00522,3.28504,1.28504,0.005,-0.99478,3.22179,-0.0001,-0.00199,400.0,6.659
412,13.8101,Midnight 00:00,0.1,1,0.005,0.00522,3.28504,1.28504,0.005,-0.99478,3.22179,-0.0001,-0.00199,400.0,6.649
413,13.8436,Midnight 00:00,0.1,1,0.005,0.00522,3.28504,1.28504,0.005,-0.99478,3.22179,-0.0001,-0.00199,400.0,6.645
414,13.8771,Midnight 00:00,0.1,1,0.005,0.00522,3.28504,1.28504,0.005,-0.99478,3.22179,-0.0001,-0.00199,400.0,6.646
415,13.9106,Midnight 00:00,0.1,1,0.005,0.00522,3.28504,1.28504,0.005,-0.99478,3.22179,-0.0001,-0.00199,400.0,6.629
416,13.9441,Midnight 00:00,0.1,1,0.005,0.00522,3.28504,1.28504,0.005,-0.99478,3.22179,-0.0001,-0.00199,400.0,6.575
417,13.9777,Midnight 00:00,0.1,1,0.005,0.00522,3.28504,1.28504,0.005,-0.99478,3.22179,-0.0001,-0.00199,400.0,6.518
418,14.0112,Midnight 00:00,0.1,1,0.005,0.00093,3.28569,1.28569,0.005,-0.99907,3.46852,-0.00044,-0.00261,380.0,6.519
419,14.0447,Midnight 00:00,0.1,1,0.00612,-0.0,3.476,1.476,0.00612,-1.0,3.1056,-0.0,0.47416,342.0,6.542
420,14.0782,Midnight 00:00,0.1,1,0.00612,-0.0,3.476,1.476,0.00612,-1.0,3.1056,-0.0,0.47416,342.0,6.512
421,14.1117,Midnight 00:00,0.1,1,0.00612,-0.0,3.476,1.476,0.00612,-1.0,3.1056,-0.0,0.47416,342.0,6.512
422,14.1453,Midnight 00:00,0.1,1,0.00556,0.00576,3.64942,1.64942,0.00556,-0.99424,3.22586,-0.00011,-0.00207,324.0,6.519
423,14.1788,Midnight 00:00,0.1,1,0.00556,0.00576,3.64942,1.64942,0.00556,-0.99424,3.22586,-0.00011,-0.00207,324.0,6.53
424,14.2123,Midnight 00:00,0.1,1,0.00556,0.00576,3.64942,1.64942,0.00556,-0.99424,3.22586,-0.00011,-0.00207,324.0,6.53
425,14.2458,Midnight 00:00,0.1,1,0.00556,0.00576,3.64942,1.64942,0.00556,-0.99424,3.22586,-0.00011,-0.00207,324.0,6.53
426,14.2793,Midnight 00:00,0.1,1,0.00556,0.00576,3.64942,1.64942,0.00556,-0.99424,3.22586,-0.00011,-0.00207,324.0,6.528
427,14.3128,Midnight 00:00,0.1,1,0.00556,0.00576,3.64942,1.64942,0.00556,-0.99424,3.22586,-0.00011,-0.00207,324.0,6.513
428,14.3464,Midnight 00:00,0.1,1,0.00556,0.00576,3.64942,1.64942,0.00556,-0.99424,3.22586,-0.00011,-0.00207,324.0,6.494
429,14.3799,Midnight 00:00,0.1,1,0.00556,0.00576,3.64942,1.64942,0.00556,-0.99424,3.22586,-0.00011,-0.00207,324.0,6.465
430,14.4134,Midnight 00:00,0.1,1,0.00556,0.00576,3.64942,1.64942,0.00556,-0.99424,3.22586,-0.00011,-0.00207,324.0,6.422
431,14.4469,Midnight 00:00,0.1,1,0.00556,0.00576,3.64942,1.64942,0.00556,-0.99424,3.22586,-0.00011,-0.00207,324.0,6.396
432,14.4804,Midnight 00:00,0.1,1,0.00556,0.00576,3.64942,1.64942,0.00556,-0.99424,3.22586,-0.00011,-0.00207,324.0,6.39
433,14.514,Midnight 00:00,0.1,1,0.00556,0.00576,3.64942,1.64942,0.00556,-0.99424,3.22586,-0.00011,-0.00207,324.0,6.379
434,14.5475,Midnight 00:00,0.1,1,0.00339,0.00586,3.63993,1.63993,0.00339,-0.99414,-2.98977,-0.02111,-0.35318,315.0,6.393
435,14.581,Midnight 00:00,0.1,1,-0.0,-0.0,3.87121,1.87121,-0.0,-1.0,3.14159,-0.0,-0.0,289.0,6.408
436,14.6145,Midnight 00:00,0.1,1,-0.0,-0.0,3.87121,1.87121,-0.0,-1.0,3.14159,-0.0,-0.0,289.0,6.422
437,14.648,Midnight 00:00,0.1,1,-0.0,-0.0,3.87121,1.87121,-0.0,-1.0,3.14159,-0.0,-0.0,289.0,6.43
438,14.6816,Midnight 00:00,0.1,1,-0.0,0.0067,3.86439,1.86439,-0.0,-0.9933,3.49486,-0.0,-0.0,272.0,6.449
439,14.7151,Midnight 00:00,0.1,1,-0.0,0.0067,3.86439,1.86439,-0.0,-0.9933,3.49486,-0.0,-0.0,272.0,6.451
440,14.7486,Midnight 00:00,0.1,1,-0.0,0.0067,3.86439,1.86439,-0.0,-0.9933,3.49486,-0.0,-0.0,272.0,6.451
441,14.7821,Midnight 00:00,0.1,1,0.00625,0.00643,4.10496,2.10496,0.00625,-0.99357,3.22937,-0.00011,-0.00215,256.0,6.422
442,14.8156,Midnight 00:00,0.1,1,0.00625,0.00643,4.10496,2.10496,0.00625,-0.99357,3.22937,-0.00011,-0.00215,256.0,6.422
443,14.8492,Midnight 00:00,0.1,1,0.00625,0.00643,4.10496,2.10496,0.00625,-0.99357,3.22937,-0.00011,-0.00215,256.0,6.381
444,14.8827,Midnight 00:00,0.1,1,0.00625,0.00643,4.10496,2.10496,0.00625,-0.99357,3.22937,-0.00011,-0.00215,256.0,6.339
445,14.9162,Midnight 00:00,0.1,1,0.00625,0.00643,4.10496,2.10496,0.00625,-0.99357,3.22937,-0.00011,-0.00215,256.0,6.315
446,14.9497,Midnight 00:00,0.1,1,0.00625,0.00643,4.10496,2.10496,0.00625,-0.99357,3.22937,-0.00011,-0.00215,256.0,6.295
447,14.9832,Midnight 00:00,0.1,1,0.00625,0.00643,4.10496,2.10496,0.00625,-0.99357,3.22937,-0.00011,-0.00215,256.0,6.284
448,15.0168,Midnight 00:00,0.1,1,0.00625,0.00643,4.10496,2.10496,0.00625,-0.99357,3.22937,-0.00011,-0.00215,256.0,6.278
449,15.0503,Midnight 00:00,0.1,1,0.00625,0.00643,4.10496,2.10496,0.00625,-0.99357,3.22937,-0.00011,-0.00215,256.0,6.267
450,15.0838,Midnight 00:00,0.1,1,0.00625,0.00643,4.10496,2.10496,0.00625,-0.99357,3.22937,-0.00011,-0.00215,256.0,6.254
451,15.1173,Midnight 00:00,0.1,1,0.00625,0.00643,4.10496,2.10496,0.00625,-0.99357,3.22937,-0.00011,-0.00215,256.0,6.249
452,15.1508,Midnight 00:00,0.1,1,0.00625,0.00643,4.10496,2.10496,0.00625,-0.99357,3.22937,-0.00011,-0.00215,256.0,6.245
453,15.1844,Midnight 00:00,0.1,1,0.00625,0.00643,4.10496,2.10496,0.00625,-0.99357,3.22937,-0.00011,-0.00215,256.0,6.245
454,15.2179,Midnight 00:00,0.1,1,0.00625,0.00643,4.10496,2.10496,0.00625,-0.99357,3.22937,-0.00011,-0.00215,256.0,6.245
455,15.2514,Midnight 00:00,0.1,1,0.00625,0.00643,4.10496,2.10496,0.00625,-0.99357,3.22937,-0.00011,-0.00215,256.0,6.245
456,15.2849,Midnight 00:00,0.1,1,0.00625,0.00643,4.10496,2.10496,0.00625,-0.99357,3.22937,-0.00011,-0.00215,256.0,6.245
457,15.3184,Midnight 00:00,0.1,1,0.00625,0.00643,4.10496,2.10496,0.00625,-0.99357,3.22937,-0.00011,-0.00215,256.0,6.245
458,15.352,Midnight 00:00,0.1,1,0.00625,0.00643,4.10496,2.10496,0.00625,-0.99357,3.22937,-0.00011,-0.00215,256.0,6.245
459,15.3855,Midnight 00:00,0.1,1,0.00625,0.00643,4.10496,2.10496,0.00625,-0.99357,3.22937,-0.00011,-0.00215,256.0,6.245
460,15.419,Midnight 00:00,0.1,1,0.00625,0.00643,4.10496,2.10496,0.00625,-0.99357,3.22937,-0.00011,-0.00215,256.0,6.245
461,15.4525,Midnight 00:00,0.1,1,0.00625,0.00643,4.10496,2.10496,0.00625,-0.99357,3.22937,-0.00011,-0.00215,256.0,6.245
462,15.486,Midnight 00:00,0.1,1,0.00625,0.00643,4.10496,2.10496,0.00625,-0.99357,3.22937,-0.00011,-0.00215,256.0,6.245
463,15.5196,Midnight 00:00,0.1,1,0.00625,0.00643,4.10496,2.10496,0.00625,-0.99357,3.22937,-0.00011,-0.00215,256.0,6.245
464,15.5531,Midnight 00:00,0.1,1,0.00625,0.00643,4.10496,2.10496,0.00625,-0.99357,3.22937,-0.00011,-0.00215,256.0,6.245
465,15.5866,Midnight 00:00,0.1,1,0.00625,0.00643,4.10496,2.10496,0.00625,-0.99357,3.22937,-0.00011,-0.00215,256.0,6.245
466,15.6201,Midnight 00:00,0.1,1,0.00625,0.00643,4.10496,2.10496,0.00625,-0.99357,3.22937,-0.00011,-0.00215,256.0,6.245
467,15.6536,Midnight 00:00,0.1,1,0.00625,0.00643,4.10496,2.10496,0.00625,-0.99357,3.22937,-0.00011,-0.00215,256.0,6.245
468,15.6872,Midnight 00:00,0.1,1,0.00625,0.00643,4.10496,2.10496,0.00625,-0.99357,3.22937,-0.00011,-0.00215,256.0,6.245
469,15.7207,Midnight 00:00,0.1,1,0.00625,0.00643,4.10496,2.10496,0.00625,-0.99357,3.22937,-0.00011,-0.00215,256.0,6.245
470,15.7542,Midnight 00:00,0.1,1,0.00625,0.00643,4.10496,2.10496,0.00625,-0.99357,3.22937,-0.00011,-0.00215,256.0,6.245
471,15.7877,Midnight 00:00,0.1,1,0.00625,0.00643,4.10496,2.10496,0.00625,-0.99357,3.22937,-0.00011,-0.00215,256.0,6.245
472,15.8212,Midnight 00:00,0.1,1,0.00625,0.00643,4.10496,2.10496,0.00625,-0.99357,3.22937,-0.00011,-0.00215,256.0,6.245
473,15.8547,Midnight 00:00,0.1,1,0.00625,0.00643,4.10496,2.10496,0.00625,-0.99357,3.22937,-0.00011,-0.00215,256.0,6.245
474,15.8883,Midnight 00:00,0.1,1,0.00625,0.00643,4.10496,2.10496,0.00625,-0.99357,3.22937,-0.00011,-0.00215,256.0,6.245
475,15.9218,Midnight 00:00,0.1,1,0.00625,0.00643,4.10496,2.10496,0.00625,-0.99357,3.22937,-0.00011,-0.00215,256.0,6.245
476,15.9553,Midnight 00:00,0.1,1,0.00625,0.00643,4.10496,2.10496,0.00625,-0.99357,3.22937,-0.00011,-0.00215,256.0,6.245
477,15.9888,Midnight 00:00,0.1,1,0.00625,0.00643,4.10496,2.10496,0.00625,-0.99357,3.22937,-0.00011,-0.00215,256.0,6.245
478,16.0223,Midnight 00:00,0.1,1,0.00625,0.00643,4.10496,2.10496,0.00625,-0.99357,3.22937,-0.00011,-0.00215,256.0,6.245
479,16.0559,Midnight 00:00,0.1,1,0.00625,0.00643,4.10496,2.10496,0.00625,-0.99357,3.22937,-0.00011,-0.00215,256.0,6.245
480,16.0894,Midnight 00:00,0.1,1,0.00625,0.00643,4.10496,2.10496,0.00625,-0.99357,3.22937,-0.00011,-0.00215,256.0,6.245
481,16.1229,Midnight 00:00,0.1,1,0.00625,0.00643,4.10496,2.10496,0.00625,-0.99357,3.22937,-0.00011,-0.00215,256.0,6.245
482,16.1564,Midnight 00:00,0.1,1,0.00625,0.00643,4.10496,2.10496,0.00625,-0.99357,3.22937,-0.00011,-0.00215,256.0,6.245
483,16.1899,Midnight 00:00,0.1,1,0.00625,0.00643,4.10496,2.10496,0.00625,-0.99357,3.22937,-0.00011,-0.00215,256.0,6.245
484,16.2235,Midnight 00:00,0.1,1,0.00625,0.00643,4.10496,2.10496,0.00625,-0.99357,3.22937,-0.00011,-0.00215,256.0,6.245
485,16.257,Midnight 00:00,0.1,1,0.00625,0.00643,4.10496,2.10496,0.00625,-0.99357,3.22937,-0.00011,-0.00215,256.0,6.245
486,16.2905,Midnight 00:00,0.1,1,0.00625,0.00643,4.10496,2.10496,0.00625,-0.99357,3.22937,-0.00011,-0.00215,256.0,6.245
487,16.324,Midnight 00:00,0.1,1,0.00625,0.00643,4.10496,2.10496,0.00625,-0.99357,3.22937,-0.00011,-0.00215,256.0,6.245
488,16.3575,Midnight 00:00,0.1,1,0.00625,0.00643,4.10496,2.10496,0.00625,-0.99357,3.22937,-0.00011,-0.00215,256.0,6.245
489,16.3911,Midnight 00:00,0.1,1,0.00625,0.00643,4.10496,2.10496,0.00625,-0.99357,3.22937,-0.00011,-0.00215,256.0,6.245
490,16.4246,Midnight 00:00,0.1,1,0.00625,0.00643,4.10496,2.10496,0.00625,-0.99357,3.22937,-0.00011,-0.00215,256.0,6.245
491,16.4581,Midnight 00:00,0.1,1,0.00625,0.00643,4.10496,2.10496,0.00625,-0.99357,3.22937,-0.00011,-0.00215,256.0,6.245
492,16.4916,Midnight 00:00,0.1,1,0.00625,0.00643,4.10496,2.10496,0.00625,-0.99357,3.22937,-0.00011,-0.00215,256.0,6.245
493,16.5251,Midnight 00:00,0.1,1,0.00625,0.00643,4.10496,2.10496,0.00625,-0.99357,3.22937,-0.00011,-0.00215,256.0,6.245
494,16.5587,Midnight 00:00,0.1,1,0.00625,0.00643,4.10496,2.10496,0.00625,-0.99357,3.22937,-0.00011,-0.00215,256.0,6.245
495,16.5922,Midnight 00:00,0.1,1,0.00625,0.00643,4.10496,2.10496,0.00625,-0.99357,3.22937,-0.00011,-0.00215,256.0,6.245
496,16.6257,Midnight 00:00,0.1,1,0.00625,0.00643,4.10496,2.10496,0.00625,-0.99357,3.22937,-0.00011,-0.00215,256.0,6.245
497,16.6592,Midnight 00:00,0.1,1,0.00625,0.00643,4.10496,2.10496,0.00625,-0.99357,3.22937,-0.00011,-0.00215,256.0,6.245
498,16.6927,Midnight 00:00,0.1,1,0.00625,0.00643,4.10496,2.10496,0.00625,-0.99357,3.22937,-0.00011,-0.00215,256.0,6.245
499,16.7263,Midnight 00:00,0.1,1,0.00625,0.00643,4.10496,2.10496,0.00625,-0.99357,3.22937,-0.00011,-0.00215,256.0,6.245
500,16.7598,Midnight 00:00,0.1,1,0.00625,0.00643,4.10496,2.10496,0.00625,-0.99357,3.22937,-0.00011,-0.00215,256.0,6.245
501,16.7933,Midnight 00:00,0.1,1,0.00625,0.00643,4.10496,2.10496,0.00625,-0.99357,3.22937,-0.00011,-0.00215,256.0,6.245
502,16.8268,Midnight 00:00,0.1,1,0.00625,0.00643,4.10496,2.10496,0.00625,-0.99357,3.22937,-0.00011,-0.00215,256.0,6.245
503,16.8603,Midnight 00:00,0.1,1,0.00625,0.00643,4.10496,2.10496,0.00625,-0.99357,3.22937,-0.00011,-0.00215,256.0,6.245
504,16.8939,Midnight 00:00,0.1,1,0.00625,0.00643,4.10496,2.10496,0.00625,-0.99357,3.22937,-0.00011,-0.00215,256.0,6.245
505,16.9274,Midnight 00:00,0.1,1,0.00625,0.00643,4.10496,2.10496,0.00625,-0.99357,3.22937,-0.00011,-0.00215,256.0,6.245
506,16.9609,Midnight 00:00,0.1,1,0.00625,0.00643,4.10496,2.10496,0.00625,-0.99357,3.22937,-0.00011,-0.00215,256.0,6.245
507,16.9944,Midnight 00:00,0.1,1,0.00625,0.00643,4.10496,2.10496,0.00625,-0.99357,3.22937,-0.00011,-0.00215,256.0,6.245
508,17.0279,Midnight 00:00,0.1,1,0.00625,0.00643,4.10496,2.10496,0.00625,-0.99357,3.22937,-0.00011,-0.00215,256.0,6.245
509,17.0615,Midnight 00:00,0.1,1,0.00625,0.00643,4.10496,2.10496,0.00625,-0.99357,3.22937,-0.00011,-0.00215,256.0,6.245
510,17.095,Midnight 00:00,0.1,1,0.00625,0.00643,4.10496,2.10496,0.00625,-0.99357,3.22937,-0.00011,-0.00215,256.0,6.245
511,17.1285,Midnight 00:00,0.1,1,0.00625,0.00643,4.10496,2.10496,0.00625,-0.99357,3.22937,-0.00011,-0.00215,256.0,6.245
512,17.162,Midnight 00:00,0.1,1,0.00625,0.00643,4.10496,2.10496,0.00625,-0.99357,3.22937,-0.00011,-0.00215,256.0,6.245
513,17.1955,Midnight 00:00,0.1,1,0.00625,0.00643,4.10496,2.10496,0.00625,-0.99357,3.22937,-0.00011,-0.00215,256.0,6.245
514,17.2291,Midnight 00:00,0.1,1,0.00625,0.00643,4.10496,2.10496,0.00625,-0.99357,3.22937,-0.00011,-0.00215,256.0,6.245
515,17.2626,Midnight 00:00,0.1,1,0.00625,0.00643,4.10496,2.10496,0.00625,-0.99357,3.22937,-0.00011,-0.00215,256.0,6.245
516,17.2961,Midnight 00:00,0.1,1,0.00625,0.00643,4.10496,2.10496,0.00625,-0.99357,3.22937,-0.00011,-0.00215,256.0,6.245
517,17.3296,Midnight 00:00,0.1,1,0.00625,0.00643,4.10496,2.10496,0.00625,-0.99357,3.22937,-0.00011,-0.00215,256.0,6.245
518,17.3631,Midnight 00:00,0.1,1,-0.01875,0.00643,4.105,2.105,-0.01875,-0.99357,3.22926,0.00033,0.00645,256.0,6.222
519,17.3966,Midnight 00:00,0.1,1,-0.01875,0.00643,4.105,2.105,-0.01875,-0.99357,3.22926,0.00033,0.00645,256.0,6.222
520,17.4302,Midnight 00:00,0.1,1,-0.06359,0.00625,4.12656,2.12656,-0.06359,-0.99375,3.09937,-0.0004,-0.50458,240.0,6.275
521,17.4637,Midnight 00:00,0.1,1,-0.06359,0.00625,4.12656,2.12656,-0.06359,-0.99375,3.09937,-0.0004,-0.50458,240.0,6.275
522,17.4972,Midnight 00:00,0.1,1,-0.08872,0.00625,4.1265,2.1265,-0.08872,-0.99375,3.10082,-0.0004,-0.49573,240.0,6.265
523,17.5307,Midnight 00:00,0.1,1,-0.10629,0.00643,4.10632,2.10632,-0.10629,-0.99357,3.22532,0.00178,0.03614,256.0,6.221
524,17.5642,Midnight 00:00,0.1,1,-0.15155,0.00625,4.12635,2.12635,-0.15155,-0.99375,3.10424,-0.0004,-0.47432,240.0,6.277
525,17.5978,Midnight 00:00,0.1,1,-0.15155,0.00625,4.12635,2.12635,-0.15155,-0.99375,3.10424,-0.0004,-0.47432,240.0,6.277
526,17.6313,Midnight 00:00,0.1,1,-0.19398,0.00641,4.10949,2.10949,-0.19398,-0.99359,3.21511,0.00286,0.06385,256.0,6.219
527,17.6648,Midnight 00:00,0.1,1,-0.19398,0.00641,4.10949,2.10949,-0.19398,-0.99359,3.21511,0.00286,0.06385,256.0,6.219
528,17.6983,Midnight 00:00,0.1,1,-0.21908,0.0064,4.11074,2.11074,-0.21908,-0.9936,3.21071,0.00304,0.07096,256.0,6.228
529,17.7318,Midnight 00:00,0.1,1,-0.23951,0.00625,4.12616,2.12616,-0.23951,-0.99375,3.10852,-0.0004,-0.44603,240.0,6.277
530,17.7654,Midnight 00:00,0.1,1,-0.26464,0.00625,4.1261,2.1261,-0.26464,-0.99375,3.10964,-0.00039,-0.4383,240.0,6.261
531,17.7989,Midnight 00:00,0.1,1,-0.28194,0.00637,4.11448,2.11448,-0.28194,-0.99363,3.19518,0.00306,0.08518,256.0,6.219
532,17.8324,Midnight 00:00,0.1,1,-0.30714,0.00635,4.11621,2.11621,-0.30714,-0.99365,3.18586,0.00277,0.08821,256.0,6.228
533,17.8659,Midnight 00:00,0.1,1,-0.32746,0.00625,4.12597,2.12597,-0.32746,-0.99375,3.11228,-0.00039,-0.41966,240.0,6.278
534,17.8994,Midnight 00:00,0.1,1,-0.34499,0.0063,4.11889,2.11889,-0.34499,-0.9937,3.16323,0.00158,0.08703,256.0,6.26
535,17.933,Midnight 00:00,0.1,1,-0.37019,0.00626,4.12003,2.12003,-0.37019,-0.99374,3.14817,0.00061,0.08502,256.0,6.217
536,17.9665,Midnight 00:00,0.1,1,-0.39536,0.00625,4.12069,2.12069,-0.39536,-0.99375,3.1442,0.00034,0.08373,256.0,6.23
537,18.0,Midnight 00:00,0.1,1,-0.41541,0.00625,4.1258,2.1258,-0.41541,-0.99375,3.11557,-0.00039,-0.39517,240.0,6.284
538,18.0335,Midnight 00:00,0.1,1,-0.43312,0.00625,4.12146,2.12146,-0.43312,-0.99375,3.14254,0.00022,0.08006,256.0,6.257
539,18.067,Midnight 00:00,0.1,1,-0.45828,0.00625,4.12184,2.12184,-0.45828,-0.99375,3.14212,0.00019,0.07685,256.0,6.215
540,18.1006,Midnight 00:00,0.1,1,-0.50336,0.00625,4.12563,2.12563,-0.50336,-0.99375,3.11844,-0.00038,-0.37247,240.0,6.276
541,18.1341,Midnight 00:00,0.1,1,-0.50336,0.00625,4.12563,2.12563,-0.50336,-0.99375,3.11844,-0.00038,-0.37247,240.0,6.276
542,18.1676,Midnight 00:00,0.1,1,-0.52117,0.00625,4.12248,2.12248,-0.52117,-0.99375,3.14171,0.00014,0.06833,256.0,6.245
543,18.2011,Midnight 00:00,0.1,1,-0.54632,0.00625,4.12265,2.12265,-0.54632,-0.99375,3.14165,0.00013,0.06513,256.0,6.214
544,18.2346,Midnight 00:00,0.1,1,-0.57146,0.00625,4.12278,2.12278,-0.57146,-0.99375,3.14161,0.00012,0.06215,256.0,6.231
545,18.2682,Midnight 00:00,0.1,1,-0.5913,0.00625,4.12548,2.12548,-0.5913,-0.99375,3.12096,-0.00037,-0.35148,240.0,6.277
546,18.3017,Midnight 00:00,0.1,1,-0.60918,0.00625,4.12294,2.12294,-0.60918,-0.99375,3.14158,0.0001,0.05808,256.0,6.242
547,18.3352,Midnight 00:00,0.1,1,-0.63432,0.00625,4.12303,2.12303,-0.63432,-0.99375,3.14157,0.0001,0.05562,256.0,6.213
548,18.3687,Midnight 00:00,0.1,1,-0.65946,0.00625,4.1231,2.1231,-0.65946,-0.99375,3.14156,9e-05,0.05335,256.0,6.232
549,18.4022,Midnight 00:00,0.1,1,-0.69717,0.00625,4.12319,2.12319,-0.69717,-0.99375,3.14155,9e-05,0.05026,256.0,6.238
550,18.4358,Midnight 00:00,0.1,1,-0.7223,0.00625,4.12323,2.12323,-0.7223,-0.99375,3.14155,8e-05,0.04839,256.0,6.212
551,18.4693,Midnight 00:00,0.1,1,-0.74744,0.00625,4.12328,2.12328,-0.74744,-0.99375,3.14155,8e-05,0.04665,256.0,6.235
552,18.5028,Midnight 00:00,0.1,1,-0.76717,0.00625,4.12521,2.12521,-0.76717,-0.99375,3.12507,-0.00035,-0.31419,240.0,6.278
553,18.5363,Midnight 00:00,0.1,1,-0.78514,0.00625,4.12333,2.12333,-0.78514,-0.99375,3.14155,7e-05,0.04426,256.0,6.236
554,18.5698,Midnight 00:00,0.1,1,-0.81028,0.00625,4.12336,2.12336,-0.81028,-0.99375,3.14155,7e-05,0.04281,256.0,6.21
555,18.6034,Midnight 00:00,0.1,1,-0.83541,0.00625,4.12339,2.12339,-0.83541,-0.99375,3.14155,7e-05,0.04144,256.0,6.236
556,18.6369,Midnight 00:00,0.1,1,-0.85511,0.00625,4.12509,2.12509,-0.85511,-0.99375,3.12674,-0.00034,-0.29769,240.0,6.277
557,18.6704,Midnight 00:00,0.1,1,-0.85511,0.00625,4.12509,2.12509,-0.85511,-0.99375,3.12674,-0.00034,-0.29769,240.0,6.277
558,18.7039,Midnight 00:00,0.1,1,-0.87311,0.00625,4.12342,2.12342,-0.87311,-0.99375,3.14155,6e-05,0.03955,256.0,6.233
559,18.7374,Midnight 00:00,0.1,1,-0.89825,0.00625,4.12344,2.12344,-0.89825,-0.99375,3.14155,6e-05,0.03838,256.0,6.211
560,18.7709,Midnight 00:00,0.1,1,-0.92338,0.00625,4.12346,2.12346,-0.92338,-0.99375,3.14155,6e-05,0.03729,256.0,6.238
561,18.8045,Midnight 00:00,0.1,1,-0.94304,0.00625,4.12498,2.12498,-0.94304,-0.99375,3.12821,-0.00034,-0.28246,240.0,6.275
562,18.838,Midnight 00:00,0.1,1,-0.96108,0.00625,4.12349,2.12349,-0.96108,-0.99375,3.14155,6e-05,0.03575,256.0,6.23
563,18.8715,Midnight 00:00,0.1,1,-0.98621,0.00625,4.1235,2.1235,-0.98621,-0.99375,3.14156,6e-05,0.0348,256.0,6.21
564,18.905,Midnight 00:00,0.1,1,-1.01135,0.00625,4.12352,2.12352,-1.01135,-0.99375,3.14156,5e-05,0.0339,256.0,6.239
565,18.9385,Midnight 00:00,0.1,1,-1.03098,0.00625,4.12488,2.12488,-1.03098,-0.99375,3.1295,-0.00033,-0.26842,240.0,6.277
566,18.9721,Midnight 00:00,0.1,1,-1.04904,0.00625,4.12354,2.12354,-1.04904,-0.99375,3.14156,5e-05,0.03263,256.0,6.228
567,19.0056,Midnight 00:00,0.1,1,-1.07418,0.00625,4.12355,2.12355,-1.07418,-0.99375,3.14156,5e-05,0.03184,256.0,6.209
568,19.0391,Midnight 00:00,0.1,1,-1.09931,0.00625,4.12356,2.12356,-1.09931,-0.99375,3.14156,5e-05,0.03108,256.0,6.242
569,19.0726,Midnight 00:00,0.1,1,-1.11891,0.00625,4.12479,2.12479,-1.11891,-0.99375,3.13063,-0.00032,-0.25545,240.0,6.268
570,19.1061,Midnight 00:00,0.1,1,-1.13701,0.00625,4.12357,2.12357,-1.13701,-0.99375,3.14156,5e-05,0.03001,256.0,6.226
571,19.1397,Midnight 00:00,0.1,1,-1.16214,0.00625,4.12358,2.12358,-1.16214,-0.99375,3.14156,5e-05,0.02934,256.0,6.209
572,19.1732,Midnight 00:00,0.1,1,-1.18727,0.00625,4.12359,2.12359,-1.18727,-0.99375,3.14156,4e-05,0.0287,256.0,6.242
573,19.2067,Midnight 00:00,0.1,1,-1.20684,0.00625,4.12471,2.12471,-1.20684,-0.99375,3.13163,-0.00031,-0.24347,240.0,6.266
574,19.2402,Midnight 00:00,0.1,1,-1.22497,0.00625,4.1236,2.1236,-1.22497,-0.99375,3.14157,4e-05,0.02779,256.0,6.224
575,19.2737,Midnight 00:00,0.1,1,-1.2501,0.00625,4.1236,2.1236,-1.2501,-0.99375,3.14157,4e-05,0.02721,256.0,6.209
576,19.3073,Midnight 00:00,0.1,1,-1.27523,0.00625,4.12361,2.12361,-1.27523,-0.99375,3.14157,4e-05,0.02666,256.0,6.24
577,19.3408,Midnight 00:00,0.1,1,-1.29478,0.00625,4.12464,2.12464,-1.29478,-0.99375,3.13251,-0.0003,-0.23239,240.0,6.263
578,19.3743,Midnight 00:00,0.1,1,-1.31293,0.00625,4.12362,2.12362,-1.31293,-0.99375,3.14157,4e-05,0.02588,256.0,6.221
579,19.4078,Midnight 00:00,0.1,1,-1.33806,0.00625,4.12362,2.12362,-1.33806,-0.99375,3.14157,4e-05,0.02538,256.0,6.208
580,19.4413,Midnight 00:00,0.1,1,-1.38271,0.00625,4.12457,2.12457,-1.38271,-0.99375,3.13329,-0.00029,-0.22213,240.0,6.261
581,19.4749,Midnight 00:00,0.1,1,-1.40088,0.00625,4.12364,2.12364,-1.40088,-0.99375,3.14157,4e-05,0.02421,256.0,6.219
582,19.5084,Midnight 00:00,0.1,1,-1.42602,0.00625,4.12364,2.12364,-1.42602,-0.99375,3.14157,4e-05,0.02378,256.0,6.207
583,19.5419,Midnight 00:00,0.1,1,-1.42602,0.00625,4.12364,2.12364,-1.42602,-0.99375,3.14157,4e-05,0.02378,256.0,6.207
584,19.5754,Midnight 00:00,0.1,1,-1.45115,0.00625,4.12364,2.12364,-1.45115,-0.99375,3.14157,4e-05,0.02335,256.0,6.237
585,19.6089,Midnight 00:00,0.1,1,-1.47065,0.00625,4.12451,2.12451,-1.47065,-0.99375,3.13398,-0.00028,-0.21262,240.0,6.258
586,19.6425,Midnight 00:00,0.1,1,-1.48884,0.00625,4.12365,2.12365,-1.48884,-0.99375,3.14157,4e-05,0.02275,256.0,6.216
587,19.676,Midnight 00:00,0.1,1,-1.48884,-0.01875,4.12365,2.12365,-1.48884,-1.01875,3.14132,-0.00011,0.02275,256.0,6.241
588,19.7095,Midnight 00:00,0.1,1,-1.57412,-0.03991,4.3618,2.3618,-1.57412,-1.03991,2.99174,-0.03241,0.46423,240.0,6.263
589,19.743,Midnight 00:00,0.1,1,-1.48882,-0.08125,4.12358,2.12358,-1.48882,-1.08125,3.14069,-0.00046,0.02267,256.0,6.218
590,19.7765,Midnight 00:00,0.1,1,-1.48882,-0.08125,4.12358,2.12358,-1.48882,-1.08125,3.14069,-0.00046,0.02267,256.0,6.218
591,19.8101,Midnight 00:00,0.1,1,-1.4888,-0.10625,4.12353,2.12353,-1.4888,-1.10625,3.14044,-0.00059,0.02262,256.0,6.243
592,19.8436,Midnight 00:00,0.1,1,-1.57053,-0.13216,4.3516,2.3516,-1.57053,-1.13216,3.0002,-0.03646,0.406,240.0,6.264
593,19.8771,Midnight 00:00,0.1,1,-1.48877,-0.14374,4.12344,2.12344,-1.48877,-1.14374,3.14007,-0.0008,0.02251,256.0,6.228
594,19.9106,Midnight 00:00,0.1,1,-1.48874,-0.16874,4.12336,2.12336,-1.48874,-1.16874,3.13982,-0.00094,0.02242,256.0,6.219
595,19.9441,Midnight 00:00,0.1,1,-1.53019,-0.19611,4.2418,2.2418,-1.53019,-1.19611,-3.03628,0.0031,-0.91781,248.0,6.244
596,19.9777,Midnight 00:00,0.1,1,-1.56613,-0.22386,4.3392,2.3392,-1.56613,-1.22386,3.00269,-0.04048,0.36116,240.0,6.265
597,20.0112,Midnight 00:00,0.1,1,-1.48865,-0.23122,4.12311,2.12311,-1.48865,-1.23122,3.13923,-0.00127,0.02214,256.0,6.229
598,20.0447,Midnight 00:00,0.1,1,-1.48861,-0.25621,4.12299,2.12299,-1.48861,-1.25621,3.139,-0.0014,0.02201,256.0,6.219
599,20.0782,Midnight 00:00,0.1,1,-1.53419,-0.28675,4.25281,2.25281,-1.53419,-1.28675,-2.99525,-0.00117,-0.88867,248.0,6.246
600,20.1117,Midnight 00:00,0.1,1,-1.56163,-0.31502,4.32659,2.32659,-1.56163,-1.31502,3.00419,-0.04373,0.32536,240.0,6.266
601,20.1453,Midnight 00:00,0.1,1,-1.48848,-0.31867,4.12265,2.12265,-1.48848,-1.31867,3.13844,-0.00171,0.02164,256.0,6.229
602,20.1788,Midnight 00:00,0.1,1,-1.48843,-0.34365,4.1225,2.1225,-1.48843,-1.34365,3.13823,-0.00183,0.02147,256.0,6.22
603,20.2123,Midnight 00:00,0.1,1,-1.55725,-0.40568,4.31434,2.31434,-1.55725,-1.40568,3.00567,-0.04626,0.29574,240.0,6.266
604,20.2458,Midnight 00:00,0.1,1,-1.55725,-0.40568,4.31434,2.31434,-1.55725,-1.40568,3.00567,-0.04626,0.29574,240.0,6.266
605,20.2793,Midnight 00:00,0.1,1,-1.48828,-0.40609,4.12208,2.12208,-1.48828,-1.40609,3.13772,-0.00211,0.02101,256.0,6.229
606,20.3128,Midnight 00:00,0.1,1,-1.48821,-0.43107,4.1219,2.1219,-1.48821,-1.43107,3.13752,-0.00222,0.02081,256.0,6.221
607,20.3464,Midnight 00:00,0.1,1,-1.54028,-0.46884,4.26959,2.26959,-1.54028,-1.46884,-2.90185,-0.01241,-0.83511,248.0,6.26
608,20.3799,Midnight 00:00,0.1,1,-1.55306,-0.49587,4.30261,2.30261,-1.55306,-1.49587,3.00734,-0.0482,0.27057,240.0,6.27
609,20.4134,Midnight 00:00,0.1,1,-1.48804,-0.49348,4.12142,2.12142,-1.48804,-1.49348,3.13707,-0.00247,0.02028,256.0,6.229
610,20.4469,Midnight 00:00,0.1,1,-1.48797,-0.51844,4.12122,2.12122,-1.48797,-1.51844,3.1369,-0.00257,0.02005,256.0,6.221
611,20.4804,Midnight 00:00,0.1,1,-1.54167,-0.55981,4.27341,2.27341,-1.54167,-1.55981,-2.85014,-0.01857,-0.81392,248.0,6.261
612,20.514,Midnight 00:00,0.1,1,-1.54907,-0.58565,4.29148,2.29148,-1.54907,-1.58565,3.0092,-0.04966,0.24877,240.0,6.269
613,20.5475,Midnight 00:00,0.1,1,-1.48778,-0.58083,4.12069,2.12069,-1.48778,-1.58083,3.1365,-0.00279,0.01947,256.0,6.23
614,20.581,Midnight 00:00,0.1,1,-1.4877,-0.60578,4.12047,2.12047,-1.4877,-1.60578,3.13635,-0.00288,0.01923,256.0,6.221
615,20.6145,Midnight 00:00,0.1,1,-1.54636,-0.64954,4.28391,2.28391,-1.54636,-1.64954,3.01064,-0.05046,0.23487,240.0,6.261
616,20.648,Midnight 00:00,0.1,1,-1.54531,-0.67505,4.28097,2.28097,-1.54531,-1.67505,3.01123,-0.05073,0.22964,240.0,6.262
617,20.6816,Midnight 00:00,0.1,1,-1.4875,-0.66814,4.11991,2.11991,-1.4875,-1.66814,3.13601,-0.00307,0.01862,256.0,6.23
618,20.7151,Midnight 00:00,0.1,1,-1.54275,-0.7387,4.27383,2.27383,-1.54275,-1.7387,3.01277,-0.05129,0.21732,240.0,6.261
619,20.7486,Midnight 00:00,0.1,1,-1.54175,-0.76411,4.27105,2.27105,-1.54175,-1.76411,3.0134,-0.05148,0.21267,240.0,6.261
620,20.7821,Midnight 00:00,0.1,1,-1.54175,-0.76411,4.27105,2.27105,-1.54175,-1.76411,3.0134,-0.05148,0.21267,240.0,6.261
621,20.8156,Midnight 00:00,0.1,1,-1.48712,-0.78034,4.11887,2.11887,-1.48712,-1.78034,3.13549,-0.00337,0.01749,256.0,6.222
622,20.8492,Midnight 00:00,0.1,1,-1.53934,-0.82754,4.26433,2.26433,-1.53934,-1.82754,3.01502,-0.05185,0.20167,240.0,6.262
623,20.8827,Midnight 00:00,0.1,1,-1.53934,-0.82754,4.26433,2.26433,-1.53934,-1.82754,3.01502,-0.05185,0.20167,240.0,6.262
624,20.9162,Midnight 00:00,0.1,1,-1.53841,-0.85287,4.26173,2.26173,-1.53841,-1.85287,3.01568,-0.05196,0.1975,240.0,6.26
625,20.9497,Midnight 00:00,0.1,1,-1.48691,-0.84265,4.11828,2.11828,-1.48691,-1.84265,3.13525,-0.0035,0.01685,256.0,6.229
626,20.9832,Midnight 00:00,0.1,1,-1.48683,-0.86756,4.11805,2.11805,-1.48683,-1.86756,3.13517,-0.00355,0.0166,256.0,6.223
627,21.0168,Midnight 00:00,0.1,1,-1.53614,-0.9161,4.25541,2.25541,-1.53614,-1.9161,3.01735,-0.05217,0.18761,240.0,6.262
628,21.0503,Midnight 00:00,0.1,1,-1.53527,-0.94135,4.25296,2.25296,-1.53527,-1.94135,3.01802,-0.05223,0.18385,240.0,6.259
629,21.0838,Midnight 00:00,0.1,1,-1.48662,-0.92985,4.11747,2.11747,-1.48662,-1.92985,3.13498,-0.00366,0.01597,256.0,6.227
630,21.1173,Midnight 00:00,0.1,1,-1.48654,-0.95476,4.11724,2.11724,-1.48654,-1.95476,3.13491,-0.0037,0.01572,256.0,6.224
631,21.1508,Midnight 00:00,0.1,1,-1.53231,-1.02959,4.24473,2.24473,-1.53231,-2.02959,3.02041,-0.05231,0.17151,240.0,6.258
632,21.1844,Midnight 00:00,0.1,1,-1.48633,-1.01702,4.11667,2.11667,-1.48633,-2.01702,3.13476,-0.00379,0.0151,256.0,6.227
633,21.2179,Midnight 00:00,0.1,1,-1.48633,-1.01702,4.11667,2.11667,-1.48633,-2.01702,3.13476,-0.00379,0.0151,256.0,6.227
634,21.2514,Midnight 00:00,0.1,1,-1.48625,-1.04192,4.11645,2.11645,-1.48625,-2.04192,3.13471,-0.00381,0.01486,256.0,6.223
635,21.2849,Midnight 00:00,0.1,1,-1.52954,-1.11762,4.237,2.237,-1.52954,-2.11762,3.02283,-0.05224,0.16029,240.0,6.261
636,21.3184,Midnight 00:00,0.1,1,-1.48606,-1.10416,4.1159,2.1159,-1.48606,-2.10416,3.1346,-0.00388,0.01426,256.0,6.225
637,21.352,Midnight 00:00,0.1,1,-1.48606,-1.10416,4.1159,2.1159,-1.48606,-2.10416,3.1346,-0.00388,0.01426,256.0,6.225
638,21.3855,Midnight 00:00,0.1,1,-1.52767,-1.18038,4.23177,2.23177,-1.52767,-2.18038,3.02456,-0.05211,0.1529,240.0,6.27
639,21.419,Midnight 00:00,0.1,1,-1.52767,-1.18038,4.23177,2.23177,-1.52767,-2.18038,3.02456,-0.05211,0.1529,240.0,6.27
640,21.4525,Midnight 00:00,0.1,1,-1.48579,-1.19128,4.11515,2.11515,-1.48579,-2.19128,3.13449,-0.00395,0.01346,256.0,6.224
641,21.486,Midnight 00:00,0.1,1,-1.48579,-1.19128,4.11515,2.11515,-1.48579,-2.19128,3.13449,-0.00395,0.01346,256.0,6.224
642,21.5196,Midnight 00:00,0.1,1,-1.48571,-1.21616,4.11494,2.11494,-1.48571,-2.21616,3.13447,-0.00396,0.01323,256.0,6.223
643,21.5531,Midnight 00:00,0.1,1,-1.52518,-1.26809,4.22485,2.22485,-1.52518,-2.26809,3.02698,-0.05183,0.14331,240.0,6.269
644,21.5866,Midnight 00:00,0.1,1,-1.5245,-1.29312,4.22296,2.22296,-1.5245,-2.29312,3.02767,-0.05173,0.14073,240.0,6.255
645,21.6201,Midnight 00:00,0.1,1,-1.48553,-1.27837,4.11444,2.11444,-1.48553,-2.27837,3.13442,-0.00399,0.01269,256.0,6.222
646,21.6536,Midnight 00:00,0.1,1,-1.48546,-1.30325,4.11424,2.11424,-1.48546,-2.30325,3.13441,-0.004,0.01247,256.0,6.224
647,21.6872,Midnight 00:00,0.1,1,-1.52222,-1.38063,4.21658,2.21658,-1.52222,-2.38063,3.03007,-0.05134,0.13216,240.0,6.254
648,21.7207,Midnight 00:00,0.1,1,-1.52222,-1.38063,4.21658,2.21658,-1.52222,-2.38063,3.03007,-0.05134,0.13216,240.0,6.254
649,21.7542,Midnight 00:00,0.1,1,-1.48529,-1.36545,4.11376,2.11376,-1.48529,-2.36545,3.13438,-0.00402,0.01196,256.0,6.221
650,21.7877,Midnight 00:00,0.1,1,-1.48522,-1.39033,4.11357,2.11357,-1.48522,-2.39033,3.13438,-0.00402,0.01176,256.0,6.223
651,21.8212,Midnight 00:00,0.1,1,-1.52067,-1.44306,4.21228,2.21228,-1.52067,-2.44306,3.03177,-0.05102,0.12647,240.0,6.265
652,21.8547,Midnight 00:00,0.1,1,-1.45999,-1.42758,4.11311,2.11311,-1.45999,-2.42758,3.13425,-0.00402,0.01146,256.0,6.212
653,21.8883,Midnight 00:00,0.1,1,-1.45999,-1.42758,4.11311,2.11311,-1.45999,-2.42758,3.13425,-0.00402,0.01146,256.0,6.212
654,21.9218,Midnight 00:00,0.1,1,-1.43486,-1.42751,4.11293,2.11293,-1.43486,-2.42751,3.13412,-0.00402,0.01145,256.0,6.231
655,21.9553,Midnight 00:00,0.1,1,-1.39717,-1.42741,4.11264,2.11264,-1.39717,-2.42741,3.13393,-0.00402,0.01144,256.0,6.234
656,21.9888,Midnight 00:00,0.1,1,-1.39717,-1.42741,4.11264,2.11264,-1.39717,-2.42741,3.13393,-0.00402,0.01144,256.0,6.234
657,22.0223,Midnight 00:00,0.1,1,-1.37204,-1.42735,4.11245,2.11245,-1.37204,-2.42735,3.1338,-0.00401,0.01142,256.0,6.217
658,22.0559,Midnight 00:00,0.1,1,-1.34692,-1.42728,4.11225,2.11225,-1.34692,-2.42728,3.13366,-0.00401,0.0114,256.0,6.234
659,22.0894,Midnight 00:00,0.1,1,-1.3638,-1.46516,4.222,2.222,-1.3638,-2.46516,3.21434,0.04645,-0.15249,240.0,6.274
660,22.1229,Midnight 00:00,0.1,1,-1.30923,-1.42717,4.11195,2.11195,-1.30923,-2.42717,3.13346,-0.004,0.01136,256.0,6.237
661,22.1564,Midnight 00:00,0.1,1,-1.28411,-1.4271,4.11174,2.11174,-1.28411,-2.4271,3.13332,-0.00399,0.01133,256.0,6.219
662,22.1899,Midnight 00:00,0.1,1,-1.25899,-1.42703,4.11154,2.11154,-1.25899,-2.42703,3.13318,-0.00397,0.0113,256.0,6.238
663,22.2235,Midnight 00:00,0.1,1,-1.27551,-1.46716,4.22781,2.22781,-1.27551,-2.46716,3.21943,0.04693,-0.15552,240.0,6.277
664,22.257,Midnight 00:00,0.1,1,-1.22132,-1.42692,4.11122,2.11122,-1.22132,-2.42692,3.13296,-0.00395,0.01123,256.0,6.238
665,22.2905,Midnight 00:00,0.1,1,-1.1962,-1.42685,4.111,2.111,-1.1962,-2.42685,3.13282,-0.00394,0.01118,256.0,6.221
666,22.324,Midnight 00:00,0.1,1,-1.17109,-1.42677,4.11079,2.11079,-1.17109,-2.42677,3.13267,-0.00392,0.01113,256.0,6.242
667,22.3575,Midnight 00:00,0.1,1,-1.18708,-1.46931,4.23403,2.23403,-1.18708,-2.46931,3.22501,0.04732,-0.15846,240.0,6.28
668,22.3911,Midnight 00:00,0.1,1,-1.10831,-1.42658,4.11023,2.11023,-1.10831,-2.42658,3.1323,-0.00386,0.01096,256.0,6.222
669,22.4246,Midnight 00:00,0.1,1,-1.10831,-1.42658,4.11023,2.11023,-1.10831,-2.42658,3.1323,-0.00386,0.01096,256.0,6.222
670,22.4581,Midnight 00:00,0.1,1,-1.08321,-1.4265,4.11001,2.11001,-1.08321,-2.4265,3.13214,-0.00384,0.01089,256.0,6.246
671,22.4916,Midnight 00:00,0.1,1,-1.09851,-1.47161,4.2407,2.2407,-1.09851,-2.47161,3.23116,0.0476,-0.16129,240.0,6.281
672,22.5251,Midnight 00:00,0.1,1,-1.04555,-1.42639,4.10967,2.10967,-1.04555,-2.42639,3.13191,-0.00379,0.01076,256.0,6.239
673,22.5587,Midnight 00:00,0.1,1,-0.99535,-1.42623,4.10921,2.10921,-0.99535,-2.42623,3.1316,-0.00373,0.01056,256.0,6.251
674,22.5922,Midnight 00:00,0.1,1,-1.00976,-1.47407,4.24784,2.24784,-1.00976,-2.47407,3.23794,0.04776,-0.16394,240.0,6.284
675,22.6257,Midnight 00:00,0.1,1,-0.95771,-1.42611,4.10886,2.10886,-0.95771,-2.42611,3.13137,-0.00367,0.0104,256.0,6.236
676,22.6592,Midnight 00:00,0.1,1,-0.93262,-1.42602,4.10862,2.10862,-0.93262,-2.42602,3.13121,-0.00363,0.01028,256.0,6.225
677,22.6927,Midnight 00:00,0.1,1,-0.93262,-1.42602,4.10862,2.10862,-0.93262,-2.42602,3.13121,-0.00363,0.01028,256.0,6.225
678,22.7263,Midnight 00:00,0.1,1,-0.94246,-1.47557,4.25212,2.25212,-0.94246,-2.47557,3.2392,-0.01688,0.04837,248.0,6.266
679,22.7598,Midnight 00:00,0.1,1,-0.8699,-1.42582,4.10803,2.10803,-0.8699,-2.42582,3.13081,-0.00351,0.00994,256.0,6.237
680,22.7933,Midnight 00:00,0.1,1,-0.8699,-1.42582,4.10803,2.10803,-0.8699,-2.42582,3.13081,-0.00351,0.00994,256.0,6.237
681,22.8268,Midnight 00:00,0.1,1,-0.84482,-1.42574,4.1078,2.1078,-0.84482,-2.42574,3.13065,-0.00346,0.00979,256.0,6.227
682,22.8603,Midnight 00:00,0.1,1,-0.85214,-1.47624,4.25406,2.25406,-0.85214,-2.47624,3.23984,-0.02076,0.06198,248.0,6.27
683,22.8939,Midnight 00:00,0.1,1,-0.83166,-1.47953,4.26367,2.26367,-0.83166,-2.47953,3.25381,0.04757,-0.16836,240.0,6.291
684,22.9274,Midnight 00:00,0.1,1,-0.78213,-1.42554,4.10721,2.10721,-0.78213,-2.42554,3.13026,-0.00332,0.00939,256.0,6.235
685,22.9609,Midnight 00:00,0.1,1,-0.75706,-1.42546,4.10698,2.10698,-0.75706,-2.42546,3.13011,-0.00325,0.00921,256.0,6.23
686,22.9944,Midnight 00:00,0.1,1,-0.76782,-1.48166,4.26987,2.26987,-0.76782,-2.48166,3.26038,0.04728,-0.16952,240.0,6.273
687,23.0279,Midnight 00:00,0.1,1,-0.74224,-1.48255,4.27243,2.27243,-0.74224,-2.48255,3.26316,0.04713,-0.1699,240.0,6.285
688,23.0615,Midnight 00:00,0.1,1,-0.69439,-1.42526,4.10641,2.10641,-0.69439,-2.42526,3.12972,-0.00308,0.00872,256.0,6.236
689,23.095,Midnight 00:00,0.1,1,-0.66933,-1.42518,4.10618,2.10618,-0.66933,-2.42518,3.12957,-0.00301,0.00851,256.0,6.232
690,23.1285,Midnight 00:00,0.1,1,-0.6782,-1.48483,4.27906,2.27906,-0.6782,-2.48483,3.27053,0.04663,-0.17061,240.0,6.276
691,23.162,Midnight 00:00,0.1,1,-0.65254,-1.48577,4.2818,2.2818,-0.65254,-2.48577,3.27367,0.04639,-0.17077,240.0,6.285
692,23.1955,Midnight 00:00,0.1,1,-0.6067,-1.42499,4.10563,2.10563,-0.6067,-2.42499,3.1292,-0.00281,0.00794,256.0,6.234
693,23.2291,Midnight 00:00,0.1,1,-0.58165,-1.42492,4.10542,2.10542,-0.58165,-2.42492,3.12906,-0.00273,0.0077,256.0,6.234
694,23.2626,Midnight 00:00,0.1,1,-0.58828,-1.48821,4.28887,2.28887,-0.58828,-2.48821,3.28202,0.04563,-0.17084,240.0,6.278
695,23.2961,Midnight 00:00,0.1,1,-0.51904,-1.42474,4.10491,2.10491,-0.51904,-2.42474,3.12872,-0.0025,0.00705,256.0,6.235
696,23.3296,Midnight 00:00,0.1,1,-0.494,-1.42467,4.10471,2.10471,-0.494,-2.42467,3.12859,-0.0024,0.00678,256.0,6.236
697,23.3631,Midnight 00:00,0.1,1,-0.49802,-1.49181,4.29934,2.29934,-0.49802,-2.49181,3.29514,0.04416,-0.1699,240.0,6.28
698,23.3966,Midnight 00:00,0.1,1,-0.49802,-1.49181,4.29934,2.29934,-0.49802,-2.49181,3.29514,0.04416,-0.1699,240.0,6.28
699,23.4302,Midnight 00:00,0.1,1,-0.43142,-1.42452,4.10425,2.10425,-0.43142,-2.42452,3.12828,-0.00215,0.00605,256.0,6.235
700,23.4637,Midnight 00:00,0.1,1,-0.43142,-1.42452,4.10425,2.10425,-0.43142,-2.42452,3.12828,-0.00215,0.00605,256.0,6.235
701,23.4972,Midnight 00:00,0.1,1,-0.4064,-1.42446,4.10408,2.10408,-0.4064,-2.42446,3.12817,-0.00204,0.00575,256.0,6.238
702,23.5307,Midnight 00:00,0.1,1,-0.38139,-1.49678,4.31381,2.31381,-0.38139,-2.49678,3.31508,0.04137,-0.16612,240.0,6.282
703,23.5642,Midnight 00:00,0.1,1,-0.38139,-1.49678,4.31381,2.31381,-0.38139,-2.49678,3.31508,0.04137,-0.16612,240.0,6.282
704,23.5978,Midnight 00:00,0.1,1,-0.31882,-1.42427,4.10354,2.10354,-0.31882,-2.42427,3.12781,-0.00164,0.00463,256.0,6.241
705,23.6313,Midnight 00:00,0.1,1,-0.31629,-1.49971,4.32234,2.32234,-0.31629,-2.49971,3.32811,0.03922,-0.16215,240.0,6.295
706,23.6648,Midnight 00:00,0.1,1,-0.29018,-1.50092,4.32585,2.32585,-0.29018,-2.50092,3.33381,0.03821,-0.16004,240.0,6.286
707,23.6983,Midnight 00:00,0.1,1,-0.29018,-1.50092,4.32585,2.32585,-0.29018,-2.50092,3.33381,0.03821,-0.16004,240.0,6.286
708,23.7318,Midnight 00:00,0.1,1,-0.25629,-1.42416,4.10323,2.10323,-0.25629,-2.42416,3.1276,-0.00134,0.00378,256.0,6.237
709,23.7654,Midnight 00:00,0.1,1,-0.23128,-1.42412,4.10312,2.10312,-0.23128,-2.42412,3.12753,-0.00122,0.00342,256.0,6.242
710,23.7989,Midnight 00:00,0.1,1,-0.19848,-1.50527,4.33852,2.33852,-0.19848,-2.50527,3.35655,0.03375,-0.14934,240.0,6.286
711,23.8324,Midnight 00:00,0.1,1,-0.16876,-1.42404,4.10289,2.10289,-0.16876,-2.42404,3.12737,-0.0009,0.00252,256.0,6.238
712,23.8659,Midnight 00:00,0.1,1,-0.14376,-1.42402,4.10282,2.10282,-0.14376,-2.42402,3.12733,-0.00077,0.00216,256.0,6.244
713,23.8994,Midnight 00:00,0.1,1,-0.13265,-1.50846,4.34787,2.34787,-0.13265,-2.50846,3.37623,0.02931,-0.13676,240.0,6.295
714,23.933,Midnight 00:00,0.1,1,-0.10624,-1.50975,4.35163,2.35163,-0.10624,-2.50975,3.38512,0.02709,-0.12979,240.0,6.279
715,23.9665,Midnight 00:00,0.1,1,-0.08125,-1.42397,4.10268,2.10268,-0.08125,-2.42397,3.12724,-0.00044,0.00123,256.0,6.236
716,24.0,Midnight 00:00,0.1,1,-0.06667,-1.51226,4.37616,2.37616,-0.06667,-2.51226,3.12715,-0.00034,0.00095,225.0,6.297
717,24.0335,Midnight 00:00,0.1,1,-0.06648,-1.4834,4.35185,2.35185,-0.06648,-2.4834,3.40321,0.02685,-0.14047,240.0,6.264
718,24.067,Midnight 00:00,0.1,1,-0.06667,-1.47246,4.37617,2.37617,-0.06667,-2.47246,3.12678,-0.00035,0.001,225.0,6.291
719,24.1006,Midnight 00:00,0.1,1,-0.06667,-1.44593,4.37617,2.37617,-0.06667,-2.44593,3.12652,-0.00035,0.00104,225.0,6.321
720,24.1341,Midnight 00:00,0.1,1,-0.06667,-1.41941,4.37618,2.37618,-0.06667,-2.41941,3.12626,-0.00036,0.00107,225.0,6.297
721,24.1676,Midnight 00:00,0.1,1,-0.06623,-1.38365,4.32871,2.32871,-0.06623,-2.38365,3.40196,0.03772,-0.2187,240.0,6.263
722,24.2011,Midnight 00:00,0.1,1,-0.06667,-1.37961,4.37618,2.37618,-0.06667,-2.37961,3.12585,-0.00037,0.00113,225.0,6.293
723,24.2346,Midnight 00:00,0.1,1,-0.06667,-1.35309,4.37619,2.37619,-0.06667,-2.35309,3.12556,-0.00037,0.00117,225.0,6.32
724,24.2682,Midnight 00:00,0.1,1,-0.06667,-1.35309,4.37619,2.37619,-0.06667,-2.35309,3.12556,-0.00037,0.00117,225.0,6.32
725,24.3017,Midnight 00:00,0.1,1,-0.06593,-1.28453,4.30427,2.30427,-0.06593,-2.28453,3.38871,0.04408,-0.27799,240.0,6.264
726,24.3352,Midnight 00:00,0.1,1,-0.06593,-1.28453,4.30427,2.30427,-0.06593,-2.28453,3.38871,0.04408,-0.27799,240.0,6.264
727,24.3687,Midnight 00:00,0.1,1,-0.06667,-1.26024,4.37621,2.37621,-0.06667,-2.26024,3.12447,-0.0004,0.00133,225.0,6.319
728,24.4022,Midnight 00:00,0.1,1,-0.06667,-1.26024,4.37621,2.37621,-0.06667,-2.26024,3.12447,-0.0004,0.00133,225.0,6.319
729,24.4358,Midnight 00:00,0.1,1,-0.06564,-1.1867,4.28073,2.28073,-0.06564,-2.1867,3.37098,0.04743,-0.32444,240.0,6.263
730,24.4693,Midnight 00:00,0.1,1,-0.06564,-1.1867,4.28073,2.28073,-0.06564,-2.1867,3.37098,0.04743,-0.32444,240.0,6.263
731,24.5028,Midnight 00:00,0.1,1,-0.06667,-1.16739,4.37624,2.37624,-0.06667,-2.16739,3.12323,-0.00042,0.00153,225.0,6.33
732,24.5363,Midnight 00:00,0.1,1,-0.06667,-1.14086,4.37625,2.37625,-0.06667,-2.14086,3.12285,-0.00043,0.00159,225.0,6.295
733,24.5698,Midnight 00:00,0.1,1,-0.06667,-1.14086,4.37625,2.37625,-0.06667,-2.14086,3.12285,-0.00043,0.00159,225.0,6.295
734,24.6034,Midnight 00:00,0.1,1,-0.06535,-1.09023,4.25857,2.25857,-0.06535,-2.09023,3.35132,0.04869,-0.36212,240.0,6.264
735,24.6369,Midnight 00:00,0.1,1,-0.06667,-1.10107,4.37626,2.37626,-0.06667,-2.10107,3.12224,-0.00044,0.00169,225.0,6.302
736,24.6704,Midnight 00:00,0.1,1,-0.06667,-1.07455,4.37627,2.37627,-0.06667,-2.07455,3.12181,-0.00045,0.00177,225.0,6.319
737,24.7039,Midnight 00:00,0.1,1,-0.06667,-1.04802,4.37628,2.37628,-0.06667,-2.04802,3.12136,-0.00046,0.00185,225.0,6.288
738,24.7374,Midnight 00:00,0.1,1,-0.06508,-0.99507,4.23798,2.23798,-0.06508,-1.99507,3.33074,0.04838,-0.39325,240.0,6.265
739,24.7709,Midnight 00:00,0.1,1,-0.06667,-1.00823,4.3763,2.3763,-0.06667,-2.00823,3.12066,-0.00048,0.00197,225.0,6.301
740,24.8045,Midnight 00:00,0.1,1,-0.06667,-0.9817,4.37631,2.37631,-0.06667,-1.9817,3.12016,-0.00049,0.00207,225.0,6.319
741,24.838,Midnight 00:00,0.1,1,-0.06667,-0.95517,4.37633,2.37633,-0.06667,-1.95517,3.11964,-0.0005,0.00216,225.0,6.286
742,24.8715,Midnight 00:00,0.1,1,-0.06589,-0.91788,4.2959,2.2959,-0.06589,-1.91788,3.22534,0.03456,-0.31459,240.0,6.265
743,24.905,Midnight 00:00,0.1,1,-0.06667,-0.88886,4.37636,2.37636,-0.06667,-1.88886,3.11823,-0.00053,0.00244,225.0,6.32
744,24.9385,Midnight 00:00,0.1,1,-0.06667,-0.88886,4.37636,2.37636,-0.06667,-1.88886,3.11823,-0.00053,0.00244,225.0,6.32
745,24.9721,Midnight 00:00,0.1,1,-0.0646,-0.80833,4.20176,2.20176,-0.0646,-1.80833,3.28846,0.04435,-0.44081,240.0,6.265
746,25.0056,Midnight 00:00,0.1,1,-0.06667,-0.82254,4.37641,2.37641,-0.06667,-1.82254,3.11664,-0.00056,0.00277,225.0,6.3
747,25.0391,Midnight 00:00,0.1,1,-0.06667,-0.79601,4.37643,2.37643,-0.06667,-1.79601,3.11595,-0.00057,0.00292,225.0,6.32
748,25.0726,Midnight 00:00,0.1,1,-0.06445,-0.74268,4.19048,2.19048,-0.06445,-1.74268,3.27324,0.04207,-0.45396,240.0,6.282
749,25.1061,Midnight 00:00,0.1,1,-0.0644,-0.71656,4.18622,2.18622,-0.0644,-1.71656,3.26716,0.04105,-0.45873,240.0,6.266
750,25.1397,Midnight 00:00,0.1,1,-0.06667,-0.7297,4.37649,2.37649,-0.06667,-1.7297,3.11406,-0.00061,0.00334,225.0,6.3
751,25.1732,Midnight 00:00,0.1,1,-0.06667,-0.70317,4.37651,2.37651,-0.06667,-1.70317,3.11322,-0.00062,0.00354,225.0,6.32
752,25.2067,Midnight 00:00,0.1,1,-0.06426,-0.65158,4.17619,2.17619,-0.06426,-1.65158,3.25196,0.0383,-0.46952,240.0,6.28
753,25.2402,Midnight 00:00,0.1,1,-0.06426,-0.65158,4.17619,2.17619,-0.06426,-1.65158,3.25196,0.0383,-0.46952,240.0,6.28
754,25.2737,Midnight 00:00,0.1,1,-0.06421,-0.62572,4.17244,2.17244,-0.06421,-1.62572,3.2459,0.03712,-0.4734,240.0,6.266
755,25.3073,Midnight 00:00,0.1,1,-0.06667,-0.61033,4.37662,2.37662,-0.06667,-1.61033,3.10993,-0.00068,0.00435,225.0,6.321
756,25.3408,Midnight 00:00,0.1,1,-0.06409,-0.56133,4.16368,2.16368,-0.06409,-1.56133,3.23077,0.03398,-0.48206,240.0,6.278
757,25.3743,Midnight 00:00,0.1,1,-0.06405,-0.53568,4.16043,2.16043,-0.06405,-1.53568,3.22474,0.03266,-0.48513,240.0,6.266
758,25.4078,Midnight 00:00,0.1,1,-0.06405,-0.53568,4.16043,2.16043,-0.06405,-1.53568,3.22474,0.03266,-0.48513,240.0,6.266
759,25.4413,Midnight 00:00,0.1,1,-0.06667,-0.54402,4.37672,2.37672,-0.06667,-1.54402,3.10712,-0.00072,0.00509,225.0,6.305
760,25.4749,Midnight 00:00,0.1,1,-0.06667,-0.51749,4.37677,2.37677,-0.06667,-1.51749,3.10588,-0.00074,0.00543,225.0,6.321
761,25.5084,Midnight 00:00,0.1,1,-0.06391,-0.44635,4.15022,2.15022,-0.06391,-1.44635,3.20375,0.0278,-0.49419,240.0,6.267
762,25.5419,Midnight 00:00,0.1,1,-0.06667,-0.45118,4.3769,2.3769,-0.06667,-1.45118,3.1024,-0.00079,0.00642,225.0,6.303
763,25.5754,Midnight 00:00,0.1,1,-0.06667,-0.42465,4.37696,2.37696,-0.06667,-1.42465,3.10084,-0.00082,0.00687,225.0,6.311
764,25.6089,Midnight 00:00,0.1,1,-0.06383,-0.38291,4.14404,2.14404,-0.06383,-1.38291,3.18886,0.02412,-0.49914,240.0,6.27
765,25.6425,Midnight 00:00,0.1,1,-0.0638,-0.35761,4.14182,2.14182,-0.0638,-1.35761,3.18294,0.02262,-0.50078,240.0,6.267
766,25.676,Midnight 00:00,0.1,1,-0.06667,-0.35834,4.37714,2.37714,-0.06667,-1.35834,3.09646,-0.00087,0.0082,225.0,6.303
767,25.7095,Midnight 00:00,0.1,1,-0.06667,-0.33182,4.37722,2.37722,-0.06667,-1.33182,3.09448,-0.00089,0.00881,225.0,6.312
768,25.743,Midnight 00:00,0.1,1,-0.06373,-0.29453,4.13694,2.13694,-0.06373,-1.29453,3.16821,0.01877,-0.50406,240.0,6.268
769,25.7765,Midnight 00:00,0.1,1,-0.06371,-0.26935,4.13525,2.13525,-0.06371,-1.26935,3.16235,0.01721,-0.50505,240.0,6.267
770,25.8101,Midnight 00:00,0.1,1,-0.06667,-0.2655,4.37746,2.37746,-0.06667,-1.2655,3.08889,-0.00094,0.01057,225.0,6.302
771,25.8436,Midnight 00:00,0.1,1,-0.06667,-0.23897,4.37757,2.37757,-0.06667,-1.23897,3.08635,-0.00096,0.01137,225.0,6.313
772,25.8771,Midnight 00:00,0.1,1,-0.06366,-0.20653,4.13168,2.13168,-0.06366,-1.20653,3.1478,0.01325,-0.50674,240.0,6.266
773,25.9106,Midnight 00:00,0.1,1,-0.06366,-0.20653,4.13168,2.13168,-0.06366,-1.20653,3.1478,0.01325,-0.50674,240.0,6.266
774,25.9441,Midnight 00:00,0.1,1,-0.06667,-0.17266,4.37787,2.37787,-0.06667,-1.17266,3.0791,-0.001,0.01363,225.0,6.303
775,25.9777,Midnight 00:00,0.1,0,0.0,0.0,0.0,0.0,0.0,0.0,0.0,0.0,0.0,0.0,6.313
776,26.0112,Midnight 00:00,0.1,1,-0.06361,-0.11881,4.12825,2.12825,-0.06361,-1.11881,3.12765,0.00764,-0.50731,240.0,6.265
777,26.0447,Midnight 00:00,0.1,1,-0.06361,-0.09379,4.12761,2.12761,-0.06361,-1.09379,3.12195,0.00603,-0.50709,240.0,6.268
778,26.0782,Midnight 00:00,0.1,1,-0.06668,-0.0798,4.37837,2.37837,-0.06668,-1.0798,3.06629,-0.00104,0.01734,225.0,6.302
779,26.1117,Midnight 00:00,0.1,1,-0.06668,-0.05327,4.37853,2.37853,-0.06668,-1.05327,3.06194,-0.00104,0.0185,225.0,6.313
780,26.1453,Midnight 00:00,0.1,1,-0.06359,-0.03125,4.12667,2.12667,-0.06359,-1.03125,3.10779,0.002,-0.50582,240.0,6.264
781,26.1788,Midnight 00:00,0.1,1,-0.06359,-0.00625,4.12656,2.12656,-0.06359,-1.00625,3.10217,0.0004,-0.50503,240.0,6.269
782,26.2123,Midnight 00:00,0.1,1,-0.06359,0.00346,4.21712,2.21712,-0.06359,-0.99654,-2.99038,0.02283,-0.44121,232.5,6.286
783,26.2458,Midnight 00:00,0.1,1,-0.06359,0.00346,4.21712,2.21712,-0.06359,-0.99654,-2.99038,0.02283,-0.44121,232.5,6.286
784,26.2793,Midnight 00:00,0.1,1,-0.06359,0.00346,4.21712,2.21712,-0.06359,-0.99654,-2.99038,0.02283,-0.44121,232.5,6.286
785,26.3128,Midnight 00:00,0.1,1,-0.06359,0.00346,4.21712,2.21712,-0.06359,-0.99654,-2.99038,0.02283,-0.44121,232.5,6.286
786,26.3464,Midnight 00:00,0.1,1,-0.06359,0.00346,4.21712,2.21712,-0.06359,-0.99654,-2.99038,0.02283,-0.44121,232.5,6.286
787,26.3799,Midnight 00:00,0.1,1,-0.06359,0.00346,4.21712,2.21712,-0.06359,-0.99654,-2.99038,0.02283,-0.44121,232.5,6.286
788,26.4134,Midnight 00:00,0.1,1,-0.06359,0.00346,4.21712,2.21712,-0.06359,-0.99654,-2.99038,0.02283,-0.44121,232.5,6.286
789,26.4469,Midnight 00:00,0.1,1,-0.06359,0.00346,4.21712,2.21712,-0.06359,-0.99654,-2.99038,0.02283,-0.44121,232.5,6.286
790,26.4804,Midnight 00:00,0.1,1,-0.06359,0.00346,4.21712,2.21712,-0.06359,-0.99654,-2.99038,0.02283,-0.44121,232.5,6.286
791,26.514,Midnight 00:00,0.1,1,-0.06359,0.00346,4.21712,2.21712,-0.06359,-0.99654,-2.99038,0.02283,-0.44121,232.5,6.286
792,26.5475,Midnight 00:00,0.1,1,-0.06359,0.00346,4.21712,2.21712,-0.06359,-0.99654,-2.99038,0.02283,-0.44121,232.5,6.286
793,26.581,Midnight 00:00,0.1,1,-0.06359,0.00346,4.21712,2.21712,-0.06359,-0.99654,-2.99038,0.02283,-0.44121,232.5,6.286
794,26.6145,Midnight 00:00,0.1,1,-0.06359,0.00346,4.21712,2.21712,-0.06359,-0.99654,-2.99038,0.02283,-0.44121,232.5,6.286
795,26.648,Midnight 00:00,0.1,1,-0.06359,0.00346,4.21712,2.21712,-0.06359,-0.99654,-2.99038,0.02283,-0.44121,232.5,6.286
796,26.6816,Midnight 00:00,0.1,1,-0.06359,0.00346,4.21712,2.21712,-0.06359,-0.99654,-2.99038,0.02283,-0.44121,232.5,6.286
797,26.7151,Midnight 00:00,0.1,1,-0.06359,0.00346,4.21712,2.21712,-0.06359,-0.99654,-2.99038,0.02283,-0.44121,232.5,6.286
798,26.7486,Midnight 00:00,0.1,1,-0.06359,0.00346,4.21712,2.21712,-0.06359,-0.99654,-2.99038,0.02283,-0.44121,232.5,6.286
799,26.7821,Midnight 00:00,0.1,1,-0.06359,0.00346,4.21712,2.21712,-0.06359,-0.99654,-2.99038,0.02283,-0.44121,232.5,6.286
800,26.8156,Midnight 00:00,0.1,1,-0.06359,0.00346,4.21712,2.21712,-0.06359,-0.99654,-2.99038,0.02283,-0.44121,232.5,6.286
801,26.8492,Midnight 00:00,0.1,1,-0.06359,0.00346,4.21712,2.21712,-0.06359,-0.99654,-2.99038,0.02283,-0.44121,232.5,6.286
802,26.8827,Midnight 00:00,0.1,1,-0.06359,0.00346,4.21712,2.21712,-0.06359,-0.99654,-2.99038,0.02283,-0.44121,232.5,6.286
803,26.9162,Midnight 00:00,0.1,1,-0.06359,0.00346,4.21712,2.21712,-0.06359,-0.99654,-2.99038,0.02283,-0.44121,232.5,6.286
804,26.9497,Midnight 00:00,0.1,1,-0.06359,0.00346,4.21712,2.21712,-0.06359,-0.99654,-2.99038,0.02283,-0.44121,232.5,6.286
805,26.9832,Midnight 00:00,0.1,1,-0.06359,0.00346,4.21712,2.21712,-0.06359,-0.99654,-2.99038,0.02283,-0.44121,232.5,6.286
806,27.0168,Midnight 00:00,0.1,1,-0.06359,0.00346,4.21712,2.21712,-0.06359,-0.99654,-2.99038,0.02283,-0.44121,232.5,6.286
807,27.0503,Midnight 00:00,0.1,1,-0.06359,0.00346,4.21712,2.21712,-0.06359,-0.99654,-2.99038,0.02283,-0.44121,232.5,6.286
808,27.0838,Midnight 00:00,0.1,1,-0.06359,0.00346,4.21712,2.21712,-0.06359,-0.99654,-2.99038,0.02283,-0.44121,232.5,6.286
809,27.1173,Midnight 00:00,0.1,1,-0.06359,0.00346,4.21712,2.21712,-0.06359,-0.99654,-2.99038,0.02283,-0.44121,232.5,6.286
810,27.1508,Midnight 00:00,0.1,1,-0.06359,0.00346,4.21712,2.21712,-0.06359,-0.99654,-2.99038,0.02283,-0.44121,232.5,6.286
811,27.1844,Midnight 00:00,0.1,1,-0.06359,0.00346,4.21712,2.21712,-0.06359,-0.99654,-2.99038,0.02283,-0.44121,232.5,6.286
812,27.2179,Midnight 00:00,0.1,1,-0.06359,0.00346,4.21712,2.21712,-0.06359,-0.99654,-2.99038,0.02283,-0.44121,232.5,6.286
813,27.2514,Midnight 00:00,0.1,1,-0.06359,0.00346,4.21712,2.21712,-0.06359,-0.99654,-2.99038,0.02283,-0.44121,232.5,6.286
814,27.2849,Midnight 00:00,0.1,1,-0.06359,0.00346,4.21712,2.21712,-0.06359,-0.99654,-2.99038,0.02283,-0.44121,232.5,6.286
815,27.3184,Midnight 00:00,0.1,1,-0.06359,0.00346,4.21712,2.21712,-0.06359,-0.99654,-2.99038,0.02283,-0.44121,232.5,6.286
816,27.352,Midnight 00:00,0.1,1,-0.06359,0.00346,4.21712,2.21712,-0.06359,-0.99654,-2.99038,0.02283,-0.44121,232.5,6.286
817,27.3855,Midnight 00:00,0.1,1,-0.06359,0.00346,4.21712,2.21712,-0.06359,-0.99654,-2.99038,0.02283,-0.44121,232.5,6.286
818,27.419,Midnight 00:00,0.1,1,-0.06359,0.00346,4.21712,2.21712,-0.06359,-0.99654,-2.99038,0.02283,-0.44121,232.5,6.286
819,27.4525,Midnight 00:00,0.1,1,-0.06359,0.00346,4.21712,2.21712,-0.06359,-0.99654,-2.99038,0.02283,-0.44121,232.5,6.286
820,27.486,Midnight 00:00,0.1,1,-0.06359,0.00346,4.21712,2.21712,-0.06359,-0.99654,-2.99038,0.02283,-0.44121,232.5,6.286
821,27.5196,Midnight 00:00,0.1,1,-0.06359,0.00346,4.21712,2.21712,-0.06359,-0.99654,-2.99038,0.02283,-0.44121,232.5,6.286
822,27.5531,Midnight 00:00,0.1,1,-0.06359,0.00346,4.21712,2.21712,-0.06359,-0.99654,-2.99038,0.02283,-0.44121,232.5,6.286
823,27.5866,Midnight 00:00,0.1,1,-0.06359,0.00346,4.21712,2.21712,-0.06359,-0.99654,-2.99038,0.02283,-0.44121,232.5,6.286
824,27.6201,Midnight 00:00,0.1,1,-0.06359,0.00346,4.21712,2.21712,-0.06359,-0.99654,-2.99038,0.02283,-0.44121,232.5,6.286
825,27.6536,Midnight 00:00,0.1,1,-0.06359,0.00346,4.21712,2.21712,-0.06359,-0.99654,-2.99038,0.02283,-0.44121,232.5,6.286
826,27.6872,Midnight 00:00,0.1,1,-0.06359,0.00346,4.21712,2.21712,-0.06359,-0.99654,-2.99038,0.02283,-0.44121,232.5,6.286
827,27.7207,Midnight 00:00,0.1,1,-0.06359,0.00346,4.21712,2.21712,-0.06359,-0.99654,-2.99038,0.02283,-0.44121,232.5,6.286
828,27.7542,Midnight 00:00,0.1,1,-0.06359,0.00346,4.21712,2.21712,-0.06359,-0.99654,-2.99038,0.02283,-0.44121,232.5,6.286
829,27.7877,Midnight 00:00,0.1,1,-0.06359,0.00346,4.21712,2.21712,-0.06359,-0.99654,-2.99038,0.02283,-0.44121,232.5,6.286
830,27.8212,Midnight 00:00,0.1,1,-0.06359,0.00346,4.21712,2.21712,-0.06359,-0.99654,-2.99038,0.02283,-0.44121,232.5,6.286
831,27.8547,Midnight 00:00,0.1,1,-0.06359,0.00346,4.21712,2.21712,-0.06359,-0.99654,-2.99038,0.02283,-0.44121,232.5,6.286
832,27.8883,Midnight 00:00,0.1,1,-0.06359,0.00346,4.21712,2.21712,-0.06359,-0.99654,-2.99038,0.02283,-0.44121,232.5,6.286
833,27.9218,Midnight 00:00,0.1,1,-0.06359,0.00346,4.21712,2.21712,-0.06359,-0.99654,-2.99038,0.02283,-0.44121,232.5,6.286
834,27.9553,Midnight 00:00,0.1,1,-0.06359,0.00346,4.21712,2.21712,-0.06359,-0.99654,-2.99038,0.02283,-0.44121,232.5,6.286
835,27.9888,Midnight 00:00,0.1,1,-0.06359,0.00346,4.21712,2.21712,-0.06359,-0.99654,-2.99038,0.02283,-0.44121,232.5,6.286
836,28.0223,Midnight 00:00,0.1,1,-0.06359,0.00346,4.21712,2.21712,-0.06359,-0.99654,-2.99038,0.02283,-0.44121,232.5,6.286
837,28.0559,Midnight 00:00,0.1,1,-0.06359,0.00346,4.21712,2.21712,-0.06359,-0.99654,-2.99038,0.02283,-0.44121,232.5,6.286
838,28.0894,Midnight 00:00,0.1,1,-0.06359,0.00346,4.21712,2.21712,-0.06359,-0.99654,-2.99038,0.02283,-0.44121,232.5,6.286
839,28.1229,Midnight 00:00,0.1,1,-0.06359,0.00346,4.21712,2.21712,-0.06359,-0.99654,-2.99038,0.02283,-0.44121,232.5,6.286
840,28.1564,Midnight 00:00,0.1,1,-0.06359,0.00346,4.21712,2.21712,-0.06359,-0.99654,-2.99038,0.02283,-0.44121,232.5,6.286
841,28.1899,Midnight 00:00,0.1,1,-0.06359,0.00346,4.21712,2.21712,-0.06359,-0.99654,-2.99038,0.02283,-0.44121,232.5,6.286
842,28.2235,Midnight 00:00,0.1,1,-0.06359,0.00346,4.21712,2.21712,-0.06359,-0.99654,-2.99038,0.02283,-0.44121,232.5,6.286
843,28.257,Midnight 00:00,0.1,1,-0.06359,0.00346,4.21712,2.21712,-0.06359,-0.99654,-2.99038,0.02283,-0.44121,232.5,6.286
844,28.2905,Midnight 00:00,0.1,1,-0.06359,0.00346,4.21712,2.21712,-0.06359,-0.99654,-2.99038,0.02283,-0.44121,232.5,6.286
845,28.324,Midnight 00:00,0.1,1,-0.06359,0.00346,4.21712,2.21712,-0.06359,-0.99654,-2.99038,0.02283,-0.44121,232.5,6.286
846,28.3575,Midnight 00:00,0.1,1,-0.06359,0.00346,4.21712,2.21712,-0.06359,-0.99654,-2.99038,0.02283,-0.44121,232.5,6.286
847,28.3911,Midnight 00:00,0.1,1,-0.06359,0.00346,4.21712,2.21712,-0.06359,-0.99654,-2.99038,0.02283,-0.44121,232.5,6.286
848,28.4246,Midnight 00:00,0.1,1,-0.06359,0.00346,4.21712,2.21712,-0.06359,-0.99654,-2.99038,0.02283,-0.44121,232.5,6.29
849,28.4581,Midnight 00:00,0.1,1,-0.05561,0.00374,4.07868,2.07868,-0.05561,-0.99626,-2.85097,0.01945,-0.19356,248.0,6.3
850,28.4916,Midnight 00:00,0.1,1,-0.05626,0.00643,4.10534,2.10534,-0.05626,-0.99357,3.22826,0.00097,0.01929,256.0,6.316
851,28.5251,Midnight 00:00,0.1,1,-0.05626,0.00643,4.10534,2.10534,-0.05626,-0.99357,3.22826,0.00097,0.01929,256.0,6.324
852,28.5587,Midnight 00:00,0.1,1,-0.05626,0.00643,4.10534,2.10534,-0.05626,-0.99357,3.22826,0.00097,0.01929,256.0,6.334
853,28.5922,Midnight 00:00,0.1,0,0.0,0.0,0.0,0.0,0.0,0.0,0.0,0.0,0.0,0.0,6.327
854,28.6257,Midnight 00:00,0.1,0,0.0,0.0,0.0,0.0,0.0,0.0,0.0,0.0,0.0,0.0,6.324
855,28.6592,Midnight 00:00,0.1,0,0.0,0.0,0.0,0.0,0.0,0.0,0.0,0.0,0.0,0.0,6.324
856,28.6927,Midnight 00:00,0.1,1,-0.05884,0.00022,3.86427,1.86427,-0.05884,-0.99978,3.22751,0.00106,0.02136,289.0,6.286
857,28.7263,Midnight 00:00,0.1,1,-0.05884,0.00022,3.86427,1.86427,-0.05884,-0.99978,3.22751,0.00106,0.02136,289.0,6.28
858,28.7598,Midnight 00:00,0.1,1,-0.05884,0.00022,3.86427,1.86427,-0.05884,-0.99978,3.22751,0.00106,0.02136,289.0,6.284
859,28.7933,Midnight 00:00,0.1,1,-0.05884,0.00022,3.86427,1.86427,-0.05884,-0.99978,3.22751,0.00106,0.02136,289.0,6.294
860,28.8268,Midnight 00:00,0.1,1,-0.05884,0.00022,3.86427,1.86427,-0.05884,-0.99978,3.22751,0.00106,0.02136,289.0,6.297
861,28.8603,Midnight 00:00,0.1,1,-0.05884,0.00022,3.86427,1.86427,-0.05884,-0.99978,3.22751,0.00106,0.02136,289.0,6.326
862,28.8939,Midnight 00:00,0.1,1,-0.05884,0.00022,3.86427,1.86427,-0.05884,-0.99978,3.22751,0.00106,0.02136,289.0,6.347
863,28.9274,Midnight 00:00,0.1,1,-0.05884,0.00022,3.86427,1.86427,-0.05884,-0.99978,3.22751,0.00106,0.02136,289.0,6.347
864,28.9609,Midnight 00:00,0.1,1,-0.05884,0.00022,3.86427,1.86427,-0.05884,-0.99978,3.22751,0.00106,0.02136,289.0,6.386
865,28.9944,Midnight 00:00,0.1,1,-0.05884,0.00022,3.86427,1.86427,-0.05884,-0.99978,3.22751,0.00106,0.02136,289.0,6.398
866,29.0279,Midnight 00:00,0.1,1,-0.05884,0.00022,3.86427,1.86427,-0.05884,-0.99978,3.22751,0.00106,0.02136,289.0,6.445
867,29.0615,Midnight 00:00,0.1,1,-0.05884,0.00022,3.86427,1.86427,-0.05884,-0.99978,3.22751,0.00106,0.02136,289.0,6.445
868,29.095,Midnight 00:00,0.1,1,-0.05884,0.00022,3.86427,1.86427,-0.05884,-0.99978,3.22751,0.00106,0.02136,289.0,6.451
869,29.1285,Midnight 00:00,0.1,1,-0.06113,0.00087,3.65056,1.65056,-0.06113,-0.99913,3.48586,0.00508,0.02898,306.0,6.448
870,29.162,Midnight 00:00,0.1,1,-0.06113,0.00087,3.65056,1.65056,-0.06113,-0.99913,3.48586,0.00508,0.02898,306.0,6.456
871,29.1955,Midnight 00:00,0.1,0,0.0,0.0,0.0,0.0,0.0,0.0,0.0,0.0,0.0,0.0,6.436
872,29.2291,Midnight 00:00,0.1,1,-0.06113,0.00576,3.64992,1.64992,-0.06113,-0.99424,3.22413,0.00113,0.02269,324.0,6.44
873,29.2626,Midnight 00:00,0.1,1,-0.06113,0.00576,3.64992,1.64992,-0.06113,-0.99424,3.22413,0.00113,0.02269,324.0,6.452
874,29.2961,Midnight 00:00,0.1,1,-0.05903,-0.0,3.47581,1.47581,-0.05903,-1.0,3.10896,0.0,-0.45162,342.0,6.464
875,29.3296,Midnight 00:00,0.1,1,-0.05903,-0.0,3.47581,1.47581,-0.05903,-1.0,3.10896,0.0,-0.45162,342.0,6.491
876,29.3631,Midnight 00:00,0.1,1,-0.05903,-0.0,3.47581,1.47581,-0.05903,-1.0,3.10896,0.0,-0.45162,342.0,6.522
877,29.3966,Midnight 00:00,0.1,1,-0.05903,-0.0,3.47581,1.47581,-0.05903,-1.0,3.10896,0.0,-0.45162,342.0,6.541
878,29.4302,Midnight 00:00,0.1,1,-0.05903,-0.0,3.47581,1.47581,-0.05903,-1.0,3.10896,0.0,-0.45162,342.0,6.555
879,29.4637,Midnight 00:00,0.1,1,-0.05903,-0.0,3.47581,1.47581,-0.05903,-1.0,3.10896,0.0,-0.45162,342.0,6.552
880,29.4972,Midnight 00:00,0.1,1,-0.06318,0.00023,3.45826,1.45826,-0.06318,-0.99977,3.2229,0.0012,0.02457,361.0,6.556
881,29.5307,Midnight 00:00,0.1,1,-0.06318,0.00023,3.45826,1.45826,-0.06318,-0.99977,3.2229,0.0012,0.02457,361.0,6.566
882,29.5642,Midnight 00:00,0.1,1,-0.05502,0.00093,3.28614,1.28614,-0.05502,-0.99907,3.46798,0.00479,0.02874,380.0,6.555
883,29.5978,Midnight 00:00,0.1,1,-0.05502,0.00093,3.28614,1.28614,-0.05502,-0.99907,3.46798,0.00479,0.02874,380.0,6.571
884,29.6313,Midnight 00:00,0.1,1,-0.05502,0.00093,3.28614,1.28614,-0.05502,-0.99907,3.46798,0.00479,0.02874,380.0,6.594
885,29.6648,Midnight 00:00,0.1,1,-0.05502,0.00093,3.28614,1.28614,-0.05502,-0.99907,3.46798,0.00479,0.02874,380.0,6.605
886,29.6983,Midnight 00:00,0.1,1,-0.05502,0.00093,3.28614,1.28614,-0.05502,-0.99907,3.46798,0.00479,0.02874,380.0,6.616
887,29.7318,Midnight 00:00,0.1,1,-0.05502,0.00093,3.28614,1.28614,-0.05502,-0.99907,3.46798,0.00479,0.02874,380.0,6.621
888,29.7654,Midnight 00:00,0.1,1,-0.05502,0.00522,3.28549,1.28549,-0.05502,-0.99478,3.21996,0.00107,0.02173,400.0,6.625
889,29.7989,Midnight 00:00,0.1,1,-0.05352,-0.0,3.14535,1.14535,-0.05352,-1.0,3.113,0.0,-0.42293,420.0,6.659
890,29.8324,Midnight 00:00,0.1,1,-0.05352,-0.0,3.14535,1.14535,-0.05352,-1.0,3.113,0.0,-0.42293,420.0,6.678
891,29.8659,Midnight 00:00,0.1,1,-0.05716,0.00024,3.12948,1.12948,-0.05716,-0.99976,3.21824,0.00113,0.02344,441.0,6.668
892,29.8994,Midnight 00:00,0.1,1,-0.05716,0.00024,3.12948,1.12948,-0.05716,-0.99976,3.21824,0.00113,0.02344,441.0,6.692
893,29.933,Midnight 00:00,0.1,1,-0.05716,0.00024,3.12948,1.12948,-0.05716,-0.99976,3.21824,0.00113,0.02344,441.0,6.7
894,29.9665,Midnight 00:00,0.1,1,-0.05716,0.00024,3.12948,1.12948,-0.05716,-0.99976,3.21824,0.00113,0.02344,441.0,6.705
895,30.0,Midnight 00:00,0.1,1,-0.05716,0.00024,3.12948,1.12948,-0.05716,-0.99976,3.21824,0.00113,0.02344,441.0,6.712
896,30.0335,Midnight 00:00,0.1,1,-0.05716,0.00024,3.12948,1.12948,-0.05716,-0.99976,3.21824,0.00113,0.02344,441.0,6.736
897,30.067,Midnight 00:00,0.1,1,-0.05716,0.00024,3.12948,1.12948,-0.05716,-0.99976,3.21824,0.00113,0.02344,441.0,6.846
898,30.1006,Midnight 00:00,0.1,1,-0.05716,0.00024,3.12948,1.12948,-0.05716,-0.99976,3.21824,0.00113,0.02344,441.0,6.846
899,30.1341,Midnight 00:00,0.1,1,-0.05912,0.00097,2.9882,0.9882,-0.05912,-0.99903,3.45207,0.00536,0.03366,462.0,6.888
900,30.1676,Midnight 00:00,0.1,1,-0.05912,-0.00477,2.98754,0.98754,-0.05912,-1.00477,3.06869,-0.00112,0.02325,484.0,6.884
901,30.2011,Midnight 00:00,0.1,1,-0.05772,-0.0,2.87234,0.87234,-0.05772,-1.0,3.11692,-0.0,-0.39296,506.0,6.856
902,30.2346,Midnight 00:00,0.1,1,-0.05772,-0.0,2.87234,0.87234,-0.05772,-1.0,3.11692,-0.0,-0.39296,506.0,6.872
903,30.2682,Midnight 00:00,0.1,1,-0.0536,-0.00042,2.85323,0.85323,-0.0536,-1.00042,2.99883,-0.01815,0.32829,517.5,6.883
904,30.3017,Midnight 00:00,0.1,1,-0.0536,-0.00042,2.85323,0.85323,-0.0536,-1.00042,2.99883,-0.01815,0.32829,517.5,6.883
905,30.3352,Midnight 00:00,0.1,1,-0.0522,0.00025,2.85793,0.85793,-0.0522,-0.99975,3.21275,0.00105,0.0222,529.0,6.905
906,30.3687,Midnight 00:00,0.1,1,-0.0522,0.00025,2.85793,0.85793,-0.0522,-0.99975,3.21275,0.00105,0.0222,529.0,6.928
907,30.4022,Midnight 00:00,0.1,1,-0.05419,0.00102,2.73981,0.73981,-0.05419,-0.99898,3.43804,0.00509,0.03334,552.0,6.946
908,30.4358,Midnight 00:00,0.1,1,-0.05419,0.00102,2.73981,0.73981,-0.05419,-0.99898,3.43804,0.00509,0.03334,552.0,6.969
909,30.4693,Midnight 00:00,0.1,1,-0.05419,0.00102,2.73981,0.73981,-0.05419,-0.99898,3.43804,0.00509,0.03334,552.0,6.969
910,30.5028,Midnight 00:00,0.1,1,-0.0542,-0.0044,2.73914,0.73914,-0.0542,-1.0044,3.07445,-0.00104,0.02203,576.0,6.985
911,30.5363,Midnight 00:00,0.1,1,-0.0542,-0.0044,2.73914,0.73914,-0.0542,-1.0044,3.07445,-0.00104,0.02203,576.0,7.044
912,30.5698,Midnight 00:00,0.1,1,-0.0542,-0.0044,2.73914,0.73914,-0.0542,-1.0044,3.07445,-0.00104,0.02203,576.0,7.059
913,30.6034,Midnight 00:00,0.1,1,-0.0542,-0.0044,2.73914,0.73914,-0.0542,-1.0044,3.07445,-0.00104,0.02203,576.0,7.059
914,30.6369,Midnight 00:00,0.1,1,-0.05604,0.00024,2.63004,0.63004,-0.05604,-0.99976,3.20506,0.00109,0.02371,625.0,7.067
915,30.6704,Midnight 00:00,0.1,1,-0.05604,0.00024,2.63004,0.63004,-0.05604,-0.99976,3.20506,0.00109,0.02371,625.0,7.104
916,30.7039,Midnight 00:00,0.1,1,-0.05604,0.00024,2.63004,0.63004,-0.05604,-0.99976,3.20506,0.00109,0.02371,625.0,7.104
917,30.7374,Midnight 00:00,0.1,1,-0.05604,0.00024,2.63004,0.63004,-0.05604,-0.99976,3.20506,0.00109,0.02371,625.0,7.104
918,30.7709,Midnight 00:00,0.1,1,-0.05604,0.00024,2.63004,0.63004,-0.05604,-0.99976,3.20506,0.00109,0.02371,625.0,7.104
919,30.8045,Midnight 00:00,0.1,1,-0.05604,0.00024,2.63004,0.63004,-0.05604,-0.99976,3.20506,0.00109,0.02371,625.0,7.104
920,30.838,Midnight 00:00,0.1,1,-0.05604,0.00024,2.63004,0.63004,-0.05604,-0.99976,3.20506,0.00109,0.02371,625.0,7.104
921,30.8715,Midnight 00:00,0.1,1,-0.05604,0.00024,2.63004,0.63004,-0.05604,-0.99976,3.20506,0.00109,0.02371,625.0,7.104
922,30.905,Midnight 00:00,0.1,1,-0.05604,0.00024,2.63004,0.63004,-0.05604,-0.99976,3.20506,0.00109,0.02371,625.0,7.104
923,30.9385,Midnight 00:00,0.1,1,-0.05604,0.00024,2.63004,0.63004,-0.05604,-0.99976,3.20506,0.00109,0.02371,625.0,7.104
924,30.9721,Midnight 00:00,0.1,1,-0.05604,0.00024,2.63004,0.63004,-0.05604,-0.99976,3.20506,0.00109,0.02371,625.0,7.104
925,31.0056,Midnight 00:00,0.1,1,-0.05604,0.00024,2.63004,0.63004,-0.05604,-0.99976,3.20506,0.00109,0.02371,625.0,7.104
926,31.0391,Midnight 00:00,0.1,1,-0.05604,0.00024,2.63004,0.63004,-0.05604,-0.99976,3.20506,0.00109,0.02371,625.0,7.104
927,31.0726,Midnight 00:00,0.1,1,-0.05604,0.00024,2.63004,0.63004,-0.05604,-0.99976,3.20506,0.00109,0.02371,625.0,7.104
928,31.1061,Midnight 00:00,0.1,1,-0.05604,0.00024,2.63004,0.63004,-0.05604,-0.99976,3.20506,0.00109,0.02371,625.0,7.104
929,31.1397,Midnight 00:00,0.1,1,-0.05604,0.00024,2.63004,0.63004,-0.05604,-0.99976,3.20506,0.00109,0.02371,625.0,7.104
930,31.1732,Midnight 00:00,0.1,1,-0.05604,0.00024,2.63004,0.63004,-0.05604,-0.99976,3.20506,0.00109,0.02371,625.0,7.104
931,31.2067,Midnight 00:00,0.1,1,-0.05604,0.00024,2.63004,0.63004,-0.05604,-0.99976,3.20506,0.00109,0.02371,625.0,7.104
932,31.2402,Midnight 00:00,0.1,1,-0.05604,0.00024,2.63004,0.63004,-0.05604,-0.99976,3.20506,0.00109,0.02371,625.0,7.104
933,31.2737,Midnight 00:00,0.1,1,-0.05604,0.00024,2.63004,0.63004,-0.05604,-0.99976,3.20506,0.00109,0.02371,625.0,7.104
934,31.3073,Midnight 00:00,0.1,1,-0.05604,0.00024,2.63004,0.63004,-0.05604,-0.99976,3.20506,0.00109,0.02371,625.0,7.104
935,31.3408,Midnight 00:00,0.1,1,-0.05604,0.00024,2.63004,0.63004,-0.05604,-0.99976,3.20506,0.00109,0.02371,625.0,7.104
936,31.3743,Midnight 00:00,0.1,1,-0.05604,0.00024,2.63004,0.63004,-0.05604,-0.99976,3.20506,0.00109,0.02371,625.0,7.104
937,31.4078,Midnight 00:00,0.1,1,-0.05604,0.00024,2.63004,0.63004,-0.05604,-0.99976,3.20506,0.00109,0.02371,625.0,7.104
938,31.4413,Midnight 00:00,0.1,1,-0.05604,0.00024,2.63004,0.63004,-0.05604,-0.99976,3.20506,0.00109,0.02371,625.0,7.104
939,31.4749,Midnight 00:00,0.1,1,-0.05604,0.00024,2.63004,0.63004,-0.05604,-0.99976,3.20506,0.00109,0.02371,625.0,7.104
940,31.5084,Midnight 00:00,0.1,1,-0.05604,0.00024,2.63004,0.63004,-0.05604,-0.99976,3.20506,0.00109,0.02371,625.0,7.104
941,31.5419,Midnight 00:00,0.1,1,-0.05604,0.00024,2.63004,0.63004,-0.05604,-0.99976,3.20506,0.00109,0.02371,625.0,7.104
942,31.5754,Midnight 00:00,0.1,1,-0.05604,0.00024,2.63004,0.63004,-0.05604,-0.99976,3.20506,0.00109,0.02371,625.0,7.104
943,31.6089,Midnight 00:00,0.1,1,-0.05604,0.00024,2.63004,0.63004,-0.05604,-0.99976,3.20506,0.00109,0.02371,625.0,7.104
944,31.6425,Midnight 00:00,0.1,1,-0.05604,0.00024,2.63004,0.63004,-0.05604,-0.99976,3.20506,0.00109,0.02371,625.0,7.104
945,31.676,Midnight 00:00,0.1,1,-0.05604,0.00024,2.63004,0.63004,-0.05604,-0.99976,3.20506,0.00109,0.02371,625.0,7.104
946,31.7095,Midnight 00:00,0.1,1,-0.05604,0.00024,2.63004,0.63004,-0.05604,-0.99976,3.20506,0.00109,0.02371,625.0,7.104
947,31.743,Midnight 00:00,0.1,1,-0.05604,0.00024,2.63004,0.63004,-0.05604,-0.99976,3.20506,0.00109,0.02371,625.0,7.104
948,31.7765,Midnight 00:00,0.1,1,-0.05604,0.00024,2.63004,0.63004,-0.05604,-0.99976,3.20506,0.00109,0.02371,625.0,7.104
949,31.8101,Midnight 00:00,0.1,1,-0.05604,0.00024,2.63004,0.63004,-0.05604,-0.99976,3.20506,0.00109,0.02371,625.0,7.104
950,31.8436,Midnight 00:00,0.1,1,-0.05604,0.00024,2.63004,0.63004,-0.05604,-0.99976,3.20506,0.00109,0.02371,625.0,7.104
951,31.8771,Midnight 00:00,0.1,1,-0.05604,0.00024,2.63004,0.63004,-0.05604,-0.99976,3.20506,0.00109,0.02371,625.0,7.104
