frame,time_s,scenario,source,target_lux,detected,est_x,est_y,est_z,err_x,err_y,err_z,rot_x,rot_y,rot_z,marker_area_px,frame_brightness
0,0.0,Twilight 19:00,simulation,3.0,1,-0.004,0.03138,2.61258,0.61258,-0.004,-0.96862,3.45843,0.00044,0.00251,625.0,44.254
1,0.0336,Twilight 19:00,simulation,3.0,1,-0.004,0.03138,2.61258,0.61258,-0.004,-0.96862,3.45843,0.00044,0.00251,625.0,44.254
2,0.0672,Twilight 19:00,simulation,3.0,1,-0.004,0.03138,2.61258,0.61258,-0.004,-0.96862,3.45843,0.00044,0.00251,625.0,44.254
3,0.1008,Twilight 19:00,simulation,3.0,1,-0.004,0.03138,2.61258,0.61258,-0.004,-0.96862,3.45843,0.00044,0.00251,625.0,44.254
4,0.1345,Twilight 19:00,simulation,3.0,1,-0.004,0.03138,2.61258,0.61258,-0.004,-0.96862,3.45843,0.00044,0.00251,625.0,44.254
5,0.1681,Twilight 19:00,simulation,3.0,1,-0.004,0.03138,2.61258,0.61258,-0.004,-0.96862,3.45843,0.00044,0.00251,625.0,44.254
6,0.2017,Twilight 19:00,simulation,3.0,1,-0.004,0.03138,2.61258,0.61258,-0.004,-0.96862,3.45843,0.00044,0.00251,625.0,44.254
7,0.2353,Twilight 19:00,simulation,3.0,1,-0.004,0.03138,2.61258,0.61258,-0.004,-0.96862,3.45843,0.00044,0.00251,625.0,44.254
8,0.2689,Twilight 19:00,simulation,3.0,1,-0.004,0.03138,2.61258,0.61258,-0.004,-0.96862,3.45843,0.00044,0.00251,625.0,44.254
9,0.3025,Twilight 19:00,simulation,3.0,1,-0.004,0.03138,2.61258,0.61258,-0.004,-0.96862,3.45843,0.00044,0.00251,625.0,44.254
10,0.3361,Twilight 19:00,simulation,3.0,1,-0.004,0.03138,2.61258,0.61258,-0.004,-0.96862,3.45843,0.00044,0.00251,625.0,44.254
11,0.3697,Twilight 19:00,simulation,3.0,1,-0.004,0.03138,2.61258,0.61258,-0.004,-0.96862,3.45843,0.00044,0.00251,625.0,44.254
12,0.4034,Twilight 19:00,simulation,3.0,1,-0.004,0.03138,2.61258,0.61258,-0.004,-0.96862,3.45843,0.00044,0.00251,625.0,44.254
13,0.437,Twilight 19:00,simulation,3.0,1,-0.004,0.03138,2.61258,0.61258,-0.004,-0.96862,3.45843,0.00044,0.00251,625.0,44.254
14,0.4706,Twilight 19:00,simulation,3.0,1,-0.004,0.03138,2.61258,0.61258,-0.004,-0.96862,3.45843,0.00044,0.00251,625.0,44.254
15,0.5042,Twilight 19:00,simulation,3.0,1,-0.004,0.03138,2.61258,0.61258,-0.004,-0.96862,3.45843,0.00044,0.00251,625.0,44.254
16,0.5378,Twilight 19:00,simulation,3.0,1,-0.004,0.03138,2.61258,0.61258,-0.004,-0.96862,3.45843,0.00044,0.00251,625.0,44.254
17,0.5714,Twilight 19:00,simulation,3.0,1,-0.004,0.03138,2.61258,0.61258,-0.004,-0.96862,3.45843,0.00044,0.00251,625.0,44.254
18,0.605,Twilight 19:00,simulation,3.0,1,-0.004,0.03138,2.61258,0.61258,-0.004,-0.96862,3.45843,0.00044,0.00251,625.0,44.254
19,0.6387,Twilight 19:00,simulation,3.0,1,-0.004,0.03138,2.61258,0.61258,-0.004,-0.96862,3.45843,0.00044,0.00251,625.0,44.254
20,0.6723,Twilight 19:00,simulation,3.0,1,-0.004,0.03138,2.61258,0.61258,-0.004,-0.96862,3.45843,0.00044,0.00251,625.0,44.254
21,0.7059,Twilight 19:00,simulation,3.0,1,-0.004,0.03138,2.61258,0.61258,-0.004,-0.96862,3.45843,0.00044,0.00251,625.0,44.254
22,0.7395,Twilight 19:00,simulation,3.0,1,-0.004,0.03138,2.61258,0.61258,-0.004,-0.96862,3.45843,0.00044,0.00251,625.0,44.254
23,0.7731,Twilight 19:00,simulation,3.0,1,-0.004,0.03138,2.61258,0.61258,-0.004,-0.96862,3.45843,0.00044,0.00251,625.0,44.254
24,0.8067,Twilight 19:00,simulation,3.0,1,-0.004,0.03138,2.61258,0.61258,-0.004,-0.96862,3.45843,0.00044,0.00251,625.0,44.254
25,0.8403,Twilight 19:00,simulation,3.0,1,-0.004,0.03138,2.61258,0.61258,-0.004,-0.96862,3.45843,0.00044,0.00251,625.0,44.254
26,0.8739,Twilight 19:00,simulation,3.0,1,-0.004,0.03138,2.61258,0.61258,-0.004,-0.96862,3.45843,0.00044,0.00251,625.0,44.254
27,0.9076,Twilight 19:00,simulation,3.0,1,-0.004,0.03138,2.61258,0.61258,-0.004,-0.96862,3.45843,0.00044,0.00251,625.0,44.254
28,0.9412,Twilight 19:00,simulation,3.0,1,-0.004,0.03138,2.61258,0.61258,-0.004,-0.96862,3.45843,0.00044,0.00251,625.0,44.254
29,0.9748,Twilight 19:00,simulation,3.0,1,-0.004,0.03138,2.61258,0.61258,-0.004,-0.96862,3.45843,0.00044,0.00251,625.0,44.254
30,1.0084,Twilight 19:00,simulation,3.0,1,-0.004,0.03138,2.61258,0.61258,-0.004,-0.96862,3.45843,0.00044,0.00251,625.0,44.254
31,1.042,Twilight 19:00,simulation,3.0,1,-0.004,0.03138,2.61258,0.61258,-0.004,-0.96862,3.45843,0.00044,0.00251,625.0,44.254
32,1.0756,Twilight 19:00,simulation,3.0,1,-0.004,0.03138,2.61258,0.61258,-0.004,-0.96862,3.45843,0.00044,0.00251,625.0,44.254
33,1.1092,Twilight 19:00,simulation,3.0,1,-0.004,0.03138,2.61258,0.61258,-0.004,-0.96862,3.45843,0.00044,0.00251,625.0,44.254
34,1.1429,Twilight 19:00,simulation,3.0,1,-0.004,0.03138,2.61258,0.61258,-0.004,-0.96862,3.45843,0.00044,0.00251,625.0,44.254
35,1.1765,Twilight 19:00,simulation,3.0,1,-0.004,0.03138,2.61258,0.61258,-0.004,-0.96862,3.45843,0.00044,0.00251,625.0,44.254
36,1.2101,Twilight 19:00,simulation,3.0,1,-0.004,0.03138,2.61258,0.61258,-0.004,-0.96862,3.45843,0.00044,0.00251,625.0,44.254
37,1.2437,Twilight 19:00,simulation,3.0,1,-0.004,0.03138,2.61258,0.61258,-0.004,-0.96862,3.45843,0.00044,0.00251,625.0,44.254
38,1.2773,Twilight 19:00,simulation,3.0,1,-0.004,0.03138,2.61258,0.61258,-0.004,-0.96862,3.45843,0.00044,0.00251,625.0,44.254
39,1.3109,Twilight 19:00,simulation,3.0,1,-0.004,0.03138,2.61258,0.61258,-0.004,-0.96862,3.45843,0.00044,0.00251,625.0,44.254
40,1.3445,Twilight 19:00,simulation,3.0,1,-0.004,0.03138,2.61258,0.61258,-0.004,-0.96862,3.45843,0.00044,0.00251,625.0,44.254
41,1.3782,Twilight 19:00,simulation,3.0,1,-0.004,0.03138,2.61258,0.61258,-0.004,-0.96862,3.45843,0.00044,0.00251,625.0,44.254
42,1.4118,Twilight 19:00,simulation,3.0,1,-0.004,0.03138,2.61258,0.61258,-0.004,-0.96862,3.45843,0.00044,0.00251,625.0,44.254
43,1.4454,Twilight 19:00,simulation,3.0,1,-0.004,0.03138,2.61258,0.61258,-0.004,-0.96862,3.45843,0.00044,0.00251,625.0,44.254
44,1.479,Twilight 19:00,simulation,3.0,1,-0.004,0.03138,2.61258,0.61258,-0.004,-0.96862,3.45843,0.00044,0.00251,625.0,44.254
45,1.5126,Twilight 19:00,simulation,3.0,1,-0.004,0.03138,2.61258,0.61258,-0.004,-0.96862,3.45843,0.00044,0.00251,625.0,44.254
46,1.5462,Twilight 19:00,simulation,3.0,1,-0.004,0.03138,2.61258,0.61258,-0.004,-0.96862,3.45843,0.00044,0.00251,625.0,44.254
47,1.5798,Twilight 19:00,simulation,3.0,1,-0.004,0.03138,2.61258,0.61258,-0.004,-0.96862,3.45843,0.00044,0.00251,625.0,44.254
48,1.6134,Twilight 19:00,simulation,3.0,1,-0.004,0.03138,2.61258,0.61258,-0.004,-0.96862,3.45843,0.00044,0.00251,625.0,44.254
49,1.6471,Twilight 19:00,simulation,3.0,1,-0.004,0.03138,2.61258,0.61258,-0.004,-0.96862,3.45843,0.00044,0.00251,625.0,44.254
50,1.6807,Twilight 19:00,simulation,3.0,1,-0.004,0.03138,2.61258,0.61258,-0.004,-0.96862,3.45843,0.00044,0.00251,625.0,44.254
51,1.7143,Twilight 19:00,simulation,3.0,1,-0.004,0.03138,2.61258,0.61258,-0.004,-0.96862,3.45843,0.00044,0.00251,625.0,44.254
52,1.7479,Twilight 19:00,simulation,3.0,1,-0.004,0.03138,2.61258,0.61258,-0.004,-0.96862,3.45843,0.00044,0.00251,625.0,44.254
53,1.7815,Twilight 19:00,simulation,3.0,1,-0.004,0.03138,2.61258,0.61258,-0.004,-0.96862,3.45843,0.00044,0.00251,625.0,44.254
54,1.8151,Twilight 19:00,simulation,3.0,1,-0.004,0.03138,2.61258,0.61258,-0.004,-0.96862,3.45843,0.00044,0.00251,625.0,44.26
55,1.8487,Twilight 19:00,simulation,3.0,1,-0.01667,0.03208,2.72047,0.72047,-0.01667,-0.96792,3.30046,0.00085,0.00875,600.0,44.287
56,1.8824,Twilight 19:00,simulation,3.0,1,-0.01667,0.03208,2.72047,0.72047,-0.01667,-0.96792,3.30046,0.00085,0.00875,600.0,44.287
57,1.916,Twilight 19:00,simulation,3.0,1,-0.03334,0.03208,2.72062,0.72062,-0.03334,-0.96792,3.3001,0.0017,0.01749,600.0,44.286
58,1.9496,Twilight 19:00,simulation,3.0,1,-0.04402,0.03139,2.61294,0.61294,-0.04402,-0.96861,3.4579,0.00482,0.02762,625.0,44.263
59,1.9832,Twilight 19:00,simulation,3.0,1,-0.04402,0.03139,2.61294,0.61294,-0.04402,-0.96861,3.4579,0.00482,0.02762,625.0,44.263
60,2.0168,Twilight 19:00,simulation,3.0,1,-0.06804,0.03139,2.61345,0.61345,-0.06804,-0.96861,3.45716,0.00743,0.04266,625.0,44.269
61,2.0504,Twilight 19:00,simulation,3.0,1,-0.06804,0.03139,2.61345,0.61345,-0.06804,-0.96861,3.45716,0.00743,0.04266,625.0,44.269
62,2.084,Twilight 19:00,simulation,3.0,1,-0.08353,0.02966,2.65281,0.65281,-0.08353,-0.97034,2.84174,0.0077,-0.05637,612.5,44.277
63,2.1176,Twilight 19:00,simulation,3.0,1,-0.08338,0.03208,2.72168,0.72168,-0.08338,-0.96792,3.29757,0.0042,0.04357,600.0,44.278
64,2.1513,Twilight 19:00,simulation,3.0,1,-0.10008,0.03208,2.72223,0.72223,-0.10008,-0.96792,3.29624,0.005,0.05218,600.0,44.293
65,2.1849,Twilight 19:00,simulation,3.0,1,-0.10812,0.0314,2.61479,0.61479,-0.10812,-0.9686,3.45521,0.01173,0.06768,625.0,44.256
66,2.2185,Twilight 19:00,simulation,3.0,1,-0.12515,0.03209,2.72325,0.72325,-0.12515,-0.96791,3.29376,0.00615,0.06498,600.0,44.288
67,2.2521,Twilight 19:00,simulation,3.0,1,-0.13221,0.03141,2.61588,0.61588,-0.13221,-0.96859,3.45361,0.01427,0.08264,625.0,44.279
68,2.2857,Twilight 19:00,simulation,3.0,1,-0.14828,0.03141,2.61673,0.61673,-0.14828,-0.96859,3.45237,0.01594,0.09258,625.0,44.267
69,2.3193,Twilight 19:00,simulation,3.0,1,-0.14828,0.03141,2.61673,0.61673,-0.14828,-0.96859,3.45237,0.01594,0.09258,625.0,44.267
70,2.3529,Twilight 19:00,simulation,3.0,1,-0.167,0.03209,2.72544,0.72544,-0.167,-0.96791,3.28831,0.00793,0.08589,600.0,44.291
71,2.3866,Twilight 19:00,simulation,3.0,1,-0.17242,0.03142,2.61819,0.61819,-0.17242,-0.96858,3.45023,0.01842,0.10746,625.0,44.262
72,2.4202,Twilight 19:00,simulation,3.0,1,-0.17242,0.03142,2.61819,0.61819,-0.17242,-0.96858,3.45023,0.01842,0.10746,625.0,44.262
73,2.4538,Twilight 19:00,simulation,3.0,1,-0.20897,0.0321,2.72824,0.72824,-0.20897,-0.9679,3.28111,0.00947,0.10606,600.0,44.29
74,2.4874,Twilight 19:00,simulation,3.0,1,-0.20897,0.0321,2.72824,0.72824,-0.20897,-0.9679,3.28111,0.00947,0.10606,600.0,44.29
75,2.521,Twilight 19:00,simulation,3.0,1,-0.21276,0.03145,2.6211,0.6211,-0.21276,-0.96855,3.44595,0.02242,0.1321,625.0,44.263
76,2.5546,Twilight 19:00,simulation,3.0,1,-0.23422,0.03211,2.73022,0.73022,-0.23422,-0.96789,3.27587,0.01024,0.11767,600.0,44.291
77,2.5882,Twilight 19:00,simulation,3.0,1,-0.23703,0.03146,2.62313,0.62313,-0.23703,-0.96854,3.44294,0.02474,0.14677,625.0,44.272
78,2.6218,Twilight 19:00,simulation,3.0,1,-0.23703,0.03146,2.62313,0.62313,-0.23703,-0.96854,3.44294,0.02474,0.14677,625.0,44.272
79,2.6555,Twilight 19:00,simulation,3.0,1,-0.25324,0.03147,2.62461,0.62461,-0.25324,-0.96853,3.44075,0.02624,0.15651,625.0,44.268
80,2.6891,Twilight 19:00,simulation,3.0,1,-0.27643,0.03212,2.73399,0.73399,-0.27643,-0.96788,3.26543,0.0112,0.13586,600.0,44.291
81,2.7227,Twilight 19:00,simulation,3.0,1,-0.27761,0.03149,2.627,0.627,-0.27761,-0.96851,3.43717,0.02844,0.17103,625.0,44.258
82,2.7563,Twilight 19:00,simulation,3.0,1,-0.30185,0.03212,2.73653,0.73653,-0.30185,-0.96788,3.25799,0.01155,0.14582,600.0,44.281
83,2.7899,Twilight 19:00,simulation,3.0,1,-0.30205,0.03151,2.62961,0.62961,-0.30205,-0.96849,3.43326,0.03055,0.18544,625.0,44.277
84,2.8235,Twilight 19:00,simulation,3.0,1,-0.30205,0.03151,2.62961,0.62961,-0.30205,-0.96849,3.43326,0.03055,0.18544,625.0,44.277
85,2.8571,Twilight 19:00,simulation,3.0,1,-0.31839,0.03152,2.63147,0.63147,-0.31839,-0.96848,3.43046,0.03191,0.19498,625.0,44.26
86,2.8908,Twilight 19:00,simulation,3.0,1,-0.31839,0.03152,2.63147,0.63147,-0.31839,-0.96848,3.43046,0.03191,0.19498,625.0,44.26
87,2.9244,Twilight 19:00,simulation,3.0,1,-0.34296,0.03154,2.63444,0.63444,-0.34296,-0.96846,3.42597,0.03386,0.20918,625.0,44.257
88,2.958,Twilight 19:00,simulation,3.0,1,-0.34296,0.03154,2.63444,0.63444,-0.34296,-0.96846,3.42597,0.03386,0.20918,625.0,44.257
89,2.9916,Twilight 19:00,simulation,3.0,1,-0.36272,0.03,2.67414,0.67414,-0.36272,-0.97,2.86943,-0.01095,0.0814,612.5,44.269
90,3.0252,Twilight 19:00,simulation,3.0,1,-0.36272,0.03,2.67414,0.67414,-0.36272,-0.97,2.86943,-0.01095,0.0814,612.5,44.269
91,3.0588,Twilight 19:00,simulation,3.0,1,-0.38711,0.03212,2.74629,0.74629,-0.38711,-0.96788,3.22461,0.01084,0.16989,600.0,44.279
92,3.0924,Twilight 19:00,simulation,3.0,1,-0.3841,0.03158,2.63985,0.63985,-0.3841,-0.96842,3.41769,0.03687,0.23253,625.0,44.25
93,3.1261,Twilight 19:00,simulation,3.0,1,-0.41284,0.03211,2.74946,0.74946,-0.41284,-0.96789,3.21093,0.00983,0.17242,600.0,44.284
94,3.1597,Twilight 19:00,simulation,3.0,1,-0.41284,0.03211,2.74946,0.74946,-0.41284,-0.96789,3.21093,0.00983,0.17242,600.0,44.284
95,3.1933,Twilight 19:00,simulation,3.0,1,-0.40891,0.0316,2.64338,0.64338,-0.40891,-0.9684,3.41223,0.03852,0.24631,625.0,44.271
96,3.2269,Twilight 19:00,simulation,3.0,1,-0.45582,0.03206,2.75433,0.75433,-0.45582,-0.96794,3.18393,0.00708,0.16958,600.0,44.278
97,3.2605,Twilight 19:00,simulation,3.0,1,-0.45582,0.03206,2.75433,0.75433,-0.45582,-0.96794,3.18393,0.00708,0.16958,600.0,44.278
98,3.2941,Twilight 19:00,simulation,3.0,1,-0.45048,0.03165,2.64973,0.64973,-0.45048,-0.96835,3.40228,0.04097,0.26887,625.0,44.245
99,3.3277,Twilight 19:00,simulation,3.0,1,-0.48155,0.03204,2.75649,0.75649,-0.48155,-0.96796,3.16916,0.00531,0.16508,600.0,44.269
100,3.3613,Twilight 19:00,simulation,3.0,1,-0.49866,0.03202,2.75754,0.75754,-0.49866,-0.96798,3.16211,0.00442,0.1617,600.0,44.266
101,3.395,Twilight 19:00,simulation,3.0,1,-0.49866,0.03202,2.75754,0.75754,-0.49866,-0.96798,3.16211,0.00442,0.1617,600.0,44.266
102,3.4286,Twilight 19:00,simulation,3.0,1,-0.52427,0.03201,2.7587,0.7587,-0.52427,-0.96799,3.15531,0.00351,0.15609,600.0,44.269
103,3.4622,Twilight 19:00,simulation,3.0,1,-0.52427,0.03201,2.7587,0.7587,-0.52427,-0.96799,3.15531,0.00351,0.15609,600.0,44.269
104,3.4958,Twilight 19:00,simulation,3.0,1,-0.51763,0.03172,2.6611,0.6611,-0.51763,-0.96828,3.38404,0.04402,0.30365,625.0,44.245
105,3.5294,Twilight 19:00,simulation,3.0,1,-0.54989,0.032,2.73891,0.73891,-0.54989,-0.968,3.21412,0.01368,0.24215,625.0,44.254
106,3.563,Twilight 19:00,simulation,3.0,1,-0.54989,0.032,2.73891,0.73891,-0.54989,-0.968,3.21412,0.01368,0.24215,625.0,44.254
107,3.5966,Twilight 19:00,simulation,3.0,1,-0.57555,0.03199,2.74183,0.74183,-0.57555,-0.96801,3.19436,0.01261,0.33665,625.0,44.234
108,3.6303,Twilight 19:00,simulation,3.0,1,-0.57555,0.03199,2.74183,0.74183,-0.57555,-0.96801,3.19436,0.01261,0.33665,625.0,44.234
109,3.6639,Twilight 19:00,simulation,3.0,1,-0.60094,0.03198,2.74234,0.74234,-0.60094,-0.96802,3.19462,0.01233,0.27699,625.0,44.251
110,3.6975,Twilight 19:00,simulation,3.0,1,-0.60094,0.03198,2.74234,0.74234,-0.60094,-0.96802,3.19462,0.01233,0.27699,625.0,44.251
111,3.7311,Twilight 19:00,simulation,3.0,1,-0.61794,0.03198,2.74332,0.74332,-0.61794,-0.96802,3.1891,0.01212,0.29246,625.0,44.235
112,3.7647,Twilight 19:00,simulation,3.0,1,-0.61794,0.03198,2.74332,0.74332,-0.61794,-0.96802,3.1891,0.01212,0.29246,625.0,44.235
113,3.7983,Twilight 19:00,simulation,3.0,1,-0.63489,0.032,2.76115,0.76115,-0.63489,-0.968,3.14594,0.002,0.12924,600.0,44.258
114,3.8319,Twilight 19:00,simulation,3.0,1,-0.62867,0.03186,2.68265,0.68265,-0.62867,-0.96814,3.34743,0.04609,0.35541,625.0,44.235
115,3.8655,Twilight 19:00,simulation,3.0,1,-0.66038,0.032,2.76142,0.76142,-0.66038,-0.968,3.14522,0.00185,0.12367,600.0,44.244
116,3.8992,Twilight 19:00,simulation,3.0,1,-0.66038,0.032,2.76142,0.76142,-0.66038,-0.968,3.14522,0.00185,0.12367,600.0,44.244
117,3.9328,Twilight 19:00,simulation,3.0,1,-0.67737,0.032,2.76158,0.76158,-0.67737,-0.968,3.14485,0.00176,0.12018,600.0,44.246
118,3.9664,Twilight 19:00,simulation,3.0,1,-0.67209,0.03192,2.69192,0.69192,-0.67209,-0.96808,3.33064,0.04569,0.37301,625.0,44.221
119,4.0,Twilight 19:00,simulation,3.0,1,-0.70284,0.032,2.76178,0.76178,-0.70284,-0.968,3.14439,0.00164,0.11525,600.0,44.243
120,4.0336,Twilight 19:00,simulation,3.0,1,-0.69834,0.03195,2.69773,0.69773,-0.69834,-0.96805,3.31968,0.04505,0.38269,625.0,44.225
121,4.0672,Twilight 19:00,simulation,3.0,1,-0.75409,0.02916,2.86139,0.86139,-0.75409,-0.97084,3.17269,0.01194,0.35073,576.0,44.269
122,4.1008,Twilight 19:00,simulation,3.0,1,-0.72834,0.016,2.76206,0.76206,-0.72834,-0.984,3.14184,0.00077,0.11093,600.0,44.233
123,4.1345,Twilight 19:00,simulation,3.0,1,-0.75451,0.00422,2.86302,0.86302,-0.75451,-0.99578,3.143,0.00469,0.36792,576.0,44.239
124,4.1681,Twilight 19:00,simulation,3.0,1,-0.75451,0.00422,2.86302,0.86302,-0.75451,-0.99578,3.143,0.00469,0.36792,576.0,44.239
125,4.2017,Twilight 19:00,simulation,3.0,1,-0.75451,-0.01241,2.86305,0.86305,-0.75451,-1.01241,3.12784,0.0008,0.36332,576.0,44.23
126,4.2353,Twilight 19:00,simulation,3.0,1,-0.72833,-0.024,2.76202,0.76202,-0.72833,-1.024,3.13634,-0.00116,0.1106,600.0,44.193
127,4.2689,Twilight 19:00,simulation,3.0,1,-0.75359,-0.03738,2.86018,0.86018,-0.75359,-1.03738,3.07417,-0.01013,0.4311,576.0,44.208
128,4.3025,Twilight 19:00,simulation,3.0,1,-0.72826,-0.04799,2.76175,0.76175,-0.72826,-1.04799,3.13313,-0.00229,0.10976,600.0,44.184
129,4.3361,Twilight 19:00,simulation,3.0,1,-0.72826,-0.04799,2.76175,0.76175,-0.72826,-1.04799,3.13313,-0.00229,0.10976,600.0,44.184
130,4.3697,Twilight 19:00,simulation,3.0,1,-0.72819,-0.06399,2.76149,0.76149,-0.72819,-1.06399,3.13107,-0.00303,0.10894,600.0,44.185
131,4.4034,Twilight 19:00,simulation,3.0,1,-0.74078,-0.07794,2.81125,0.81125,-0.74078,-1.07794,2.9392,-0.03997,0.31967,576.0,44.203
132,4.437,Twilight 19:00,simulation,3.0,1,-0.72806,-0.08796,2.76096,0.76096,-0.72806,-1.08796,3.12811,-0.00409,0.10738,600.0,44.185
133,4.4706,Twilight 19:00,simulation,3.0,1,-0.74049,-0.1023,2.81001,0.81001,-0.74049,-1.1023,2.94573,-0.04022,0.30732,576.0,44.212
134,4.5042,Twilight 19:00,simulation,3.0,1,-0.74026,-0.11852,2.80909,0.80909,-0.74026,-1.11852,2.94971,-0.04038,0.29931,576.0,44.214
135,4.5378,Twilight 19:00,simulation,3.0,1,-0.74026,-0.11852,2.80909,0.80909,-0.74026,-1.11852,2.94971,-0.04038,0.29931,576.0,44.214
136,4.5714,Twilight 19:00,simulation,3.0,1,-0.72776,-0.12789,2.7598,0.7598,-0.72776,-1.12789,3.12366,-0.00572,0.10403,600.0,44.199
137,4.605,Twilight 19:00,simulation,3.0,1,-0.7399,-0.14282,2.80759,0.80759,-0.7399,-1.14282,2.95516,-0.04063,0.28766,576.0,44.228
138,4.6387,Twilight 19:00,simulation,3.0,1,-0.72754,-0.15182,2.75897,0.75897,-0.72754,-1.15182,3.12129,-0.0066,0.10166,600.0,44.209
139,4.6723,Twilight 19:00,simulation,3.0,1,-0.72754,-0.15182,2.75897,0.75897,-0.72754,-1.15182,3.12129,-0.0066,0.10166,600.0,44.209
140,4.7059,Twilight 19:00,simulation,3.0,1,-0.72739,-0.16777,2.75837,0.75837,-0.72739,-1.16777,3.11984,-0.00715,0.09998,600.0,44.222
141,4.7395,Twilight 19:00,simulation,3.0,1,-0.72714,-0.19166,2.75741,0.75741,-0.72714,-1.19166,3.11787,-0.00791,0.09732,600.0,44.202
142,4.7731,Twilight 19:00,simulation,3.0,1,-0.72714,-0.19166,2.75741,0.75741,-0.72714,-1.19166,3.11787,-0.00791,0.09732,600.0,44.202
143,4.8067,Twilight 19:00,simulation,3.0,1,-0.73878,-0.20748,2.80307,0.80307,-0.73878,-1.20748,2.96732,-0.04122,0.25891,576.0,44.236
144,4.8403,Twilight 19:00,simulation,3.0,1,-0.73878,-0.20748,2.80307,0.80307,-0.73878,-1.20748,2.96732,-0.04122,0.25891,576.0,44.236
145,4.8739,Twilight 19:00,simulation,3.0,1,-0.72689,-0.21554,2.75641,0.75641,-0.72689,-1.21554,3.11612,-0.0086,0.09457,600.0,44.232
146,4.9076,Twilight 19:00,simulation,3.0,1,-0.72671,-0.23145,2.75573,0.75573,-0.72671,-1.23145,3.11507,-0.00902,0.0927,600.0,44.227
147,4.9412,Twilight 19:00,simulation,3.0,1,-0.73801,-0.24777,2.80003,0.80003,-0.73801,-1.24777,2.97361,-0.04151,0.24266,576.0,44.248
148,4.9748,Twilight 19:00,simulation,3.0,1,-0.72644,-0.25529,2.75468,0.75468,-0.72644,-1.25529,3.11367,-0.0096,0.08986,600.0,44.224
149,5.0084,Twilight 19:00,simulation,3.0,1,-0.73755,-0.2719,2.79816,0.79816,-0.73755,-1.2719,2.97702,-0.04165,0.23352,576.0,44.249
150,5.042,Twilight 19:00,simulation,3.0,1,-0.73723,-0.28797,2.79692,0.79692,-0.73723,-1.28797,2.97918,-0.04173,0.22767,576.0,44.253
151,5.0756,Twilight 19:00,simulation,3.0,1,-0.72599,-0.29498,2.75291,0.75291,-0.72599,-1.29498,3.11173,-0.01042,0.08513,600.0,44.228
152,5.1092,Twilight 19:00,simulation,3.0,1,-0.72599,-0.29498,2.75291,0.75291,-0.72599,-1.29498,3.11173,-0.01042,0.08513,600.0,44.228
153,5.1429,Twilight 19:00,simulation,3.0,1,-0.72571,-0.31877,2.75185,0.75185,-0.72571,-1.31877,3.11078,-0.01083,0.08233,600.0,44.246
154,5.1765,Twilight 19:00,simulation,3.0,1,-0.72571,-0.31877,2.75185,0.75185,-0.72571,-1.31877,3.11078,-0.01083,0.08233,600.0,44.246
155,5.2101,Twilight 19:00,simulation,3.0,1,-0.72553,-0.33462,2.75115,0.75115,-0.72553,-1.33462,3.11022,-0.01108,0.08049,600.0,44.251
156,5.2437,Twilight 19:00,simulation,3.0,1,-0.73597,-0.3521,2.79194,0.79194,-0.73597,-1.3521,2.98699,-0.0419,0.2061,576.0,44.265
157,5.2773,Twilight 19:00,simulation,3.0,1,-0.73597,-0.3521,2.79194,0.79194,-0.73597,-1.3521,2.98699,-0.0419,0.2061,576.0,44.265
158,5.3109,Twilight 19:00,simulation,3.0,1,-0.73551,-0.37609,2.7901,0.7901,-0.73551,-1.37609,2.98965,-0.04192,0.1987,576.0,44.272
159,5.3445,Twilight 19:00,simulation,3.0,1,-0.73551,-0.37609,2.7901,0.7901,-0.73551,-1.37609,2.98965,-0.04192,0.1987,576.0,44.272
160,5.3782,Twilight 19:00,simulation,3.0,1,-0.72378,-0.38284,2.74991,0.74991,-0.72378,-1.38284,-2.67503,-0.01188,-0.64425,588.0,44.267
161,5.4118,Twilight 19:00,simulation,3.0,1,-0.72483,-0.39795,2.74841,0.74841,-0.72483,-1.39795,3.10856,-0.01188,0.07339,600.0,44.252
162,5.4454,Twilight 19:00,simulation,3.0,1,-0.72483,-0.39795,2.74841,0.74841,-0.72483,-1.39795,3.10856,-0.01188,0.07339,600.0,44.252
163,5.479,Twilight 19:00,simulation,3.0,1,-0.73474,-0.41602,2.7871,0.7871,-0.73474,-1.41602,2.99382,-0.04189,0.18715,576.0,44.279
164,5.5126,Twilight 19:00,simulation,3.0,1,-0.72457,-0.42167,2.74742,0.74742,-0.72457,-1.42167,3.10813,-0.0121,0.07086,600.0,44.251
165,5.5462,Twilight 19:00,simulation,3.0,1,-0.73429,-0.43994,2.78533,0.78533,-0.73429,-1.43994,2.99619,-0.04184,0.18064,576.0,44.27
166,5.5798,Twilight 19:00,simulation,3.0,1,-0.734,-0.45587,2.78417,0.78417,-0.734,-1.45587,2.99772,-0.04179,0.17647,576.0,44.28
167,5.6134,Twilight 19:00,simulation,3.0,1,-0.72416,-0.46117,2.74582,0.74582,-0.72416,-1.46117,3.10761,-0.0124,0.06682,600.0,44.268
168,5.6471,Twilight 19:00,simulation,3.0,1,-0.73356,-0.47975,2.78246,0.78246,-0.73356,-1.47975,2.99995,-0.0417,0.17045,576.0,44.306
169,5.6807,Twilight 19:00,simulation,3.0,1,-0.72392,-0.48485,2.7449,0.7449,-0.72392,-1.48485,3.10739,-0.01255,0.0645,600.0,44.313
170,5.7143,Twilight 19:00,simulation,3.0,1,-0.72392,-0.48485,2.7449,0.7449,-0.72392,-1.48485,3.10739,-0.01255,0.0645,600.0,44.308
171,5.7479,Twilight 19:00,simulation,3.0,1,-0.72377,-0.50064,2.7443,0.7443,-0.72377,-1.50064,3.10729,-0.01262,0.063,600.0,44.285
172,5.7815,Twilight 19:00,simulation,3.0,1,-0.73285,-0.5195,2.7797,0.7797,-0.73285,-1.5195,3.0035,-0.04152,0.16102,576.0,44.298
173,5.8151,Twilight 19:00,simulation,3.0,1,-0.72354,-0.5243,2.74342,0.74342,-0.72354,-1.5243,3.10718,-0.01272,0.06082,600.0,44.252
174,5.8487,Twilight 19:00,simulation,3.0,1,-0.72354,-0.5243,2.74342,0.74342,-0.72354,-1.5243,3.10718,-0.01272,0.06082,600.0,44.252
175,5.8824,Twilight 19:00,simulation,3.0,1,-0.73244,-0.54332,2.77809,0.77809,-0.73244,-1.54332,3.00555,-0.04138,0.1557,576.0,44.286
176,5.916,Twilight 19:00,simulation,3.0,1,-0.73217,-0.55919,2.77703,0.77703,-0.73217,-1.55919,3.00688,-0.04128,0.15228,576.0,44.284
177,5.9496,Twilight 19:00,simulation,3.0,1,-0.72318,-0.56373,2.74202,0.74202,-0.72318,-1.56373,3.10711,-0.01284,0.05737,600.0,44.258
178,5.9832,Twilight 19:00,simulation,3.0,1,-0.72318,-0.56373,2.74202,0.74202,-0.72318,-1.56373,3.10711,-0.01284,0.05737,600.0,44.258
179,6.0168,Twilight 19:00,simulation,3.0,1,-0.73178,-0.58298,2.77549,0.77549,-0.73178,-1.58298,3.00883,-0.04111,0.14733,576.0,44.295
180,6.0504,Twilight 19:00,simulation,3.0,1,-0.72297,-0.58737,2.74121,0.74121,-0.72297,-1.58737,3.10712,-0.01288,0.0554,600.0,44.267
181,6.084,Twilight 19:00,simulation,3.0,1,-0.7348,-0.61144,2.78745,0.78745,-0.7348,-1.61144,-3.18368,0.01828,-0.21809,588.0,44.281
182,6.1176,Twilight 19:00,simulation,3.0,1,-0.73114,-0.62259,2.773,0.773,-0.73114,-1.62259,3.01196,-0.04081,0.13956,576.0,44.293
183,6.1513,Twilight 19:00,simulation,3.0,1,-0.73114,-0.62259,2.773,0.773,-0.73114,-1.62259,3.01196,-0.04081,0.13956,576.0,44.293
184,6.1849,Twilight 19:00,simulation,3.0,1,-0.72264,-0.62676,2.73993,0.73993,-0.72264,-1.62676,3.10724,-0.01292,0.05229,600.0,44.254
185,6.2185,Twilight 19:00,simulation,3.0,1,-0.73077,-0.64633,2.77156,0.77156,-0.73077,-1.64633,3.01377,-0.04061,0.13515,576.0,44.288
186,6.2521,Twilight 19:00,simulation,3.0,1,-0.73077,-0.64633,2.77156,0.77156,-0.73077,-1.64633,3.01377,-0.04061,0.13515,576.0,44.29
187,6.2857,Twilight 19:00,simulation,3.0,1,-0.72166,-0.66982,2.76917,0.76917,-0.72166,-1.66982,3.01465,-0.04019,0.13003,576.0,44.291
188,6.3193,Twilight 19:00,simulation,3.0,1,-0.72166,-0.66982,2.76917,0.76917,-0.72166,-1.66982,3.01465,-0.04019,0.13003,576.0,44.298
189,6.3529,Twilight 19:00,simulation,3.0,1,-0.67787,-0.63878,2.64777,0.64777,-0.67787,-1.63878,-3.32189,0.06963,-0.1142,612.5,44.279
190,6.3866,Twilight 19:00,simulation,3.0,1,-0.67787,-0.63878,2.64777,0.64777,-0.67787,-1.63878,-3.32189,0.06963,-0.1142,612.5,44.274
191,6.4202,Twilight 19:00,simulation,3.0,1,-0.68848,-0.65796,2.73775,0.73775,-0.68848,-1.65796,3.10583,-0.01285,0.04952,600.0,44.286
192,6.4538,Twilight 19:00,simulation,3.0,1,-0.64175,-0.63987,2.6632,0.6632,-0.64175,-1.63987,-2.43922,-0.02619,-0.5964,600.0,44.275
193,6.4874,Twilight 19:00,simulation,3.0,1,-0.64612,-0.6576,2.73619,0.73619,-0.64612,-1.6576,3.10382,-0.01271,0.04876,600.0,44.285
194,6.521,Twilight 19:00,simulation,3.0,1,-0.64612,-0.6576,2.73619,0.73619,-0.64612,-1.6576,3.10382,-0.01271,0.04876,600.0,44.285
195,6.5546,Twilight 19:00,simulation,3.0,1,-0.61334,-0.63719,2.64983,0.64983,-0.61334,-1.63719,3.00623,-0.03781,0.121,625.0,44.258
196,6.5882,Twilight 19:00,simulation,3.0,1,-0.62783,-0.66723,2.7676,0.7676,-0.62783,-1.66723,-3.20201,0.01421,-0.15661,588.0,44.292
197,6.6218,Twilight 19:00,simulation,3.0,1,-0.5919,-0.6426,2.66391,0.66391,-0.5919,-1.6426,-3.3033,0.04042,-0.21196,612.5,44.277
198,6.6555,Twilight 19:00,simulation,3.0,1,-0.5919,-0.6426,2.66391,0.66391,-0.5919,-1.6426,-3.3033,0.04042,-0.21196,612.5,44.277
199,6.6891,Twilight 19:00,simulation,3.0,1,-0.56977,-0.63595,2.63588,0.63588,-0.56977,-1.63595,-3.33256,0.06302,-0.09343,612.5,44.27
200,6.7227,Twilight 19:00,simulation,3.0,1,-0.57843,-0.65698,2.73358,0.73358,-0.57843,-1.65698,3.10051,-0.01233,0.04697,600.0,44.295
201,6.7563,Twilight 19:00,simulation,3.0,1,-0.57843,-0.65698,2.73358,0.73358,-0.57843,-1.65698,3.10051,-0.01233,0.04697,600.0,44.295
202,6.7899,Twilight 19:00,simulation,3.0,1,-0.55153,-0.65709,2.72475,0.72475,-0.55153,-1.65709,-3.2554,0.03893,-0.02923,588.0,44.295
203,6.8235,Twilight 19:00,simulation,3.0,1,-0.55153,-0.65709,2.72475,0.72475,-0.55153,-1.65709,-3.2554,0.03893,-0.02923,588.0,44.295
204,6.8571,Twilight 19:00,simulation,3.0,1,-0.54109,-0.66499,2.7581,0.7581,-0.54109,-1.66499,-3.21363,0.01392,-0.15206,588.0,44.293
205,6.8908,Twilight 19:00,simulation,3.0,1,-0.54109,-0.66499,2.7581,0.7581,-0.54109,-1.66499,-3.21363,0.01392,-0.15206,588.0,44.293
206,6.9244,Twilight 19:00,simulation,3.0,1,-0.51518,-0.66431,2.75527,0.75527,-0.51518,-1.66431,-3.21705,0.01364,-0.15012,588.0,44.304
207,6.958,Twilight 19:00,simulation,3.0,1,-0.48286,-0.63886,2.64818,0.64818,-0.48286,-1.63886,-3.31841,0.03446,-0.18994,612.5,44.281
208,6.9916,Twilight 19:00,simulation,3.0,1,-0.48286,-0.63886,2.64818,0.64818,-0.48286,-1.63886,-3.31841,0.03446,-0.18994,612.5,44.281
209,7.0252,Twilight 19:00,simulation,3.0,1,-0.46291,-0.6335,2.6256,0.6256,-0.46291,-1.6335,-3.3417,0.05507,-0.06964,612.5,44.291
210,7.0588,Twilight 19:00,simulation,3.0,1,-0.46869,-0.65595,2.72922,0.72922,-0.46869,-1.65595,3.09508,-0.01125,0.04235,600.0,44.305
211,7.0924,Twilight 19:00,simulation,3.0,1,-0.43975,-0.63298,2.63205,0.63205,-0.43975,-1.63298,2.99033,-0.03022,0.09388,625.0,44.27
212,7.1261,Twilight 19:00,simulation,3.0,1,-0.43975,-0.63298,2.63205,0.63205,-0.43975,-1.63298,2.99033,-0.03022,0.09388,625.0,44.27
213,7.1597,Twilight 19:00,simulation,3.0,1,-0.44342,-0.65572,2.72822,0.72822,-0.44342,-1.65572,3.09385,-0.01091,0.04096,600.0,44.307
214,7.1933,Twilight 19:00,simulation,3.0,1,-0.4232,-0.64762,2.69559,0.69559,-0.4232,-1.64762,-2.52416,-0.03884,-0.17101,600.0,44.292
215,7.2269,Twilight 19:00,simulation,3.0,1,-0.39771,-0.63222,2.62024,0.62024,-0.39771,-1.63222,-3.34641,0.04959,-0.05369,612.5,44.28
216,7.2605,Twilight 19:00,simulation,3.0,1,-0.40135,-0.65533,2.72659,0.72659,-0.40135,-1.65533,3.09187,-0.01026,0.03838,600.0,44.307
217,7.2941,Twilight 19:00,simulation,3.0,1,-0.37539,-0.63564,2.63463,0.63463,-0.37539,-1.63564,-3.33129,0.02682,-0.16463,612.5,44.276
218,7.3277,Twilight 19:00,simulation,3.0,1,-0.37539,-0.63564,2.63463,0.63463,-0.37539,-1.63564,-3.33129,0.02682,-0.16463,612.5,44.276
219,7.3613,Twilight 19:00,simulation,3.0,1,-0.36248,-0.63613,2.64817,0.64817,-0.36248,-1.63613,-2.45986,-0.01097,-0.39244,600.0,44.299
220,7.395,Twilight 19:00,simulation,3.0,1,-0.36098,-0.6605,2.73917,0.73917,-0.36098,-1.6605,-3.236,0.0101,-0.13335,588.0,44.302
221,7.4286,Twilight 19:00,simulation,3.0,1,-0.36098,-0.6605,2.73917,0.73917,-0.36098,-1.6605,-3.236,0.0101,-0.13335,588.0,44.302
222,7.4622,Twilight 19:00,simulation,3.0,1,-0.33371,-0.63086,2.62311,0.62311,-0.33371,-1.63086,2.98267,-0.02407,0.07375,625.0,44.276
223,7.4958,Twilight 19:00,simulation,3.0,1,-0.33415,-0.65475,2.72412,0.72412,-0.33415,-1.65475,3.08889,-0.00903,0.03356,600.0,44.312
224,7.5294,Twilight 19:00,simulation,3.0,1,-0.30995,-0.63395,2.62754,0.62754,-0.30995,-1.63395,-3.338,0.02141,-0.14777,612.5,44.29
225,7.563,Twilight 19:00,simulation,3.0,1,-0.29252,-0.63059,2.61339,0.61339,-0.29252,-1.63059,-3.35238,0.03986,-0.02603,612.5,44.292
226,7.5966,Twilight 19:00,simulation,3.0,1,-0.29252,-0.63059,2.61339,0.61339,-0.29252,-1.63059,-3.35238,0.03986,-0.02603,612.5,44.292
227,7.6303,Twilight 19:00,simulation,3.0,1,-0.29223,-0.65442,2.72271,0.72271,-0.29223,-1.65442,3.0872,-0.00814,0.03013,600.0,44.313
228,7.6639,Twilight 19:00,simulation,3.0,1,-0.26892,-0.6298,2.61864,0.61864,-0.26892,-1.6298,2.97892,-0.01986,0.06041,625.0,44.278
229,7.6975,Twilight 19:00,simulation,3.0,1,-0.2671,-0.65424,2.72193,0.72193,-0.2671,-1.65424,3.08627,-0.00756,0.02793,600.0,44.308
230,7.7311,Twilight 19:00,simulation,3.0,1,-0.24771,-0.64185,2.67193,0.67193,-0.24771,-1.64185,-2.50663,-0.02987,-0.04632,600.0,44.299
231,7.7647,Twilight 19:00,simulation,3.0,1,-0.24771,-0.64185,2.67193,0.67193,-0.24771,-1.64185,-2.50663,-0.02987,-0.04632,600.0,44.299
232,7.7983,Twilight 19:00,simulation,3.0,1,-0.22817,-0.62988,2.61041,0.61041,-0.22817,-1.62988,-3.35492,0.03347,-0.00812,612.5,44.283
233,7.8319,Twilight 19:00,simulation,3.0,1,-0.22527,-0.65395,2.72074,0.72074,-0.22527,-1.65395,3.08486,-0.00653,0.02405,600.0,44.312
234,7.8655,Twilight 19:00,simulation,3.0,1,-0.20451,-0.63173,2.6182,0.6182,-0.20451,-1.63173,-3.3468,0.01171,-0.1188,612.5,44.284
235,7.8992,Twilight 19:00,simulation,3.0,1,-0.20451,-0.63173,2.6182,0.6182,-0.20451,-1.63173,-3.3468,0.01171,-0.1188,612.5,44.284
236,7.9328,Twilight 19:00,simulation,3.0,1,-0.18807,-0.62956,2.60905,0.60905,-0.18807,-1.62956,-3.35605,0.02936,0.00333,612.5,44.301
237,7.9664,Twilight 19:00,simulation,3.0,1,-0.18348,-0.65371,2.71971,0.71971,-0.18348,-1.65371,3.08365,-0.00542,0.01993,600.0,44.309
238,8.0,Twilight 19:00,simulation,3.0,1,-0.16422,-0.62852,2.61326,0.61326,-0.16422,-1.62852,2.97447,-0.01246,0.03759,625.0,44.276
239,8.0336,Twilight 19:00,simulation,3.0,1,-0.15843,-0.65359,2.71919,0.71919,-0.15843,-1.65359,3.08303,-0.00473,0.01736,600.0,44.316
240,8.0672,Twilight 19:00,simulation,3.0,1,-0.15843,-0.65359,2.71919,0.71919,-0.15843,-1.65359,3.08303,-0.00473,0.01736,600.0,44.316
241,8.1008,Twilight 19:00,simulation,3.0,1,-0.12403,-0.62924,2.60774,0.60774,-0.12403,-1.62924,-3.35709,0.02264,0.02198,612.5,44.291
242,8.1345,Twilight 19:00,simulation,3.0,1,-0.12403,-0.62924,2.60774,0.60774,-0.12403,-1.62924,-3.35709,0.02264,0.02198,612.5,44.291
243,8.1681,Twilight 19:00,simulation,3.0,1,-0.11671,-0.65342,2.71847,0.71847,-0.11671,-1.65342,3.08219,-0.00353,0.01294,600.0,44.315
244,8.2017,Twilight 19:00,simulation,3.0,1,-0.10006,-0.62804,2.61119,0.61119,-0.10006,-1.62804,2.97279,-0.00767,0.02306,625.0,44.281
245,8.2353,Twilight 19:00,simulation,3.0,1,-0.09165,-0.65424,2.71279,0.71279,-0.09165,-1.65424,-3.26629,0.0138,0.05099,588.0,44.308
246,8.2689,Twilight 19:00,simulation,3.0,1,-0.09165,-0.65424,2.71279,0.71279,-0.09165,-1.65424,-3.26629,0.0138,0.05099,588.0,44.308
247,8.3025,Twilight 19:00,simulation,3.0,1,-0.07484,-0.65545,2.71786,0.71786,-0.07484,-1.65545,-3.2603,-0.00355,-0.08438,588.0,44.305
248,8.3361,Twilight 19:00,simulation,3.0,1,-0.07484,-0.65545,2.71786,0.71786,-0.07484,-1.65545,-3.2603,-0.00355,-0.08438,588.0,44.305
249,8.3697,Twilight 19:00,simulation,3.0,1,-0.05007,-0.65442,2.71352,0.71352,-0.05007,-1.65442,-3.26537,0.01119,0.05939,588.0,44.312
250,8.4034,Twilight 19:00,simulation,3.0,1,-0.03586,-0.62959,2.6092,0.6092,-0.03586,-1.62959,-3.3554,-0.00555,-0.06952,612.5,44.287
251,8.437,Twilight 19:00,simulation,3.0,1,-0.03586,-0.62959,2.6092,0.6092,-0.03586,-1.62959,-3.3554,-0.00555,-0.06952,612.5,44.287
252,8.4706,Twilight 19:00,simulation,3.0,1,-0.02012,-0.62928,2.6079,0.6079,-0.02012,-1.62928,-3.3567,0.01153,0.05283,612.5,44.297
253,8.5042,Twilight 19:00,simulation,3.0,1,-0.02012,-0.62928,2.6079,0.6079,-0.02012,-1.62928,-3.3567,0.01153,0.05283,612.5,44.297
254,8.5378,Twilight 19:00,simulation,3.0,1,-0.0,-0.64989,2.71857,0.71857,-0.0,-1.64989,2.97097,0.0,-0.0,576.0,44.314
255,8.5714,Twilight 19:00,simulation,3.0,1,-0.0,-0.63749,2.71762,0.71762,-0.0,-1.63749,3.08005,0.0,-0.0,600.0,44.284
256,8.605,Twilight 19:00,simulation,3.0,1,-0.0,-0.63749,2.71762,0.71762,-0.0,-1.63749,3.08005,0.0,-0.0,600.0,44.284
257,8.6387,Twilight 19:00,simulation,3.0,1,-0.0,-0.61058,2.71868,0.71868,-0.0,-1.61058,2.96489,0.0,-0.0,576.0,44.309
258,8.6723,Twilight 19:00,simulation,3.0,1,-0.0,-0.61058,2.71868,0.71868,-0.0,-1.61058,2.96489,0.0,-0.0,576.0,44.309
259,8.7059,Twilight 19:00,simulation,3.0,1,0.0,-0.59818,2.71769,0.71769,0.0,-1.59818,3.07707,-0.0,0.0,600.0,44.274
260,8.7395,Twilight 19:00,simulation,3.0,1,-0.0,-0.58699,2.71874,0.71874,-0.0,-1.58699,2.96108,0.0,-0.0,576.0,44.312
261,8.7731,Twilight 19:00,simulation,3.0,1,-0.0,-0.58699,2.71874,0.71874,-0.0,-1.58699,2.96108,0.0,-0.0,576.0,44.312
262,8.8067,Twilight 19:00,simulation,3.0,1,-0.0,-0.57459,2.71774,0.71774,-0.0,-1.57459,3.07516,0.0,-0.0,600.0,44.29
263,8.8403,Twilight 19:00,simulation,3.0,1,-0.0,-0.55887,2.71777,0.71777,-0.0,-1.55887,3.07383,0.0,-0.0,600.0,44.294
264,8.8739,Twilight 19:00,simulation,3.0,1,0.0,-0.54769,2.71886,0.71886,0.0,-1.54769,2.95444,-0.0,0.0,576.0,44.314
265,8.9076,Twilight 19:00,simulation,3.0,1,0.0,-0.53528,2.71782,0.71782,0.0,-1.53528,3.07175,-0.0,0.0,600.0,44.276
266,8.9412,Twilight 19:00,simulation,3.0,1,-0.0,-0.5241,2.71893,0.71893,-0.0,-1.5241,2.95027,0.0,-0.0,576.0,44.311
267,8.9748,Twilight 19:00,simulation,3.0,1,-0.0,-0.5241,2.71893,0.71893,-0.0,-1.5241,2.95027,0.0,-0.0,576.0,44.311
268,9.0084,Twilight 19:00,simulation,3.0,1,-0.00025,-0.50906,2.71302,0.71302,-0.00025,-1.50906,-3.2825,0.00513,0.1157,588.0,44.303
269,9.042,Twilight 19:00,simulation,3.0,1,-0.0,-0.49597,2.71792,0.71792,-0.0,-1.49597,3.06802,0.0,-0.0,600.0,44.279
270,9.0756,Twilight 19:00,simulation,3.0,1,-0.0,-0.49597,2.71792,0.71792,-0.0,-1.49597,3.06802,0.0,-0.0,600.0,44.279
271,9.1092,Twilight 19:00,simulation,3.0,1,0.0,-0.47239,2.71799,0.71799,0.0,-1.47239,3.06562,-0.0,0.0,600.0,44.283
272,9.1429,Twilight 19:00,simulation,3.0,1,-0.0,-0.45666,2.71803,0.71803,-0.0,-1.45666,3.06395,0.0,-0.0,600.0,44.304
273,9.1765,Twilight 19:00,simulation,3.0,1,-0.0,-0.45666,2.71803,0.71803,-0.0,-1.45666,3.06395,0.0,-0.0,600.0,44.304
274,9.2101,Twilight 19:00,simulation,3.0,1,-0.0,-0.44548,2.71919,0.71919,-0.0,-1.44548,2.93533,0.0,-0.0,576.0,44.31
275,9.2437,Twilight 19:00,simulation,3.0,1,-0.0,-0.43308,2.7181,0.7181,-0.0,-1.43308,3.06132,0.0,-0.0,600.0,44.27
276,9.2773,Twilight 19:00,simulation,3.0,1,-0.0,-0.4219,2.71928,0.71928,-0.0,-1.4219,2.93051,0.0,-0.0,576.0,44.313
277,9.3109,Twilight 19:00,simulation,3.0,1,-0.0,-0.40949,2.71818,0.71818,-0.0,-1.40949,3.05854,-0.0,-0.0,600.0,44.297
278,9.3445,Twilight 19:00,simulation,3.0,1,-0.0,-0.39377,2.71824,0.71824,-0.0,-1.39377,3.0566,0.0,-0.0,600.0,44.293
279,9.3782,Twilight 19:00,simulation,3.0,1,0.0,-0.38258,2.71942,0.71942,0.0,-1.38258,2.92212,-0.0,0.0,576.0,44.309
280,9.4118,Twilight 19:00,simulation,3.0,1,0.0,-0.38258,2.71942,0.71942,0.0,-1.38258,2.92212,-0.0,0.0,576.0,44.309
281,9.4454,Twilight 19:00,simulation,3.0,1,0.0,-0.37019,2.71833,0.71833,0.0,-1.37019,3.05355,-0.0,0.0,600.0,44.27
282,9.479,Twilight 19:00,simulation,3.0,1,-0.0,-0.359,2.71952,0.71952,-0.0,-1.359,2.91686,0.0,-0.0,576.0,44.301
283,9.5126,Twilight 19:00,simulation,3.0,1,-0.0,-0.359,2.71952,0.71952,-0.0,-1.359,2.91686,0.0,-0.0,576.0,44.301
284,9.5462,Twilight 19:00,simulation,3.0,1,0.0,-0.34327,2.71958,0.71958,0.0,-1.34327,2.91325,-0.0,0.0,576.0,44.296
285,9.5798,Twilight 19:00,simulation,3.0,1,0.0,-0.33088,2.71849,0.71849,0.0,-1.33088,3.04805,-0.0,0.0,600.0,44.27
286,9.6134,Twilight 19:00,simulation,3.0,1,-0.0,-0.31968,2.71968,0.71968,-0.0,-1.31968,2.90769,0.0,-0.0,576.0,44.297
287,9.6471,Twilight 19:00,simulation,3.0,1,-0.0,-0.31968,2.71968,0.71968,-0.0,-1.31968,2.90769,0.0,-0.0,576.0,44.297
288,9.6807,Twilight 19:00,simulation,3.0,1,-0.0,-0.29157,2.71867,0.71867,-0.0,-1.29157,3.04199,-0.0,-0.0,600.0,44.282
289,9.7143,Twilight 19:00,simulation,3.0,1,-0.0,-0.29157,2.71867,0.71867,-0.0,-1.29157,3.04199,-0.0,-0.0,600.0,44.282
290,9.7479,Twilight 19:00,simulation,3.0,1,0.0,-0.28036,2.71984,0.71984,0.0,-1.28036,2.89801,-0.0,0.0,576.0,44.292
291,9.7815,Twilight 19:00,simulation,3.0,1,-0.0,-0.26798,2.71879,0.71879,-0.0,-1.26798,3.03805,0.0,-0.0,600.0,44.256
292,9.8151,Twilight 19:00,simulation,3.0,1,0.0,-0.25677,2.71995,0.71995,0.0,-1.25677,2.89195,-0.0,0.0,576.0,44.29
293,9.8487,Twilight 19:00,simulation,3.0,1,-0.00029,-0.24213,2.71214,0.71214,-0.00029,-1.24213,-3.33571,0.01016,0.13689,588.0,44.273
294,9.8824,Twilight 19:00,simulation,3.0,1,-0.00029,-0.24213,2.71214,0.71214,-0.00029,-1.24213,-3.33571,0.01016,0.13689,588.0,44.273
295,9.916,Twilight 19:00,simulation,3.0,1,-0.0,-0.22867,2.719,0.719,-0.0,-1.22867,3.03095,0.0,-0.0,600.0,44.258
296,9.9496,Twilight 19:00,simulation,3.0,1,0.0,-0.21745,2.72013,0.72013,0.0,-1.21745,2.88141,-0.0,0.0,576.0,44.281
297,9.9832,Twilight 19:00,simulation,3.0,1,0.0,-0.20509,2.71914,0.71914,0.0,-1.20509,3.02634,-0.0,0.0,600.0,44.247
298,10.0168,Twilight 19:00,simulation,3.0,1,0.0,-0.19386,2.72024,0.72024,0.0,-1.19386,2.87482,-0.0,0.0,576.0,44.265
299,10.0504,Twilight 19:00,simulation,3.0,1,0.0,-0.19386,2.72024,0.72024,0.0,-1.19386,2.87482,-0.0,0.0,576.0,44.265
300,10.084,Twilight 19:00,simulation,3.0,1,-0.0,-0.17813,2.72032,0.72032,-0.0,-1.17813,2.87031,0.0,-0.0,576.0,44.265
301,10.1176,Twilight 19:00,simulation,3.0,1,0.0,-0.16577,2.7194,0.7194,0.0,-1.16577,3.01801,-0.0,0.0,600.0,44.236
302,10.1513,Twilight 19:00,simulation,3.0,1,0.0,-0.16577,2.7194,0.7194,0.0,-1.16577,3.01801,-0.0,0.0,600.0,44.236
303,10.1849,Twilight 19:00,simulation,3.0,1,0.0,-0.15453,2.72044,0.72044,0.0,-1.15453,2.86337,-0.0,0.0,576.0,44.257
304,10.2185,Twilight 19:00,simulation,3.0,1,-0.0,-0.14218,2.71956,0.71956,-0.0,-1.14218,3.01259,0.0,-0.0,600.0,44.241
305,10.2521,Twilight 19:00,simulation,3.0,1,-0.0,-0.12645,2.71967,0.71967,-0.0,-1.12645,3.0088,0.0,-0.0,600.0,44.239
306,10.2857,Twilight 19:00,simulation,3.0,1,0.0,-0.1152,2.72064,0.72064,0.0,-1.1152,2.85133,0.0,0.0,576.0,44.254
307,10.3193,Twilight 19:00,simulation,3.0,1,0.0,-0.1152,2.72064,0.72064,0.0,-1.1152,2.85133,0.0,0.0,576.0,44.254
308,10.3529,Twilight 19:00,simulation,3.0,1,-0.0,-0.10286,2.71985,0.71985,-0.0,-1.10286,3.00281,0.0,-0.0,600.0,44.217
309,10.3866,Twilight 19:00,simulation,3.0,1,0.0,-0.0916,2.72076,0.72076,0.0,-1.0916,2.84381,-0.0,0.0,576.0,44.246
310,10.4202,Twilight 19:00,simulation,3.0,1,0.0,-0.0916,2.72076,0.72076,0.0,-1.0916,2.84381,-0.0,0.0,576.0,44.246
311,10.4538,Twilight 19:00,simulation,3.0,1,-0.0,-0.07587,2.72084,0.72084,-0.0,-1.07587,2.83869,0.0,0.0,576.0,44.242
312,10.4874,Twilight 19:00,simulation,3.0,1,0.0,-0.05227,2.72097,0.72097,0.0,-1.05227,2.83081,-0.0,0.0,576.0,44.241
313,10.521,Twilight 19:00,simulation,3.0,1,0.0,-0.05227,2.72097,0.72097,0.0,-1.05227,2.83081,-0.0,0.0,576.0,44.241
314,10.5546,Twilight 19:00,simulation,3.0,1,0.0,-0.03994,2.72036,0.72036,0.0,-1.03994,2.98502,-0.0,0.0,600.0,44.217
315,10.5882,Twilight 19:00,simulation,3.0,1,0.0,-0.03994,2.72036,0.72036,0.0,-1.03994,2.98502,-0.0,0.0,600.0,44.217
316,10.6218,Twilight 19:00,simulation,3.0,1,-0.0,-0.02866,2.7211,0.7211,-0.0,-1.02866,2.82271,-0.0,-0.0,576.0,44.249
317,10.6555,Twilight 19:00,simulation,3.0,1,0.0,-0.0,2.74126,0.74126,0.0,-1.0,3.14159,0.0,0.0,600.0,44.247
318,10.6891,Twilight 19:00,simulation,3.0,1,0.0,-0.0,2.74126,0.74126,0.0,-1.0,3.14159,0.0,0.0,600.0,44.247
319,10.7227,Twilight 19:00,simulation,3.0,1,0.0,0.01293,2.72118,0.72118,0.0,-0.98707,3.46599,-0.0,-0.0,576.0,44.288
320,10.7563,Twilight 19:00,simulation,3.0,1,0.0,0.02421,2.72049,0.72049,0.0,-0.97579,3.30305,0.0,0.0,600.0,44.29
321,10.7899,Twilight 19:00,simulation,3.0,1,-0.0,0.03653,2.72105,0.72105,-0.0,-0.96347,3.45775,-0.0,-0.0,576.0,44.317
322,10.8235,Twilight 19:00,simulation,3.0,1,-0.0,0.03653,2.72105,0.72105,-0.0,-0.96347,3.45775,-0.0,-0.0,576.0,44.313
323,10.8571,Twilight 19:00,simulation,3.0,1,-0.0,0.03653,2.72105,0.72105,-0.0,-0.96347,3.45775,-0.0,-0.0,576.0,44.313
324,10.8908,Twilight 19:00,simulation,3.0,1,-0.0,0.03653,2.72105,0.72105,-0.0,-0.96347,3.45775,-0.0,-0.0,576.0,44.313
325,10.9244,Twilight 19:00,simulation,3.0,1,-0.0,0.03653,2.72105,0.72105,-0.0,-0.96347,3.45775,-0.0,-0.0,576.0,44.313
326,10.958,Twilight 19:00,simulation,3.0,1,-0.0,0.03653,2.72105,0.72105,-0.0,-0.96347,3.45775,-0.0,-0.0,576.0,44.313
327,10.9916,Twilight 19:00,simulation,3.0,1,-0.0,0.03653,2.72105,0.72105,-0.0,-0.96347,3.45775,-0.0,-0.0,576.0,44.313
328,11.0252,Twilight 19:00,simulation,3.0,1,-0.0,0.03653,2.72105,0.72105,-0.0,-0.96347,3.45775,-0.0,-0.0,576.0,44.313
329,11.0588,Twilight 19:00,simulation,3.0,1,-0.0,0.03653,2.72105,0.72105,-0.0,-0.96347,3.45775,-0.0,-0.0,576.0,44.313
330,11.0924,Twilight 19:00,simulation,3.0,1,-0.0,0.03653,2.72105,0.72105,-0.0,-0.96347,3.45775,-0.0,-0.0,576.0,44.313
331,11.1261,Twilight 19:00,simulation,3.0,1,-0.0,0.03653,2.72105,0.72105,-0.0,-0.96347,3.45775,-0.0,-0.0,576.0,44.313
332,11.1597,Twilight 19:00,simulation,3.0,1,-0.0,0.03653,2.72105,0.72105,-0.0,-0.96347,3.45775,-0.0,-0.0,576.0,44.313
333,11.1933,Twilight 19:00,simulation,3.0,1,-0.0,0.03653,2.72105,0.72105,-0.0,-0.96347,3.45775,-0.0,-0.0,576.0,44.313
334,11.2269,Twilight 19:00,simulation,3.0,1,-0.0,0.03653,2.72105,0.72105,-0.0,-0.96347,3.45775,-0.0,-0.0,576.0,44.313
335,11.2605,Twilight 19:00,simulation,3.0,1,-0.0,0.03653,2.72105,0.72105,-0.0,-0.96347,3.45775,-0.0,-0.0,576.0,44.313
336,11.2941,Twilight 19:00,simulation,3.0,1,-0.0,0.03653,2.72105,0.72105,-0.0,-0.96347,3.45775,-0.0,-0.0,576.0,44.313
337,11.3277,Twilight 19:00,simulation,3.0,1,-0.0,0.03653,2.72105,0.72105,-0.0,-0.96347,3.45775,-0.0,-0.0,576.0,44.313
338,11.3613,Twilight 19:00,simulation,3.0,1,-0.0,0.03653,2.72105,0.72105,-0.0,-0.96347,3.45775,-0.0,-0.0,576.0,44.313
339,11.395,Twilight 19:00,simulation,3.0,1,-0.0,0.03653,2.72105,0.72105,-0.0,-0.96347,3.45775,-0.0,-0.0,576.0,44.313
340,11.4286,Twilight 19:00,simulation,3.0,1,-0.0,0.03653,2.72105,0.72105,-0.0,-0.96347,3.45775,-0.0,-0.0,576.0,44.313
341,11.4622,Twilight 19:00,simulation,3.0,1,-0.0,0.03653,2.72105,0.72105,-0.0,-0.96347,3.45775,-0.0,-0.0,576.0,44.313
342,11.4958,Twilight 19:00,simulation,3.0,1,-0.0,0.03653,2.72105,0.72105,-0.0,-0.96347,3.45775,-0.0,-0.0,576.0,44.313
343,11.5294,Twilight 19:00,simulation,3.0,1,-0.0,0.03653,2.72105,0.72105,-0.0,-0.96347,3.45775,-0.0,-0.0,576.0,44.313
344,11.563,Twilight 19:00,simulation,3.0,1,-0.0,0.03653,2.72105,0.72105,-0.0,-0.96347,3.45775,-0.0,-0.0,576.0,44.313
345,11.5966,Twilight 19:00,simulation,3.0,1,-0.0,0.03653,2.72105,0.72105,-0.0,-0.96347,3.45775,-0.0,-0.0,576.0,44.313
346,11.6303,Twilight 19:00,simulation,3.0,1,-0.0,0.03653,2.72105,0.72105,-0.0,-0.96347,3.45775,-0.0,-0.0,576.0,44.313
347,11.6639,Twilight 19:00,simulation,3.0,1,-0.0,0.03653,2.72105,0.72105,-0.0,-0.96347,3.45775,-0.0,-0.0,576.0,44.313
348,11.6975,Twilight 19:00,simulation,3.0,1,-0.0,0.03653,2.72105,0.72105,-0.0,-0.96347,3.45775,-0.0,-0.0,576.0,44.313
349,11.7311,Twilight 19:00,simulation,3.0,1,-0.0,0.03653,2.72105,0.72105,-0.0,-0.96347,3.45775,-0.0,-0.0,576.0,44.313
350,11.7647,Twilight 19:00,simulation,3.0,1,-0.0,0.03653,2.72105,0.72105,-0.0,-0.96347,3.45775,-0.0,-0.0,576.0,44.313
351,11.7983,Twilight 19:00,simulation,3.0,1,-0.0,0.03653,2.72105,0.72105,-0.0,-0.96347,3.45775,-0.0,-0.0,576.0,44.313
352,11.8319,Twilight 19:00,simulation,3.0,1,-0.0,0.03653,2.72105,0.72105,-0.0,-0.96347,3.45775,-0.0,-0.0,576.0,44.313
353,11.8655,Twilight 19:00,simulation,3.0,1,-0.0,0.03653,2.72105,0.72105,-0.0,-0.96347,3.45775,-0.0,-0.0,576.0,44.313
354,11.8992,Twilight 19:00,simulation,3.0,1,-0.0,0.03653,2.72105,0.72105,-0.0,-0.96347,3.45775,-0.0,-0.0,576.0,44.313
355,11.9328,Twilight 19:00,simulation,3.0,1,-0.0,0.03653,2.72105,0.72105,-0.0,-0.96347,3.45775,-0.0,-0.0,576.0,44.313
356,11.9664,Twilight 19:00,simulation,3.0,1,-0.0,0.03653,2.72105,0.72105,-0.0,-0.96347,3.45775,-0.0,-0.0,576.0,44.313
357,12.0,Twilight 19:00,simulation,3.0,1,-0.0,0.03653,2.72105,0.72105,-0.0,-0.96347,3.45775,-0.0,-0.0,576.0,44.313
358,12.0336,Twilight 19:00,simulation,3.0,1,-0.0,0.03653,2.72105,0.72105,-0.0,-0.96347,3.45775,-0.0,-0.0,576.0,44.313
359,12.0672,Twilight 19:00,simulation,3.0,1,-0.0,0.03653,2.72105,0.72105,-0.0,-0.96347,3.45775,-0.0,-0.0,576.0,44.313
360,12.1008,Twilight 19:00,simulation,3.0,1,-0.0,0.03653,2.72105,0.72105,-0.0,-0.96347,3.45775,-0.0,-0.0,576.0,44.313
361,12.1345,Twilight 19:00,simulation,3.0,1,-0.0,0.03653,2.72105,0.72105,-0.0,-0.96347,3.45775,-0.0,-0.0,576.0,44.313
362,12.1681,Twilight 19:00,simulation,3.0,1,-0.0,0.03653,2.72105,0.72105,-0.0,-0.96347,3.45775,-0.0,-0.0,576.0,44.313
363,12.2017,Twilight 19:00,simulation,3.0,1,-0.0,0.03653,2.72105,0.72105,-0.0,-0.96347,3.45775,-0.0,-0.0,576.0,44.313
364,12.2353,Twilight 19:00,simulation,3.0,1,-0.0,0.03653,2.72105,0.72105,-0.0,-0.96347,3.45775,-0.0,-0.0,576.0,44.313
365,12.2689,Twilight 19:00,simulation,3.0,1,-0.0,0.03653,2.72105,0.72105,-0.0,-0.96347,3.45775,-0.0,-0.0,576.0,44.313
366,12.3025,Twilight 19:00,simulation,3.0,1,-0.0,0.03653,2.72105,0.72105,-0.0,-0.96347,3.45775,-0.0,-0.0,576.0,44.313
367,12.3361,Twilight 19:00,simulation,3.0,1,-0.0,0.03653,2.72105,0.72105,-0.0,-0.96347,3.45775,-0.0,-0.0,576.0,44.313
368,12.3697,Twilight 19:00,simulation,3.0,1,-0.0,0.03653,2.72105,0.72105,-0.0,-0.96347,3.45775,-0.0,-0.0,576.0,44.313
369,12.4034,Twilight 19:00,simulation,3.0,1,-0.0,0.03653,2.72105,0.72105,-0.0,-0.96347,3.45775,-0.0,-0.0,576.0,44.313
370,12.437,Twilight 19:00,simulation,3.0,1,-0.0,0.03653,2.72105,0.72105,-0.0,-0.96347,3.45775,-0.0,-0.0,576.0,44.313
371,12.4706,Twilight 19:00,simulation,3.0,1,-0.0,0.03653,2.72105,0.72105,-0.0,-0.96347,3.45775,-0.0,-0.0,576.0,44.313
372,12.5042,Twilight 19:00,simulation,3.0,1,-0.0,0.03653,2.72105,0.72105,-0.0,-0.96347,3.45775,-0.0,-0.0,576.0,44.313
373,12.5378,Twilight 19:00,simulation,3.0,1,-0.0,0.03653,2.72105,0.72105,-0.0,-0.96347,3.45775,-0.0,-0.0,576.0,44.313
374,12.5714,Twilight 19:00,simulation,3.0,1,-0.0,0.03653,2.72105,0.72105,-0.0,-0.96347,3.45775,-0.0,-0.0,576.0,44.313
375,12.605,Twilight 19:00,simulation,3.0,1,-0.0,0.03653,2.72105,0.72105,-0.0,-0.96347,3.45775,-0.0,-0.0,576.0,44.313
376,12.6387,Twilight 19:00,simulation,3.0,1,-0.0,0.03653,2.72105,0.72105,-0.0,-0.96347,3.45775,-0.0,-0.0,576.0,44.313
377,12.6723,Twilight 19:00,simulation,3.0,1,-0.0,0.03653,2.72105,0.72105,-0.0,-0.96347,3.45775,-0.0,-0.0,576.0,44.313
378,12.7059,Twilight 19:00,simulation,3.0,1,-0.0,0.03653,2.72105,0.72105,-0.0,-0.96347,3.45775,-0.0,-0.0,576.0,44.313
379,12.7395,Twilight 19:00,simulation,3.0,1,-0.0,0.03653,2.72105,0.72105,-0.0,-0.96347,3.45775,-0.0,-0.0,576.0,44.313
380,12.7731,Twilight 19:00,simulation,3.0,1,-0.0,0.03653,2.72105,0.72105,-0.0,-0.96347,3.45775,-0.0,-0.0,576.0,44.313
381,12.8067,Twilight 19:00,simulation,3.0,1,-0.0,0.03653,2.72105,0.72105,-0.0,-0.96347,3.45775,-0.0,-0.0,576.0,44.313
382,12.8403,Twilight 19:00,simulation,3.0,1,-0.0,0.03653,2.72105,0.72105,-0.0,-0.96347,3.45775,-0.0,-0.0,576.0,44.313
383,12.8739,Twilight 19:00,simulation,3.0,1,-0.0,0.03653,2.72105,0.72105,-0.0,-0.96347,3.45775,-0.0,-0.0,576.0,44.313
384,12.9076,Twilight 19:00,simulation,3.0,1,-0.0,0.03653,2.72105,0.72105,-0.0,-0.96347,3.45775,-0.0,-0.0,576.0,44.313
385,12.9412,Twilight 19:00,simulation,3.0,1,-0.0,0.03653,2.72105,0.72105,-0.0,-0.96347,3.45775,-0.0,-0.0,576.0,44.313
386,12.9748,Twilight 19:00,simulation,3.0,1,-0.0,0.03653,2.72105,0.72105,-0.0,-0.96347,3.45775,-0.0,-0.0,576.0,44.313
387,13.0084,Twilight 19:00,simulation,3.0,1,-0.0,0.03653,2.72105,0.72105,-0.0,-0.96347,3.45775,-0.0,-0.0,576.0,44.313
388,13.042,Twilight 19:00,simulation,3.0,1,-0.0,0.03653,2.72105,0.72105,-0.0,-0.96347,3.45775,-0.0,-0.0,576.0,44.317
389,13.0756,Twilight 19:00,simulation,3.0,1,-0.0,0.03653,2.72105,0.72105,-0.0,-0.96347,3.45775,-0.0,-0.0,576.0,44.306
390,13.1092,Twilight 19:00,simulation,3.0,1,-0.0,0.03653,2.72105,0.72105,-0.0,-0.96347,3.45775,-0.0,-0.0,576.0,44.285
391,13.1429,Twilight 19:00,simulation,3.0,1,-0.0,0.03653,2.72105,0.72105,-0.0,-0.96347,3.45775,-0.0,-0.0,576.0,44.285
392,13.1765,Twilight 19:00,simulation,3.0,1,-0.0,0.03653,2.72105,0.72105,-0.0,-0.96347,3.45775,-0.0,-0.0,576.0,44.258
393,13.2101,Twilight 19:00,simulation,3.0,1,-0.0,0.03653,2.72105,0.72105,-0.0,-0.96347,3.45775,-0.0,-0.0,576.0,44.258
394,13.2437,Twilight 19:00,simulation,3.0,1,-0.0,0.03653,2.72105,0.72105,-0.0,-0.96347,3.45775,-0.0,-0.0,576.0,44.258
395,13.2773,Twilight 19:00,simulation,3.0,1,-0.00435,0.03749,2.83833,0.83833,-0.00435,-0.96251,3.29028,0.0002,0.00215,552.0,44.262
396,13.3109,Twilight 19:00,simulation,3.0,1,-0.00435,0.03749,2.83833,0.83833,-0.00435,-0.96251,3.29028,0.0002,0.00215,552.0,44.262
397,13.3445,Twilight 19:00,simulation,3.0,1,-0.00435,0.03392,2.83903,0.83903,-0.00435,-0.96608,3.45975,0.00044,0.00252,529.0,44.298
398,13.3782,Twilight 19:00,simulation,3.0,1,-0.00435,0.03392,2.83903,0.83903,-0.00435,-0.96608,3.45975,0.00044,0.00252,529.0,44.298
399,13.4118,Twilight 19:00,simulation,3.0,1,-0.00435,0.03831,2.83956,0.83956,-0.00435,-0.96169,3.56762,0.00061,0.00264,506.0,44.304
400,13.4454,Twilight 19:00,simulation,3.0,1,-0.00435,0.03831,2.83956,0.83956,-0.00435,-0.96169,3.56762,0.00061,0.00264,506.0,44.304
401,13.479,Twilight 19:00,simulation,3.0,1,0.0,0.03966,2.96769,0.96769,0.0,-0.96034,3.45901,-0.0,0.0,484.0,44.299
402,13.5126,Twilight 19:00,simulation,3.0,1,0.0,0.03966,2.96769,0.96769,0.0,-0.96034,3.45901,-0.0,0.0,484.0,44.279
403,13.5462,Twilight 19:00,simulation,3.0,1,0.0,0.03966,2.96769,0.96769,0.0,-0.96034,3.45901,-0.0,0.0,484.0,44.279
404,13.5798,Twilight 19:00,simulation,3.0,1,0.0,0.03966,2.96769,0.96769,0.0,-0.96034,3.45901,-0.0,0.0,484.0,44.273
405,13.6134,Twilight 19:00,simulation,3.0,1,0.0,0.03966,2.96769,0.96769,0.0,-0.96034,3.45901,-0.0,0.0,484.0,44.263
406,13.6471,Twilight 19:00,simulation,3.0,1,0.0,0.03966,2.96769,0.96769,0.0,-0.96034,3.45901,-0.0,0.0,484.0,44.257
407,13.6807,Twilight 19:00,simulation,3.0,1,0.0,0.03966,2.96769,0.96769,0.0,-0.96034,3.45901,-0.0,0.0,484.0,44.257
408,13.7143,Twilight 19:00,simulation,3.0,1,-0.00206,0.04016,3.01724,1.01724,-0.00206,-0.95984,-2.86612,-0.0178,-0.11947,473.0,44.261
409,13.7479,Twilight 19:00,simulation,3.0,1,-0.00206,0.04016,3.01724,1.01724,-0.00206,-0.95984,-2.86612,-0.0178,-0.11947,473.0,44.261
410,13.7815,Twilight 19:00,simulation,3.0,1,-0.00476,0.04089,3.10795,1.10795,-0.00476,-0.95911,3.26676,0.00017,0.00208,462.0,44.268
411,13.8151,Twilight 19:00,simulation,3.0,1,-0.00476,0.03695,3.10868,1.10868,-0.00476,-0.96305,3.46095,0.00044,0.00253,441.0,44.271
412,13.8487,Twilight 19:00,simulation,3.0,1,-0.00476,0.03695,3.10868,1.10868,-0.00476,-0.96305,3.46095,0.00044,0.00253,441.0,44.271
413,13.8824,Twilight 19:00,simulation,3.0,1,-0.00476,0.03695,3.10868,1.10868,-0.00476,-0.96305,3.46095,0.00044,0.00253,441.0,44.268
414,13.916,Twilight 19:00,simulation,3.0,1,-0.00476,0.03695,3.10868,1.10868,-0.00476,-0.96305,3.46095,0.00044,0.00253,441.0,44.267
415,13.9496,Twilight 19:00,simulation,3.0,1,-0.00476,0.04173,3.10921,1.10921,-0.00476,-0.95827,3.57764,0.00063,0.00265,420.0,44.272
416,13.9832,Twilight 19:00,simulation,3.0,1,-0.00476,0.04173,3.10921,1.10921,-0.00476,-0.95827,3.57764,0.00063,0.00265,420.0,44.272
417,14.0168,Twilight 19:00,simulation,3.0,1,0.0,0.04343,3.26373,1.26373,0.0,-0.95657,3.46015,-0.0,0.0,400.0,44.27
418,14.0504,Twilight 19:00,simulation,3.0,1,0.0,0.04343,3.26373,1.26373,0.0,-0.95657,3.46015,-0.0,0.0,400.0,44.27
419,14.084,Twilight 19:00,simulation,3.0,1,0.0,0.04343,3.26373,1.26373,0.0,-0.95657,3.46015,-0.0,0.0,400.0,44.27
420,14.1176,Twilight 19:00,simulation,3.0,1,0.0,0.04343,3.26373,1.26373,0.0,-0.95657,3.46015,-0.0,0.0,400.0,44.266
421,14.1513,Twilight 19:00,simulation,3.0,1,0.0,0.04343,3.26373,1.26373,0.0,-0.95657,3.46015,-0.0,0.0,400.0,44.266
422,14.1849,Twilight 19:00,simulation,3.0,1,0.0,0.04343,3.26373,1.26373,0.0,-0.95657,3.46015,-0.0,0.0,400.0,44.266
423,14.2185,Twilight 19:00,simulation,3.0,1,0.0,0.04343,3.26373,1.26373,0.0,-0.95657,3.46015,-0.0,0.0,400.0,44.264
424,14.2521,Twilight 19:00,simulation,3.0,1,0.0,0.04343,3.26373,1.26373,0.0,-0.95657,3.46015,-0.0,0.0,400.0,44.262
425,14.2857,Twilight 19:00,simulation,3.0,1,0.0,0.04343,3.26373,1.26373,0.0,-0.95657,3.46015,-0.0,0.0,400.0,44.262
426,14.3193,Twilight 19:00,simulation,3.0,1,0.0,0.04343,3.26373,1.26373,0.0,-0.95657,3.46015,-0.0,0.0,400.0,44.258
427,14.3529,Twilight 19:00,simulation,3.0,1,-0.00526,0.045,3.43436,1.43436,-0.00526,-0.955,3.23045,0.00012,0.00191,380.0,44.256
428,14.3866,Twilight 19:00,simulation,3.0,1,-0.00526,0.04065,3.43516,1.43516,-0.00526,-0.95935,3.46205,0.00044,0.00253,361.0,44.247
429,14.4202,Twilight 19:00,simulation,3.0,1,-0.00526,0.04065,3.43516,1.43516,-0.00526,-0.95935,3.46205,0.00044,0.00253,361.0,44.247
430,14.4538,Twilight 19:00,simulation,3.0,1,-0.00526,0.04065,3.43516,1.43516,-0.00526,-0.95935,3.46205,0.00044,0.00253,361.0,44.246
431,14.4874,Twilight 19:00,simulation,3.0,1,-0.00526,0.04065,3.43516,1.43516,-0.00526,-0.95935,3.46205,0.00044,0.00253,361.0,44.245
432,14.521,Twilight 19:00,simulation,3.0,1,-0.00511,0.04322,3.42928,1.42928,-0.00511,-0.95678,3.53395,-0.02227,0.09852,351.5,44.246
433,14.5546,Twilight 19:00,simulation,3.0,1,-0.00526,0.04589,3.4357,1.4357,-0.00526,-0.95411,3.58924,0.00064,0.00266,342.0,44.247
434,14.5882,Twilight 19:00,simulation,3.0,1,-0.00526,0.04589,3.4357,1.4357,-0.00526,-0.95411,3.58924,0.00064,0.00266,342.0,44.247
435,14.6218,Twilight 19:00,simulation,3.0,1,-0.00526,0.04589,3.4357,1.4357,-0.00526,-0.95411,3.58924,0.00064,0.00266,342.0,44.253
436,14.6555,Twilight 19:00,simulation,3.0,1,0.0,0.04805,3.62562,1.62562,0.0,-0.95195,3.46119,0.0,-0.0,324.0,44.257
437,14.6891,Twilight 19:00,simulation,3.0,1,0.0,0.04805,3.62562,1.62562,0.0,-0.95195,3.46119,0.0,-0.0,324.0,44.255
438,14.7227,Twilight 19:00,simulation,3.0,1,0.0,0.04805,3.62562,1.62562,0.0,-0.95195,3.46119,0.0,-0.0,324.0,44.253
439,14.7563,Twilight 19:00,simulation,3.0,1,0.0,0.04805,3.62562,1.62562,0.0,-0.95195,3.46119,0.0,-0.0,324.0,44.253
440,14.7899,Twilight 19:00,simulation,3.0,1,0.0,0.04805,3.62562,1.62562,0.0,-0.95195,3.46119,0.0,-0.0,324.0,44.245
441,14.8235,Twilight 19:00,simulation,3.0,1,0.0,0.04805,3.62562,1.62562,0.0,-0.95195,3.46119,0.0,-0.0,324.0,44.245
442,14.8571,Twilight 19:00,simulation,3.0,1,0.0,0.04805,3.62562,1.62562,0.0,-0.95195,3.46119,0.0,-0.0,324.0,44.236
443,14.8908,Twilight 19:00,simulation,3.0,1,0.0,0.04805,3.62562,1.62562,0.0,-0.95195,3.46119,0.0,-0.0,324.0,44.236
444,14.9244,Twilight 19:00,simulation,3.0,1,-0.00257,0.04884,3.69741,1.69741,-0.00257,-0.95116,-2.87272,-0.02189,-0.15311,315.0,44.235
445,14.958,Twilight 19:00,simulation,3.0,1,-0.00257,0.04884,3.69741,1.69741,-0.00257,-0.95116,-2.87272,-0.02189,-0.15311,315.0,44.235
446,14.9916,Twilight 19:00,simulation,3.0,1,-0.00588,0.05,3.83655,1.83655,-0.00588,-0.95,3.1502,1e-05,0.0007,306.0,44.236
447,15.0252,Twilight 19:00,simulation,3.0,1,-0.00588,0.05,3.83655,1.83655,-0.00588,-0.95,3.1502,1e-05,0.0007,306.0,44.238
448,15.0588,Twilight 19:00,simulation,3.0,1,-0.00588,0.04523,3.83855,1.83855,-0.00588,-0.95477,3.46304,0.00045,0.00254,289.0,44.234
449,15.0924,Twilight 19:00,simulation,3.0,1,-0.00588,0.04523,3.83855,1.83855,-0.00588,-0.95477,3.46304,0.00045,0.00254,289.0,44.234
450,15.1261,Twilight 19:00,simulation,3.0,1,-0.00588,0.04523,3.83855,1.83855,-0.00588,-0.95477,3.46304,0.00045,0.00254,289.0,44.237
451,15.1597,Twilight 19:00,simulation,3.0,1,-0.00588,0.04523,3.83855,1.83855,-0.00588,-0.95477,3.46304,0.00045,0.00254,289.0,44.236
452,15.1933,Twilight 19:00,simulation,3.0,1,-0.00588,0.04523,3.83855,1.83855,-0.00588,-0.95477,3.46304,0.00045,0.00254,289.0,44.237
453,15.2269,Twilight 19:00,simulation,3.0,1,-0.00588,0.04523,3.83855,1.83855,-0.00588,-0.95477,3.46304,0.00045,0.00254,289.0,44.237
454,15.2605,Twilight 19:00,simulation,3.0,1,-0.00588,0.04523,3.83855,1.83855,-0.00588,-0.95477,3.46304,0.00045,0.00254,289.0,44.237
455,15.2941,Twilight 19:00,simulation,3.0,1,-0.00588,0.04523,3.83855,1.83855,-0.00588,-0.95477,3.46304,0.00045,0.00254,289.0,44.24
456,15.3277,Twilight 19:00,simulation,3.0,1,-0.00588,0.04523,3.83855,1.83855,-0.00588,-0.95477,3.46304,0.00045,0.00254,289.0,44.24
457,15.3613,Twilight 19:00,simulation,3.0,1,-0.00588,0.04523,3.83855,1.83855,-0.00588,-0.95477,3.46304,0.00045,0.00254,289.0,44.24
458,15.395,Twilight 19:00,simulation,3.0,1,-0.00588,0.04523,3.83855,1.83855,-0.00588,-0.95477,3.46304,0.00045,0.00254,289.0,44.24
459,15.4286,Twilight 19:00,simulation,3.0,1,-0.00588,0.04523,3.83855,1.83855,-0.00588,-0.95477,3.46304,0.00045,0.00254,289.0,44.24
460,15.4622,Twilight 19:00,simulation,3.0,1,-0.00588,0.04523,3.83855,1.83855,-0.00588,-0.95477,3.46304,0.00045,0.00254,289.0,44.24
461,15.4958,Twilight 19:00,simulation,3.0,1,-0.00588,0.04523,3.83855,1.83855,-0.00588,-0.95477,3.46304,0.00045,0.00254,289.0,44.24
462,15.5294,Twilight 19:00,simulation,3.0,1,-0.00588,0.04523,3.83855,1.83855,-0.00588,-0.95477,3.46304,0.00045,0.00254,289.0,44.24
463,15.563,Twilight 19:00,simulation,3.0,1,-0.00588,0.04523,3.83855,1.83855,-0.00588,-0.95477,3.46304,0.00045,0.00254,289.0,44.24
464,15.5966,Twilight 19:00,simulation,3.0,1,-0.00588,0.04523,3.83855,1.83855,-0.00588,-0.95477,3.46304,0.00045,0.00254,289.0,44.24
465,15.6303,Twilight 19:00,simulation,3.0,1,-0.00588,0.04523,3.83855,1.83855,-0.00588,-0.95477,3.46304,0.00045,0.00254,289.0,44.24
466,15.6639,Twilight 19:00,simulation,3.0,1,-0.00588,0.04523,3.83855,1.83855,-0.00588,-0.95477,3.46304,0.00045,0.00254,289.0,44.24
467,15.6975,Twilight 19:00,simulation,3.0,1,-0.00588,0.04523,3.83855,1.83855,-0.00588,-0.95477,3.46304,0.00045,0.00254,289.0,44.24
468,15.7311,Twilight 19:00,simulation,3.0,1,-0.00588,0.04523,3.83855,1.83855,-0.00588,-0.95477,3.46304,0.00045,0.00254,289.0,44.24
469,15.7647,Twilight 19:00,simulation,3.0,1,-0.00588,0.04523,3.83855,1.83855,-0.00588,-0.95477,3.46304,0.00045,0.00254,289.0,44.24
470,15.7983,Twilight 19:00,simulation,3.0,1,-0.00588,0.04523,3.83855,1.83855,-0.00588,-0.95477,3.46304,0.00045,0.00254,289.0,44.24
471,15.8319,Twilight 19:00,simulation,3.0,1,-0.00588,0.04523,3.83855,1.83855,-0.00588,-0.95477,3.46304,0.00045,0.00254,289.0,44.24
472,15.8655,Twilight 19:00,simulation,3.0,1,-0.00588,0.04523,3.83855,1.83855,-0.00588,-0.95477,3.46304,0.00045,0.00254,289.0,44.24
473,15.8992,Twilight 19:00,simulation,3.0,1,-0.00588,0.04523,3.83855,1.83855,-0.00588,-0.95477,3.46304,0.00045,0.00254,289.0,44.24
474,15.9328,Twilight 19:00,simulation,3.0,1,-0.00588,0.04523,3.83855,1.83855,-0.00588,-0.95477,3.46304,0.00045,0.00254,289.0,44.24
475,15.9664,Twilight 19:00,simulation,3.0,1,-0.00588,0.04523,3.83855,1.83855,-0.00588,-0.95477,3.46304,0.00045,0.00254,289.0,44.24
476,16.0,Twilight 19:00,simulation,3.0,1,-0.00588,0.04523,3.83855,1.83855,-0.00588,-0.95477,3.46304,0.00045,0.00254,289.0,44.24
477,16.0336,Twilight 19:00,simulation,3.0,1,-0.00588,0.04523,3.83855,1.83855,-0.00588,-0.95477,3.46304,0.00045,0.00254,289.0,44.24
478,16.0672,Twilight 19:00,simulation,3.0,1,-0.00588,0.04523,3.83855,1.83855,-0.00588,-0.95477,3.46304,0.00045,0.00254,289.0,44.24
479,16.1008,Twilight 19:00,simulation,3.0,1,-0.00588,0.04523,3.83855,1.83855,-0.00588,-0.95477,3.46304,0.00045,0.00254,289.0,44.24
480,16.1345,Twilight 19:00,simulation,3.0,1,-0.00588,0.04523,3.83855,1.83855,-0.00588,-0.95477,3.46304,0.00045,0.00254,289.0,44.24
481,16.1681,Twilight 19:00,simulation,3.0,1,-0.00588,0.04523,3.83855,1.83855,-0.00588,-0.95477,3.46304,0.00045,0.00254,289.0,44.24
482,16.2017,Twilight 19:00,simulation,3.0,1,-0.00588,0.04523,3.83855,1.83855,-0.00588,-0.95477,3.46304,0.00045,0.00254,289.0,44.24
483,16.2353,Twilight 19:00,simulation,3.0,1,-0.00588,0.04523,3.83855,1.83855,-0.00588,-0.95477,3.46304,0.00045,0.00254,289.0,44.24
484,16.2689,Twilight 19:00,simulation,3.0,1,-0.00588,0.04523,3.83855,1.83855,-0.00588,-0.95477,3.46304,0.00045,0.00254,289.0,44.24
485,16.3025,Twilight 19:00,simulation,3.0,1,-0.00588,0.04523,3.83855,1.83855,-0.00588,-0.95477,3.46304,0.00045,0.00254,289.0,44.24
486,16.3361,Twilight 19:00,simulation,3.0,1,-0.00588,0.04523,3.83855,1.83855,-0.00588,-0.95477,3.46304,0.00045,0.00254,289.0,44.24
487,16.3697,Twilight 19:00,simulation,3.0,1,-0.00588,0.04523,3.83855,1.83855,-0.00588,-0.95477,3.46304,0.00045,0.00254,289.0,44.24
488,16.4034,Twilight 19:00,simulation,3.0,1,-0.00588,0.04523,3.83855,1.83855,-0.00588,-0.95477,3.46304,0.00045,0.00254,289.0,44.24
489,16.437,Twilight 19:00,simulation,3.0,1,-0.00588,0.04523,3.83855,1.83855,-0.00588,-0.95477,3.46304,0.00045,0.00254,289.0,44.24
490,16.4706,Twilight 19:00,simulation,3.0,1,-0.00588,0.04523,3.83855,1.83855,-0.00588,-0.95477,3.46304,0.00045,0.00254,289.0,44.24
491,16.5042,Twilight 19:00,simulation,3.0,1,-0.00588,0.04523,3.83855,1.83855,-0.00588,-0.95477,3.46304,0.00045,0.00254,289.0,44.24
492,16.5378,Twilight 19:00,simulation,3.0,1,-0.00588,0.04523,3.83855,1.83855,-0.00588,-0.95477,3.46304,0.00045,0.00254,289.0,44.24
493,16.5714,Twilight 19:00,simulation,3.0,1,-0.00588,0.04523,3.83855,1.83855,-0.00588,-0.95477,3.46304,0.00045,0.00254,289.0,44.24
494,16.605,Twilight 19:00,simulation,3.0,1,-0.00588,0.04523,3.83855,1.83855,-0.00588,-0.95477,3.46304,0.00045,0.00254,289.0,44.24
495,16.6387,Twilight 19:00,simulation,3.0,1,-0.00588,0.04523,3.83855,1.83855,-0.00588,-0.95477,3.46304,0.00045,0.00254,289.0,44.24
496,16.6723,Twilight 19:00,simulation,3.0,1,-0.00588,0.04523,3.83855,1.83855,-0.00588,-0.95477,3.46304,0.00045,0.00254,289.0,44.24
497,16.7059,Twilight 19:00,simulation,3.0,1,-0.00588,0.04523,3.83855,1.83855,-0.00588,-0.95477,3.46304,0.00045,0.00254,289.0,44.24
498,16.7395,Twilight 19:00,simulation,3.0,1,-0.00588,0.04523,3.83855,1.83855,-0.00588,-0.95477,3.46304,0.00045,0.00254,289.0,44.24
499,16.7731,Twilight 19:00,simulation,3.0,1,-0.00588,0.04523,3.83855,1.83855,-0.00588,-0.95477,3.46304,0.00045,0.00254,289.0,44.24
500,16.8067,Twilight 19:00,simulation,3.0,1,-0.00588,0.04523,3.83855,1.83855,-0.00588,-0.95477,3.46304,0.00045,0.00254,289.0,44.24
501,16.8403,Twilight 19:00,simulation,3.0,1,-0.00588,0.04523,3.83855,1.83855,-0.00588,-0.95477,3.46304,0.00045,0.00254,289.0,44.24
502,16.8739,Twilight 19:00,simulation,3.0,1,-0.00588,0.04523,3.83855,1.83855,-0.00588,-0.95477,3.46304,0.00045,0.00254,289.0,44.24
503,16.9076,Twilight 19:00,simulation,3.0,1,-0.00588,0.04523,3.83855,1.83855,-0.00588,-0.95477,3.46304,0.00045,0.00254,289.0,44.24
504,16.9412,Twilight 19:00,simulation,3.0,1,-0.00588,0.04523,3.83855,1.83855,-0.00588,-0.95477,3.46304,0.00045,0.00254,289.0,44.24
505,16.9748,Twilight 19:00,simulation,3.0,1,-0.00588,0.04523,3.83855,1.83855,-0.00588,-0.95477,3.46304,0.00045,0.00254,289.0,44.24
506,17.0084,Twilight 19:00,simulation,3.0,1,-0.00588,0.04523,3.83855,1.83855,-0.00588,-0.95477,3.46304,0.00045,0.00254,289.0,44.24
507,17.042,Twilight 19:00,simulation,3.0,1,-0.00588,0.04523,3.83855,1.83855,-0.00588,-0.95477,3.46304,0.00045,0.00254,289.0,44.24
508,17.0756,Twilight 19:00,simulation,3.0,1,-0.00588,0.04523,3.83855,1.83855,-0.00588,-0.95477,3.46304,0.00045,0.00254,289.0,44.24
509,17.1092,Twilight 19:00,simulation,3.0,1,-0.00588,0.04523,3.83855,1.83855,-0.00588,-0.95477,3.46304,0.00045,0.00254,289.0,44.24
510,17.1429,Twilight 19:00,simulation,3.0,1,-0.00588,0.04523,3.83855,1.83855,-0.00588,-0.95477,3.46304,0.00045,0.00254,289.0,44.24
511,17.1765,Twilight 19:00,simulation,3.0,1,-0.00588,0.04523,3.83855,1.83855,-0.00588,-0.95477,3.46304,0.00045,0.00254,289.0,44.24
512,17.2101,Twilight 19:00,simulation,3.0,1,-0.00588,0.04523,3.83855,1.83855,-0.00588,-0.95477,3.46304,0.00045,0.00254,289.0,44.24
513,17.2437,Twilight 19:00,simulation,3.0,1,-0.00588,0.04523,3.83855,1.83855,-0.00588,-0.95477,3.46304,0.00045,0.00254,289.0,44.24
514,17.2773,Twilight 19:00,simulation,3.0,1,-0.00588,0.04523,3.83855,1.83855,-0.00588,-0.95477,3.46304,0.00045,0.00254,289.0,44.24
515,17.3109,Twilight 19:00,simulation,3.0,1,-0.00588,0.04523,3.83855,1.83855,-0.00588,-0.95477,3.46304,0.00045,0.00254,289.0,44.24
516,17.3445,Twilight 19:00,simulation,3.0,1,-0.00588,0.04523,3.83855,1.83855,-0.00588,-0.95477,3.46304,0.00045,0.00254,289.0,44.24
517,17.3782,Twilight 19:00,simulation,3.0,1,-0.00588,0.04523,3.83855,1.83855,-0.00588,-0.95477,3.46304,0.00045,0.00254,289.0,44.24
518,17.4118,Twilight 19:00,simulation,3.0,1,-0.00588,0.04523,3.83855,1.83855,-0.00588,-0.95477,3.46304,0.00045,0.00254,289.0,44.24
519,17.4454,Twilight 19:00,simulation,3.0,1,-0.00588,0.04523,3.83855,1.83855,-0.00588,-0.95477,3.46304,0.00045,0.00254,289.0,44.24
520,17.479,Twilight 19:00,simulation,3.0,1,-0.00588,0.04523,3.83855,1.83855,-0.00588,-0.95477,3.46304,0.00045,0.00254,289.0,44.24
521,17.5126,Twilight 19:00,simulation,3.0,1,-0.01765,0.04523,3.83859,1.83859,-0.01765,-0.95477,3.463,0.00134,0.00762,289.0,44.231
522,17.5462,Twilight 19:00,simulation,3.0,1,-0.01765,0.04523,3.83859,1.83859,-0.01765,-0.95477,3.463,0.00134,0.00762,289.0,44.231
523,17.5798,Twilight 19:00,simulation,3.0,1,-0.04118,0.04523,3.83877,1.83877,-0.04118,-0.95477,3.46282,0.00312,0.01778,289.0,44.237
524,17.6134,Twilight 19:00,simulation,3.0,0,0.0,0.0,0.0,0.0,0.0,0.0,0.0,0.0,0.0,0.0,44.237
525,17.6471,Twilight 19:00,simulation,3.0,1,-0.06444,0.04807,3.83113,1.83113,-0.06444,-0.95193,3.54146,-0.01926,0.13655,280.5,44.247
526,17.6807,Twilight 19:00,simulation,3.0,1,-0.11233,0.04706,4.06552,2.06552,-0.11233,-0.95294,3.13465,-0.00051,-0.06438,272.0,44.259
527,17.7143,Twilight 19:00,simulation,3.0,1,-0.11233,0.04706,4.06552,2.06552,-0.11233,-0.95294,3.13465,-0.00051,-0.06438,272.0,44.259
528,17.7479,Twilight 19:00,simulation,3.0,1,-0.13621,0.0492,4.04864,2.04864,-0.13621,-0.9508,2.86775,0.01616,0.23983,264.0,44.255
529,17.7815,Twilight 19:00,simulation,3.0,1,-0.14701,0.04809,3.83276,1.83276,-0.14701,-0.95191,3.54213,0.03976,-0.04239,280.5,44.244
530,17.8151,Twilight 19:00,simulation,3.0,1,-0.17078,0.04526,3.84232,1.84232,-0.17078,-0.95474,3.45932,0.01279,0.07354,289.0,44.235
531,17.8487,Twilight 19:00,simulation,3.0,1,-0.17078,0.04526,3.84232,1.84232,-0.17078,-0.95474,3.45932,0.01279,0.07354,289.0,44.235
532,17.8824,Twilight 19:00,simulation,3.0,1,-0.19439,0.04528,3.84343,1.84343,-0.19439,-0.95472,3.45822,0.01451,0.08363,289.0,44.234
533,17.916,Twilight 19:00,simulation,3.0,1,-0.21803,0.04529,3.84469,1.84469,-0.21803,-0.95471,3.45697,0.01621,0.0937,289.0,44.235
534,17.9496,Twilight 19:00,simulation,3.0,1,-0.24105,0.04814,3.83843,1.83843,-0.24105,-0.95186,3.53351,-0.0024,0.21589,280.5,44.246
535,17.9832,Twilight 19:00,simulation,3.0,1,-0.27386,0.0493,4.05615,2.05615,-0.27386,-0.9507,2.88464,-0.03427,-0.09582,264.0,44.251
536,18.0168,Twilight 19:00,simulation,3.0,1,-0.29929,0.04706,4.06462,2.06462,-0.29929,-0.95294,3.13819,-0.00043,-0.0434,272.0,44.255
537,18.0504,Twilight 19:00,simulation,3.0,1,-0.29929,0.04706,4.06462,2.06462,-0.29929,-0.95294,3.13819,-0.00043,-0.0434,272.0,44.255
538,18.084,Twilight 19:00,simulation,3.0,1,-0.32294,0.04931,4.05591,2.05591,-0.32294,-0.95069,2.86762,0.00834,0.31425,264.0,44.252
539,18.1176,Twilight 19:00,simulation,3.0,1,-0.32294,0.04931,4.05591,2.05591,-0.32294,-0.95069,2.86762,0.00834,0.31425,264.0,44.252
540,18.1513,Twilight 19:00,simulation,3.0,1,-0.34852,0.04538,3.85414,1.85414,-0.34852,-0.95462,3.44754,0.02516,0.14864,289.0,44.231
541,18.1849,Twilight 19:00,simulation,3.0,1,-0.34852,0.04538,3.85414,1.85414,-0.34852,-0.95462,3.44754,0.02516,0.14864,289.0,44.231
542,18.2185,Twilight 19:00,simulation,3.0,1,-0.37236,0.0454,3.85632,1.85632,-0.37236,-0.9546,3.44535,0.0267,0.15852,289.0,44.228
543,18.2521,Twilight 19:00,simulation,3.0,1,-0.39624,0.04542,3.85864,1.85864,-0.39624,-0.95458,3.44301,0.0282,0.16836,289.0,44.231
544,18.2857,Twilight 19:00,simulation,3.0,1,-0.42016,0.04544,3.8611,1.8611,-0.42016,-0.95456,3.44052,0.02967,0.17816,289.0,44.239
545,18.3193,Twilight 19:00,simulation,3.0,1,-0.42016,0.04544,3.8611,1.8611,-0.42016,-0.95456,3.44052,0.02967,0.17816,289.0,44.239
546,18.3529,Twilight 19:00,simulation,3.0,1,-0.44786,0.04735,3.91883,1.91883,-0.44786,-0.95265,2.76788,-0.02867,-0.08081,272.0,44.249
547,18.3866,Twilight 19:00,simulation,3.0,1,-0.48623,0.04706,4.06425,2.06425,-0.48623,-0.95294,3.13978,-0.00034,-0.03147,272.0,44.256
548,18.4202,Twilight 19:00,simulation,3.0,1,-0.48908,0.04739,3.91854,1.91854,-0.48908,-0.95261,2.7374,-0.03109,0.41714,272.0,44.248
549,18.4538,Twilight 19:00,simulation,3.0,1,-0.48908,0.04739,3.91854,1.91854,-0.48908,-0.95261,2.7374,-0.03109,0.41714,272.0,44.248
550,18.4874,Twilight 19:00,simulation,3.0,1,-0.50428,0.04554,3.87083,1.87083,-0.50428,-0.95446,3.43058,0.03448,0.21209,289.0,44.234
551,18.521,Twilight 19:00,simulation,3.0,1,-0.52844,0.04557,3.87393,1.87393,-0.52844,-0.95443,3.42739,0.03575,0.22166,289.0,44.23
552,18.5546,Twilight 19:00,simulation,3.0,1,-0.55265,0.0456,3.87716,1.87716,-0.55265,-0.9544,3.42404,0.03698,0.23117,289.0,44.225
553,18.5882,Twilight 19:00,simulation,3.0,1,-0.55265,0.0456,3.87716,1.87716,-0.55265,-0.9544,3.42404,0.03698,0.23117,289.0,44.225
554,18.6218,Twilight 19:00,simulation,3.0,1,-0.57692,0.04563,3.88054,1.88054,-0.57692,-0.95437,3.42053,0.03815,0.24062,289.0,44.23
555,18.6555,Twilight 19:00,simulation,3.0,1,-0.64178,0.05107,4.14268,2.14268,-0.64178,-0.94893,3.17879,-0.01935,0.2295,280.5,44.235
556,18.6891,Twilight 19:00,simulation,3.0,1,-0.65212,0.04979,4.08868,2.08868,-0.65212,-0.95021,2.92376,-0.04694,0.00766,264.0,44.246
557,18.7227,Twilight 19:00,simulation,3.0,1,-0.65212,0.04979,4.08868,2.08868,-0.65212,-0.95021,2.92376,-0.04694,0.00766,264.0,44.246
558,18.7563,Twilight 19:00,simulation,3.0,1,-0.67765,0.04983,4.09145,2.09145,-0.67765,-0.95017,2.92725,-0.04752,0.01326,264.0,44.247
559,18.7899,Twilight 19:00,simulation,3.0,1,-0.7096,0.05124,4.16927,2.16927,-0.7096,-0.94876,3.10283,0.01991,0.27322,280.5,44.242
560,18.8235,Twilight 19:00,simulation,3.0,1,-0.73515,0.05124,4.16933,2.16933,-0.73515,-0.94876,3.09955,0.01956,0.28148,280.5,44.229
561,18.8571,Twilight 19:00,simulation,3.0,1,-0.73515,0.05124,4.16933,2.16933,-0.73515,-0.94876,3.09955,0.01956,0.28148,280.5,44.229
562,18.8908,Twilight 19:00,simulation,3.0,1,-0.71161,0.04583,3.90155,1.90155,-0.71161,-0.95417,3.39818,0.04353,0.29127,289.0,44.221
563,18.9244,Twilight 19:00,simulation,3.0,1,-0.73633,0.04587,3.90582,1.90582,-0.73633,-0.95413,3.39353,0.0443,0.3002,289.0,44.219
564,18.958,Twilight 19:00,simulation,3.0,1,-0.78562,0.04693,4.0347,2.0347,-0.78562,-0.95307,3.21365,0.014,0.26406,289.0,44.219
565,18.9916,Twilight 19:00,simulation,3.0,1,-0.83097,0.0509,4.13687,2.13687,-0.83097,-0.9491,3.12379,-0.02308,0.29835,280.5,44.232
566,19.0252,Twilight 19:00,simulation,3.0,1,-0.83097,0.0509,4.13687,2.13687,-0.83097,-0.9491,3.12379,-0.02308,0.29835,280.5,44.232
567,19.0588,Twilight 19:00,simulation,3.0,1,-0.84457,0.05012,4.11003,2.11003,-0.84457,-0.94988,2.95213,-0.05022,0.04449,264.0,44.236
568,19.0924,Twilight 19:00,simulation,3.0,1,-0.86015,0.04706,4.06399,2.06399,-0.86015,-0.95294,3.14089,-0.00022,-0.01962,272.0,44.238
569,19.1261,Twilight 19:00,simulation,3.0,1,-0.89334,0.05009,4.10639,2.10639,-0.89334,-0.94991,2.88327,-0.00611,0.58371,264.0,44.238
570,19.1597,Twilight 19:00,simulation,3.0,0,0.0,0.0,0.0,0.0,0.0,0.0,0.0,0.0,0.0,0.0,44.238
571,19.1933,Twilight 19:00,simulation,3.0,1,-0.92575,0.05108,4.164,2.164,-0.92575,-0.94892,3.04099,0.01366,0.37932,280.5,44.229
572,19.2269,Twilight 19:00,simulation,3.0,1,-0.92218,0.0469,4.03721,2.03721,-0.92218,-0.9531,3.19012,0.01298,0.33057,289.0,44.219
573,19.2605,Twilight 19:00,simulation,3.0,1,-0.92444,0.0462,3.94207,1.94207,-0.92444,-0.9538,3.35221,0.04733,0.36344,289.0,44.218
574,19.2941,Twilight 19:00,simulation,3.0,1,-0.97172,0.0469,4.0376,2.0376,-0.97172,-0.9531,3.1826,0.01332,0.38,289.0,44.218
575,19.3277,Twilight 19:00,simulation,3.0,1,-0.97172,0.0469,4.0376,2.0376,-0.97172,-0.9531,3.1826,0.01332,0.38,289.0,44.218
576,19.3613,Twilight 19:00,simulation,3.0,1,-1.0387,0.05044,4.13017,2.13017,-1.0387,-0.94956,2.98319,-0.05121,0.06828,264.0,44.231
577,19.395,Twilight 19:00,simulation,3.0,1,-1.0387,0.05044,4.13017,2.13017,-1.0387,-0.94956,2.98319,-0.05121,0.06828,264.0,44.231
578,19.4286,Twilight 19:00,simulation,3.0,1,-1.04711,0.04706,4.06394,2.06394,-1.04711,-0.95294,3.1411,-0.00019,-0.01641,272.0,44.233
579,19.4622,Twilight 19:00,simulation,3.0,1,-1.04888,0.04845,3.99205,1.99205,-1.04888,-0.95155,2.74627,-0.0547,0.65922,272.0,44.228
580,19.4958,Twilight 19:00,simulation,3.0,1,-1.08223,0.04693,4.03413,2.03413,-1.08223,-0.95307,3.21133,0.02045,0.3512,289.0,44.214
581,19.5294,Twilight 19:00,simulation,3.0,1,-1.08223,0.04693,4.03413,2.03413,-1.08223,-0.95307,3.21133,0.02045,0.3512,289.0,44.214
582,19.563,Twilight 19:00,simulation,3.0,1,-1.11793,0.04659,3.98553,1.98553,-1.11793,-0.95341,3.29631,0.04397,0.4158,289.0,44.207
583,19.5966,Twilight 19:00,simulation,3.0,1,-1.11793,0.04659,3.98553,1.98553,-1.11793,-0.95341,3.29631,0.04397,0.4158,289.0,44.207
584,19.6303,Twilight 19:00,simulation,3.0,1,-1.14417,0.04664,3.99183,1.99183,-1.14417,-0.95336,3.28733,0.04283,0.42128,289.0,44.21
585,19.6639,Twilight 19:00,simulation,3.0,1,-1.22106,0.05103,4.16977,2.16977,-1.22106,-0.94897,2.9928,-0.04723,0.37302,280.5,44.216
586,19.6975,Twilight 19:00,simulation,3.0,1,-1.23338,0.0507,4.14585,2.14585,-1.23338,-0.9493,3.01147,-0.05072,0.07974,264.0,44.223
587,19.7311,Twilight 19:00,simulation,3.0,1,-1.23408,0.04706,4.06391,2.06391,-1.23408,-0.95294,3.14123,-0.00016,-0.01407,272.0,44.225
588,19.7647,Twilight 19:00,simulation,3.0,1,-1.23408,0.04706,4.06391,2.06391,-1.23408,-0.95294,3.14123,-0.00016,-0.01407,272.0,44.225
589,19.7983,Twilight 19:00,simulation,3.0,1,-1.23687,0.04682,4.01458,2.01458,-1.23687,-0.95318,3.25177,0.03702,0.43488,289.0,44.193
590,19.8319,Twilight 19:00,simulation,3.0,1,-1.23716,0.02359,4.01562,2.01562,-1.23716,-0.97641,3.25335,0.03677,0.45124,289.0,44.176
591,19.8655,Twilight 19:00,simulation,3.0,1,-1.23716,0.02359,4.01562,2.01562,-1.23716,-0.97641,3.25335,0.03677,0.45124,289.0,44.176
592,19.8992,Twilight 19:00,simulation,3.0,1,-1.24951,4e-05,4.05561,2.05561,-1.24951,-0.99996,3.12624,0.00403,0.46204,289.0,44.165
593,19.9328,Twilight 19:00,simulation,3.0,1,-1.24951,4e-05,4.05561,2.05561,-1.24951,-0.99996,3.12624,0.00403,0.46204,289.0,44.165
594,19.9664,Twilight 19:00,simulation,3.0,1,-1.23688,-0.04682,4.01461,2.01461,-1.23688,-1.04682,2.97566,-0.03385,0.39807,289.0,44.173
595,20.0,Twilight 19:00,simulation,3.0,1,-1.308,-0.06763,4.24471,2.24471,-1.308,-1.06763,3.08745,-0.00758,0.4471,272.0,44.183
596,20.0336,Twilight 19:00,simulation,3.0,1,-1.28849,-0.09135,4.1819,2.1819,-1.28849,-1.09135,2.85384,-0.06003,0.49349,272.0,44.185
597,20.0672,Twilight 19:00,simulation,3.0,1,-1.28849,-0.09135,4.1819,2.1819,-1.28849,-1.09135,2.85384,-0.06003,0.49349,272.0,44.185
598,20.1008,Twilight 19:00,simulation,3.0,1,-1.23567,-0.10481,4.01051,2.01051,-1.23567,-1.10481,2.98585,-0.03505,0.36531,289.0,44.179
599,20.1345,Twilight 19:00,simulation,3.0,1,-1.23506,-0.12796,4.00848,2.00848,-1.23506,-1.12796,2.9888,-0.0356,0.35331,289.0,44.177
600,20.1681,Twilight 19:00,simulation,3.0,1,-1.23441,-0.15109,4.00629,2.00629,-1.23441,-1.15109,2.9913,-0.03617,0.34191,289.0,44.17
601,20.2017,Twilight 19:00,simulation,3.0,1,-1.23441,-0.15109,4.00629,2.00629,-1.23441,-1.15109,2.9913,-0.03617,0.34191,289.0,44.17
602,20.2353,Twilight 19:00,simulation,3.0,1,-1.23372,-0.17418,4.00399,2.00399,-1.23372,-1.17418,2.99344,-0.03674,0.33109,289.0,44.168
603,20.2689,Twilight 19:00,simulation,3.0,1,-1.233,-0.19725,4.00161,2.00161,-1.233,-1.19725,2.99532,-0.03729,0.32083,289.0,44.171
604,20.3025,Twilight 19:00,simulation,3.0,1,-1.23226,-0.22028,3.99917,1.99917,-1.23226,-1.22028,2.99699,-0.03783,0.31109,289.0,44.183
605,20.3361,Twilight 19:00,simulation,3.0,1,-1.23226,-0.22028,3.99917,1.99917,-1.23226,-1.22028,2.99699,-0.03783,0.31109,289.0,44.183
606,20.3697,Twilight 19:00,simulation,3.0,1,-1.23603,-0.23879,4.01175,2.01175,-1.23603,-1.23879,2.79809,-0.07955,0.35348,272.0,44.193
607,20.4034,Twilight 19:00,simulation,3.0,1,-1.23576,-0.26195,4.01085,2.01085,-1.23576,-1.26195,2.80301,-0.07962,0.34795,272.0,44.192
608,20.437,Twilight 19:00,simulation,3.0,1,-1.23547,-0.2851,4.00988,2.00988,-1.23547,-1.2851,2.80779,-0.07968,0.34246,272.0,44.191
609,20.4706,Twilight 19:00,simulation,3.0,1,-1.22963,-0.30066,3.99045,1.99045,-1.22963,-1.30066,3.00178,-0.0395,0.28062,289.0,44.183
610,20.5042,Twilight 19:00,simulation,3.0,1,-1.22963,-0.30066,3.99045,1.99045,-1.22963,-1.30066,3.00178,-0.0395,0.28062,289.0,44.183
611,20.5378,Twilight 19:00,simulation,3.0,1,-1.22887,-0.32356,3.98795,1.98795,-1.22887,-1.32356,3.00296,-0.03991,0.27282,289.0,44.174
612,20.5714,Twilight 19:00,simulation,3.0,1,-1.22812,-0.34644,3.98547,1.98547,-1.22812,-1.34644,3.00408,-0.0403,0.26537,289.0,44.171
613,20.605,Twilight 19:00,simulation,3.0,1,-1.22737,-0.36928,3.98301,1.98301,-1.22737,-1.36928,3.00515,-0.04065,0.25825,289.0,44.178
614,20.6387,Twilight 19:00,simulation,3.0,1,-1.22663,-0.3921,3.98056,1.98056,-1.22663,-1.3921,3.00619,-0.04098,0.25143,289.0,44.189
615,20.6723,Twilight 19:00,simulation,3.0,1,-1.22663,-0.3921,3.98056,1.98056,-1.22663,-1.3921,3.00619,-0.04098,0.25143,289.0,44.189
616,20.7059,Twilight 19:00,simulation,3.0,1,-1.23358,-0.4121,4.00356,2.00356,-1.23358,-1.4121,2.83186,-0.0798,0.31312,272.0,44.208
617,20.7395,Twilight 19:00,simulation,3.0,1,-1.23319,-0.43513,4.00226,2.00226,-1.23319,-1.43513,2.83585,-0.07979,0.30798,272.0,44.266
618,20.7731,Twilight 19:00,simulation,3.0,1,-1.23693,-0.45663,4.0148,2.0148,-1.23693,-1.45663,-3.30654,0.04995,-0.44604,280.5,44.223
619,20.8067,Twilight 19:00,simulation,3.0,1,-1.2241,-0.47178,3.97223,1.97223,-1.2241,-1.47178,3.00963,-0.04192,0.22968,289.0,44.2
620,20.8403,Twilight 19:00,simulation,3.0,1,-1.22339,-0.49449,3.96991,1.96991,-1.22339,-1.49449,3.01057,-0.04213,0.224,289.0,44.179
621,20.8739,Twilight 19:00,simulation,3.0,1,-1.22339,-0.49449,3.96991,1.96991,-1.22339,-1.49449,3.01057,-0.04213,0.224,289.0,44.212
622,20.9076,Twilight 19:00,simulation,3.0,1,-1.2227,-0.51717,3.96763,1.96763,-1.2227,-1.51717,3.0115,-0.04232,0.21853,289.0,44.224
623,20.9412,Twilight 19:00,simulation,3.0,1,-1.22202,-0.53984,3.96539,1.96539,-1.22202,-1.53984,3.01242,-0.04249,0.21327,289.0,44.198
624,20.9748,Twilight 19:00,simulation,3.0,1,-1.22202,-0.53984,3.96539,1.96539,-1.22202,-1.53984,3.01242,-0.04249,0.21327,289.0,44.177
625,21.0084,Twilight 19:00,simulation,3.0,1,-1.2304,-0.58437,3.99302,1.99302,-1.2304,-1.58437,2.85939,-0.07947,0.27626,272.0,44.213
626,21.042,Twilight 19:00,simulation,3.0,1,-1.2304,-0.58437,3.99302,1.99302,-1.2304,-1.58437,2.85939,-0.07947,0.27626,272.0,44.203
627,21.0756,Twilight 19:00,simulation,3.0,1,-1.22994,-0.60725,3.99151,1.99151,-1.22994,-1.60725,2.86267,-0.07939,0.27166,272.0,44.188
628,21.1092,Twilight 19:00,simulation,3.0,1,-1.22994,-0.60725,3.99151,1.99151,-1.22994,-1.60725,2.86267,-0.07939,0.27166,272.0,44.175
629,21.1429,Twilight 19:00,simulation,3.0,1,-1.21908,-0.64159,3.95572,1.95572,-1.21908,-1.64159,3.01644,-0.04303,0.19177,289.0,44.121
630,21.1765,Twilight 19:00,simulation,3.0,1,-1.21908,-0.64159,3.95572,1.95572,-1.21908,-1.64159,3.01644,-0.04303,0.19177,289.0,44.178
631,21.2101,Twilight 19:00,simulation,3.0,1,-1.21845,-0.66414,3.95367,1.95367,-1.21845,-1.66414,3.01731,-0.0431,0.18743,289.0,44.228
632,21.2437,Twilight 19:00,simulation,3.0,1,-1.21784,-0.68668,3.95166,1.95166,-1.21784,-1.68668,3.01818,-0.04315,0.18323,289.0,44.246
633,21.2773,Twilight 19:00,simulation,3.0,1,-1.21723,-0.70921,3.94968,1.94968,-1.21723,-1.70921,3.01905,-0.04319,0.17916,289.0,44.227
634,21.3109,Twilight 19:00,simulation,3.0,1,-1.21723,-0.70921,3.94968,1.94968,-1.21723,-1.70921,3.01905,-0.04319,0.17916,289.0,44.179
635,21.3445,Twilight 19:00,simulation,3.0,1,-1.22687,-0.75551,3.98139,1.98139,-1.22687,-1.75551,2.88215,-0.07862,0.24362,272.0,44.199
636,21.3782,Twilight 19:00,simulation,3.0,1,-1.22687,-0.75551,3.98139,1.98139,-1.22687,-1.75551,2.88215,-0.07862,0.24362,272.0,44.199
637,21.4118,Twilight 19:00,simulation,3.0,1,-1.22639,-0.77825,3.97981,1.97981,-1.22639,-1.77825,2.88489,-0.07848,0.23959,272.0,44.196
638,21.4454,Twilight 19:00,simulation,3.0,1,-1.23215,-0.80202,3.99876,1.99876,-1.23215,-1.80202,-3.28428,0.04955,-0.33458,280.5,44.192
639,21.479,Twilight 19:00,simulation,3.0,1,-1.21465,-0.81037,3.94121,1.94121,-1.21465,-1.81037,3.02287,-0.04322,0.16237,289.0,44.184
640,21.5126,Twilight 19:00,simulation,3.0,1,-1.21465,-0.81037,3.94121,1.94121,-1.21465,-1.81037,3.02287,-0.04322,0.16237,289.0,44.184
641,21.5462,Twilight 19:00,simulation,3.0,1,-1.21357,-0.85523,3.93766,1.93766,-1.21357,-1.85523,3.02454,-0.04316,0.15561,289.0,44.173
642,21.5798,Twilight 19:00,simulation,3.0,1,-1.21357,-0.85523,3.93766,1.93766,-1.21357,-1.85523,3.02454,-0.04316,0.15561,289.0,44.173
643,21.6134,Twilight 19:00,simulation,3.0,1,-1.21253,-0.90005,3.93424,1.93424,-1.21253,-1.90005,3.02619,-0.04306,0.14924,289.0,44.189
644,21.6471,Twilight 19:00,simulation,3.0,1,-1.21253,-0.90005,3.93424,1.93424,-1.21253,-1.90005,3.02619,-0.04306,0.14924,289.0,44.189
645,21.6807,Twilight 19:00,simulation,3.0,1,-1.22328,-0.92561,3.96957,1.96957,-1.22328,-1.92561,2.90131,-0.07735,0.21516,272.0,44.194
646,21.7143,Twilight 19:00,simulation,3.0,1,-1.22281,-0.94822,3.96801,1.96801,-1.22281,-1.94822,2.90365,-0.07715,0.21167,272.0,44.195
647,21.7479,Twilight 19:00,simulation,3.0,1,-1.22281,-0.94822,3.96801,1.96801,-1.22281,-1.94822,2.90365,-0.07715,0.21167,272.0,44.195
648,21.7815,Twilight 19:00,simulation,3.0,1,-1.22891,-0.97303,3.98805,1.98805,-1.22891,-1.97303,-3.27715,0.04924,-0.29362,280.5,44.191
649,21.8151,Twilight 19:00,simulation,3.0,1,-1.2108,-0.97836,3.92857,1.92857,-1.2108,-1.97836,3.02903,-0.0428,0.13893,289.0,44.179
650,21.8487,Twilight 19:00,simulation,3.0,1,-1.2108,-0.97836,3.92857,1.92857,-1.2108,-1.97836,3.02903,-0.0428,0.13893,289.0,44.179
651,21.8824,Twilight 19:00,simulation,3.0,1,-1.20986,-1.02305,3.9255,1.9255,-1.20986,-2.02305,3.03062,-0.04261,0.13348,289.0,44.169
652,21.916,Twilight 19:00,simulation,3.0,1,-1.2094,-1.04537,3.92401,1.92401,-1.2094,-2.04537,3.03141,-0.04251,0.13087,289.0,44.175
653,21.9496,Twilight 19:00,simulation,3.0,1,-1.20896,-1.06769,3.92254,1.92254,-1.20896,-2.06769,3.03219,-0.0424,0.12832,289.0,44.18
654,21.9832,Twilight 19:00,simulation,3.0,1,-1.20896,-1.06769,3.92254,1.92254,-1.20896,-2.06769,3.03219,-0.0424,0.12832,289.0,44.18
655,22.0168,Twilight 19:00,simulation,3.0,1,-1.20121,-1.08072,3.89718,1.89718,-1.20121,-2.08072,-3.32323,0.08371,-0.08863,280.5,44.187
656,22.0504,Twilight 19:00,simulation,3.0,1,-1.19589,-1.1008,3.91913,1.91913,-1.19589,-2.1008,3.03257,-0.04208,0.12405,289.0,44.175
657,22.084,Twilight 19:00,simulation,3.0,1,-1.17109,-1.10009,3.91659,1.91659,-1.17109,-2.10009,3.03101,-0.04179,0.12284,289.0,44.18
658,22.1176,Twilight 19:00,simulation,3.0,1,-1.17109,-1.10009,3.91659,1.91659,-1.17109,-2.10009,3.03101,-0.04179,0.12284,289.0,44.18
659,22.1513,Twilight 19:00,simulation,3.0,1,-1.14632,-1.09939,3.91405,1.91405,-1.14632,-2.09939,3.02946,-0.04146,0.12157,289.0,44.191
660,22.1849,Twilight 19:00,simulation,3.0,1,-1.17329,-1.14269,4.06927,2.06927,-1.17329,-2.14269,3.14636,0.00219,-0.00786,272.0,44.198
661,22.2185,Twilight 19:00,simulation,3.0,1,-1.14836,-1.14273,4.06939,2.06939,-1.14836,-2.14273,3.14647,0.00219,-0.00787,272.0,44.203
662,22.2521,Twilight 19:00,simulation,3.0,1,-1.08454,-1.09761,3.9077,1.9077,-1.08454,-2.09761,3.02561,-0.04054,0.11809,289.0,44.198
663,22.2857,Twilight 19:00,simulation,3.0,1,-1.05988,-1.0969,3.90516,1.90516,-1.05988,-2.0969,3.02408,-0.04013,0.11659,289.0,44.189
664,22.3193,Twilight 19:00,simulation,3.0,1,-1.03525,-1.0962,3.90264,1.90264,-1.03525,-2.0962,3.02258,-0.03969,0.11501,289.0,44.186
665,22.3529,Twilight 19:00,simulation,3.0,1,-1.01066,-1.0955,3.90012,1.90012,-1.01066,-2.0955,3.02108,-0.03922,0.11337,289.0,44.185
666,22.3866,Twilight 19:00,simulation,3.0,1,-1.01066,-1.0955,3.90012,1.90012,-1.01066,-2.0955,3.02108,-0.03922,0.11337,289.0,44.185
667,22.4202,Twilight 19:00,simulation,3.0,1,-0.98611,-1.0948,3.89762,1.89762,-0.98611,-2.0948,3.01961,-0.03873,0.11166,289.0,44.193
668,22.4538,Twilight 19:00,simulation,3.0,1,-0.96159,-1.0941,3.89514,1.89514,-0.96159,-2.0941,3.01815,-0.03821,0.10989,289.0,44.2
669,22.4874,Twilight 19:00,simulation,3.0,1,-0.9863,-1.14296,4.07023,2.07023,-0.9863,-2.14296,3.14722,0.00217,-0.00781,272.0,44.211
670,22.521,Twilight 19:00,simulation,3.0,1,-0.96136,-1.143,4.07037,2.07037,-0.96136,-2.143,3.14734,0.00216,-0.00778,272.0,44.217
671,22.5546,Twilight 19:00,simulation,3.0,1,-0.96136,-1.143,4.07037,2.07037,-0.96136,-2.143,3.14734,0.00216,-0.00778,272.0,44.217
672,22.5882,Twilight 19:00,simulation,3.0,1,-0.90044,-1.09239,3.88902,1.88902,-0.90044,-2.09239,3.01458,-0.03679,0.10519,289.0,44.208
673,22.6218,Twilight 19:00,simulation,3.0,1,-0.90044,-1.09239,3.88902,1.88902,-0.90044,-2.09239,3.01458,-0.03679,0.10519,289.0,44.208
674,22.6555,Twilight 19:00,simulation,3.0,1,-0.85168,-1.09106,3.88424,1.88424,-0.85168,-2.09106,3.01183,-0.03554,0.10114,289.0,44.195
675,22.6891,Twilight 19:00,simulation,3.0,1,-0.85168,-1.09106,3.88424,1.88424,-0.85168,-2.09106,3.01183,-0.03554,0.10114,289.0,44.195
676,22.7227,Twilight 19:00,simulation,3.0,1,-0.82736,-1.09041,3.8819,1.8819,-0.82736,-2.09041,3.0105,-0.03488,0.09903,289.0,44.196
677,22.7563,Twilight 19:00,simulation,3.0,1,-0.80307,-1.08976,3.87959,1.87959,-0.80307,-2.08976,3.00918,-0.03419,0.09685,289.0,44.2
678,22.7899,Twilight 19:00,simulation,3.0,1,-0.77882,-1.08913,3.87732,1.87732,-0.77882,-2.08913,3.0079,-0.03348,0.09462,289.0,44.211
679,22.8235,Twilight 19:00,simulation,3.0,1,-0.79925,-1.14327,4.07134,2.07134,-0.79925,-2.14327,3.1482,0.00207,-0.00746,272.0,44.224
680,22.8571,Twilight 19:00,simulation,3.0,1,-0.7743,-1.14331,4.07149,2.07149,-0.7743,-2.14331,3.14834,0.00205,-0.00738,272.0,44.223
681,22.8908,Twilight 19:00,simulation,3.0,1,-0.71835,-1.08759,3.87183,1.87183,-0.71835,-2.08759,3.00481,-0.03158,0.08881,289.0,44.217
682,22.9244,Twilight 19:00,simulation,3.0,1,-0.71835,-1.08759,3.87183,1.87183,-0.71835,-2.08759,3.00481,-0.03158,0.08881,289.0,44.217
683,22.958,Twilight 19:00,simulation,3.0,1,-0.69422,-1.087,3.86971,1.86971,-0.69422,-2.087,3.00363,-0.03078,0.08639,289.0,44.21
684,22.9916,Twilight 19:00,simulation,3.0,1,-0.67012,-1.08642,3.86764,1.86764,-0.67012,-2.08642,3.00248,-0.02996,0.08392,289.0,44.202
685,23.0252,Twilight 19:00,simulation,3.0,1,-0.64606,-1.08586,3.86562,1.86562,-0.64606,-2.08586,3.00136,-0.02912,0.0814,289.0,44.2
686,23.0588,Twilight 19:00,simulation,3.0,1,-0.64606,-1.08586,3.86562,1.86562,-0.64606,-2.08586,3.00136,-0.02912,0.0814,289.0,44.2
687,23.0924,Twilight 19:00,simulation,3.0,1,-0.62204,-1.08531,3.86365,1.86365,-0.62204,-2.08531,3.00027,-0.02825,0.07883,289.0,44.207
688,23.1261,Twilight 19:00,simulation,3.0,1,-0.59804,-1.08477,3.86174,1.86174,-0.59804,-2.08477,2.99922,-0.02736,0.07621,289.0,44.221
689,23.1597,Twilight 19:00,simulation,3.0,1,-0.6121,-1.14361,4.07254,2.07254,-0.6121,-2.14361,3.14927,0.00184,-0.00666,272.0,44.228
690,23.1933,Twilight 19:00,simulation,3.0,1,-0.58714,-1.14365,4.0727,2.0727,-0.58714,-2.14365,3.14942,0.0018,-0.00652,272.0,44.228
691,23.2269,Twilight 19:00,simulation,3.0,1,-0.5441,-1.10091,3.91948,1.91948,-0.5441,-2.10091,3.03094,0.02006,-0.06111,280.5,44.225
692,23.2605,Twilight 19:00,simulation,3.0,1,-0.5441,-1.10091,3.91948,1.91948,-0.5441,-2.10091,3.03094,0.02006,-0.06111,280.5,44.225
693,23.2941,Twilight 19:00,simulation,3.0,1,-0.51431,-1.08303,3.85551,1.85551,-0.51431,-2.08303,2.99583,-0.02409,0.06672,289.0,44.213
694,23.3277,Twilight 19:00,simulation,3.0,1,-0.49046,-1.08258,3.85387,1.85387,-0.49046,-2.08258,2.99494,-0.02311,0.06391,289.0,44.205
695,23.3613,Twilight 19:00,simulation,3.0,1,-0.46663,-1.08214,3.8523,1.8523,-0.46663,-2.08214,2.99409,-0.02212,0.06107,289.0,44.204
696,23.395,Twilight 19:00,simulation,3.0,1,-0.44283,-1.08172,3.85079,1.85079,-0.44283,-2.08172,2.99328,-0.0211,0.0582,289.0,44.213
697,23.4286,Twilight 19:00,simulation,3.0,1,-0.44283,-1.08172,3.85079,1.85079,-0.44283,-2.08172,2.99328,-0.0211,0.0582,289.0,44.213
698,23.4622,Twilight 19:00,simulation,3.0,1,-0.41906,-1.08131,3.84935,1.84935,-0.41906,-2.08131,2.99251,-0.02007,0.05529,289.0,44.222
699,23.4958,Twilight 19:00,simulation,3.0,1,-0.42485,-1.14393,4.07371,2.07371,-0.42485,-2.14393,3.15033,0.00146,-0.00528,272.0,44.229
700,23.5294,Twilight 19:00,simulation,3.0,1,-0.39987,-1.14397,4.07385,2.07385,-0.39987,-2.14397,3.15046,0.00139,-0.00504,272.0,44.234
701,23.563,Twilight 19:00,simulation,3.0,1,-0.39987,-1.14397,4.07385,2.07385,-0.39987,-2.14397,3.15046,0.00139,-0.00504,272.0,44.234
702,23.5966,Twilight 19:00,simulation,3.0,1,-0.35973,-1.0804,3.84607,1.84607,-0.35973,-2.0804,2.99076,-0.01743,0.04788,289.0,44.225
703,23.6303,Twilight 19:00,simulation,3.0,1,-0.33603,-1.08007,3.84489,1.84489,-0.33603,-2.08007,2.99013,-0.01635,0.04487,289.0,44.212
704,23.6639,Twilight 19:00,simulation,3.0,1,-0.31236,-1.07976,3.84378,1.84378,-0.31236,-2.07976,2.98954,-0.01526,0.04183,289.0,44.207
705,23.6975,Twilight 19:00,simulation,3.0,1,-0.28871,-1.07947,3.84275,1.84275,-0.28871,-2.07947,2.989,-0.01416,0.03876,289.0,44.206
706,23.7311,Twilight 19:00,simulation,3.0,1,-0.28871,-1.07947,3.84275,1.84275,-0.28871,-2.07947,2.989,-0.01416,0.03876,289.0,44.206
707,23.7647,Twilight 19:00,simulation,3.0,1,-0.26508,-1.0792,3.84179,1.84179,-0.26508,-2.0792,2.98849,-0.01304,0.03568,289.0,44.214
708,23.7983,Twilight 19:00,simulation,3.0,1,-0.24146,-1.07896,3.84091,1.84091,-0.24146,-2.07896,2.98803,-0.01192,0.03257,289.0,44.221
709,23.8319,Twilight 19:00,simulation,3.0,1,-0.23747,-1.14419,4.07465,2.07465,-0.23747,-2.14419,3.15118,0.0009,-0.00325,272.0,44.233
710,23.8655,Twilight 19:00,simulation,3.0,1,-0.21248,-1.14422,4.07475,2.07475,-0.21248,-2.14422,3.15126,0.00081,-0.00293,272.0,44.234
711,23.8992,Twilight 19:00,simulation,3.0,1,-0.21248,-1.14422,4.07475,2.07475,-0.21248,-2.14422,3.15126,0.00081,-0.00293,272.0,44.234
712,23.9328,Twilight 19:00,simulation,3.0,1,-0.18248,-1.07844,3.83906,1.83906,-0.18248,-2.07844,2.98705,-0.00906,0.02473,289.0,44.223
713,23.9664,Twilight 19:00,simulation,3.0,1,-0.15891,-1.07827,3.83846,1.83846,-0.15891,-2.07827,2.98674,-0.00791,0.02157,289.0,44.216
714,24.0,Twilight 19:00,simulation,3.0,1,-0.13535,-1.07813,3.83795,1.83795,-0.13535,-2.07813,2.98647,-0.00675,0.0184,289.0,44.207
715,24.0336,Twilight 19:00,simulation,3.0,1,-0.13535,-1.07813,3.83795,1.83795,-0.13535,-2.07813,2.98647,-0.00675,0.0184,289.0,44.207
716,24.0672,Twilight 19:00,simulation,3.0,1,-0.08825,-1.07791,3.83716,1.83716,-0.08825,-2.07791,2.98606,-0.00441,0.01202,289.0,44.211
717,24.1008,Twilight 19:00,simulation,3.0,1,-0.06471,-1.07783,3.83689,1.83689,-0.06471,-2.07783,2.98592,-0.00324,0.00882,289.0,44.224
718,24.1345,Twilight 19:00,simulation,3.0,1,-0.05,-1.14433,4.07512,2.07512,-0.05,-2.14433,3.1516,0.0002,-0.00071,272.0,44.234
719,24.1681,Twilight 19:00,simulation,3.0,1,-0.05,-1.14433,4.07512,2.07512,-0.05,-2.14433,3.1516,0.0002,-0.00071,272.0,44.234
720,24.2017,Twilight 19:00,simulation,3.0,1,-0.025,-1.14433,4.07514,2.07514,-0.025,-2.14433,3.15162,0.0001,-0.00036,272.0,44.232
721,24.2353,Twilight 19:00,simulation,3.0,1,-0.00588,-1.07775,3.83658,1.83658,-0.00588,-2.07775,2.98575,-0.00029,0.0008,289.0,44.226
722,24.2689,Twilight 19:00,simulation,3.0,1,0.00588,-1.05554,3.8366,1.8366,0.00588,-2.05554,2.98368,0.0003,-0.00082,289.0,44.219
723,24.3025,Twilight 19:00,simulation,3.0,1,0.00588,-1.05554,3.8366,1.8366,0.00588,-2.05554,2.98368,0.0003,-0.00082,289.0,44.219
724,24.3361,Twilight 19:00,simulation,3.0,1,0.00588,-1.01709,3.83726,1.83726,0.00588,-2.01709,2.86377,0.00046,-0.0011,272.0,44.225
725,24.3697,Twilight 19:00,simulation,3.0,1,0.00588,-1.01709,3.83726,1.83726,0.00588,-2.01709,2.86377,0.00046,-0.0011,272.0,44.225
726,24.4034,Twilight 19:00,simulation,3.0,1,0.00588,-1.00004,3.83666,1.83666,0.00588,-2.00004,2.97829,0.0003,-0.00086,289.0,44.222
727,24.437,Twilight 19:00,simulation,3.0,1,0.00588,-0.97784,3.83669,1.83669,0.00588,-1.97784,2.97604,0.00031,-0.00088,289.0,44.21
728,24.4706,Twilight 19:00,simulation,3.0,1,0.00588,-0.97784,3.83669,1.83669,0.00588,-1.97784,2.97604,0.00031,-0.00088,289.0,44.21
729,24.5042,Twilight 19:00,simulation,3.0,1,0.00588,-0.95563,3.83672,1.83672,0.00588,-1.95563,2.97375,0.00031,-0.0009,289.0,44.203
730,24.5378,Twilight 19:00,simulation,3.0,1,0.00588,-0.93343,3.83675,1.83675,0.00588,-1.93343,2.97141,0.00031,-0.00092,289.0,44.203
731,24.5714,Twilight 19:00,simulation,3.0,1,0.00588,-0.91123,3.83677,1.83677,0.00588,-1.91123,2.96902,0.00031,-0.00094,289.0,44.208
732,24.605,Twilight 19:00,simulation,3.0,1,0.00588,-0.88903,3.8368,1.8368,0.00588,-1.88903,2.96657,0.00031,-0.00096,289.0,44.22
733,24.6387,Twilight 19:00,simulation,3.0,1,0.00588,-0.87277,3.83747,1.83747,0.00588,-1.87277,2.84337,0.00047,-0.00121,272.0,44.225
734,24.6723,Twilight 19:00,simulation,3.0,1,0.00588,-0.87277,3.83747,1.83747,0.00588,-1.87277,2.84337,0.00047,-0.00121,272.0,44.225
735,24.7059,Twilight 19:00,simulation,3.0,1,0.00588,-0.85057,3.8375,1.8375,0.00588,-1.85057,2.84004,0.00047,-0.00123,272.0,44.231
736,24.7395,Twilight 19:00,simulation,3.0,1,0.00588,-0.85057,3.8375,1.8375,0.00588,-1.85057,2.84004,0.00047,-0.00123,272.0,44.231
737,24.7731,Twilight 19:00,simulation,3.0,1,0.00588,-0.81132,3.83691,1.83691,0.00588,-1.81132,2.95756,0.00032,-0.00104,289.0,44.208
738,24.8067,Twilight 19:00,simulation,3.0,1,0.00588,-0.78912,3.83695,1.83695,0.00588,-1.78912,2.95486,0.00032,-0.00106,289.0,44.204
739,24.8403,Twilight 19:00,simulation,3.0,1,0.00588,-0.76692,3.83698,1.83698,0.00588,-1.76692,2.95209,0.00033,-0.00108,289.0,44.202
740,24.8739,Twilight 19:00,simulation,3.0,1,0.00588,-0.76692,3.83698,1.83698,0.00588,-1.76692,2.95209,0.00033,-0.00108,289.0,44.202
741,24.9076,Twilight 19:00,simulation,3.0,1,0.00588,-0.74471,3.83701,1.83701,0.00588,-1.74471,2.94926,0.00033,-0.00111,289.0,44.211
742,24.9412,Twilight 19:00,simulation,3.0,1,0.00588,-0.72251,3.83705,1.83705,0.00588,-1.72251,2.94637,0.00033,-0.00113,289.0,44.218
743,24.9748,Twilight 19:00,simulation,3.0,1,0.00588,-0.70624,3.83773,1.83773,0.00588,-1.70624,2.81707,0.00049,-0.00135,272.0,44.229
744,25.0084,Twilight 19:00,simulation,3.0,1,0.00588,-0.70624,3.83773,1.83773,0.00588,-1.70624,2.81707,0.00049,-0.00135,272.0,44.229
745,25.042,Twilight 19:00,simulation,3.0,1,0.00588,-0.68403,3.83777,1.83777,0.00588,-1.68403,2.81332,0.00049,-0.00137,272.0,44.231
746,25.0756,Twilight 19:00,simulation,3.0,1,0.00588,-0.667,3.83714,1.83714,0.00588,-1.667,2.93885,0.00034,-0.0012,289.0,44.22
747,25.1092,Twilight 19:00,simulation,3.0,1,0.00588,-0.6448,3.83718,1.83718,0.00588,-1.6448,2.93572,0.00034,-0.00122,289.0,44.212
748,25.1429,Twilight 19:00,simulation,3.0,1,0.00588,-0.6226,3.83722,1.83722,0.00588,-1.6226,2.93252,0.00034,-0.00125,289.0,44.202
749,25.1765,Twilight 19:00,simulation,3.0,1,0.00588,-0.6226,3.83722,1.83722,0.00588,-1.6226,2.93252,0.00034,-0.00125,289.0,44.202
750,25.2101,Twilight 19:00,simulation,3.0,1,0.00588,-0.57819,3.8373,1.8373,0.00588,-1.57819,2.9259,0.00034,-0.0013,289.0,44.209
751,25.2437,Twilight 19:00,simulation,3.0,1,0.00588,-0.57819,3.8373,1.8373,0.00588,-1.57819,2.9259,0.00034,-0.0013,289.0,44.209
752,25.2773,Twilight 19:00,simulation,3.0,1,0.00588,-0.55599,3.83734,1.83734,0.00588,-1.55599,2.92248,0.00035,-0.00133,289.0,44.221
753,25.3109,Twilight 19:00,simulation,3.0,1,0.00588,-0.53969,3.83803,1.83803,0.00588,-1.53969,2.78754,0.00049,-0.00151,272.0,44.231
754,25.3445,Twilight 19:00,simulation,3.0,1,0.00588,-0.51748,3.83807,1.83807,0.00588,-1.51748,2.78334,0.0005,-0.00153,272.0,44.227
755,25.3782,Twilight 19:00,simulation,3.0,1,0.00588,-0.50048,3.83745,1.83745,0.00588,-1.50048,2.91359,0.00035,-0.0014,289.0,44.222
756,25.4118,Twilight 19:00,simulation,3.0,1,0.00588,-0.50048,3.83745,1.83745,0.00588,-1.50048,2.91359,0.00035,-0.0014,289.0,44.222
757,25.4454,Twilight 19:00,simulation,3.0,1,0.00588,-0.47827,3.8375,1.8375,0.00588,-1.47827,2.9099,0.00035,-0.00143,289.0,44.21
758,25.479,Twilight 19:00,simulation,3.0,1,0.00588,-0.45607,3.83754,1.83754,0.00588,-1.45607,2.90612,0.00035,-0.00146,289.0,44.201
759,25.5126,Twilight 19:00,simulation,3.0,1,0.00588,-0.43387,3.83759,1.83759,0.00588,-1.43387,2.90226,0.00035,-0.00149,289.0,44.203
760,25.5462,Twilight 19:00,simulation,3.0,1,0.00588,-0.41166,3.83764,1.83764,0.00588,-1.41166,2.89832,0.00036,-0.00152,289.0,44.211
761,25.5798,Twilight 19:00,simulation,3.0,1,0.00588,-0.41166,3.83764,1.83764,0.00588,-1.41166,2.89832,0.00036,-0.00152,289.0,44.211
762,25.6134,Twilight 19:00,simulation,3.0,1,0.00588,-0.38945,3.83769,1.83769,0.00588,-1.38945,2.89429,0.00036,-0.00156,289.0,44.223
763,25.6471,Twilight 19:00,simulation,3.0,1,0.00588,-0.37313,3.83836,1.83836,0.00588,-1.37313,2.75453,0.0005,-0.00167,272.0,44.227
764,25.6807,Twilight 19:00,simulation,3.0,1,0.00588,-0.35092,3.83841,1.83841,0.00588,-1.35092,2.74985,0.0005,-0.00169,272.0,44.228
765,25.7143,Twilight 19:00,simulation,3.0,1,0.00588,-0.35092,3.83841,1.83841,0.00588,-1.35092,2.74985,0.0005,-0.00169,272.0,44.228
766,25.7479,Twilight 19:00,simulation,3.0,1,0.00588,-0.31173,3.83787,1.83787,0.00588,-1.31173,2.8795,0.00036,-0.00167,289.0,44.208
767,25.7815,Twilight 19:00,simulation,3.0,1,0.00588,-0.31173,3.83787,1.83787,0.00588,-1.31173,2.8795,0.00036,-0.00167,289.0,44.208
768,25.8151,Twilight 19:00,simulation,3.0,1,0.00588,-0.28953,3.83792,1.83792,0.00588,-1.28953,2.87507,0.00036,-0.0017,289.0,44.201
769,25.8487,Twilight 19:00,simulation,3.0,1,0.00588,-0.26732,3.83797,1.83797,0.00588,-1.26732,2.87055,0.00036,-0.00173,289.0,44.203
770,25.8824,Twilight 19:00,simulation,3.0,1,0.00588,-0.24511,3.83803,1.83803,0.00588,-1.24511,2.86594,0.00036,-0.00177,289.0,44.211
771,25.916,Twilight 19:00,simulation,3.0,1,0.00588,-0.24511,3.83803,1.83803,0.00588,-1.24511,2.86594,0.00036,-0.00177,289.0,44.211
772,25.9496,Twilight 19:00,simulation,3.0,1,0.00588,-0.22291,3.83808,1.83808,0.00588,-1.22291,2.86123,0.00036,-0.0018,289.0,44.218
773,25.9832,Twilight 19:00,simulation,3.0,1,0.00588,-0.20654,3.83872,1.83872,0.00588,-1.20654,2.71785,0.0005,-0.00184,272.0,44.226
774,26.0168,Twilight 19:00,simulation,3.0,1,0.00588,-0.18433,3.83877,1.83877,0.00588,-1.18433,2.71268,0.0005,-0.00186,272.0,44.227
775,26.0504,Twilight 19:00,simulation,3.0,1,0.00588,-0.18433,3.83877,1.83877,0.00588,-1.18433,2.71268,0.0005,-0.00186,272.0,44.227
776,26.084,Twilight 19:00,simulation,3.0,1,0.00588,-0.16738,3.83823,1.83823,0.00588,-1.16738,2.84906,0.00036,-0.00188,289.0,44.213
777,26.1176,Twilight 19:00,simulation,3.0,1,0.00588,-0.12297,3.83834,1.83834,0.00588,-1.12297,2.83888,0.00036,-0.00195,289.0,44.199
778,26.1513,Twilight 19:00,simulation,3.0,1,0.00588,-0.12297,3.83834,1.83834,0.00588,-1.12297,2.83888,0.00036,-0.00195,289.0,44.199
779,26.1849,Twilight 19:00,simulation,3.0,1,0.00588,-0.10076,3.8384,1.8384,0.00588,-1.10076,2.83365,0.00036,-0.00199,289.0,44.196
780,26.2185,Twilight 19:00,simulation,3.0,1,0.00588,-0.07855,3.83846,1.83846,0.00588,-1.07855,2.82832,0.00036,-0.00202,289.0,44.201
781,26.2521,Twilight 19:00,simulation,3.0,1,0.00588,-0.05633,3.83852,1.83852,0.00588,-1.05633,2.8229,0.00036,-0.00205,289.0,44.205
782,26.2857,Twilight 19:00,simulation,3.0,1,0.00588,-0.05633,3.83852,1.83852,0.00588,-1.05633,2.8229,0.00036,-0.00205,289.0,44.205
783,26.3193,Twilight 19:00,simulation,3.0,1,0.00588,-0.03994,3.83911,1.83911,0.00588,-1.03994,2.67744,0.0005,-0.002,272.0,44.216
784,26.3529,Twilight 19:00,simulation,3.0,1,0.00588,-0.01772,3.83916,1.83916,0.00588,-1.01772,2.67176,0.0005,-0.00203,272.0,44.209
785,26.3866,Twilight 19:00,simulation,3.0,1,0.00588,-0.01772,3.83916,1.83916,0.00588,-1.01772,2.67176,0.0005,-0.00203,272.0,44.209
786,26.4202,Twilight 19:00,simulation,3.0,1,0.00588,0.02302,3.83861,1.83861,0.00588,-0.97698,3.46861,-0.00045,-0.00259,289.0,44.21
787,26.4538,Twilight 19:00,simulation,3.0,1,0.00588,0.04523,3.83855,1.83855,0.00588,-0.95477,3.46304,-0.00045,-0.00254,289.0,44.213
788,26.4874,Twilight 19:00,simulation,3.0,1,0.00588,0.06744,3.83849,1.83849,0.00588,-0.93256,3.45756,-0.00044,-0.00249,289.0,44.226
789,26.521,Twilight 19:00,simulation,3.0,1,0.00588,0.06744,3.83849,1.83849,0.00588,-0.93256,3.45756,-0.00044,-0.00249,289.0,44.226
790,26.5546,Twilight 19:00,simulation,3.0,1,0.00588,0.08965,3.83843,1.83843,0.00588,-0.91035,3.45219,-0.00044,-0.00244,289.0,44.242
791,26.5882,Twilight 19:00,simulation,3.0,1,0.00588,0.11186,3.83837,1.83837,0.00588,-0.88814,3.44691,-0.00044,-0.00239,289.0,44.262
792,26.6218,Twilight 19:00,simulation,3.0,1,0.00588,0.1288,3.8389,1.8389,0.00588,-0.8712,3.58373,-0.00066,-0.00254,272.0,44.28
793,26.6555,Twilight 19:00,simulation,3.0,1,0.00588,0.15101,3.83885,1.83885,0.00588,-0.84899,3.57839,-0.00066,-0.00251,272.0,44.286
794,26.6891,Twilight 19:00,simulation,3.0,1,0.00588,0.16738,3.83823,1.83823,0.00588,-0.83262,3.43413,-0.00044,-0.00227,289.0,44.296
795,26.7227,Twilight 19:00,simulation,3.0,1,0.00588,0.16738,3.83823,1.83823,0.00588,-0.83262,3.43413,-0.00044,-0.00227,289.0,44.296
796,26.7563,Twilight 19:00,simulation,3.0,1,0.00588,0.18959,3.83817,1.83817,0.00588,-0.81041,3.42919,-0.00044,-0.00222,289.0,44.29
797,26.7899,Twilight 19:00,simulation,3.0,1,0.00588,0.2118,3.83811,1.83811,0.00588,-0.7882,3.42434,-0.00044,-0.00218,289.0,44.295
798,26.8235,Twilight 19:00,simulation,3.0,1,0.00588,0.23401,3.83806,1.83806,0.00588,-0.76599,3.41959,-0.00043,-0.00213,289.0,44.3
799,26.8571,Twilight 19:00,simulation,3.0,1,0.00588,0.23401,3.83806,1.83806,0.00588,-0.76599,3.41959,-0.00043,-0.00213,289.0,44.302
800,26.8908,Twilight 19:00,simulation,3.0,1,0.00588,0.25622,3.838,1.838,0.00588,-0.74378,3.41493,-0.00043,-0.00208,289.0,44.31
801,26.9244,Twilight 19:00,simulation,3.0,1,0.00588,0.27842,3.83795,1.83795,0.00588,-0.72158,3.41036,-0.00043,-0.00204,289.0,44.313
802,26.958,Twilight 19:00,simulation,3.0,1,0.00588,0.29539,3.83853,1.83853,0.00588,-0.70461,3.54531,-0.00065,-0.00227,272.0,44.32
803,26.9916,Twilight 19:00,simulation,3.0,1,0.00588,0.29539,3.83853,1.83853,0.00588,-0.70461,3.54531,-0.00065,-0.00227,272.0,44.32
804,27.0252,Twilight 19:00,simulation,3.0,1,0.00588,0.3176,3.83848,1.83848,0.00588,-0.6824,3.54047,-0.00065,-0.00223,272.0,44.314
805,27.0588,Twilight 19:00,simulation,3.0,1,0.00588,0.33394,3.83781,1.83781,0.00588,-0.66606,3.39935,-0.00042,-0.00193,289.0,44.302
806,27.0924,Twilight 19:00,simulation,3.0,1,0.00588,0.34557,3.83895,1.83895,0.00588,-0.65443,3.64262,-0.00083,-0.00235,255.0,44.281
807,27.1261,Twilight 19:00,simulation,3.0,1,0.00588,0.35615,3.83776,1.83776,0.00588,-0.64385,3.3951,-0.00042,-0.00188,289.0,44.286
808,27.1597,Twilight 19:00,simulation,3.0,1,0.00588,0.40056,3.83766,1.83766,0.00588,-0.59944,3.38687,-0.00042,-0.0018,289.0,44.271
809,27.1933,Twilight 19:00,simulation,3.0,1,0.00588,0.40056,3.83766,1.83766,0.00588,-0.59944,3.38687,-0.00042,-0.0018,289.0,44.271
810,27.2269,Twilight 19:00,simulation,3.0,1,0.00588,0.42276,3.83762,1.83762,0.00588,-0.57724,3.38288,-0.00041,-0.00176,289.0,44.274
811,27.2605,Twilight 19:00,simulation,3.0,1,0.00588,0.44497,3.83757,1.83757,0.00588,-0.55503,3.37898,-0.00041,-0.00172,289.0,44.275
812,27.2941,Twilight 19:00,simulation,3.0,1,0.00588,0.44497,3.83757,1.83757,0.00588,-0.55503,3.37898,-0.00041,-0.00172,289.0,44.275
813,27.3277,Twilight 19:00,simulation,3.0,1,0.00588,0.46196,3.83818,1.83818,0.00588,-0.53804,3.51061,-0.00063,-0.00201,272.0,44.278
814,27.3613,Twilight 19:00,simulation,3.0,1,0.00588,0.48417,3.83814,1.83814,0.00588,-0.51583,3.50625,-0.00063,-0.00197,272.0,44.276
815,27.395,Twilight 19:00,simulation,3.0,1,0.00588,0.50048,3.83745,1.83745,0.00588,-0.49952,3.36959,-0.0004,-0.00162,289.0,44.261
816,27.4286,Twilight 19:00,simulation,3.0,1,0.00588,0.52268,3.83741,1.83741,0.00588,-0.47732,3.36598,-0.0004,-0.00159,289.0,44.246
817,27.4622,Twilight 19:00,simulation,3.0,1,0.00588,0.52268,3.83741,1.83741,0.00588,-0.47732,3.36598,-0.0004,-0.00159,289.0,44.246
818,27.4958,Twilight 19:00,simulation,3.0,1,0.00588,0.54489,3.83736,1.83736,0.00588,-0.45511,3.36244,-0.0004,-0.00155,289.0,44.235
819,27.5294,Twilight 19:00,simulation,3.0,1,0.00588,0.56709,3.83732,1.83732,0.00588,-0.43291,3.35899,-0.0004,-0.00151,289.0,44.234
820,27.563,Twilight 19:00,simulation,3.0,1,0.00588,0.58929,3.83728,1.83728,0.00588,-0.41071,3.3556,-0.00039,-0.00148,289.0,44.234
821,27.5966,Twilight 19:00,simulation,3.0,1,0.00588,0.58929,3.83728,1.83728,0.00588,-0.41071,3.3556,-0.00039,-0.00148,289.0,44.234
822,27.6303,Twilight 19:00,simulation,3.0,1,0.00588,0.62852,3.83787,1.83787,0.00588,-0.37148,3.47948,-0.00061,-0.00177,272.0,44.243
823,27.6639,Twilight 19:00,simulation,3.0,1,0.00588,0.62852,3.83787,1.83787,0.00588,-0.37148,3.47948,-0.00061,-0.00177,272.0,44.243
824,27.6975,Twilight 19:00,simulation,3.0,1,0.00588,0.65072,3.83783,1.83783,0.00588,-0.34928,3.47559,-0.00061,-0.00174,272.0,44.235
825,27.7311,Twilight 19:00,simulation,3.0,1,0.00588,0.667,3.83714,1.83714,0.00588,-0.333,3.34434,-0.00038,-0.00136,289.0,44.226
826,27.7647,Twilight 19:00,simulation,3.0,1,0.00588,0.667,3.83714,1.83714,0.00588,-0.333,3.34434,-0.00038,-0.00136,289.0,44.226
827,27.7983,Twilight 19:00,simulation,3.0,1,0.00588,0.68921,3.8371,1.8371,0.00588,-0.31079,3.34128,-0.00038,-0.00133,289.0,44.214
828,27.8319,Twilight 19:00,simulation,3.0,1,0.00588,0.71141,3.83707,1.83707,0.00588,-0.28859,3.33829,-0.00038,-0.0013,289.0,44.204
829,27.8655,Twilight 19:00,simulation,3.0,1,0.00588,0.73361,3.83703,1.83703,0.00588,-0.26639,3.33536,-0.00037,-0.00127,289.0,44.203
830,27.8992,Twilight 19:00,simulation,3.0,1,0.00588,0.75581,3.837,1.837,0.00588,-0.24419,3.3325,-0.00037,-0.00124,289.0,44.205
831,27.9328,Twilight 19:00,simulation,3.0,1,0.00588,0.75581,3.837,1.837,0.00588,-0.24419,3.3325,-0.00037,-0.00124,289.0,44.205
832,27.9664,Twilight 19:00,simulation,3.0,1,0.00588,0.77802,3.83696,1.83696,0.00588,-0.22198,3.3297,-0.00037,-0.00121,289.0,44.209
833,28.0,Twilight 19:00,simulation,3.0,1,0.00588,0.79506,3.83759,1.83759,0.00588,-0.20494,3.45171,-0.00058,-0.00156,272.0,44.206
834,28.0336,Twilight 19:00,simulation,3.0,1,0.00588,0.81726,3.83755,1.83755,0.00588,-0.18274,3.44824,-0.00058,-0.00153,272.0,44.206
835,28.0672,Twilight 19:00,simulation,3.0,1,0.00588,0.83352,3.83688,1.83688,0.00588,-0.16648,3.32297,-0.00036,-0.00114,289.0,44.2
836,28.1008,Twilight 19:00,simulation,3.0,1,0.00588,0.83352,3.83688,1.83688,0.00588,-0.16648,3.32297,-0.00036,-0.00114,289.0,44.2
837,28.1345,Twilight 19:00,simulation,3.0,1,0.00588,0.85573,3.83685,1.83685,0.00588,-0.14427,3.32039,-0.00036,-0.00111,289.0,44.186
838,28.1681,Twilight 19:00,simulation,3.0,1,0.00588,0.87793,3.83682,1.83682,0.00588,-0.12207,3.31786,-0.00035,-0.00109,289.0,44.184
839,28.2017,Twilight 19:00,simulation,3.0,1,0.00588,0.90013,3.83679,1.83679,0.00588,-0.09987,3.31538,-0.00035,-0.00106,289.0,44.183
840,28.2353,Twilight 19:00,simulation,3.0,1,0.00588,0.92233,3.83676,1.83676,0.00588,-0.07767,3.31296,-0.00035,-0.00104,289.0,44.185
841,28.2689,Twilight 19:00,simulation,3.0,1,0.00588,0.92233,3.83676,1.83676,0.00588,-0.07767,3.31296,-0.00035,-0.00104,289.0,44.185
842,28.3025,Twilight 19:00,simulation,3.0,1,0.00588,0.94453,3.83673,1.83673,0.00588,-0.05547,3.31059,-0.00034,-0.00102,289.0,44.19
843,28.3361,Twilight 19:00,simulation,3.0,1,0.00588,0.96158,3.83734,1.83734,0.00588,-0.03842,3.42701,-0.00056,-0.00137,272.0,44.192
844,28.3697,Twilight 19:00,simulation,3.0,1,0.00588,0.98379,3.83731,1.83731,0.00588,-0.01621,3.42394,-0.00056,-0.00134,272.0,44.196
845,28.4034,Twilight 19:00,simulation,3.0,1,0.00588,0.98379,3.83731,1.83731,0.00588,-0.01621,3.42394,-0.00056,-0.00134,272.0,44.196
846,28.437,Twilight 19:00,simulation,3.0,1,0.00588,1.00004,3.83666,1.83666,0.00588,4e-05,3.3049,-0.00034,-0.00096,289.0,44.187
847,28.4706,Twilight 19:00,simulation,3.0,1,0.00588,1.02224,3.83664,1.83664,0.00588,0.02224,3.30271,-0.00033,-0.00094,289.0,44.179
848,28.5042,Twilight 19:00,simulation,3.0,1,0.00588,1.04444,3.83661,1.83661,0.00588,0.04444,3.30056,-0.00033,-0.00092,289.0,44.178
849,28.5378,Twilight 19:00,simulation,3.0,1,0.00588,1.04444,3.83661,1.83661,0.00588,0.04444,3.30056,-0.00033,-0.00092,289.0,44.178
850,28.5714,Twilight 19:00,simulation,3.0,1,0.00588,1.06664,3.83659,1.83659,0.00588,0.06664,3.29847,-0.00033,-0.0009,289.0,44.176
851,28.605,Twilight 19:00,simulation,3.0,1,0.00588,1.08885,3.83657,1.83657,0.00588,0.08885,3.29641,-0.00032,-0.00088,289.0,44.18
852,28.6387,Twilight 19:00,simulation,3.0,1,0.00588,1.11105,3.83654,1.83654,0.00588,0.11105,3.2944,-0.00032,-0.00086,289.0,44.188
853,28.6723,Twilight 19:00,simulation,3.0,1,0.00588,1.12811,3.83712,1.83712,0.00588,0.12811,3.40509,-0.00053,-0.0012,272.0,44.197
854,28.7059,Twilight 19:00,simulation,3.0,1,0.00588,1.12811,3.83712,1.83712,0.00588,0.12811,3.40509,-0.00053,-0.0012,272.0,44.197
855,28.7395,Twilight 19:00,simulation,3.0,1,0.00588,1.16655,3.83649,1.83649,0.00588,0.16655,3.28956,-0.00031,-0.00081,289.0,44.193
856,28.7731,Twilight 19:00,simulation,3.0,1,0.00588,1.18361,3.83705,1.83705,0.00588,0.18361,3.39834,-0.00052,-0.00115,272.0,44.197
857,28.8067,Twilight 19:00,simulation,3.0,1,0.00588,1.18361,3.83705,1.83705,0.00588,0.18361,3.39834,-0.00052,-0.00115,272.0,44.197
858,28.8403,Twilight 19:00,simulation,3.0,1,0.00588,1.18876,3.83647,1.83647,0.00588,0.18876,3.2877,-0.00031,-0.00079,289.0,44.19
859,28.8739,Twilight 19:00,simulation,3.0,1,0.00588,1.19986,3.83646,1.83646,0.00588,0.19986,3.28678,-0.00031,-0.00078,289.0,44.188
860,28.9076,Twilight 19:00,simulation,3.0,1,0.00588,1.19986,3.83646,1.83646,0.00588,0.19986,3.28678,-0.00031,-0.00078,289.0,44.193
861,28.9412,Twilight 19:00,simulation,3.0,1,0.00588,1.21096,3.83645,1.83645,0.00588,0.21096,3.28588,-0.00031,-0.00078,289.0,44.193
862,28.9748,Twilight 19:00,simulation,3.0,1,0.00588,1.21587,3.83553,1.83553,0.00588,0.21587,3.14364,-0.0,-2e-05,306.0,44.191
863,29.0084,Twilight 19:00,simulation,3.0,1,0.00588,1.21587,3.83553,1.83553,0.00588,0.21587,3.14364,-0.0,-2e-05,306.0,44.191
864,29.042,Twilight 19:00,simulation,3.0,1,0.00588,1.22206,3.83644,1.83644,0.00588,0.22206,3.28498,-0.00031,-0.00077,289.0,44.193
865,29.0756,Twilight 19:00,simulation,3.0,1,0.00588,1.23316,3.83643,1.83643,0.00588,0.23316,3.28409,-0.00031,-0.00076,289.0,44.19
866,29.1092,Twilight 19:00,simulation,3.0,1,0.00588,1.23316,3.83643,1.83643,0.00588,0.23316,3.28409,-0.00031,-0.00076,289.0,44.19
867,29.1429,Twilight 19:00,simulation,3.0,1,0.00588,1.23808,3.83553,1.83553,0.00588,0.23808,3.14361,-0.0,-1e-05,306.0,44.186
868,29.1765,Twilight 19:00,simulation,3.0,1,-0.0,1.18045,3.62338,1.62338,-0.0,0.18045,3.28267,-0.0,-0.0,324.0,44.184
869,29.2101,Twilight 19:00,simulation,3.0,1,-0.0,1.18045,3.62338,1.62338,-0.0,0.18045,3.28267,-0.0,-0.0,324.0,44.182
870,29.2437,Twilight 19:00,simulation,3.0,1,0.0,1.19093,3.62337,1.62337,0.0,0.19093,3.28181,0.0,0.0,324.0,44.181
871,29.2773,Twilight 19:00,simulation,3.0,1,0.0,1.19093,3.62337,1.62337,0.0,0.19093,3.28181,0.0,0.0,324.0,44.181
872,29.3109,Twilight 19:00,simulation,3.0,1,0.0,1.20142,3.62336,1.62336,0.0,0.20142,3.28095,0.0,0.0,324.0,44.177
873,29.3445,Twilight 19:00,simulation,3.0,1,0.0,1.20142,3.62336,1.62336,0.0,0.20142,3.28095,0.0,0.0,324.0,44.178
874,29.3782,Twilight 19:00,simulation,3.0,1,0.00526,1.1486,3.43331,1.43331,0.00526,0.1486,3.37625,-0.00049,-0.00104,342.0,44.179
875,29.4118,Twilight 19:00,simulation,3.0,1,0.00526,1.15854,3.43329,1.43329,0.00526,0.15854,3.37506,-0.00049,-0.00103,342.0,44.178
876,29.4454,Twilight 19:00,simulation,3.0,1,0.00526,1.15854,3.43329,1.43329,0.00526,0.15854,3.37506,-0.00049,-0.00103,342.0,44.178
877,29.479,Twilight 19:00,simulation,3.0,1,0.00526,1.16309,3.43273,1.43273,0.00526,0.16309,3.27875,-0.0003,-0.00071,361.0,44.176
878,29.5126,Twilight 19:00,simulation,3.0,1,0.00526,1.17302,3.43272,1.43272,0.00526,0.17302,3.27792,-0.0003,-0.0007,361.0,44.175
879,29.5462,Twilight 19:00,simulation,3.0,1,0.00514,1.17454,3.42954,1.42954,0.00514,0.17454,3.32859,0.00876,-0.07162,351.5,44.172
880,29.5798,Twilight 19:00,simulation,3.0,1,0.00526,1.18295,3.43271,1.43271,0.00526,0.18295,3.27711,-0.00029,-0.0007,361.0,44.167
881,29.6134,Twilight 19:00,simulation,3.0,1,0.00526,1.18295,3.43271,1.43271,0.00526,0.18295,3.27711,-0.00029,-0.0007,361.0,44.167
882,29.6471,Twilight 19:00,simulation,3.0,1,0.00526,1.19288,3.4327,1.4327,0.00526,0.19288,3.2763,-0.00029,-0.00069,361.0,44.164
883,29.6807,Twilight 19:00,simulation,3.0,1,0.00526,1.19826,3.43324,1.43324,0.00526,0.19826,3.37038,-0.00048,-0.00099,342.0,44.168
884,29.7143,Twilight 19:00,simulation,3.0,1,0.00526,1.19826,3.43324,1.43324,0.00526,0.19826,3.37038,-0.00048,-0.00099,342.0,44.168
885,29.7479,Twilight 19:00,simulation,3.0,0,0.0,0.0,0.0,0.0,0.0,0.0,0.0,0.0,0.0,0.0,44.164
886,29.7815,Twilight 19:00,simulation,3.0,0,0.0,0.0,0.0,0.0,0.0,0.0,0.0,0.0,0.0,0.0,44.17
887,29.8151,Twilight 19:00,simulation,3.0,0,0.0,0.0,0.0,0.0,0.0,0.0,0.0,0.0,0.0,0.0,44.171
888,29.8487,Twilight 19:00,simulation,3.0,0,0.0,0.0,0.0,0.0,0.0,0.0,0.0,0.0,0.0,0.0,44.164
889,29.8824,Twilight 19:00,simulation,3.0,0,0.0,0.0,0.0,0.0,0.0,0.0,0.0,0.0,0.0,0.0,44.164
890,29.916,Twilight 19:00,simulation,3.0,0,0.0,0.0,0.0,0.0,0.0,0.0,0.0,0.0,0.0,0.0,44.164
891,29.9496,Twilight 19:00,simulation,3.0,0,0.0,0.0,0.0,0.0,0.0,0.0,0.0,0.0,0.0,0.0,44.17
892,29.9832,Twilight 19:00,simulation,3.0,0,0.0,0.0,0.0,0.0,0.0,0.0,0.0,0.0,0.0,0.0,44.17
893,30.0168,Twilight 19:00,simulation,3.0,0,0.0,0.0,0.0,0.0,0.0,0.0,0.0,0.0,0.0,0.0,44.174
894,30.0504,Twilight 19:00,simulation,3.0,0,0.0,0.0,0.0,0.0,0.0,0.0,0.0,0.0,0.0,0.0,44.168
895,30.084,Twilight 19:00,simulation,3.0,0,0.0,0.0,0.0,0.0,0.0,0.0,0.0,0.0,0.0,0.0,44.163
896,30.1176,Twilight 19:00,simulation,3.0,0,0.0,0.0,0.0,0.0,0.0,0.0,0.0,0.0,0.0,0.0,44.163
897,30.1513,Twilight 19:00,simulation,3.0,0,0.0,0.0,0.0,0.0,0.0,0.0,0.0,0.0,0.0,0.0,44.173
898,30.1849,Twilight 19:00,simulation,3.0,0,0.0,0.0,0.0,0.0,0.0,0.0,0.0,0.0,0.0,0.0,44.173
899,30.2185,Twilight 19:00,simulation,3.0,0,0.0,0.0,0.0,0.0,0.0,0.0,0.0,0.0,0.0,0.0,44.176
900,30.2521,Twilight 19:00,simulation,3.0,0,0.0,0.0,0.0,0.0,0.0,0.0,0.0,0.0,0.0,0.0,44.174
901,30.2857,Twilight 19:00,simulation,3.0,0,0.0,0.0,0.0,0.0,0.0,0.0,0.0,0.0,0.0,0.0,44.174
902,30.3193,Twilight 19:00,simulation,3.0,0,0.0,0.0,0.0,0.0,0.0,0.0,0.0,0.0,0.0,0.0,44.169
903,30.3529,Twilight 19:00,simulation,3.0,0,0.0,0.0,0.0,0.0,0.0,0.0,0.0,0.0,0.0,0.0,44.171
904,30.3866,Twilight 19:00,simulation,3.0,0,0.0,0.0,0.0,0.0,0.0,0.0,0.0,0.0,0.0,0.0,44.177
905,30.4202,Twilight 19:00,simulation,3.0,0,0.0,0.0,0.0,0.0,0.0,0.0,0.0,0.0,0.0,0.0,44.177
906,30.4538,Twilight 19:00,simulation,3.0,0,0.0,0.0,0.0,0.0,0.0,0.0,0.0,0.0,0.0,0.0,44.176
907,30.4874,Twilight 19:00,simulation,3.0,0,0.0,0.0,0.0,0.0,0.0,0.0,0.0,0.0,0.0,0.0,44.176
908,30.521,Twilight 19:00,simulation,3.0,0,0.0,0.0,0.0,0.0,0.0,0.0,0.0,0.0,0.0,0.0,44.176
909,30.5546,Twilight 19:00,simulation,3.0,0,0.0,0.0,0.0,0.0,0.0,0.0,0.0,0.0,0.0,0.0,44.175
910,30.5882,Twilight 19:00,simulation,3.0,0,0.0,0.0,0.0,0.0,0.0,0.0,0.0,0.0,0.0,0.0,44.174
911,30.6218,Twilight 19:00,simulation,3.0,0,0.0,0.0,0.0,0.0,0.0,0.0,0.0,0.0,0.0,0.0,44.174
912,30.6555,Twilight 19:00,simulation,3.0,0,0.0,0.0,0.0,0.0,0.0,0.0,0.0,0.0,0.0,0.0,44.184
913,30.6891,Twilight 19:00,simulation,3.0,0,0.0,0.0,0.0,0.0,0.0,0.0,0.0,0.0,0.0,0.0,44.184
914,30.7227,Twilight 19:00,simulation,3.0,0,0.0,0.0,0.0,0.0,0.0,0.0,0.0,0.0,0.0,0.0,44.185
915,30.7563,Twilight 19:00,simulation,3.0,0,0.0,0.0,0.0,0.0,0.0,0.0,0.0,0.0,0.0,0.0,44.185
916,30.7899,Twilight 19:00,simulation,3.0,0,0.0,0.0,0.0,0.0,0.0,0.0,0.0,0.0,0.0,0.0,44.178
917,30.8235,Twilight 19:00,simulation,3.0,0,0.0,0.0,0.0,0.0,0.0,0.0,0.0,0.0,0.0,0.0,44.173
918,30.8571,Twilight 19:00,simulation,3.0,0,0.0,0.0,0.0,0.0,0.0,0.0,0.0,0.0,0.0,0.0,44.172
919,30.8908,Twilight 19:00,simulation,3.0,0,0.0,0.0,0.0,0.0,0.0,0.0,0.0,0.0,0.0,0.0,44.172
920,30.9244,Twilight 19:00,simulation,3.0,0,0.0,0.0,0.0,0.0,0.0,0.0,0.0,0.0,0.0,0.0,44.172
921,30.958,Twilight 19:00,simulation,3.0,0,0.0,0.0,0.0,0.0,0.0,0.0,0.0,0.0,0.0,0.0,44.172
922,30.9916,Twilight 19:00,simulation,3.0,0,0.0,0.0,0.0,0.0,0.0,0.0,0.0,0.0,0.0,0.0,44.172
923,31.0252,Twilight 19:00,simulation,3.0,0,0.0,0.0,0.0,0.0,0.0,0.0,0.0,0.0,0.0,0.0,44.172
924,31.0588,Twilight 19:00,simulation,3.0,0,0.0,0.0,0.0,0.0,0.0,0.0,0.0,0.0,0.0,0.0,44.172
925,31.0924,Twilight 19:00,simulation,3.0,0,0.0,0.0,0.0,0.0,0.0,0.0,0.0,0.0,0.0,0.0,44.172
926,31.1261,Twilight 19:00,simulation,3.0,0,0.0,0.0,0.0,0.0,0.0,0.0,0.0,0.0,0.0,0.0,44.172
927,31.1597,Twilight 19:00,simulation,3.0,0,0.0,0.0,0.0,0.0,0.0,0.0,0.0,0.0,0.0,0.0,44.172
928,31.1933,Twilight 19:00,simulation,3.0,0,0.0,0.0,0.0,0.0,0.0,0.0,0.0,0.0,0.0,0.0,44.172
929,31.2269,Twilight 19:00,simulation,3.0,0,0.0,0.0,0.0,0.0,0.0,0.0,0.0,0.0,0.0,0.0,44.172
930,31.2605,Twilight 19:00,simulation,3.0,0,0.0,0.0,0.0,0.0,0.0,0.0,0.0,0.0,0.0,0.0,44.172
931,31.2941,Twilight 19:00,simulation,3.0,0,0.0,0.0,0.0,0.0,0.0,0.0,0.0,0.0,0.0,0.0,44.172
932,31.3277,Twilight 19:00,simulation,3.0,0,0.0,0.0,0.0,0.0,0.0,0.0,0.0,0.0,0.0,0.0,44.172
933,31.3613,Twilight 19:00,simulation,3.0,0,0.0,0.0,0.0,0.0,0.0,0.0,0.0,0.0,0.0,0.0,44.172
934,31.395,Twilight 19:00,simulation,3.0,0,0.0,0.0,0.0,0.0,0.0,0.0,0.0,0.0,0.0,0.0,44.172
935,31.4286,Twilight 19:00,simulation,3.0,0,0.0,0.0,0.0,0.0,0.0,0.0,0.0,0.0,0.0,0.0,44.172
936,31.4622,Twilight 19:00,simulation,3.0,0,0.0,0.0,0.0,0.0,0.0,0.0,0.0,0.0,0.0,0.0,44.172
937,31.4958,Twilight 19:00,simulation,3.0,0,0.0,0.0,0.0,0.0,0.0,0.0,0.0,0.0,0.0,0.0,44.172
938,31.5294,Twilight 19:00,simulation,3.0,0,0.0,0.0,0.0,0.0,0.0,0.0,0.0,0.0,0.0,0.0,44.172
939,31.563,Twilight 19:00,simulation,3.0,0,0.0,0.0,0.0,0.0,0.0,0.0,0.0,0.0,0.0,0.0,44.172
940,31.5966,Twilight 19:00,simulation,3.0,0,0.0,0.0,0.0,0.0,0.0,0.0,0.0,0.0,0.0,0.0,44.172
941,31.6303,Twilight 19:00,simulation,3.0,0,0.0,0.0,0.0,0.0,0.0,0.0,0.0,0.0,0.0,0.0,44.172
942,31.6639,Twilight 19:00,simulation,3.0,0,0.0,0.0,0.0,0.0,0.0,0.0,0.0,0.0,0.0,0.0,44.172
943,31.6975,Twilight 19:00,simulation,3.0,0,0.0,0.0,0.0,0.0,0.0,0.0,0.0,0.0,0.0,0.0,44.172
944,31.7311,Twilight 19:00,simulation,3.0,0,0.0,0.0,0.0,0.0,0.0,0.0,0.0,0.0,0.0,0.0,44.172
945,31.7647,Twilight 19:00,simulation,3.0,0,0.0,0.0,0.0,0.0,0.0,0.0,0.0,0.0,0.0,0.0,44.172
946,31.7983,Twilight 19:00,simulation,3.0,0,0.0,0.0,0.0,0.0,0.0,0.0,0.0,0.0,0.0,0.0,44.172
947,31.8319,Twilight 19:00,simulation,3.0,0,0.0,0.0,0.0,0.0,0.0,0.0,0.0,0.0,0.0,0.0,44.172
948,31.8655,Twilight 19:00,simulation,3.0,0,0.0,0.0,0.0,0.0,0.0,0.0,0.0,0.0,0.0,0.0,44.172
949,31.8992,Twilight 19:00,simulation,3.0,0,0.0,0.0,0.0,0.0,0.0,0.0,0.0,0.0,0.0,0.0,44.172
950,31.9328,Twilight 19:00,simulation,3.0,0,0.0,0.0,0.0,0.0,0.0,0.0,0.0,0.0,0.0,0.0,44.172
951,31.9664,Twilight 19:00,simulation,3.0,0,0.0,0.0,0.0,0.0,0.0,0.0,0.0,0.0,0.0,0.0,44.172
952,32.0,Twilight 19:00,simulation,3.0,0,0.0,0.0,0.0,0.0,0.0,0.0,0.0,0.0,0.0,0.0,44.172
953,32.0336,Twilight 19:00,simulation,3.0,0,0.0,0.0,0.0,0.0,0.0,0.0,0.0,0.0,0.0,0.0,44.172
954,32.0672,Twilight 19:00,simulation,3.0,0,0.0,0.0,0.0,0.0,0.0,0.0,0.0,0.0,0.0,0.0,44.172
955,32.1008,Twilight 19:00,simulation,3.0,0,0.0,0.0,0.0,0.0,0.0,0.0,0.0,0.0,0.0,0.0,44.172
956,32.1345,Twilight 19:00,simulation,3.0,0,0.0,0.0,0.0,0.0,0.0,0.0,0.0,0.0,0.0,0.0,44.172
957,32.1681,Twilight 19:00,simulation,3.0,0,0.0,0.0,0.0,0.0,0.0,0.0,0.0,0.0,0.0,0.0,44.172
958,32.2017,Twilight 19:00,simulation,3.0,0,0.0,0.0,0.0,0.0,0.0,0.0,0.0,0.0,0.0,0.0,44.172
959,32.2353,Twilight 19:00,simulation,3.0,0,0.0,0.0,0.0,0.0,0.0,0.0,0.0,0.0,0.0,0.0,44.172
960,32.2689,Twilight 19:00,simulation,3.0,0,0.0,0.0,0.0,0.0,0.0,0.0,0.0,0.0,0.0,0.0,44.172
961,32.3025,Twilight 19:00,simulation,3.0,0,0.0,0.0,0.0,0.0,0.0,0.0,0.0,0.0,0.0,0.0,44.172
962,32.3361,Twilight 19:00,simulation,3.0,0,0.0,0.0,0.0,0.0,0.0,0.0,0.0,0.0,0.0,0.0,44.172
963,32.3697,Twilight 19:00,simulation,3.0,0,0.0,0.0,0.0,0.0,0.0,0.0,0.0,0.0,0.0,0.0,44.172
964,32.4034,Twilight 19:00,simulation,3.0,0,0.0,0.0,0.0,0.0,0.0,0.0,0.0,0.0,0.0,0.0,44.172
965,32.437,Twilight 19:00,simulation,3.0,0,0.0,0.0,0.0,0.0,0.0,0.0,0.0,0.0,0.0,0.0,44.172
966,32.4706,Twilight 19:00,simulation,3.0,0,0.0,0.0,0.0,0.0,0.0,0.0,0.0,0.0,0.0,0.0,44.172
967,32.5042,Twilight 19:00,simulation,3.0,0,0.0,0.0,0.0,0.0,0.0,0.0,0.0,0.0,0.0,0.0,44.172
968,32.5378,Twilight 19:00,simulation,3.0,0,0.0,0.0,0.0,0.0,0.0,0.0,0.0,0.0,0.0,0.0,44.172
