frame,time_s,scenario,target_lux,detected,est_x,est_y,est_z,err_x,err_y,err_z,rot_x,rot_y,rot_z,marker_area_px,frame_brightness
0,0.0,Twilight 19:00,3.0,1,-0.02401,0.02356,2.56071,0.56071,-0.02401,-0.97644,3.51518,0.00319,0.01593,625.0,44.792
1,0.0337,Twilight 19:00,3.0,1,-0.02401,0.02356,2.56071,0.56071,-0.02401,-0.97644,3.51518,0.00319,0.01593,625.0,44.792
2,0.0674,Twilight 19:00,3.0,1,-0.02401,0.02356,2.56071,0.56071,-0.02401,-0.97644,3.51518,0.00319,0.01593,625.0,44.792
3,0.1011,Twilight 19:00,3.0,1,-0.02401,0.02356,2.56071,0.56071,-0.02401,-0.97644,3.51518,0.00319,0.01593,625.0,44.792
4,0.1348,Twilight 19:00,3.0,1,-0.02401,0.02356,2.56071,0.56071,-0.02401,-0.97644,3.51518,0.00319,0.01593,625.0,44.792
5,0.1685,Twilight 19:00,3.0,1,-0.02401,0.02356,2.56071,0.56071,-0.02401,-0.97644,3.51518,0.00319,0.01593,625.0,44.792
6,0.2022,Twilight 19:00,3.0,1,-0.02401,0.02356,2.56071,0.56071,-0.02401,-0.97644,3.51518,0.00319,0.01593,625.0,44.792
7,0.236,Twilight 19:00,3.0,1,-0.02401,0.02356,2.56071,0.56071,-0.02401,-0.97644,3.51518,0.00319,0.01593,625.0,44.792
8,0.2697,Twilight 19:00,3.0,1,-0.02401,0.02356,2.56071,0.56071,-0.02401,-0.97644,3.51518,0.00319,0.01593,625.0,44.792
9,0.3034,Twilight 19:00,3.0,1,-0.02401,0.02356,2.56071,0.56071,-0.02401,-0.97644,3.51518,0.00319,0.01593,625.0,44.792
10,0.3371,Twilight 19:00,3.0,1,-0.02401,0.02356,2.56071,0.56071,-0.02401,-0.97644,3.51518,0.00319,0.01593,625.0,44.792
11,0.3708,Twilight 19:00,3.0,1,-0.02401,0.02356,2.56071,0.56071,-0.02401,-0.97644,3.51518,0.00319,0.01593,625.0,44.792
12,0.4045,Twilight 19:00,3.0,1,-0.02401,0.02356,2.56071,0.56071,-0.02401,-0.97644,3.51518,0.00319,0.01593,625.0,44.792
13,0.4382,Twilight 19:00,3.0,1,-0.02401,0.02356,2.56071,0.56071,-0.02401,-0.97644,3.51518,0.00319,0.01593,625.0,44.792
14,0.4719,Twilight 19:00,3.0,1,-0.02401,0.02356,2.56071,0.56071,-0.02401,-0.97644,3.51518,0.00319,0.01593,625.0,44.792
15,0.5056,Twilight 19:00,3.0,1,-0.02401,0.02356,2.56071,0.56071,-0.02401,-0.97644,3.51518,0.00319,0.01593,625.0,44.792
16,0.5393,Twilight 19:00,3.0,1,-0.02401,0.02356,2.56071,0.56071,-0.02401,-0.97644,3.51518,0.00319,0.01593,625.0,44.792
17,0.573,Twilight 19:00,3.0,1,-0.02401,0.02356,2.56071,0.56071,-0.02401,-0.97644,3.51518,0.00319,0.01593,625.0,44.792
18,0.6067,Twilight 19:00,3.0,1,-0.02401,0.02356,2.56071,0.56071,-0.02401,-0.97644,3.51518,0.00319,0.01593,625.0,44.792
19,0.6404,Twilight 19:00,3.0,1,-0.02401,0.02356,2.56071,0.56071,-0.02401,-0.97644,3.51518,0.00319,0.01593,625.0,44.792
20,0.6742,Twilight 19:00,3.0,1,-0.02401,0.02356,2.56071,0.56071,-0.02401,-0.97644,3.51518,0.00319,0.01593,625.0,44.792
21,0.7079,Twilight 19:00,3.0,1,-0.02401,0.02356,2.56071,0.56071,-0.02401,-0.97644,3.51518,0.00319,0.01593,625.0,44.792
22,0.7416,Twilight 19:00,3.0,1,-0.02401,0.02356,2.56071,0.56071,-0.02401,-0.97644,3.51518,0.00319,0.01593,625.0,44.792
23,0.7753,Twilight 19:00,3.0,1,-0.02401,0.02356,2.56071,0.56071,-0.02401,-0.97644,3.51518,0.00319,0.01593,625.0,44.792
24,0.809,Twilight 19:00,3.0,1,-0.02401,0.02356,2.56071,0.56071,-0.02401,-0.97644,3.51518,0.00319,0.01593,625.0,44.792
25,0.8427,Twilight 19:00,3.0,1,-0.02401,0.02356,2.56071,0.56071,-0.02401,-0.97644,3.51518,0.00319,0.01593,625.0,44.792
26,0.8764,Twilight 19:00,3.0,1,-0.02401,0.02356,2.56071,0.56071,-0.02401,-0.97644,3.51518,0.00319,0.01593,625.0,44.792
27,0.9101,Twilight 19:00,3.0,1,-0.02401,0.02356,2.56071,0.56071,-0.02401,-0.97644,3.51518,0.00319,0.01593,625.0,44.792
28,0.9438,Twilight 19:00,3.0,1,-0.02401,0.02356,2.56071,0.56071,-0.02401,-0.97644,3.51518,0.00319,0.01593,625.0,44.792
29,0.9775,Twilight 19:00,3.0,1,-0.02401,0.02356,2.56071,0.56071,-0.02401,-0.97644,3.51518,0.00319,0.01593,625.0,44.792
30,1.0112,Twilight 19:00,3.0,1,-0.02401,0.02356,2.56071,0.56071,-0.02401,-0.97644,3.51518,0.00319,0.01593,625.0,44.792
31,1.0449,Twilight 19:00,3.0,1,-0.02401,0.02356,2.56071,0.56071,-0.02401,-0.97644,3.51518,0.00319,0.01593,625.0,44.792
32,1.0787,Twilight 19:00,3.0,1,-0.02401,0.02356,2.56071,0.56071,-0.02401,-0.97644,3.51518,0.00319,0.01593,625.0,44.792
33,1.1124,Twilight 19:00,3.0,1,-0.02401,0.02356,2.56071,0.56071,-0.02401,-0.97644,3.51518,0.00319,0.01593,625.0,44.792
34,1.1461,Twilight 19:00,3.0,1,-0.03202,0.02356,2.5608,0.5608,-0.03202,-0.97644,3.51507,0.00425,0.02124,625.0,44.818
35,1.1798,Twilight 19:00,3.0,1,-0.04585,0.02407,2.66672,0.66672,-0.04585,-0.97593,3.39391,0.00382,0.02733,600.0,44.829
36,1.2135,Twilight 19:00,3.0,1,-0.05604,0.02357,2.56121,0.56121,-0.05604,-0.97643,3.51452,0.00743,0.03715,625.0,44.793
37,1.2472,Twilight 19:00,3.0,1,-0.07087,0.02407,2.66726,0.66726,-0.07087,-0.97593,3.39298,0.00588,0.0422,600.0,44.831
38,1.2809,Twilight 19:00,3.0,1,-0.08007,0.02357,2.56184,0.56184,-0.08007,-0.97643,3.51368,0.01059,0.05305,625.0,44.82
39,1.3146,Twilight 19:00,3.0,1,-0.09611,0.02357,2.56238,0.56238,-0.09611,-0.97643,3.51295,0.01269,0.06364,625.0,44.81
40,1.3483,Twilight 19:00,3.0,1,-0.11262,0.02407,2.66868,0.66868,-0.11262,-0.97593,3.39055,0.00926,0.06691,600.0,44.839
41,1.382,Twilight 19:00,3.0,1,-0.12018,0.02358,2.56339,0.56339,-0.12018,-0.97642,3.5116,0.01581,0.07949,625.0,44.801
42,1.4157,Twilight 19:00,3.0,1,-0.13771,0.02408,2.66984,0.66984,-0.13771,-0.97592,3.38855,0.01124,0.08165,600.0,44.825
43,1.4494,Twilight 19:00,3.0,1,-0.15446,0.02408,2.67075,0.67075,-0.15446,-0.97592,3.38699,0.01253,0.09145,600.0,44.828
44,1.4831,Twilight 19:00,3.0,1,-0.16038,0.02359,2.56556,0.56556,-0.16038,-0.97641,3.50869,0.02094,0.10582,625.0,44.799
45,1.5169,Twilight 19:00,3.0,1,-0.17961,0.02409,2.6723,0.6723,-0.17961,-0.97591,3.3843,0.01441,0.10606,600.0,44.832
46,1.5506,Twilight 19:00,3.0,1,-0.18455,0.0236,2.56716,0.56716,-0.18455,-0.9764,3.50655,0.02395,0.12155,625.0,44.812
47,1.5843,Twilight 19:00,3.0,1,-0.20069,0.0236,2.56835,0.56835,-0.20069,-0.9764,3.50495,0.02594,0.13201,625.0,44.814
48,1.618,Twilight 19:00,3.0,1,-0.22163,0.0241,2.67539,0.67539,-0.22163,-0.9759,3.37889,0.01741,0.13019,600.0,44.827
49,1.6517,Twilight 19:00,3.0,1,-0.22495,0.02361,2.57031,0.57031,-0.22495,-0.97639,3.5023,0.02886,0.14764,625.0,44.798
50,1.6854,Twilight 19:00,3.0,1,-0.24693,0.0241,2.67755,0.67755,-0.24693,-0.9759,3.37506,0.01909,0.1445,600.0,44.83
51,1.7191,Twilight 19:00,3.0,1,-0.24926,0.02362,2.5725,0.5725,-0.24926,-0.97638,3.49934,0.03172,0.16319,625.0,44.826
52,1.7528,Twilight 19:00,3.0,1,-0.26551,0.02363,2.57408,0.57408,-0.26551,-0.97637,3.4972,0.03359,0.17351,625.0,44.805
53,1.7865,Twilight 19:00,3.0,1,-0.28922,0.02412,2.68166,0.68166,-0.28922,-0.97588,3.36769,0.02169,0.168,600.0,44.831
54,1.8202,Twilight 19:00,3.0,1,-0.28993,0.02364,2.57664,0.57664,-0.28993,-0.97636,3.49373,0.03633,0.18893,625.0,44.803
55,1.8539,Twilight 19:00,3.0,1,-0.3147,0.02412,2.68444,0.68444,-0.3147,-0.97588,3.36265,0.0231,0.18186,600.0,44.816
56,1.8876,Twilight 19:00,3.0,1,-0.33173,0.02413,2.68641,0.68641,-0.33173,-0.97587,3.35902,0.02397,0.19097,600.0,44.825
57,1.9213,Twilight 19:00,3.0,1,-0.33081,0.02366,2.58138,0.58138,-0.33081,-0.97634,3.48726,0.04071,0.2144,625.0,44.794
58,1.9551,Twilight 19:00,3.0,1,-0.35734,0.02414,2.68956,0.68956,-0.35734,-0.97586,3.35315,0.02517,0.20445,600.0,44.824
59,1.9888,Twilight 19:00,3.0,1,-0.35545,0.02368,2.58452,0.58452,-0.35545,-0.97632,3.48296,0.04321,0.22954,625.0,44.806
60,2.0225,Twilight 19:00,3.0,1,-0.37192,0.02369,2.58674,0.58674,-0.37192,-0.97631,3.47992,0.04482,0.23957,625.0,44.803
61,2.0562,Twilight 19:00,3.0,1,-0.40024,0.02415,2.69531,0.69531,-0.40024,-0.97585,3.3422,0.02682,0.22627,600.0,44.823
62,2.0899,Twilight 19:00,3.0,1,-0.39672,0.02371,2.59024,0.59024,-0.39672,-0.97629,3.47509,0.04715,0.2545,625.0,44.797
63,2.1236,Twilight 19:00,3.0,1,-0.44674,0.02425,2.72033,0.72033,-0.44674,-0.97575,3.31677,0.02364,0.14902,600.0,44.815
64,2.1573,Twilight 19:00,3.0,1,-0.44674,0.02425,2.72033,0.72033,-0.44674,-0.97575,3.31677,0.02364,0.14902,600.0,44.815
65,2.191,Twilight 19:00,3.0,1,-0.43827,0.02374,2.59655,0.59655,-0.43827,-0.97626,3.46631,0.05077,0.27908,625.0,44.794
66,2.2247,Twilight 19:00,3.0,1,-0.4756,0.02416,2.74119,0.74119,-0.4756,-0.97584,3.2272,0.01483,0.3188,600.0,44.819
67,2.2584,Twilight 19:00,3.0,1,-0.46335,0.02376,2.60062,0.60062,-0.46335,-0.97624,3.46061,0.05277,0.29363,625.0,44.796
68,2.2921,Twilight 19:00,3.0,1,-0.49566,0.02419,2.71011,0.71011,-0.49566,-0.97581,3.31216,0.02859,0.27027,600.0,44.802
69,2.3258,Twilight 19:00,3.0,1,-0.51317,0.02419,2.71311,0.71311,-0.51317,-0.97581,3.30567,0.02856,0.27742,600.0,44.813
70,2.3596,Twilight 19:00,3.0,1,-0.5054,0.02379,2.60788,0.60788,-0.5054,-0.97621,3.45034,0.0558,0.31749,625.0,44.78
71,2.3933,Twilight 19:00,3.0,1,-0.53956,0.0242,2.71779,0.71779,-0.53956,-0.9758,3.2952,0.02828,0.28742,600.0,44.805
72,2.427,Twilight 19:00,3.0,1,-0.5308,0.02381,2.61252,0.61252,-0.5308,-0.97619,3.44372,0.05742,0.33156,625.0,44.796
73,2.4607,Twilight 19:00,3.0,1,-0.58382,0.0242,2.72603,0.72603,-0.58382,-0.9758,3.27548,0.02704,0.30151,600.0,44.805
74,2.4944,Twilight 19:00,3.0,1,-0.57343,0.02385,2.62072,0.62072,-0.57343,-0.97615,3.43188,0.05975,0.35456,625.0,44.777
75,2.5281,Twilight 19:00,3.0,1,-0.57343,0.02385,2.62072,0.62072,-0.57343,-0.97615,3.43188,0.05975,0.35456,625.0,44.777
76,2.5618,Twilight 19:00,3.0,1,-0.61057,0.0242,2.73121,0.73121,-0.61057,-0.9758,3.26192,0.0257,0.30773,600.0,44.795
77,2.5955,Twilight 19:00,3.0,1,-0.62847,0.0242,2.73475,0.73475,-0.62847,-0.9758,3.25194,0.0245,0.31051,600.0,44.796
78,2.6292,Twilight 19:00,3.0,1,-0.6416,0.02403,2.73528,0.73528,-0.6416,-0.97597,3.20065,0.01534,0.37225,625.0,44.774
79,2.6629,Twilight 19:00,3.0,1,-0.65543,0.02419,2.74013,0.74013,-0.65543,-0.97581,3.23512,0.0221,0.31184,600.0,44.799
80,2.6966,Twilight 19:00,3.0,1,-0.64251,0.02391,2.63519,0.63519,-0.64251,-0.97609,3.41089,0.06241,0.38857,625.0,44.779
81,2.7303,Twilight 19:00,3.0,1,-0.70055,0.02413,2.74884,0.74884,-0.70055,-0.97587,3.19969,0.01584,0.30266,600.0,44.791
82,2.764,Twilight 19:00,3.0,1,-0.71083,0.024,2.73865,0.73865,-0.71083,-0.976,3.18116,0.01395,0.40035,625.0,44.762
83,2.7978,Twilight 19:00,3.0,1,-0.72749,0.02408,2.75301,0.75301,-0.72749,-0.97592,3.17515,0.01091,0.29053,600.0,44.784
84,2.8315,Twilight 19:00,3.0,1,-0.72749,0.02408,2.75301,0.75301,-0.72749,-0.97592,3.17515,0.01091,0.29053,600.0,44.784
85,2.8652,Twilight 19:00,3.0,1,-0.73661,0.024,2.73882,0.73882,-0.73661,-0.976,3.1831,0.01423,0.36603,625.0,44.774
86,2.8989,Twilight 19:00,3.0,1,-0.73034,0.02399,2.65496,0.65496,-0.73034,-0.97601,3.38011,0.06365,0.43122,625.0,44.759
87,2.9326,Twilight 19:00,3.0,1,-0.77169,0.02402,2.7568,0.7568,-0.77169,-0.97598,3.15153,0.00586,0.2713,600.0,44.78
88,2.9663,Twilight 19:00,3.0,1,-0.75707,0.02402,2.66136,0.66136,-0.75707,-0.97598,3.36989,0.06347,0.44276,625.0,44.756
89,3.0,Twilight 19:00,3.0,1,-0.79796,0.02401,2.75807,0.75807,-0.79796,-0.97599,3.14639,0.00461,0.26023,600.0,44.767
90,3.0337,Twilight 19:00,3.0,1,-0.81543,0.02401,2.7587,0.7587,-0.81543,-0.97599,3.14447,0.00408,0.25289,600.0,44.772
91,3.0674,Twilight 19:00,3.0,1,-0.82305,0.02398,2.74176,0.74176,-0.82305,-0.97602,3.16393,0.01285,0.419,625.0,44.741
92,3.1011,Twilight 19:00,3.0,1,-0.84159,0.024,2.75944,0.75944,-0.84159,-0.976,3.14274,0.00352,0.24219,600.0,44.766
93,3.1348,Twilight 19:00,3.0,1,-0.86452,0.02411,2.73799,0.73799,-0.86452,-0.97589,3.197,0.02573,0.52154,625.0,44.745
94,3.1685,Twilight 19:00,3.0,1,-0.88509,0.024,2.76031,0.76031,-0.88509,-0.976,3.14134,0.00292,0.22569,600.0,44.762
95,3.2022,Twilight 19:00,3.0,1,-0.88509,0.024,2.76031,0.76031,-0.88509,-0.976,3.14134,0.00292,0.22569,600.0,44.762
96,3.236,Twilight 19:00,3.0,1,-0.91116,0.024,2.76069,0.76069,-0.91116,-0.976,3.14093,0.00268,0.21672,600.0,44.747
97,3.2697,Twilight 19:00,3.0,1,-0.91546,0.02427,2.73145,0.73145,-0.91546,-0.97573,-2.91581,-0.05738,-0.60479,612.5,44.746
98,3.3034,Twilight 19:00,3.0,1,-0.92134,0.02415,2.70376,0.70376,-0.92134,-0.97585,3.29542,0.05535,0.49835,625.0,44.729
99,3.3371,Twilight 19:00,3.0,1,-0.92134,0.02415,2.70376,0.70376,-0.92134,-0.97585,3.29542,0.05535,0.49835,625.0,44.729
100,3.3708,Twilight 19:00,3.0,1,-0.92153,0.00069,2.70445,0.70445,-0.92153,-0.99931,3.29946,0.0553,0.51973,625.0,44.712
101,3.4045,Twilight 19:00,3.0,1,-0.93669,-0.01593,2.74841,0.74841,-0.93669,-1.01593,3.09977,-0.00299,0.45962,625.0,44.713
102,3.4382,Twilight 19:00,3.0,1,-0.93669,-0.01593,2.74841,0.74841,-0.93669,-1.01593,3.09977,-0.00299,0.45962,625.0,44.713
103,3.4719,Twilight 19:00,3.0,1,-0.92161,-0.02625,2.70491,0.70491,-0.92161,-1.02625,3.44338,0.10002,0.5804,600.0,44.701
104,3.5056,Twilight 19:00,3.0,1,-0.92113,-0.03978,2.70307,0.70307,-0.92113,-1.03978,2.92211,-0.04924,0.42999,625.0,44.664
105,3.5393,Twilight 19:00,3.0,1,-0.95568,-0.06699,2.80375,0.80375,-0.95568,-1.06699,-3.10824,-0.00914,-0.48575,612.5,44.677
106,3.573,Twilight 19:00,3.0,1,-0.92036,-0.07881,2.7006,0.7006,-0.92036,-1.07881,2.9343,-0.05008,0.40336,625.0,44.674
107,3.6067,Twilight 19:00,3.0,1,-0.9211,-0.09102,2.703,0.703,-0.9211,-1.09102,2.79679,-0.08123,0.4143,600.0,44.693
108,3.6404,Twilight 19:00,3.0,1,-0.9211,-0.09102,2.703,0.703,-0.9211,-1.09102,2.79679,-0.08123,0.4143,600.0,44.693
109,3.6742,Twilight 19:00,3.0,1,-0.91976,-0.10218,2.69873,0.69873,-0.91976,-1.10218,2.94023,-0.05068,0.38818,625.0,44.673
110,3.7079,Twilight 19:00,3.0,1,-0.92083,-0.11444,2.70212,0.70212,-0.92083,-1.11444,2.80494,-0.08146,0.40443,600.0,44.696
111,3.7416,Twilight 19:00,3.0,1,-0.9186,-0.14104,2.69514,0.69514,-0.9186,-1.14104,2.9484,-0.05174,0.36434,625.0,44.683
112,3.7753,Twilight 19:00,3.0,1,-0.92026,-0.15342,2.70033,0.70033,-0.92026,-1.15342,2.81765,-0.0818,0.38815,600.0,44.708
113,3.809,Twilight 19:00,3.0,1,-0.91784,-0.1643,2.69279,0.69279,-0.91784,-1.1643,2.9525,-0.05237,0.35095,625.0,44.692
114,3.8427,Twilight 19:00,3.0,1,-0.9173,-0.17977,2.69117,0.69117,-0.9173,-1.17977,2.95498,-0.05278,0.3424,625.0,44.701
115,3.8764,Twilight 19:00,3.0,1,-0.91957,-0.19232,2.69817,0.69817,-0.91957,-1.19232,2.82933,-0.08208,0.3722,600.0,44.714
116,3.9101,Twilight 19:00,3.0,1,-0.91648,-0.20295,2.68867,0.68867,-0.91648,-1.20295,2.95839,-0.05337,0.3301,625.0,44.689
117,3.9438,Twilight 19:00,3.0,1,-0.9191,-0.21563,2.69672,0.69672,-0.9191,-1.21563,2.83588,-0.08223,0.36283,600.0,44.72
118,3.9775,Twilight 19:00,3.0,1,-0.9191,-0.21563,2.69672,0.69672,-0.9191,-1.21563,2.83588,-0.08223,0.36283,600.0,44.721
119,4.0112,Twilight 19:00,3.0,1,-0.91877,-0.23114,2.6957,0.6957,-0.91877,-1.23114,2.84007,-0.08232,0.35668,600.0,44.714
120,4.0449,Twilight 19:00,3.0,1,-0.91508,-0.24148,2.68442,0.68442,-0.91508,-1.24148,2.96341,-0.05427,0.31098,625.0,44.704
121,4.0787,Twilight 19:00,3.0,1,-0.91825,-0.25439,2.6941,0.6941,-0.91825,-1.25439,2.8461,-0.08243,0.34761,600.0,44.732
122,4.1124,Twilight 19:00,3.0,1,-0.9177,-0.2776,2.69242,0.69242,-0.9177,-1.2776,2.85184,-0.08252,0.33873,600.0,44.726
123,4.1461,Twilight 19:00,3.0,1,-0.91732,-0.29305,2.69126,0.69126,-0.91732,-1.29305,2.85551,-0.08257,0.33293,600.0,44.732
124,4.1798,Twilight 19:00,3.0,1,-0.91281,-0.30286,2.67754,0.67754,-0.91281,-1.30286,2.97025,-0.05546,0.28359,625.0,44.711
125,4.2135,Twilight 19:00,3.0,1,-0.91673,-0.3162,2.68947,0.68947,-0.91673,-1.3162,2.86081,-0.08262,0.3244,600.0,44.74
126,4.2472,Twilight 19:00,3.0,1,-0.91196,-0.3258,2.67499,0.67499,-0.91196,-1.3258,2.97254,-0.05583,0.27423,625.0,44.726
127,4.2809,Twilight 19:00,3.0,1,-0.9114,-0.34107,2.67329,0.67329,-0.9114,-1.34107,2.97401,-0.05604,0.26824,625.0,44.724
128,4.3146,Twilight 19:00,3.0,1,-0.91572,-0.3547,2.68638,0.68638,-0.91572,-1.3547,2.86912,-0.08266,0.31066,600.0,44.742
129,4.3483,Twilight 19:00,3.0,1,-0.91572,-0.3547,2.68638,0.68638,-0.91572,-1.3547,2.86912,-0.08266,0.31066,600.0,44.742
130,4.382,Twilight 19:00,3.0,1,-0.91509,-0.37776,2.68447,0.68447,-0.91509,-1.37776,2.87382,-0.08265,0.30271,600.0,44.74
131,4.4157,Twilight 19:00,3.0,1,-0.91509,-0.37776,2.68447,0.68447,-0.91509,-1.37776,2.87382,-0.08265,0.30271,600.0,44.74
132,4.4494,Twilight 19:00,3.0,1,-0.91466,-0.3931,2.68318,0.68318,-0.91466,-1.3931,2.87684,-0.08263,0.29753,600.0,44.742
133,4.4831,Twilight 19:00,3.0,1,-0.90919,-0.40197,2.66666,0.66666,-0.90919,-1.40197,2.9795,-0.05673,0.24608,625.0,44.716
134,4.5169,Twilight 19:00,3.0,1,-0.90839,-0.42474,2.66424,0.66424,-0.90839,-1.42474,2.98142,-0.05691,0.23846,625.0,44.733
135,4.5506,Twilight 19:00,3.0,1,-0.90786,-0.4399,2.66266,0.66266,-0.90786,-1.4399,2.98267,-0.05701,0.23356,625.0,44.745
136,4.5843,Twilight 19:00,3.0,1,-0.91293,-0.45433,2.67795,0.67795,-0.91293,-1.45433,2.88812,-0.08247,0.27778,600.0,44.753
137,4.618,Twilight 19:00,3.0,1,-0.90708,-0.46262,2.66031,0.66031,-0.90708,-1.46262,2.98451,-0.05714,0.22648,625.0,44.717
138,4.6517,Twilight 19:00,3.0,1,-0.91227,-0.47722,2.67597,0.67597,-0.91227,-1.47722,2.89206,-0.08237,0.27076,600.0,44.755
139,4.6854,Twilight 19:00,3.0,1,-0.90631,-0.4853,2.65801,0.65801,-0.90631,-1.4853,2.9863,-0.05723,0.2197,625.0,44.747
140,4.7191,Twilight 19:00,3.0,1,-0.9058,-0.5004,2.6565,0.6565,-0.9058,-1.5004,2.98746,-0.05727,0.21534,625.0,44.735
141,4.7528,Twilight 19:00,3.0,1,-0.91118,-0.51531,2.67266,0.67266,-0.91118,-1.51531,2.8983,-0.08215,0.25953,600.0,44.759
142,4.7865,Twilight 19:00,3.0,1,-0.90506,-0.52303,2.65427,0.65427,-0.90506,-1.52303,2.98918,-0.05731,0.20902,625.0,44.727
143,4.8202,Twilight 19:00,3.0,1,-0.91052,-0.53811,2.67068,0.67068,-0.91052,-1.53811,2.90187,-0.082,0.25306,600.0,44.753
144,4.8539,Twilight 19:00,3.0,1,-0.91008,-0.5533,2.66937,0.66937,-0.91008,-1.5533,2.90419,-0.08188,0.24885,600.0,44.757
145,4.8876,Twilight 19:00,3.0,1,-0.90386,-0.56068,2.65066,0.65066,-0.90386,-1.56068,2.99197,-0.05732,0.19906,625.0,44.726
146,4.9213,Twilight 19:00,3.0,1,-0.90943,-0.57605,2.66741,0.66741,-0.90943,-1.57605,2.90756,-0.0817,0.2427,600.0,44.76
147,4.9551,Twilight 19:00,3.0,1,-0.90315,-0.58323,2.64856,0.64856,-0.90315,-1.58323,2.9936,-0.05728,0.1934,625.0,44.737
148,4.9888,Twilight 19:00,3.0,1,-0.9027,-0.59826,2.64719,0.64719,-0.9027,-1.59826,2.99467,-0.05725,0.18975,625.0,44.743
149,5.0225,Twilight 19:00,3.0,1,-0.90835,-0.6139,2.66417,0.66417,-0.90835,-1.6139,2.91296,-0.08135,0.23285,600.0,44.757
150,5.0562,Twilight 19:00,3.0,1,-0.90202,-0.62077,2.64517,0.64517,-0.90202,-1.62077,2.99624,-0.05718,0.18445,625.0,44.723
151,5.0899,Twilight 19:00,3.0,1,-0.90771,-0.63657,2.66225,0.66225,-0.90771,-1.63657,2.91606,-0.08112,0.22719,600.0,44.758
152,5.1236,Twilight 19:00,3.0,1,-0.91055,-0.65194,2.6707,0.6707,-0.91055,-1.65194,-3.29019,0.06322,-0.28214,612.5,44.748
153,5.1573,Twilight 19:00,3.0,1,-0.90093,-0.65824,2.6419,0.6419,-0.90093,-1.65824,2.99882,-0.05701,0.17607,625.0,44.729
154,5.191,Twilight 19:00,3.0,1,-0.90666,-0.67429,2.6591,0.6591,-0.90666,-1.67429,2.92103,-0.08071,0.21812,600.0,44.762
155,5.2247,Twilight 19:00,3.0,1,-0.90029,-0.68069,2.64,0.64,-0.90029,-1.68069,3.00033,-0.05689,0.17128,625.0,44.73
156,5.2584,Twilight 19:00,3.0,1,-0.90604,-0.69689,2.65724,0.65724,-0.90604,-1.69689,2.92391,-0.08044,0.21289,600.0,44.748
157,5.2921,Twilight 19:00,3.0,1,-0.90563,-0.71194,2.65601,0.65601,-0.90563,-1.71194,2.92578,-0.08025,0.2095,600.0,44.757
158,5.3258,Twilight 19:00,3.0,1,-0.89926,-0.71806,2.63693,0.63693,-0.89926,-1.71806,3.0028,-0.05664,0.1637,625.0,44.722
159,5.3596,Twilight 19:00,3.0,1,-0.90503,-0.7345,2.65419,0.65419,-0.90503,-1.7345,2.92852,-0.07996,0.20453,600.0,44.757
160,5.3933,Twilight 19:00,3.0,1,-0.89867,-0.74046,2.63515,0.63515,-0.89867,-1.74046,3.00425,-0.05647,0.15937,625.0,44.738
161,5.427,Twilight 19:00,3.0,1,-0.89828,-0.75538,2.63399,0.63399,-0.89828,-1.75538,3.0052,-0.05635,0.15657,625.0,44.736
162,5.4607,Twilight 19:00,3.0,1,-0.90403,-0.77204,2.65122,0.65122,-0.90403,-1.77204,2.93294,-0.07945,0.19659,600.0,44.752
163,5.4944,Twilight 19:00,3.0,1,-0.89771,-0.77775,2.63228,0.63228,-0.89771,-1.77775,3.00661,-0.05616,0.1525,625.0,44.719
164,5.5281,Twilight 19:00,3.0,1,-0.90345,-0.79454,2.64947,0.64947,-0.90345,-1.79454,2.9355,-0.07913,0.19201,600.0,44.76
165,5.5618,Twilight 19:00,3.0,1,-0.88591,-0.79368,2.64659,0.64659,-0.88591,-1.79368,2.93364,-0.07835,0.18958,600.0,44.768
166,5.5955,Twilight 19:00,3.0,1,-0.90353,-0.8206,2.73717,0.73717,-0.90353,-1.8206,3.0042,-0.05543,0.1481,576.0,44.785
167,5.6292,Twilight 19:00,3.0,1,-0.85967,-0.79241,2.64231,0.64231,-0.85967,-1.79241,2.9309,-0.07713,0.18583,600.0,44.762
168,5.6629,Twilight 19:00,3.0,1,-0.87678,-0.81962,2.73387,0.73387,-0.87678,-1.81962,3.00168,-0.05478,0.14578,576.0,44.79
169,5.6966,Twilight 19:00,3.0,1,-0.85897,-0.81896,2.73167,0.73167,-0.85897,-1.81896,3.00001,-0.05431,0.14415,576.0,44.787
170,5.7303,Twilight 19:00,3.0,1,-0.81616,-0.79032,2.63529,0.63529,-0.81616,-1.79032,2.92646,-0.07492,0.17928,600.0,44.776
171,5.764,Twilight 19:00,3.0,1,-0.83232,-0.81799,2.72838,0.72838,-0.83232,-1.81799,2.99752,-0.05356,0.14158,576.0,44.805
172,5.7978,Twilight 19:00,3.0,1,-0.79018,-0.7891,2.63116,0.63116,-0.79018,-1.7891,2.92388,-0.0735,0.17517,600.0,44.782
173,5.8315,Twilight 19:00,3.0,1,-0.77291,-0.78829,2.62845,0.62845,-0.77291,-1.78829,2.92219,-0.07251,0.17237,600.0,44.799
174,5.8652,Twilight 19:00,3.0,1,-0.78806,-0.81638,2.72295,0.72295,-0.78806,-1.81638,2.99347,-0.05215,0.13697,576.0,44.81
175,5.8989,Twilight 19:00,3.0,1,-0.7471,-0.7871,2.62443,0.62443,-0.7471,-1.7871,2.91972,-0.07097,0.16806,600.0,44.785
176,5.9326,Twilight 19:00,3.0,1,-0.7616,-0.81542,2.71973,0.71973,-0.7616,-1.81542,2.99109,-0.05122,0.13401,576.0,44.816
177,5.9663,Twilight 19:00,3.0,1,-0.72138,-0.78593,2.6205,0.6205,-0.72138,-1.78593,2.91731,-0.06936,0.16363,600.0,44.804
178,6.0,Twilight 19:00,3.0,1,-0.72138,-0.78593,2.6205,0.6205,-0.72138,-1.78593,2.91731,-0.06936,0.16363,600.0,44.804
179,6.0337,Twilight 19:00,3.0,1,-0.71765,-0.81385,2.71445,0.71445,-0.71765,-1.81385,2.98723,-0.04952,0.12877,576.0,44.825
180,6.0674,Twilight 19:00,3.0,1,-0.71765,-0.81385,2.71445,0.71445,-0.71765,-1.81385,2.98723,-0.04952,0.12877,576.0,44.825
181,6.1011,Twilight 19:00,3.0,1,-0.69137,-0.81293,2.71134,0.71134,-0.69137,-1.81293,2.98498,-0.04842,0.12545,576.0,44.826
182,6.1348,Twilight 19:00,3.0,1,-0.67389,-0.81232,2.7093,0.7093,-0.67389,-1.81232,2.98351,-0.04765,0.12316,576.0,44.826
183,6.1685,Twilight 19:00,3.0,1,-0.67389,-0.81232,2.7093,0.7093,-0.67389,-1.81232,2.98351,-0.04765,0.12316,576.0,44.826
184,6.2022,Twilight 19:00,3.0,1,-0.64774,-0.81143,2.70629,0.70629,-0.64774,-1.81143,2.98136,-0.04644,0.11962,576.0,44.838
185,6.236,Twilight 19:00,3.0,1,-0.61104,-0.78116,2.60446,0.60446,-0.61104,-1.78116,2.90768,-0.0616,0.14318,600.0,44.819
186,6.2697,Twilight 19:00,3.0,1,-0.59421,-0.78048,2.60216,0.60216,-0.59421,-1.78048,2.90633,-0.0603,0.13986,600.0,44.827
187,6.3034,Twilight 19:00,3.0,1,-0.60431,-0.80998,2.70141,0.70141,-0.60431,-1.80998,2.9779,-0.04428,0.11345,576.0,44.841
188,6.3371,Twilight 19:00,3.0,1,-0.56906,-0.77948,2.59879,0.59879,-0.56906,-1.77948,2.90435,-0.0583,0.13481,600.0,44.809
189,6.3708,Twilight 19:00,3.0,1,-0.57834,-0.80914,2.69858,0.69858,-0.57834,-1.80914,2.97592,-0.04291,0.10958,576.0,44.843
190,6.4045,Twilight 19:00,3.0,1,-0.57834,-0.80914,2.69858,0.69858,-0.57834,-1.80914,2.97592,-0.04291,0.10958,576.0,44.843
191,6.4382,Twilight 19:00,3.0,1,-0.52731,-0.77788,2.59343,0.59343,-0.52731,-1.77788,2.90123,-0.05484,0.1262,600.0,44.823
192,6.4719,Twilight 19:00,3.0,1,-0.53522,-0.80779,2.69405,0.69405,-0.53522,-1.80779,2.97276,-0.04049,0.10289,576.0,44.852
193,6.5056,Twilight 19:00,3.0,1,-0.50238,-0.77697,2.59037,0.59037,-0.50238,-1.77697,2.89947,-0.05269,0.12092,600.0,44.817
194,6.5393,Twilight 19:00,3.0,1,-0.50944,-0.80702,2.69144,0.69144,-0.50944,-1.80702,2.97097,-0.03897,0.09873,576.0,44.845
195,6.573,Twilight 19:00,3.0,1,-0.49229,-0.80652,2.68976,0.68976,-0.49229,-1.80652,2.96981,-0.03792,0.0959,576.0,44.849
196,6.6067,Twilight 19:00,3.0,1,-0.461,-0.77554,2.58554,0.58554,-0.461,-1.77554,2.8967,-0.04899,0.11195,600.0,44.821
197,6.6404,Twilight 19:00,3.0,1,-0.46662,-0.80579,2.68731,0.68731,-0.46662,-1.80579,2.96814,-0.03631,0.09157,576.0,44.857
198,6.6742,Twilight 19:00,3.0,1,-0.43628,-0.77473,2.58281,0.58281,-0.43628,-1.77473,2.89515,-0.04671,0.10647,600.0,44.835
199,6.7079,Twilight 19:00,3.0,1,-0.41983,-0.77421,2.58106,0.58106,-0.41983,-1.77421,2.89416,-0.04516,0.10278,600.0,44.835
200,6.7416,Twilight 19:00,3.0,1,-0.42397,-0.80465,2.68346,0.68346,-0.42397,-1.80465,2.96553,-0.03351,0.08416,576.0,44.855
201,6.7753,Twilight 19:00,3.0,1,-0.39522,-0.77346,2.57855,0.57855,-0.39522,-1.77346,2.89274,-0.0428,0.09719,600.0,44.826
202,6.809,Twilight 19:00,3.0,1,-0.39846,-0.80401,2.6813,0.6813,-0.39846,-1.80401,2.96407,-0.03176,0.0796,576.0,44.853
203,6.8427,Twilight 19:00,3.0,1,-0.38148,-0.8036,2.67992,0.67992,-0.38148,-1.8036,2.96314,-0.03058,0.07651,576.0,44.849
204,6.8764,Twilight 19:00,3.0,1,-0.35436,-0.77231,2.57467,0.57467,-0.35436,-1.77231,2.89056,-0.03877,0.08774,600.0,44.824
205,6.9101,Twilight 19:00,3.0,1,-0.35607,-0.80301,2.67794,0.67794,-0.35607,-1.80301,2.96182,-0.02876,0.07182,576.0,44.861
206,6.9438,Twilight 19:00,3.0,1,-0.32992,-0.77167,2.57252,0.57252,-0.32992,-1.77167,2.88936,-0.03629,0.08199,600.0,44.831
207,6.9775,Twilight 19:00,3.0,1,-0.32992,-0.77167,2.57252,0.57252,-0.32992,-1.77167,2.88936,-0.03629,0.08199,600.0,44.831
208,7.0112,Twilight 19:00,3.0,1,-0.31366,-0.77127,2.57117,0.57117,-0.31366,-1.77127,2.88861,-0.03463,0.07813,600.0,44.847
209,7.0449,Twilight 19:00,3.0,1,-0.28932,-0.7707,2.56926,0.56926,-0.28932,-1.7707,2.88755,-0.0321,0.07231,600.0,44.826
210,7.0787,Twilight 19:00,3.0,1,-0.28854,-0.80162,2.67327,0.67327,-0.28854,-1.80162,2.95872,-0.02373,0.05896,576.0,44.86
211,7.1124,Twilight 19:00,3.0,1,-0.26503,-0.77018,2.5675,0.5675,-0.26503,-1.77018,2.88658,-0.02954,0.06644,600.0,44.844
212,7.1461,Twilight 19:00,3.0,1,-0.24886,-0.76985,2.56641,0.56641,-0.24886,-1.76985,2.88598,-0.02781,0.0625,600.0,44.834
213,7.1798,Twilight 19:00,3.0,1,-0.24649,-0.80089,2.6708,0.6708,-0.24649,-1.80089,2.95709,-0.02046,0.05071,576.0,44.86
214,7.2135,Twilight 19:00,3.0,1,-0.22464,-0.7694,2.56489,0.56489,-0.22464,-1.7694,2.88514,-0.0252,0.05656,600.0,44.827
215,7.2472,Twilight 19:00,3.0,1,-0.22132,-0.8005,2.6695,0.6695,-0.22132,-1.8005,2.95624,-0.01846,0.04569,576.0,44.854
216,7.2809,Twilight 19:00,3.0,1,-0.22132,-0.8005,2.6695,0.6695,-0.22132,-1.8005,2.95624,-0.01846,0.04569,576.0,44.854
217,7.3146,Twilight 19:00,3.0,1,-0.18437,-0.76875,2.56269,0.56269,-0.18437,-1.76875,2.88394,-0.0208,0.04659,600.0,44.826
218,7.3483,Twilight 19:00,3.0,1,-0.17943,-0.79995,2.66762,0.66762,-0.17943,-1.79995,2.95501,-0.01507,0.03723,576.0,44.864
219,7.382,Twilight 19:00,3.0,1,-0.17943,-0.79995,2.66762,0.66762,-0.17943,-1.79995,2.95501,-0.01507,0.03723,576.0,44.864
220,7.4157,Twilight 19:00,3.0,1,-0.16025,-0.76842,2.56158,0.56158,-0.16025,-1.76842,2.88333,-0.01813,0.04058,600.0,44.841
221,7.4494,Twilight 19:00,3.0,1,-0.14419,-0.76822,2.56092,0.56092,-0.14419,-1.76822,2.88297,-0.01634,0.03655,600.0,44.848
222,7.4831,Twilight 19:00,3.0,1,-0.13763,-0.7995,2.66613,0.66613,-0.13763,-1.7995,2.95404,-0.01162,0.02867,576.0,44.864
223,7.5169,Twilight 19:00,3.0,1,-0.11257,-0.79929,2.66542,0.66542,-0.11257,-1.79929,2.95357,-0.00953,0.0235,576.0,44.86
224,7.5506,Twilight 19:00,3.0,1,-0.09607,-0.76776,2.55936,0.55936,-0.09607,-1.76776,2.88212,-0.01093,0.02441,600.0,44.85
225,7.5843,Twilight 19:00,3.0,1,-0.08004,-0.76764,2.55898,0.55898,-0.08004,-1.76764,2.88191,-0.00912,0.02035,600.0,44.834
226,7.618,Twilight 19:00,3.0,1,-0.07086,-0.79903,2.66454,0.66454,-0.07086,-1.79903,2.95301,-0.00602,0.01482,576.0,44.862
227,7.6517,Twilight 19:00,3.0,1,-0.05602,-0.76751,2.55853,0.55853,-0.05602,-1.76751,2.88167,-0.00639,0.01426,600.0,44.834
228,7.6854,Twilight 19:00,3.0,1,-0.04001,-0.76745,2.55832,0.55832,-0.04001,-1.76745,2.88156,-0.00456,0.01019,600.0,44.85
229,7.7191,Twilight 19:00,3.0,1,-0.02917,-0.79889,2.66407,0.66407,-0.02917,-1.79889,2.9527,-0.00248,0.00611,576.0,44.857
230,7.7528,Twilight 19:00,3.0,1,-0.02401,-0.76001,2.55821,0.55821,-0.02401,-1.76001,2.88013,-0.00275,0.00616,600.0,44.832
231,7.7865,Twilight 19:00,3.0,1,-0.02401,-0.74522,2.55825,0.55825,-0.02401,-1.74522,2.87741,-0.00276,0.00625,600.0,44.83
232,7.8202,Twilight 19:00,3.0,1,-0.024,-0.73374,2.5577,0.5577,-0.024,-1.73374,2.94779,-0.00216,0.00546,625.0,44.8
233,7.8539,Twilight 19:00,3.0,1,-0.02401,-0.72303,2.55831,0.55831,-0.02401,-1.72303,2.87324,-0.00278,0.0064,600.0,44.838
234,7.8876,Twilight 19:00,3.0,1,-0.024,-0.71156,2.55776,0.55776,-0.024,-1.71156,2.94429,-0.00218,0.00561,625.0,44.809
235,7.9213,Twilight 19:00,3.0,1,-0.024,-0.69677,2.5578,0.5578,-0.024,-1.69677,2.94189,-0.00219,0.00572,625.0,44.824
236,7.9551,Twilight 19:00,3.0,1,-0.02401,-0.68606,2.55842,0.55842,-0.02401,-1.68606,2.86607,-0.00281,0.00665,600.0,44.834
237,7.9888,Twilight 19:00,3.0,1,-0.024,-0.67458,2.55786,0.55786,-0.024,-1.67458,2.93822,-0.00221,0.00588,625.0,44.793
238,8.0225,Twilight 19:00,3.0,1,-0.02401,-0.66387,2.55849,0.55849,-0.02401,-1.66387,2.86163,-0.00283,0.0068,600.0,44.838
239,8.0562,Twilight 19:00,3.0,1,-0.024,-0.6524,2.55793,0.55793,-0.024,-1.6524,2.93443,-0.00223,0.00605,625.0,44.822
240,8.0899,Twilight 19:00,3.0,1,-0.024,-0.63761,2.55797,0.55797,-0.024,-1.63761,2.93185,-0.00224,0.00616,625.0,44.813
241,8.1236,Twilight 19:00,3.0,1,-0.02401,-0.62689,2.5586,0.5586,-0.02401,-1.62689,2.85399,-0.00286,0.00707,600.0,44.84
242,8.1573,Twilight 19:00,3.0,1,-0.024,-0.61542,2.55804,0.55804,-0.024,-1.61542,2.92788,-0.00226,0.00633,625.0,44.799
243,8.191,Twilight 19:00,3.0,1,-0.02401,-0.6047,2.55868,0.55868,-0.02401,-1.6047,2.84925,-0.00287,0.00723,600.0,44.835
244,8.2247,Twilight 19:00,3.0,1,-0.02401,-0.58991,2.55873,0.55873,-0.02401,-1.58991,2.84604,-0.00288,0.00734,600.0,44.831
245,8.2584,Twilight 19:00,3.0,1,-0.024,-0.57845,2.55815,0.55815,-0.024,-1.57845,2.921,-0.0023,0.00664,625.0,44.797
246,8.2921,Twilight 19:00,3.0,1,-0.02401,-0.56772,2.5588,0.5588,-0.02401,-1.56772,2.84111,-0.0029,0.00751,600.0,44.837
247,8.3258,Twilight 19:00,3.0,1,-0.024,-0.55626,2.55823,0.55823,-0.024,-1.55626,2.91671,-0.00232,0.00683,625.0,44.815
248,8.3596,Twilight 19:00,3.0,1,-0.024,-0.54147,2.55828,0.55828,-0.024,-1.54147,2.91378,-0.00233,0.00696,625.0,44.822
249,8.3933,Twilight 19:00,3.0,1,-0.02401,-0.53074,2.55893,0.55893,-0.02401,-1.53074,2.83265,-0.00293,0.0078,600.0,44.835
250,8.427,Twilight 19:00,3.0,1,-0.024,-0.51928,2.55836,0.55836,-0.024,-1.51928,2.90928,-0.00235,0.00715,625.0,44.801
251,8.4607,Twilight 19:00,3.0,1,-0.02401,-0.50854,2.55901,0.55901,-0.02401,-1.50854,2.82741,-0.00294,0.00797,600.0,44.838
252,8.4944,Twilight 19:00,3.0,1,-0.024,-0.4971,2.55844,0.55844,-0.024,-1.4971,2.90465,-0.00236,0.00735,625.0,44.825
253,8.5281,Twilight 19:00,3.0,1,-0.02401,-0.4823,2.55849,0.55849,-0.02401,-1.4823,2.90148,-0.00237,0.00749,625.0,44.812
254,8.5618,Twilight 19:00,3.0,1,-0.02401,-0.47156,2.55915,0.55915,-0.02401,-1.47156,2.81839,-0.00296,0.00827,600.0,44.84
255,8.5955,Twilight 19:00,3.0,1,-0.02401,-0.46012,2.55857,0.55857,-0.02401,-1.46012,2.89662,-0.00239,0.0077,625.0,44.805
256,8.6292,Twilight 19:00,3.0,1,-0.02401,-0.44937,2.55924,0.55924,-0.02401,-1.44937,2.81282,-0.00297,0.00846,600.0,44.831
257,8.6629,Twilight 19:00,3.0,1,-0.02401,-0.43457,2.5593,0.5593,-0.02401,-1.43457,2.80902,-0.00298,0.00858,600.0,44.834
258,8.6966,Twilight 19:00,3.0,1,-0.02401,-0.42313,2.55872,0.55872,-0.02401,-1.42313,2.8882,-0.00242,0.00806,625.0,44.803
259,8.7303,Twilight 19:00,3.0,1,-0.02401,-0.41238,2.55939,0.55939,-0.02401,-1.41238,2.80323,-0.00299,0.00877,600.0,44.838
260,8.764,Twilight 19:00,3.0,1,-0.02401,-0.40094,2.55881,0.55881,-0.02401,-1.40094,2.88295,-0.00243,0.00829,625.0,44.816
261,8.7978,Twilight 19:00,3.0,1,-0.02401,-0.38615,2.55887,0.55887,-0.02401,-1.38615,2.87936,-0.00244,0.00844,625.0,44.817
262,8.8315,Twilight 19:00,3.0,1,-0.02401,-0.37538,2.55954,0.55954,-0.02401,-1.37538,2.79327,-0.00301,0.00909,600.0,44.836
263,8.8652,Twilight 19:00,3.0,1,-0.02401,-0.36396,2.55897,0.55897,-0.02401,-1.36396,2.87386,-0.00245,0.00867,625.0,44.796
264,8.8989,Twilight 19:00,3.0,1,-0.02401,-0.35319,2.55964,0.55964,-0.02401,-1.35319,2.78712,-0.00302,0.00928,600.0,44.831
265,8.9326,Twilight 19:00,3.0,1,-0.02401,-0.33839,2.5597,0.5597,-0.02401,-1.33839,2.78293,-0.00303,0.00941,600.0,44.824
266,8.9663,Twilight 19:00,3.0,1,-0.02401,-0.32697,2.55913,0.55913,-0.02401,-1.32697,2.86433,-0.00247,0.00906,625.0,44.802
267,9.0,Twilight 19:00,3.0,1,-0.02401,-0.31619,2.5598,0.5598,-0.02401,-1.31619,2.77654,-0.00303,0.00961,600.0,44.828
268,9.0337,Twilight 19:00,3.0,1,-0.02401,-0.30478,2.55923,0.55923,-0.02401,-1.30478,2.8584,-0.00249,0.0093,625.0,44.799
269,9.0674,Twilight 19:00,3.0,1,-0.02401,-0.29399,2.5599,0.5599,-0.02401,-1.29399,2.77001,-0.00304,0.00981,600.0,44.817
270,9.1011,Twilight 19:00,3.0,1,-0.02401,-0.27919,2.55997,0.55997,-0.02401,-1.27919,2.76558,-0.00304,0.00994,600.0,44.821
271,9.1348,Twilight 19:00,3.0,1,-0.02401,-0.26779,2.55941,0.55941,-0.02401,-1.26779,2.84814,-0.0025,0.00971,625.0,44.788
272,9.1685,Twilight 19:00,3.0,1,-0.02401,-0.25699,2.56007,0.56007,-0.02401,-1.25699,2.75881,-0.00305,0.01014,600.0,44.815
273,9.2022,Twilight 19:00,3.0,1,-0.02401,-0.24559,2.55951,0.55951,-0.02401,-1.24559,2.84175,-0.00251,0.00996,625.0,44.798
274,9.236,Twilight 19:00,3.0,1,-0.02401,-0.2308,2.55959,0.55959,-0.02401,-1.2308,2.8374,-0.00251,0.01013,625.0,44.793
275,9.2697,Twilight 19:00,3.0,1,-0.02401,-0.21999,2.56024,0.56024,-0.02401,-1.21999,2.7472,-0.00305,0.01048,600.0,44.809
276,9.3034,Twilight 19:00,3.0,1,-0.02401,-0.2086,2.5597,0.5597,-0.02401,-1.2086,2.83072,-0.00252,0.01038,625.0,44.776
277,9.3371,Twilight 19:00,3.0,1,-0.02401,-0.19778,2.56035,0.56035,-0.02401,-1.19778,2.74003,-0.00305,0.01069,600.0,44.8
278,9.3708,Twilight 19:00,3.0,1,-0.02401,-0.18298,2.56042,0.56042,-0.02401,-1.18298,2.73518,-0.00305,0.01082,600.0,44.795
279,9.4045,Twilight 19:00,3.0,1,-0.02401,-0.1716,2.55989,0.55989,-0.02401,-1.1716,2.81919,-0.00253,0.01081,625.0,44.768
280,9.4382,Twilight 19:00,3.0,1,-0.02401,-0.16077,2.56053,0.56053,-0.02401,-1.16077,2.72776,-0.00305,0.01103,600.0,44.798
281,9.4719,Twilight 19:00,3.0,1,-0.02401,-0.1494,2.56001,0.56001,-0.02401,-1.1494,2.81203,-0.00253,0.01107,625.0,44.766
282,9.5056,Twilight 19:00,3.0,1,-0.02401,-0.1346,2.56009,0.56009,-0.02401,-1.1346,2.80715,-0.00253,0.01124,625.0,44.78
283,9.5393,Twilight 19:00,3.0,1,-0.02401,-0.12376,2.56072,0.56072,-0.02401,-1.12376,2.71508,-0.00305,0.01137,600.0,44.787
284,9.573,Twilight 19:00,3.0,1,-0.02401,-0.11239,2.56021,0.56021,-0.02401,-1.11239,2.79968,-0.00253,0.0115,625.0,44.748
285,9.6067,Twilight 19:00,3.0,1,-0.02401,-0.10155,2.56083,0.56083,-0.02401,-1.10155,2.70727,-0.00304,0.01157,600.0,44.776
286,9.6404,Twilight 19:00,3.0,1,-0.02401,-0.09019,2.56033,0.56033,-0.02401,-1.09019,2.79203,-0.00253,0.01176,625.0,44.762
287,9.6742,Twilight 19:00,3.0,1,-0.02401,-0.07538,2.56041,0.56041,-0.02401,-1.07538,2.78682,-0.00252,0.01194,625.0,44.752
288,9.7079,Twilight 19:00,3.0,1,-0.02401,-0.06453,2.56102,0.56102,-0.02401,-1.06453,2.69391,-0.00303,0.01191,600.0,44.771
289,9.7416,Twilight 19:00,3.0,1,-0.02401,-0.05318,2.56054,0.56054,-0.02401,-1.05318,2.77885,-0.00252,0.0122,625.0,44.738
290,9.7753,Twilight 19:00,3.0,1,-0.02402,-0.04231,2.56114,0.56114,-0.02402,-1.04231,2.6857,-0.00303,0.01211,600.0,44.77
291,9.809,Twilight 19:00,3.0,1,-0.02402,-0.0275,2.56122,0.56122,-0.02402,-1.0275,2.68014,-0.00302,0.01225,600.0,44.79
292,9.8427,Twilight 19:00,3.0,1,-0.02401,-0.01616,2.56075,0.56075,-0.02401,-1.01616,2.76515,-0.00251,0.01263,625.0,44.768
293,9.8764,Twilight 19:00,3.0,1,-0.02402,-0.00528,2.56134,0.56134,-0.02402,-1.00528,2.67168,-0.00301,0.01244,600.0,44.818
294,9.9101,Twilight 19:00,3.0,1,-0.02401,0.00876,2.56079,0.56079,-0.02401,-0.99124,3.52077,0.0032,0.0162,625.0,44.81
295,9.9438,Twilight 19:00,3.0,1,-0.02402,0.0201,2.56126,0.56126,-0.02402,-0.9799,3.60578,0.00407,0.01658,600.0,44.838
296,9.9775,Twilight 19:00,3.0,1,-0.02402,0.0201,2.56126,0.56126,-0.02402,-0.9799,3.60578,0.00407,0.01658,600.0,44.838
297,10.0112,Twilight 19:00,3.0,1,-0.02402,0.0201,2.56126,0.56126,-0.02402,-0.9799,3.60578,0.00407,0.01658,600.0,44.838
298,10.0449,Twilight 19:00,3.0,1,-0.02402,0.0201,2.56126,0.56126,-0.02402,-0.9799,3.60578,0.00407,0.01658,600.0,44.838
299,10.0787,Twilight 19:00,3.0,1,-0.02402,0.0201,2.56126,0.56126,-0.02402,-0.9799,3.60578,0.00407,0.01658,600.0,44.838
300,10.1124,Twilight 19:00,3.0,1,-0.02402,0.0201,2.56126,0.56126,-0.02402,-0.9799,3.60578,0.00407,0.01658,600.0,44.838
301,10.1461,Twilight 19:00,3.0,1,-0.02402,0.0201,2.56126,0.56126,-0.02402,-0.9799,3.60578,0.00407,0.01658,600.0,44.838
302,10.1798,Twilight 19:00,3.0,1,-0.02402,0.0201,2.56126,0.56126,-0.02402,-0.9799,3.60578,0.00407,0.01658,600.0,44.838
303,10.2135,Twilight 19:00,3.0,1,-0.02402,0.0201,2.56126,0.56126,-0.02402,-0.9799,3.60578,0.00407,0.01658,600.0,44.838
304,10.2472,Twilight 19:00,3.0,1,-0.02402,0.0201,2.56126,0.56126,-0.02402,-0.9799,3.60578,0.00407,0.01658,600.0,44.838
305,10.2809,Twilight 19:00,3.0,1,-0.02402,0.0201,2.56126,0.56126,-0.02402,-0.9799,3.60578,0.00407,0.01658,600.0,44.838
306,10.3146,Twilight 19:00,3.0,1,-0.02402,0.0201,2.56126,0.56126,-0.02402,-0.9799,3.60578,0.00407,0.01658,600.0,44.838
307,10.3483,Twilight 19:00,3.0,1,-0.02402,0.0201,2.56126,0.56126,-0.02402,-0.9799,3.60578,0.00407,0.01658,600.0,44.838
308,10.382,Twilight 19:00,3.0,1,-0.02402,0.0201,2.56126,0.56126,-0.02402,-0.9799,3.60578,0.00407,0.01658,600.0,44.838
309,10.4157,Twilight 19:00,3.0,1,-0.02402,0.0201,2.56126,0.56126,-0.02402,-0.9799,3.60578,0.00407,0.01658,600.0,44.838
310,10.4494,Twilight 19:00,3.0,1,-0.02402,0.0201,2.56126,0.56126,-0.02402,-0.9799,3.60578,0.00407,0.01658,600.0,44.838
311,10.4831,Twilight 19:00,3.0,1,-0.02402,0.0201,2.56126,0.56126,-0.02402,-0.9799,3.60578,0.00407,0.01658,600.0,44.838
312,10.5169,Twilight 19:00,3.0,1,-0.02402,0.0201,2.56126,0.56126,-0.02402,-0.9799,3.60578,0.00407,0.01658,600.0,44.838
313,10.5506,Twilight 19:00,3.0,1,-0.02402,0.0201,2.56126,0.56126,-0.02402,-0.9799,3.60578,0.00407,0.01658,600.0,44.838
314,10.5843,Twilight 19:00,3.0,1,-0.02402,0.0201,2.56126,0.56126,-0.02402,-0.9799,3.60578,0.00407,0.01658,600.0,44.838
315,10.618,Twilight 19:00,3.0,1,-0.02402,0.0201,2.56126,0.56126,-0.02402,-0.9799,3.60578,0.00407,0.01658,600.0,44.838
316,10.6517,Twilight 19:00,3.0,1,-0.02402,0.0201,2.56126,0.56126,-0.02402,-0.9799,3.60578,0.00407,0.01658,600.0,44.838
317,10.6854,Twilight 19:00,3.0,1,-0.02402,0.0201,2.56126,0.56126,-0.02402,-0.9799,3.60578,0.00407,0.01658,600.0,44.838
318,10.7191,Twilight 19:00,3.0,1,-0.02402,0.0201,2.56126,0.56126,-0.02402,-0.9799,3.60578,0.00407,0.01658,600.0,44.838
319,10.7528,Twilight 19:00,3.0,1,-0.02402,0.0201,2.56126,0.56126,-0.02402,-0.9799,3.60578,0.00407,0.01658,600.0,44.838
320,10.7865,Twilight 19:00,3.0,1,-0.02402,0.0201,2.56126,0.56126,-0.02402,-0.9799,3.60578,0.00407,0.01658,600.0,44.838
321,10.8202,Twilight 19:00,3.0,1,-0.02402,0.0201,2.56126,0.56126,-0.02402,-0.9799,3.60578,0.00407,0.01658,600.0,44.838
322,10.8539,Twilight 19:00,3.0,1,-0.02402,0.0201,2.56126,0.56126,-0.02402,-0.9799,3.60578,0.00407,0.01658,600.0,44.838
323,10.8876,Twilight 19:00,3.0,1,-0.02402,0.0201,2.56126,0.56126,-0.02402,-0.9799,3.60578,0.00407,0.01658,600.0,44.838
324,10.9213,Twilight 19:00,3.0,1,-0.02402,0.0201,2.56126,0.56126,-0.02402,-0.9799,3.60578,0.00407,0.01658,600.0,44.838
325,10.9551,Twilight 19:00,3.0,1,-0.02402,0.0201,2.56126,0.56126,-0.02402,-0.9799,3.60578,0.00407,0.01658,600.0,44.838
326,10.9888,Twilight 19:00,3.0,1,-0.02402,0.0201,2.56126,0.56126,-0.02402,-0.9799,3.60578,0.00407,0.01658,600.0,44.838
327,11.0225,Twilight 19:00,3.0,1,-0.02402,0.0201,2.56126,0.56126,-0.02402,-0.9799,3.60578,0.00407,0.01658,600.0,44.838
328,11.0562,Twilight 19:00,3.0,1,-0.02402,0.0201,2.56126,0.56126,-0.02402,-0.9799,3.60578,0.00407,0.01658,600.0,44.838
329,11.0899,Twilight 19:00,3.0,1,-0.02402,0.0201,2.56126,0.56126,-0.02402,-0.9799,3.60578,0.00407,0.01658,600.0,44.838
330,11.1236,Twilight 19:00,3.0,1,-0.02402,0.0201,2.56126,0.56126,-0.02402,-0.9799,3.60578,0.00407,0.01658,600.0,44.838
331,11.1573,Twilight 19:00,3.0,1,-0.02402,0.0201,2.56126,0.56126,-0.02402,-0.9799,3.60578,0.00407,0.01658,600.0,44.838
332,11.191,Twilight 19:00,3.0,1,-0.02402,0.0201,2.56126,0.56126,-0.02402,-0.9799,3.60578,0.00407,0.01658,600.0,44.838
333,11.2247,Twilight 19:00,3.0,1,-0.02402,0.0201,2.56126,0.56126,-0.02402,-0.9799,3.60578,0.00407,0.01658,600.0,44.838
334,11.2584,Twilight 19:00,3.0,1,-0.02402,0.0201,2.56126,0.56126,-0.02402,-0.9799,3.60578,0.00407,0.01658,600.0,44.838
335,11.2921,Twilight 19:00,3.0,1,-0.02402,0.0201,2.56126,0.56126,-0.02402,-0.9799,3.60578,0.00407,0.01658,600.0,44.838
336,11.3258,Twilight 19:00,3.0,1,-0.02402,0.0201,2.56126,0.56126,-0.02402,-0.9799,3.60578,0.00407,0.01658,600.0,44.838
337,11.3596,Twilight 19:00,3.0,1,-0.02402,0.0201,2.56126,0.56126,-0.02402,-0.9799,3.60578,0.00407,0.01658,600.0,44.838
338,11.3933,Twilight 19:00,3.0,1,-0.02402,0.0201,2.56126,0.56126,-0.02402,-0.9799,3.60578,0.00407,0.01658,600.0,44.838
339,11.427,Twilight 19:00,3.0,1,-0.02402,0.0201,2.56126,0.56126,-0.02402,-0.9799,3.60578,0.00407,0.01658,600.0,44.838
340,11.4607,Twilight 19:00,3.0,1,-0.02402,0.0201,2.56126,0.56126,-0.02402,-0.9799,3.60578,0.00407,0.01658,600.0,44.838
341,11.4944,Twilight 19:00,3.0,1,-0.02402,0.0201,2.56126,0.56126,-0.02402,-0.9799,3.60578,0.00407,0.01658,600.0,44.838
342,11.5281,Twilight 19:00,3.0,1,-0.02402,0.0201,2.56126,0.56126,-0.02402,-0.9799,3.60578,0.00407,0.01658,600.0,44.838
343,11.5618,Twilight 19:00,3.0,1,-0.02402,0.0201,2.56126,0.56126,-0.02402,-0.9799,3.60578,0.00407,0.01658,600.0,44.838
344,11.5955,Twilight 19:00,3.0,1,-0.02402,0.0201,2.56126,0.56126,-0.02402,-0.9799,3.60578,0.00407,0.01658,600.0,44.838
345,11.6292,Twilight 19:00,3.0,1,-0.02402,0.0201,2.56126,0.56126,-0.02402,-0.9799,3.60578,0.00407,0.01658,600.0,44.838
346,11.6629,Twilight 19:00,3.0,1,-0.02402,0.0201,2.56126,0.56126,-0.02402,-0.9799,3.60578,0.00407,0.01658,600.0,44.838
347,11.6966,Twilight 19:00,3.0,1,-0.02402,0.0201,2.56126,0.56126,-0.02402,-0.9799,3.60578,0.00407,0.01658,600.0,44.838
348,11.7303,Twilight 19:00,3.0,1,-0.02402,0.0201,2.56126,0.56126,-0.02402,-0.9799,3.60578,0.00407,0.01658,600.0,44.838
349,11.764,Twilight 19:00,3.0,1,-0.02402,0.0201,2.56126,0.56126,-0.02402,-0.9799,3.60578,0.00407,0.01658,600.0,44.838
350,11.7978,Twilight 19:00,3.0,1,-0.02402,0.0201,2.56126,0.56126,-0.02402,-0.9799,3.60578,0.00407,0.01658,600.0,44.838
351,11.8315,Twilight 19:00,3.0,1,-0.02402,0.0201,2.56126,0.56126,-0.02402,-0.9799,3.60578,0.00407,0.01658,600.0,44.838
352,11.8652,Twilight 19:00,3.0,1,-0.02402,0.0201,2.56126,0.56126,-0.02402,-0.9799,3.60578,0.00407,0.01658,600.0,44.838
353,11.8989,Twilight 19:00,3.0,1,-0.02402,0.0201,2.56126,0.56126,-0.02402,-0.9799,3.60578,0.00407,0.01658,600.0,44.838
354,11.9326,Twilight 19:00,3.0,1,-0.02402,0.0201,2.56126,0.56126,-0.02402,-0.9799,3.60578,0.00407,0.01658,600.0,44.838
355,11.9663,Twilight 19:00,3.0,1,-0.02402,0.0201,2.56126,0.56126,-0.02402,-0.9799,3.60578,0.00407,0.01658,600.0,44.838
356,12.0,Twilight 19:00,3.0,1,-0.02402,0.0201,2.56126,0.56126,-0.02402,-0.9799,3.60578,0.00407,0.01658,600.0,44.838
357,12.0337,Twilight 19:00,3.0,1,-0.02402,0.0201,2.56126,0.56126,-0.02402,-0.9799,3.60578,0.00407,0.01658,600.0,44.838
358,12.0674,Twilight 19:00,3.0,1,-0.02402,0.0201,2.56126,0.56126,-0.02402,-0.9799,3.60578,0.00407,0.01658,600.0,44.838
359,12.1011,Twilight 19:00,3.0,1,-0.02402,0.0201,2.56126,0.56126,-0.02402,-0.9799,3.60578,0.00407,0.01658,600.0,44.838
360,12.1348,Twilight 19:00,3.0,1,-0.02402,0.0201,2.56126,0.56126,-0.02402,-0.9799,3.60578,0.00407,0.01658,600.0,44.838
361,12.1685,Twilight 19:00,3.0,1,-0.02402,0.0201,2.56126,0.56126,-0.02402,-0.9799,3.60578,0.00407,0.01658,600.0,44.838
362,12.2022,Twilight 19:00,3.0,1,-0.02402,0.0201,2.56126,0.56126,-0.02402,-0.9799,3.60578,0.00407,0.01658,600.0,44.841
363,12.236,Twilight 19:00,3.0,1,-0.02918,0.02058,2.66708,0.66708,-0.02918,-0.97942,3.51713,0.00373,0.01869,576.0,44.836
364,12.2697,Twilight 19:00,3.0,1,-0.02918,0.02058,2.66708,0.66708,-0.02918,-0.97942,3.51713,0.00373,0.01869,576.0,44.826
365,12.3034,Twilight 19:00,3.0,1,-0.02609,0.02099,2.78203,0.78203,-0.02609,-0.97901,3.39002,0.00204,0.01498,552.0,44.831
366,12.3371,Twilight 19:00,3.0,1,-0.02609,0.02099,2.78203,0.78203,-0.02609,-0.97901,3.39002,0.00204,0.01498,552.0,44.828
367,12.3708,Twilight 19:00,3.0,1,-0.02609,0.02099,2.78203,0.78203,-0.02609,-0.97901,3.39002,0.00204,0.01498,552.0,44.831
368,12.4045,Twilight 19:00,3.0,1,-0.0261,0.02539,2.78258,0.78258,-0.0261,-0.97461,3.51638,0.0032,0.01597,529.0,44.83
369,12.4382,Twilight 19:00,3.0,1,-0.0261,0.02539,2.78258,0.78258,-0.0261,-0.97461,3.51638,0.0032,0.01597,529.0,44.831
370,12.4719,Twilight 19:00,3.0,1,-0.0261,0.02539,2.78258,0.78258,-0.0261,-0.97461,3.51638,0.0032,0.01597,529.0,44.827
371,12.5056,Twilight 19:00,3.0,1,-0.02621,0.02073,2.78021,0.78021,-0.02621,-0.97927,-3.58533,0.02366,0.05483,517.5,44.817
372,12.5393,Twilight 19:00,3.0,1,-0.0261,0.02159,2.78313,0.78313,-0.0261,-0.97841,3.6138,0.00415,0.01664,506.0,44.827
373,12.573,Twilight 19:00,3.0,1,-0.03183,0.02223,2.90873,0.90873,-0.03183,-0.97777,3.51828,0.00374,0.01873,484.0,44.824
374,12.6067,Twilight 19:00,3.0,1,-0.03183,0.02223,2.90873,0.90873,-0.03183,-0.97777,3.51828,0.00374,0.01873,484.0,44.815
375,12.6404,Twilight 19:00,3.0,1,-0.03183,0.02223,2.90873,0.90873,-0.03183,-0.97777,3.51828,0.00374,0.01873,484.0,44.816
376,12.6742,Twilight 19:00,3.0,1,-0.02858,0.02279,3.04623,1.04623,-0.02858,-0.97721,3.37611,0.00192,0.01491,462.0,44.812
377,12.7079,Twilight 19:00,3.0,1,-0.02858,0.02279,3.04623,1.04623,-0.02858,-0.97721,3.37611,0.00192,0.01491,462.0,44.817
378,12.7416,Twilight 19:00,3.0,1,-0.02858,0.02279,3.04623,1.04623,-0.02858,-0.97721,3.37611,0.00192,0.01491,462.0,44.811
379,12.7753,Twilight 19:00,3.0,1,-0.02858,0.02758,3.04678,1.04678,-0.02858,-0.97242,3.51748,0.00321,0.016,441.0,44.812
380,12.809,Twilight 19:00,3.0,1,-0.02858,0.02758,3.04678,1.04678,-0.02858,-0.97242,3.51748,0.00321,0.016,441.0,44.807
381,12.8427,Twilight 19:00,3.0,1,-0.02858,0.02758,3.04678,1.04678,-0.02858,-0.97242,3.51748,0.00321,0.016,441.0,44.808
382,12.8764,Twilight 19:00,3.0,1,-0.02858,0.02758,3.04678,1.04678,-0.02858,-0.97242,3.51748,0.00321,0.016,441.0,44.804
383,12.9101,Twilight 19:00,3.0,1,-0.02868,0.02294,3.04354,1.04354,-0.02868,-0.97706,-3.59112,0.0256,0.0624,430.5,44.803
384,12.9438,Twilight 19:00,3.0,1,-0.02859,0.0234,3.04733,1.04733,-0.02859,-0.9766,3.62293,0.00424,0.0167,420.0,44.804
385,12.9775,Twilight 19:00,3.0,1,-0.02859,0.0234,3.04733,1.04733,-0.02859,-0.9766,3.62293,0.00424,0.0167,420.0,44.794
386,13.0112,Twilight 19:00,3.0,1,-0.03501,0.02422,3.1988,1.1988,-0.03501,-0.97578,3.51933,0.00375,0.01876,400.0,44.795
387,13.0449,Twilight 19:00,3.0,1,-0.03501,0.02422,3.1988,1.1988,-0.03501,-0.97578,3.51933,0.00375,0.01876,400.0,44.799
388,13.0787,Twilight 19:00,3.0,1,-0.03501,0.02422,3.1988,1.1988,-0.03501,-0.97578,3.51933,0.00375,0.01876,400.0,44.797
389,13.1124,Twilight 19:00,3.0,1,-0.03501,0.02422,3.1988,1.1988,-0.03501,-0.97578,3.51933,0.00375,0.01876,400.0,44.798
390,13.1461,Twilight 19:00,3.0,1,-0.03158,0.02498,3.36612,1.36612,-0.03158,-0.97502,3.3576,0.00176,0.0148,380.0,44.797
391,13.1798,Twilight 19:00,3.0,1,-0.03158,0.02498,3.36612,1.36612,-0.03158,-0.97502,3.3576,0.00176,0.0148,380.0,44.801
392,13.2135,Twilight 19:00,3.0,1,-0.03159,0.03025,3.36669,1.36669,-0.03159,-0.96975,3.51848,0.00322,0.01603,361.0,44.801
393,13.2472,Twilight 19:00,3.0,1,-0.03159,0.03025,3.36669,1.36669,-0.03159,-0.96975,3.51848,0.00322,0.01603,361.0,44.801
394,13.2809,Twilight 19:00,3.0,1,-0.03159,0.03025,3.36669,1.36669,-0.03159,-0.96975,3.51848,0.00322,0.01603,361.0,44.801
395,13.3146,Twilight 19:00,3.0,1,-0.03159,0.03025,3.36669,1.36669,-0.03159,-0.96975,3.51848,0.00322,0.01603,361.0,44.797
396,13.3483,Twilight 19:00,3.0,1,-0.03159,0.03025,3.36669,1.36669,-0.03159,-0.96975,3.51848,0.00322,0.01603,361.0,44.785
397,13.382,Twilight 19:00,3.0,1,-0.03159,0.03025,3.36669,1.36669,-0.03159,-0.96975,3.51848,0.00322,0.01603,361.0,44.786
398,13.4157,Twilight 19:00,3.0,1,-0.03159,0.0256,3.36723,1.36723,-0.03159,-0.9744,3.63352,0.00435,0.01677,342.0,44.784
399,13.4494,Twilight 19:00,3.0,1,-0.03159,0.0256,3.36723,1.36723,-0.03159,-0.9744,3.63352,0.00435,0.01677,342.0,44.784
400,13.4831,Twilight 19:00,3.0,1,-0.0389,0.02668,3.5534,1.5534,-0.0389,-0.97332,3.52029,0.00377,0.0188,324.0,44.787
401,13.5169,Twilight 19:00,3.0,1,-0.0389,0.02668,3.5534,1.5534,-0.0389,-0.97332,3.52029,0.00377,0.0188,324.0,44.782
402,13.5506,Twilight 19:00,3.0,1,-0.0389,0.02668,3.5534,1.5534,-0.0389,-0.97332,3.52029,0.00377,0.0188,324.0,44.783
403,13.5843,Twilight 19:00,3.0,1,-0.0389,0.02668,3.5534,1.5534,-0.0389,-0.97332,3.52029,0.00377,0.0188,324.0,44.783
404,13.618,Twilight 19:00,3.0,1,-0.0353,0.02772,3.76138,1.76138,-0.0353,-0.97228,3.33178,0.00154,0.01459,306.0,44.785
405,13.6517,Twilight 19:00,3.0,1,-0.0353,0.02772,3.76138,1.76138,-0.0353,-0.97228,3.33178,0.00154,0.01459,306.0,44.787
406,13.6854,Twilight 19:00,3.0,1,-0.03713,0.02711,3.63097,1.63097,-0.03713,-0.97289,-2.81282,0.01856,0.10933,315.0,44.787
407,13.7191,Twilight 19:00,3.0,1,-0.03707,0.02978,3.61599,1.61599,-0.03707,-0.97022,-2.72811,-0.00128,0.16156,306.0,44.786
408,13.7528,Twilight 19:00,3.0,1,-0.03707,0.02978,3.61599,1.61599,-0.03707,-0.97022,-2.72811,-0.00128,0.16156,306.0,44.779
409,13.7865,Twilight 19:00,3.0,1,-0.03707,0.02978,3.61599,1.61599,-0.03707,-0.97022,-2.72811,-0.00128,0.16156,306.0,44.78
410,13.8202,Twilight 19:00,3.0,1,-0.03707,0.02978,3.61599,1.61599,-0.03707,-0.97022,-2.72811,-0.00128,0.16156,306.0,44.773
411,13.8539,Twilight 19:00,3.0,1,-0.03707,0.02978,3.61599,1.61599,-0.03707,-0.97022,-2.72811,-0.00128,0.16156,306.0,44.762
412,13.8876,Twilight 19:00,3.0,1,-0.03707,0.02978,3.61599,1.61599,-0.03707,-0.97022,-2.72811,-0.00128,0.16156,306.0,44.762
413,13.9213,Twilight 19:00,3.0,1,-0.0353,0.03358,3.76195,1.76195,-0.0353,-0.96642,3.51937,0.00323,0.01606,289.0,44.762
414,13.9551,Twilight 19:00,3.0,1,-0.0353,0.03358,3.76195,1.76195,-0.0353,-0.96642,3.51937,0.00323,0.01606,289.0,44.758
415,13.9888,Twilight 19:00,3.0,1,-0.03511,0.02883,3.75562,1.75562,-0.03511,-0.97117,-3.6048,-0.02302,-0.11655,280.5,44.759
416,14.0225,Twilight 19:00,3.0,1,-0.03511,0.02883,3.75562,1.75562,-0.03511,-0.97117,-3.6048,-0.02302,-0.11655,280.5,44.759
417,14.0562,Twilight 19:00,3.0,1,-0.03531,0.02835,3.76249,1.76249,-0.03531,-0.97165,3.64606,0.00448,0.01685,272.0,44.763
418,14.0899,Twilight 19:00,3.0,1,-0.03531,0.02835,3.76249,1.76249,-0.03531,-0.97165,3.64606,0.00448,0.01685,272.0,44.767
419,14.1236,Twilight 19:00,3.0,1,-0.0391,0.02688,3.85937,1.85937,-0.0391,-0.97312,2.66574,-0.02415,0.10356,264.0,44.769
420,14.1573,Twilight 19:00,3.0,1,-0.0391,0.02688,3.85937,1.85937,-0.0391,-0.97312,2.66574,-0.02415,0.10356,264.0,44.774
421,14.191,Twilight 19:00,3.0,1,-0.04376,0.02979,3.99675,1.99675,-0.04376,-0.97021,3.52114,0.00378,0.01883,256.0,44.774
422,14.2247,Twilight 19:00,3.0,1,-0.04376,0.02979,3.99675,1.99675,-0.04376,-0.97021,3.52114,0.00378,0.01883,256.0,44.775
423,14.2584,Twilight 19:00,3.0,1,-0.04,0.0312,4.26212,2.26212,-0.04,-0.9688,3.29247,0.00122,0.01417,240.0,44.775
424,14.2921,Twilight 19:00,3.0,1,-0.04,0.0312,4.26212,2.26212,-0.04,-0.9688,3.29247,0.00122,0.01417,240.0,44.775
425,14.3258,Twilight 19:00,3.0,1,-0.04,0.0312,4.26212,2.26212,-0.04,-0.9688,3.29247,0.00122,0.01417,240.0,44.776
426,14.3596,Twilight 19:00,3.0,1,-0.04001,0.03782,4.26271,2.26271,-0.04001,-0.96218,3.52017,0.00324,0.01608,225.0,44.774
427,14.3933,Twilight 19:00,3.0,1,-0.04001,0.03782,4.26271,2.26271,-0.04001,-0.96218,3.52017,0.00324,0.01608,225.0,44.774
428,14.427,Twilight 19:00,3.0,1,-0.04001,0.03782,4.26271,2.26271,-0.04001,-0.96218,3.52017,0.00324,0.01608,225.0,44.774
429,14.4607,Twilight 19:00,3.0,1,-0.04001,0.03782,4.26271,2.26271,-0.04001,-0.96218,3.52017,0.00324,0.01608,225.0,44.774
430,14.4944,Twilight 19:00,3.0,1,-0.04001,0.03782,4.26271,2.26271,-0.04001,-0.96218,3.52017,0.00324,0.01608,225.0,44.774
431,14.5281,Twilight 19:00,3.0,1,-0.04001,0.03782,4.26271,2.26271,-0.04001,-0.96218,3.52017,0.00324,0.01608,225.0,44.774
432,14.5618,Twilight 19:00,3.0,1,-0.04001,0.03782,4.26271,2.26271,-0.04001,-0.96218,3.52017,0.00324,0.01608,225.0,44.774
433,14.5955,Twilight 19:00,3.0,1,-0.04001,0.03782,4.26271,2.26271,-0.04001,-0.96218,3.52017,0.00324,0.01608,225.0,44.774
434,14.6292,Twilight 19:00,3.0,1,-0.04001,0.03782,4.26271,2.26271,-0.04001,-0.96218,3.52017,0.00324,0.01608,225.0,44.774
435,14.6629,Twilight 19:00,3.0,1,-0.04001,0.03782,4.26271,2.26271,-0.04001,-0.96218,3.52017,0.00324,0.01608,225.0,44.774
436,14.6966,Twilight 19:00,3.0,1,-0.04001,0.03782,4.26271,2.26271,-0.04001,-0.96218,3.52017,0.00324,0.01608,225.0,44.774
437,14.7303,Twilight 19:00,3.0,1,-0.04001,0.03782,4.26271,2.26271,-0.04001,-0.96218,3.52017,0.00324,0.01608,225.0,44.774
438,14.764,Twilight 19:00,3.0,1,-0.04001,0.03782,4.26271,2.26271,-0.04001,-0.96218,3.52017,0.00324,0.01608,225.0,44.774
439,14.7978,Twilight 19:00,3.0,1,-0.04001,0.03782,4.26271,2.26271,-0.04001,-0.96218,3.52017,0.00324,0.01608,225.0,44.774
440,14.8315,Twilight 19:00,3.0,1,-0.04001,0.03782,4.26271,2.26271,-0.04001,-0.96218,3.52017,0.00324,0.01608,225.0,44.774
441,14.8652,Twilight 19:00,3.0,1,-0.04001,0.03782,4.26271,2.26271,-0.04001,-0.96218,3.52017,0.00324,0.01608,225.0,44.774
442,14.8989,Twilight 19:00,3.0,1,-0.04001,0.03782,4.26271,2.26271,-0.04001,-0.96218,3.52017,0.00324,0.01608,225.0,44.774
443,14.9326,Twilight 19:00,3.0,1,-0.04001,0.03782,4.26271,2.26271,-0.04001,-0.96218,3.52017,0.00324,0.01608,225.0,44.774
444,14.9663,Twilight 19:00,3.0,1,-0.04001,0.03782,4.26271,2.26271,-0.04001,-0.96218,3.52017,0.00324,0.01608,225.0,44.774
445,15.0,Twilight 19:00,3.0,1,-0.04001,0.03782,4.26271,2.26271,-0.04001,-0.96218,3.52017,0.00324,0.01608,225.0,44.774
446,15.0337,Twilight 19:00,3.0,1,-0.04001,0.03782,4.26271,2.26271,-0.04001,-0.96218,3.52017,0.00324,0.01608,225.0,44.774
447,15.0674,Twilight 19:00,3.0,1,-0.04001,0.03782,4.26271,2.26271,-0.04001,-0.96218,3.52017,0.00324,0.01608,225.0,44.774
448,15.1011,Twilight 19:00,3.0,1,-0.04001,0.03782,4.26271,2.26271,-0.04001,-0.96218,3.52017,0.00324,0.01608,225.0,44.774
449,15.1348,Twilight 19:00,3.0,1,-0.04001,0.03782,4.26271,2.26271,-0.04001,-0.96218,3.52017,0.00324,0.01608,225.0,44.774
450,15.1685,Twilight 19:00,3.0,1,-0.04001,0.03782,4.26271,2.26271,-0.04001,-0.96218,3.52017,0.00324,0.01608,225.0,44.774
451,15.2022,Twilight 19:00,3.0,1,-0.04001,0.03782,4.26271,2.26271,-0.04001,-0.96218,3.52017,0.00324,0.01608,225.0,44.774
452,15.236,Twilight 19:00,3.0,1,-0.04001,0.03782,4.26271,2.26271,-0.04001,-0.96218,3.52017,0.00324,0.01608,225.0,44.774
453,15.2697,Twilight 19:00,3.0,1,-0.04001,0.03782,4.26271,2.26271,-0.04001,-0.96218,3.52017,0.00324,0.01608,225.0,44.774
454,15.3034,Twilight 19:00,3.0,1,-0.04001,0.03782,4.26271,2.26271,-0.04001,-0.96218,3.52017,0.00324,0.01608,225.0,44.774
455,15.3371,Twilight 19:00,3.0,1,-0.04001,0.03782,4.26271,2.26271,-0.04001,-0.96218,3.52017,0.00324,0.01608,225.0,44.774
456,15.3708,Twilight 19:00,3.0,1,-0.04001,0.03782,4.26271,2.26271,-0.04001,-0.96218,3.52017,0.00324,0.01608,225.0,44.774
457,15.4045,Twilight 19:00,3.0,1,-0.04001,0.03782,4.26271,2.26271,-0.04001,-0.96218,3.52017,0.00324,0.01608,225.0,44.774
458,15.4382,Twilight 19:00,3.0,1,-0.04001,0.03782,4.26271,2.26271,-0.04001,-0.96218,3.52017,0.00324,0.01608,225.0,44.774
459,15.4719,Twilight 19:00,3.0,1,-0.04001,0.03782,4.26271,2.26271,-0.04001,-0.96218,3.52017,0.00324,0.01608,225.0,44.774
460,15.5056,Twilight 19:00,3.0,1,-0.04001,0.03782,4.26271,2.26271,-0.04001,-0.96218,3.52017,0.00324,0.01608,225.0,44.774
461,15.5393,Twilight 19:00,3.0,1,-0.04001,0.03782,4.26271,2.26271,-0.04001,-0.96218,3.52017,0.00324,0.01608,225.0,44.774
462,15.573,Twilight 19:00,3.0,1,-0.04001,0.03782,4.26271,2.26271,-0.04001,-0.96218,3.52017,0.00324,0.01608,225.0,44.774
463,15.6067,Twilight 19:00,3.0,1,-0.04001,0.03782,4.26271,2.26271,-0.04001,-0.96218,3.52017,0.00324,0.01608,225.0,44.774
464,15.6404,Twilight 19:00,3.0,1,-0.04001,0.03782,4.26271,2.26271,-0.04001,-0.96218,3.52017,0.00324,0.01608,225.0,44.774
465,15.6742,Twilight 19:00,3.0,1,-0.04001,0.03782,4.26271,2.26271,-0.04001,-0.96218,3.52017,0.00324,0.01608,225.0,44.774
466,15.7079,Twilight 19:00,3.0,1,-0.04001,0.03782,4.26271,2.26271,-0.04001,-0.96218,3.52017,0.00324,0.01608,225.0,44.774
467,15.7416,Twilight 19:00,3.0,1,-0.04001,0.03782,4.26271,2.26271,-0.04001,-0.96218,3.52017,0.00324,0.01608,225.0,44.774
468,15.7753,Twilight 19:00,3.0,1,-0.04001,0.03782,4.26271,2.26271,-0.04001,-0.96218,3.52017,0.00324,0.01608,225.0,44.774
469,15.809,Twilight 19:00,3.0,1,-0.04001,0.03782,4.26271,2.26271,-0.04001,-0.96218,3.52017,0.00324,0.01608,225.0,44.774
470,15.8427,Twilight 19:00,3.0,1,-0.04001,0.03782,4.26271,2.26271,-0.04001,-0.96218,3.52017,0.00324,0.01608,225.0,44.774
471,15.8764,Twilight 19:00,3.0,1,-0.04001,0.03782,4.26271,2.26271,-0.04001,-0.96218,3.52017,0.00324,0.01608,225.0,44.774
472,15.9101,Twilight 19:00,3.0,1,-0.04001,0.03782,4.26271,2.26271,-0.04001,-0.96218,3.52017,0.00324,0.01608,225.0,44.774
473,15.9438,Twilight 19:00,3.0,1,-0.04001,0.03782,4.26271,2.26271,-0.04001,-0.96218,3.52017,0.00324,0.01608,225.0,44.774
474,15.9775,Twilight 19:00,3.0,1,-0.04001,0.03782,4.26271,2.26271,-0.04001,-0.96218,3.52017,0.00324,0.01608,225.0,44.774
475,16.0112,Twilight 19:00,3.0,1,-0.04001,0.03782,4.26271,2.26271,-0.04001,-0.96218,3.52017,0.00324,0.01608,225.0,44.774
476,16.0449,Twilight 19:00,3.0,1,-0.04001,0.03782,4.26271,2.26271,-0.04001,-0.96218,3.52017,0.00324,0.01608,225.0,44.774
477,16.0787,Twilight 19:00,3.0,1,-0.04001,0.03782,4.26271,2.26271,-0.04001,-0.96218,3.52017,0.00324,0.01608,225.0,44.774
478,16.1124,Twilight 19:00,3.0,1,-0.04001,0.03782,4.26271,2.26271,-0.04001,-0.96218,3.52017,0.00324,0.01608,225.0,44.774
479,16.1461,Twilight 19:00,3.0,1,-0.04001,0.03782,4.26271,2.26271,-0.04001,-0.96218,3.52017,0.00324,0.01608,225.0,44.774
480,16.1798,Twilight 19:00,3.0,1,-0.04001,0.03782,4.26271,2.26271,-0.04001,-0.96218,3.52017,0.00324,0.01608,225.0,44.774
481,16.2135,Twilight 19:00,3.0,1,-0.04001,0.03782,4.26271,2.26271,-0.04001,-0.96218,3.52017,0.00324,0.01608,225.0,44.774
482,16.2472,Twilight 19:00,3.0,1,-0.04001,0.03782,4.26271,2.26271,-0.04001,-0.96218,3.52017,0.00324,0.01608,225.0,44.774
483,16.2809,Twilight 19:00,3.0,1,-0.04001,0.03782,4.26271,2.26271,-0.04001,-0.96218,3.52017,0.00324,0.01608,225.0,44.774
484,16.3146,Twilight 19:00,3.0,1,-0.04001,0.03782,4.26271,2.26271,-0.04001,-0.96218,3.52017,0.00324,0.01608,225.0,44.774
485,16.3483,Twilight 19:00,3.0,1,-0.04001,0.03782,4.26271,2.26271,-0.04001,-0.96218,3.52017,0.00324,0.01608,225.0,44.774
486,16.382,Twilight 19:00,3.0,1,-0.04001,0.03782,4.26271,2.26271,-0.04001,-0.96218,3.52017,0.00324,0.01608,225.0,44.774
487,16.4157,Twilight 19:00,3.0,1,-0.04001,0.03782,4.26271,2.26271,-0.04001,-0.96218,3.52017,0.00324,0.01608,225.0,44.774
488,16.4494,Twilight 19:00,3.0,1,-0.04001,0.03782,4.26271,2.26271,-0.04001,-0.96218,3.52017,0.00324,0.01608,225.0,44.774
489,16.4831,Twilight 19:00,3.0,1,-0.04001,0.03782,4.26271,2.26271,-0.04001,-0.96218,3.52017,0.00324,0.01608,225.0,44.774
490,16.5169,Twilight 19:00,3.0,1,-0.04001,0.03782,4.26271,2.26271,-0.04001,-0.96218,3.52017,0.00324,0.01608,225.0,44.774
491,16.5506,Twilight 19:00,3.0,1,-0.04001,0.03782,4.26271,2.26271,-0.04001,-0.96218,3.52017,0.00324,0.01608,225.0,44.774
492,16.5843,Twilight 19:00,3.0,1,-0.05335,0.03783,4.26286,2.26286,-0.05335,-0.96217,3.52006,0.00432,0.02144,225.0,44.775
493,16.618,Twilight 19:00,3.0,1,-0.06878,0.03578,3.99761,1.99761,-0.06878,-0.96422,3.65157,0.00834,0.03085,240.0,44.762
494,16.6517,Twilight 19:00,3.0,1,-0.0938,0.03578,3.99811,1.99811,-0.0938,-0.96422,3.65122,0.01137,0.04206,240.0,44.755
495,16.6854,Twilight 19:00,3.0,1,-0.12007,0.03784,4.26421,2.26421,-0.12007,-0.96216,3.51898,0.00969,0.04821,225.0,44.766
496,16.7191,Twilight 19:00,3.0,1,-0.14678,0.03784,4.26504,2.26504,-0.14678,-0.96216,3.51831,0.01182,0.05891,225.0,44.773
497,16.7528,Twilight 19:00,3.0,1,-0.15642,0.0358,4.00006,2.00006,-0.15642,-0.9642,3.64984,0.0189,0.07006,240.0,44.762
498,16.7865,Twilight 19:00,3.0,1,-0.18149,0.03581,4.00111,2.00111,-0.18149,-0.96419,3.6491,0.0219,0.08124,240.0,44.752
499,16.8202,Twilight 19:00,3.0,1,-0.21363,0.03786,4.26784,2.26784,-0.21363,-0.96214,3.51606,0.01711,0.08559,225.0,44.765
500,16.8539,Twilight 19:00,3.0,1,-0.24042,0.03787,4.26926,2.26926,-0.24042,-0.96213,3.51493,0.0192,0.09624,225.0,44.772
501,16.8876,Twilight 19:00,3.0,1,-0.24427,0.03583,4.00442,2.00442,-0.24427,-0.96417,3.64676,0.02933,0.10913,240.0,44.76
502,16.9213,Twilight 19:00,3.0,1,-0.26944,0.03584,4.00602,2.00602,-0.26944,-0.96416,3.64564,0.03228,0.12026,240.0,44.756
503,16.9551,Twilight 19:00,3.0,1,-0.3075,0.0379,4.27351,2.27351,-0.3075,-0.9621,3.51151,0.02433,0.12276,225.0,44.771
504,16.9888,Twilight 19:00,3.0,1,-0.3344,0.03792,4.2755,2.2755,-0.3344,-0.96208,3.50991,0.02634,0.13333,225.0,44.777
505,17.0225,Twilight 19:00,3.0,1,-0.33248,0.03588,4.01068,2.01068,-0.33248,-0.96412,3.64235,0.03956,0.14799,240.0,44.761
506,17.0562,Twilight 19:00,3.0,1,-0.35777,0.0359,4.01282,2.01282,-0.35777,-0.9641,3.64084,0.04243,0.15904,240.0,44.753
507,17.0899,Twilight 19:00,3.0,1,-0.40182,0.03796,4.2812,2.2812,-0.40182,-0.96204,3.50531,0.03127,0.15963,225.0,44.769
508,17.1236,Twilight 19:00,3.0,1,-0.42886,0.03798,4.28377,2.28377,-0.42886,-0.96202,3.50323,0.03318,0.17009,225.0,44.77
509,17.1573,Twilight 19:00,3.0,1,-0.42116,0.03594,4.01883,2.01883,-0.42116,-0.96406,3.63659,0.04951,0.18656,240.0,44.756
510,17.191,Twilight 19:00,3.0,1,-0.44661,0.03596,4.02151,2.02151,-0.44661,-0.96404,3.6347,0.05229,0.19752,240.0,44.755
511,17.2247,Twilight 19:00,3.0,1,-0.4967,0.03803,4.2909,2.2909,-0.4967,-0.96197,3.49744,0.03783,0.1961,225.0,44.775
512,17.2584,Twilight 19:00,3.0,1,-0.52393,0.03805,4.29404,2.29404,-0.52393,-0.96195,3.49488,0.03962,0.20643,225.0,44.773
513,17.2921,Twilight 19:00,3.0,1,-0.51044,0.03602,4.02886,2.02886,-0.51044,-0.96398,3.62951,0.05911,0.22478,240.0,44.759
514,17.3258,Twilight 19:00,3.0,1,-0.53607,0.03604,4.03207,2.03207,-0.53607,-0.96396,3.62724,0.06179,0.23562,240.0,44.756
515,17.3596,Twilight 19:00,3.0,1,-0.59228,0.03812,4.3026,2.3026,-0.59228,-0.96188,3.48787,0.04393,0.23208,225.0,44.77
516,17.3933,Twilight 19:00,3.0,1,-0.61973,0.03814,4.3063,2.3063,-0.61973,-0.96186,3.48482,0.04557,0.24225,225.0,44.771
517,17.427,Twilight 19:00,3.0,1,-0.60043,0.03611,4.04075,2.04075,-0.60043,-0.96389,3.6211,0.06831,0.26256,240.0,44.756
518,17.4607,Twilight 19:00,3.0,1,-0.62629,0.03614,4.04449,2.04449,-0.62629,-0.96386,3.61846,0.07084,0.27326,240.0,44.754
519,17.4944,Twilight 19:00,3.0,0,0.0,0.0,0.0,0.0,0.0,0.0,0.0,0.0,0.0,0.0,44.771
520,17.5281,Twilight 19:00,3.0,1,-0.71046,0.03353,4.28649,2.28649,-0.71046,-0.96647,2.82984,-0.00922,0.42178,232.5,44.771
521,17.5618,Twilight 19:00,3.0,1,-0.69126,0.03621,4.0545,2.0545,-0.69126,-0.96379,3.61137,0.07701,0.29984,240.0,44.755
522,17.5955,Twilight 19:00,3.0,1,-0.71739,0.03624,4.05876,2.05876,-0.71739,-0.96376,3.60835,0.0794,0.31038,240.0,44.755
523,17.6292,Twilight 19:00,3.0,0,0.0,0.0,0.0,0.0,0.0,0.0,0.0,0.0,0.0,0.0,44.766
524,17.6629,Twilight 19:00,3.0,1,-0.81407,0.03836,4.33674,2.33674,-0.81407,-0.96164,3.45941,0.05562,0.3119,225.0,44.764
525,17.6966,Twilight 19:00,3.0,1,-0.78305,0.03633,4.07007,2.07007,-0.78305,-0.96367,3.60033,0.08516,0.33654,240.0,44.749
526,17.7303,Twilight 19:00,3.0,1,-0.80947,0.03637,4.07485,2.07485,-0.80947,-0.96363,3.59694,0.08738,0.34691,240.0,44.753
527,17.764,Twilight 19:00,3.0,0,0.0,0.0,0.0,0.0,0.0,0.0,0.0,0.0,0.0,0.0,44.766
528,17.7978,Twilight 19:00,3.0,1,-0.91285,0.0385,4.35486,2.35486,-0.91285,-0.9615,3.44392,0.05951,0.3455,225.0,44.763
529,17.8315,Twilight 19:00,3.0,1,-0.87591,0.03646,4.08745,2.08745,-0.87591,-0.96354,3.58798,0.09268,0.37259,240.0,44.747
530,17.8652,Twilight 19:00,3.0,1,-0.90265,0.0365,4.09274,2.09274,-0.90265,-0.9635,3.58421,0.09471,0.38276,240.0,44.753
531,17.8989,Twilight 19:00,3.0,0,0.0,0.0,0.0,0.0,0.0,0.0,0.0,0.0,0.0,0.0,44.764
532,17.9326,Twilight 19:00,3.0,1,-1.05407,0.03982,4.55196,2.55196,-1.05407,-0.96018,3.25398,0.0264,0.40242,225.0,44.757
533,17.9663,Twilight 19:00,3.0,1,-0.96995,0.03661,4.10662,2.10662,-0.96995,-0.96339,3.57431,0.09952,0.40793,240.0,44.74
534,18.0,Twilight 19:00,3.0,1,-0.99705,0.03665,4.11242,2.11242,-0.99705,-0.96335,3.57017,0.10133,0.41788,240.0,44.744
535,18.0337,Twilight 19:00,3.0,1,-1.07171,0.03406,4.33756,2.33756,-1.07171,-0.96594,2.84964,-0.01605,0.58272,232.5,44.754
536,18.0674,Twilight 19:00,3.0,1,-1.06855,0.03591,4.23051,2.23051,-1.06855,-0.96409,2.68992,-0.09176,0.45151,232.5,44.752
537,18.1011,Twilight 19:00,3.0,1,-1.06529,0.03676,4.12755,2.12755,-1.06529,-0.96324,3.55933,0.10559,0.44247,240.0,44.739
538,18.1348,Twilight 19:00,3.0,1,-1.10459,0.03257,4.18932,2.18932,-1.10459,-0.96743,2.78505,-0.0627,0.09735,240.0,44.745
539,18.1685,Twilight 19:00,3.0,1,-1.18754,0.03891,4.4136,2.4136,-1.18754,-0.96109,3.3914,0.06509,0.43095,225.0,44.755
540,18.2022,Twilight 19:00,3.0,1,-1.13424,0.03688,4.14356,2.14356,-1.13424,-0.96312,3.54782,0.10942,0.46663,240.0,44.748
541,18.236,Twilight 19:00,3.0,1,-1.16203,0.03693,4.15021,2.15021,-1.16203,-0.96307,3.54302,0.11083,0.47616,240.0,44.738
542,18.2697,Twilight 19:00,3.0,1,-1.29746,0.03975,4.55679,2.55679,-1.29746,-0.96025,3.19693,0.02022,0.4729,225.0,44.744
543,18.3034,Twilight 19:00,3.0,1,-1.32586,0.03973,4.55626,2.55626,-1.32586,-0.96027,3.19235,0.01845,0.42252,225.0,44.754
544,18.3371,Twilight 19:00,3.0,1,-1.33112,0.03949,4.50092,2.50092,-1.33112,-0.96051,3.29973,0.04641,0.43881,240.0,44.744
545,18.3708,Twilight 19:00,3.0,1,-1.35865,0.03948,4.49906,2.49906,-1.35865,-0.96052,3.2982,0.04928,0.52623,240.0,44.732
546,18.4045,Twilight 19:00,3.0,1,-1.36741,0.03923,4.45972,2.45972,-1.36741,-0.96077,3.34856,0.06337,0.47427,225.0,44.74
547,18.4382,Twilight 19:00,3.0,1,-1.39711,0.03927,4.46547,2.46547,-1.39711,-0.96073,3.34061,0.06301,0.48637,225.0,44.749
548,18.4719,Twilight 19:00,3.0,1,-1.33144,0.03726,4.19301,2.19301,-1.33144,-0.96274,3.5119,0.11766,0.5317,240.0,44.738
549,18.5056,Twilight 19:00,3.0,1,-1.45604,0.03942,4.49566,2.49566,-1.45604,-0.96058,3.28515,0.04942,0.54438,240.0,44.732
550,18.5393,Twilight 19:00,3.0,1,-1.47361,0.03941,4.48568,2.48568,-1.47361,-0.96059,3.31915,0.06052,0.50359,225.0,44.74
551,18.573,Twilight 19:00,3.0,1,-1.50447,0.03946,4.49401,2.49401,-1.50447,-0.96054,3.30995,0.05921,0.50994,225.0,44.744
552,18.6067,Twilight 19:00,3.0,1,-1.43251,0.03746,4.22023,2.22023,-1.43251,-0.96254,3.49184,0.12026,0.56265,240.0,44.735
553,18.6404,Twilight 19:00,3.0,1,-1.48941,0.03816,4.30791,2.30791,-1.48941,-0.96184,3.47375,0.10772,0.48062,240.0,44.725
554,18.6742,Twilight 19:00,3.0,1,-1.58228,0.0396,4.51538,2.51538,-1.58228,-0.9604,3.28509,0.05496,0.52396,225.0,44.734
555,18.7079,Twilight 19:00,3.0,1,-1.56878,0.03474,4.39987,2.39987,-1.56878,-0.96526,2.85807,-0.01329,0.85579,232.5,44.741
556,18.7416,Twilight 19:00,3.0,1,-1.53538,0.03768,4.24912,2.24912,-1.53538,-0.96232,3.47031,0.12173,0.59232,240.0,44.729
557,18.7753,Twilight 19:00,3.0,1,-1.56512,0.03774,4.25769,2.25769,-1.56512,-0.96226,3.46379,0.12192,0.60077,240.0,44.722
558,18.809,Twilight 19:00,3.0,0,0.0,0.0,0.0,0.0,0.0,0.0,0.0,0.0,0.0,0.0,44.72
559,18.8427,Twilight 19:00,3.0,1,-1.64951,-0.0127,4.48655,2.48655,-1.64951,-1.0127,3.24275,0.03869,0.54214,240.0,44.703
560,18.8764,Twilight 19:00,3.0,1,-1.56472,-0.03115,4.2565,2.2565,-1.56472,-1.03115,2.94489,-0.04345,0.48616,256.0,44.695
561,18.9101,Twilight 19:00,3.0,1,-1.64748,-0.05154,4.48109,2.48109,-1.64748,-1.05154,3.27134,0.04641,0.56965,240.0,44.702
562,18.9438,Twilight 19:00,3.0,0,0.0,0.0,0.0,0.0,0.0,0.0,0.0,0.0,0.0,0.0,44.709
563,18.9775,Twilight 19:00,3.0,1,-1.63562,-0.09974,4.44863,2.44863,-1.63562,-1.09974,-3.06427,-0.02918,-0.49199,248.0,44.704
564,19.0112,Twilight 19:00,3.0,1,-1.56246,-0.11722,4.25011,2.25011,-1.56246,-1.11722,2.96215,-0.04539,0.43538,256.0,44.695
565,19.0449,Twilight 19:00,3.0,1,-1.56447,-0.13625,4.25579,2.25579,-1.56447,-1.13625,2.74775,-0.09668,0.44731,240.0,44.705
566,19.0787,Twilight 19:00,3.0,0,0.0,0.0,0.0,0.0,0.0,0.0,0.0,0.0,0.0,0.0,44.71
567,19.1124,Twilight 19:00,3.0,1,-1.56003,-0.17845,4.24338,2.24338,-1.56003,-1.17845,2.96935,-0.04724,0.40378,256.0,44.702
568,19.1461,Twilight 19:00,3.0,1,-1.55897,-0.20287,4.24043,2.24043,-1.55897,-1.20287,2.97154,-0.04799,0.39223,256.0,44.697
569,19.1798,Twilight 19:00,3.0,1,-1.5634,-0.22231,4.25278,2.25278,-1.5634,-1.22231,2.76722,-0.09727,0.42541,240.0,44.708
570,19.2135,Twilight 19:00,3.0,0,0.0,0.0,0.0,0.0,0.0,0.0,0.0,0.0,0.0,0.0,44.712
571,19.2472,Twilight 19:00,3.0,1,-1.55616,-0.26377,4.23269,2.23269,-1.55616,-1.26377,2.97599,-0.04979,0.36581,256.0,44.704
572,19.2809,Twilight 19:00,3.0,1,-1.55501,-0.28806,4.22952,2.22952,-1.55501,-1.28806,2.97748,-0.05047,0.35612,256.0,44.7
573,19.3146,Twilight 19:00,3.0,1,-1.5619,-0.30816,4.24859,2.24859,-1.5619,-1.30816,2.78488,-0.09774,0.4038,240.0,44.714
574,19.3483,Twilight 19:00,3.0,1,-1.55211,-0.34862,4.22154,2.22154,-1.55211,-1.34862,2.98073,-0.05201,0.3338,256.0,44.709
575,19.382,Twilight 19:00,3.0,1,-1.55211,-0.34862,4.22154,2.22154,-1.55211,-1.34862,2.98073,-0.05201,0.3338,256.0,44.709
576,19.4157,Twilight 19:00,3.0,1,-1.55095,-0.37278,4.21835,2.21835,-1.55095,-1.37278,2.9819,-0.05257,0.32555,256.0,44.705
577,19.4494,Twilight 19:00,3.0,1,-1.56004,-0.39375,4.24342,2.24342,-1.56004,-1.39375,2.80087,-0.09808,0.38276,240.0,44.715
578,19.4831,Twilight 19:00,3.0,0,0.0,0.0,0.0,0.0,0.0,0.0,0.0,0.0,0.0,0.0,44.719
579,19.5169,Twilight 19:00,3.0,1,-1.54808,-0.43303,4.21045,2.21045,-1.54808,-1.43303,2.9846,-0.05383,0.30639,256.0,44.71
580,19.5506,Twilight 19:00,3.0,1,-1.54695,-0.45707,4.20733,2.20733,-1.54695,-1.45707,2.98562,-0.05428,0.29926,256.0,44.708
581,19.5843,Twilight 19:00,3.0,1,-1.55788,-0.47905,4.23745,2.23745,-1.55788,-1.47905,2.81534,-0.09829,0.3625,240.0,44.719
582,19.618,Twilight 19:00,3.0,0,0.0,0.0,0.0,0.0,0.0,0.0,0.0,0.0,0.0,0.0,44.72
583,19.6517,Twilight 19:00,3.0,1,-1.54415,-0.51703,4.19966,2.19966,-1.54415,-1.51703,2.98805,-0.05528,0.28258,256.0,44.709
584,19.6854,Twilight 19:00,3.0,1,-1.54306,-0.54095,4.19666,2.19666,-1.54306,-1.54095,2.98899,-0.05563,0.27632,256.0,44.707
585,19.7191,Twilight 19:00,3.0,1,-1.5555,-0.56402,4.23088,2.23088,-1.5555,-1.56402,2.82846,-0.09837,0.34314,240.0,44.719
586,19.7528,Twilight 19:00,3.0,0,0.0,0.0,0.0,0.0,0.0,0.0,0.0,0.0,0.0,0.0,44.72
587,19.7865,Twilight 19:00,3.0,1,-1.54037,-0.60064,4.18929,2.18929,-1.54037,-1.60064,2.99128,-0.05638,0.26162,256.0,44.709
588,19.8202,Twilight 19:00,3.0,1,-1.53932,-0.62447,4.18641,2.18641,-1.53932,-1.62447,2.99217,-0.05665,0.25608,256.0,44.709
589,19.8539,Twilight 19:00,3.0,1,-1.55295,-0.64867,4.22387,2.22387,-1.55295,-1.64867,2.84042,-0.09833,0.32477,240.0,44.718
590,19.8876,Twilight 19:00,3.0,0,0.0,0.0,0.0,0.0,0.0,0.0,0.0,0.0,0.0,0.0,44.718
591,19.9213,Twilight 19:00,3.0,1,-1.53676,-0.68392,4.17938,2.17938,-1.53676,-1.68392,2.99438,-0.0572,0.243,256.0,44.707
592,19.9551,Twilight 19:00,3.0,1,-1.53576,-0.70765,4.17664,2.17664,-1.53576,-1.70765,2.99525,-0.05738,0.23806,256.0,44.709
593,19.9888,Twilight 19:00,3.0,1,-1.5503,-0.73298,4.21657,2.21657,-1.5503,-1.73298,2.85135,-0.09816,0.30741,240.0,44.717
594,20.0225,Twilight 19:00,3.0,0,0.0,0.0,0.0,0.0,0.0,0.0,0.0,0.0,0.0,0.0,44.718
595,20.0562,Twilight 19:00,3.0,1,-1.53332,-0.76687,4.16996,2.16996,-1.53332,-1.76687,2.9974,-0.05776,0.22633,256.0,44.706
596,20.0899,Twilight 19:00,3.0,1,-1.54759,-0.81697,4.20912,2.20912,-1.54759,-1.81697,2.86139,-0.09788,0.29106,240.0,44.716
597,20.1236,Twilight 19:00,3.0,1,-1.54681,-0.84091,4.20698,2.20698,-1.54681,-1.84091,2.86412,-0.09777,0.28657,240.0,44.715
598,20.1573,Twilight 19:00,3.0,1,-1.53005,-0.84955,4.16101,2.16101,-1.53005,-1.84955,3.00037,-0.05811,0.21129,256.0,44.705
599,20.191,Twilight 19:00,3.0,1,-1.53005,-0.84955,4.16101,2.16101,-1.53005,-1.84955,3.00037,-0.05811,0.21129,256.0,44.705
600,20.2247,Twilight 19:00,3.0,1,-1.52915,-0.87312,4.15854,2.15854,-1.52915,-1.87312,3.0012,-0.05818,0.20726,256.0,44.705
601,20.2584,Twilight 19:00,3.0,1,-1.54485,-0.90064,4.20162,2.20162,-1.54485,-1.90064,2.87067,-0.09748,0.2757,240.0,44.715
602,20.2921,Twilight 19:00,3.0,1,-1.54407,-0.92449,4.19947,2.19947,-1.54407,-1.92449,2.87319,-0.09735,0.27148,240.0,44.713
603,20.3258,Twilight 19:00,3.0,1,-1.52696,-0.93197,4.15254,2.15254,-1.52696,-1.93197,3.00328,-0.05828,0.19766,256.0,44.703
604,20.3596,Twilight 19:00,3.0,1,-1.52611,-0.95547,4.15021,2.15021,-1.52611,-1.95547,3.00411,-0.0583,0.194,256.0,44.703
605,20.3933,Twilight 19:00,3.0,1,-1.54213,-0.98402,4.19413,2.19413,-1.54213,-1.98402,2.87927,-0.09699,0.26128,240.0,44.714
606,20.427,Twilight 19:00,3.0,1,-1.54135,-1.00779,4.19201,2.19201,-1.54135,-2.00779,2.88162,-0.09683,0.25733,240.0,44.71
607,20.4607,Twilight 19:00,3.0,1,-1.52404,-1.01415,4.14453,2.14453,-1.52404,-2.01415,3.00615,-0.05829,0.18526,256.0,44.7
608,20.4944,Twilight 19:00,3.0,1,-1.52323,-1.0376,4.14233,2.14233,-1.52323,-2.0376,3.00696,-0.05827,0.18192,256.0,44.703
609,20.5281,Twilight 19:00,3.0,1,-1.53943,-1.06711,4.18673,2.18673,-1.53943,-2.06711,2.88729,-0.0964,0.24776,240.0,44.715
610,20.5618,Twilight 19:00,3.0,1,-1.52127,-1.09613,4.13697,2.13697,-1.52127,-2.09613,3.00898,-0.05817,0.17392,256.0,44.699
611,20.5955,Twilight 19:00,3.0,1,-1.52051,-1.11952,4.13488,2.13488,-1.52051,-2.11952,3.00978,-0.05811,0.17086,256.0,44.7
612,20.6292,Twilight 19:00,3.0,1,-1.52051,-1.11952,4.13488,2.13488,-1.52051,-2.11952,3.00978,-0.05811,0.17086,256.0,44.7
613,20.6629,Twilight 19:00,3.0,1,-1.53678,-1.14995,4.17947,2.17947,-1.53678,-2.14995,2.8948,-0.09574,0.23509,240.0,44.711
614,20.6966,Twilight 19:00,3.0,1,-1.51866,-1.17793,4.12982,2.12982,-1.51866,-2.17793,3.01176,-0.05793,0.16353,256.0,44.696
615,20.7303,Twilight 19:00,3.0,1,-1.51866,-1.17793,4.12982,2.12982,-1.51866,-2.17793,3.01176,-0.05793,0.16353,256.0,44.696
616,20.764,Twilight 19:00,3.0,1,-1.51794,-1.20127,4.12786,2.12786,-1.51794,-2.20127,3.01254,-0.05784,0.16072,256.0,44.698
617,20.7978,Twilight 19:00,3.0,1,-1.53419,-1.23254,4.17237,2.17237,-1.53419,-2.23254,2.90185,-0.09499,0.22321,240.0,44.71
618,20.8315,Twilight 19:00,3.0,1,-1.51689,-1.23625,4.12497,2.12497,-1.51689,-2.23625,3.01371,-0.0577,0.15663,256.0,44.701
619,20.8652,Twilight 19:00,3.0,1,-1.5162,-1.25955,4.12308,2.12308,-1.5162,-2.25955,3.01449,-0.0576,0.15398,256.0,44.694
620,20.8989,Twilight 19:00,3.0,0,0.0,0.0,0.0,0.0,0.0,0.0,0.0,0.0,0.0,0.0,44.704
621,20.9326,Twilight 19:00,3.0,1,-1.51453,-1.31777,4.1185,2.1185,-1.51453,-2.31777,3.0164,-0.05731,0.14762,256.0,44.696
622,20.9663,Twilight 19:00,3.0,1,-1.57115,-1.39729,4.29017,2.29017,-1.57115,-2.39729,3.1224,-0.01053,0.03132,240.0,44.7
623,21.0,Twilight 19:00,3.0,1,-1.48698,-1.34002,4.1136,2.1136,-1.48698,-2.34002,3.0156,-0.05688,0.14406,256.0,44.694
624,21.0337,Twilight 19:00,3.0,1,-1.485,-1.35903,4.18111,2.18111,-1.485,-2.35903,-3.28358,0.06844,-0.29463,248.0,44.705
625,21.0674,Twilight 19:00,3.0,1,-1.485,-1.35903,4.18111,2.18111,-1.485,-2.35903,-3.28358,0.06844,-0.29463,248.0,44.705
626,21.1011,Twilight 19:00,3.0,1,-1.50354,-1.39686,4.28883,2.28883,-1.50354,-2.39686,3.12151,-0.01054,0.0313,240.0,44.715
627,21.1348,Twilight 19:00,3.0,1,-1.46046,-1.37491,4.23535,2.23535,-1.46046,-2.37491,-2.30954,-0.00659,-0.65553,240.5,44.706
628,21.1685,Twilight 19:00,3.0,1,-1.38739,-1.35319,4.1631,2.1631,-1.38739,-2.35319,-3.29249,0.06716,-0.28815,248.0,44.712
629,21.2022,Twilight 19:00,3.0,1,-1.40891,-1.39622,4.28685,2.28685,-1.40891,-2.39622,3.12019,-0.01052,0.03115,240.0,44.72
630,21.236,Twilight 19:00,3.0,1,-1.32786,-1.33554,4.10855,2.10855,-1.32786,-2.33554,2.9541,-0.04083,-0.01569,240.0,44.712
631,21.2697,Twilight 19:00,3.0,1,-1.32786,-1.33554,4.10855,2.10855,-1.32786,-2.33554,2.9541,-0.04083,-0.01569,240.0,44.712
632,21.3034,Twilight 19:00,3.0,1,-1.29975,-1.3329,4.09165,2.09165,-1.29975,-2.3329,3.0048,-0.05401,0.13458,256.0,44.707
633,21.3371,Twilight 19:00,3.0,1,-1.31434,-1.39554,4.28476,2.28476,-1.31434,-2.39554,3.11881,-0.01043,0.03084,240.0,44.725
634,21.3708,Twilight 19:00,3.0,1,-1.31434,-1.39554,4.28476,2.28476,-1.31434,-2.39554,3.11881,-0.01043,0.03084,240.0,44.725
635,21.4045,Twilight 19:00,3.0,1,-1.20689,-1.32937,4.08079,2.08079,-1.20689,-2.32937,2.9996,-0.05209,0.12877,256.0,44.714
636,21.4382,Twilight 19:00,3.0,1,-1.20689,-1.32937,4.08079,2.08079,-1.20689,-2.32937,2.9996,-0.05209,0.12877,256.0,44.714
637,21.4719,Twilight 19:00,3.0,1,-1.21983,-1.39483,4.28257,2.28257,-1.21983,-2.39483,3.11736,-0.01029,0.03033,240.0,44.73
638,21.5056,Twilight 19:00,3.0,1,-1.13337,-1.31528,4.04603,2.04603,-1.13337,-2.31528,-3.35125,0.08879,-0.08041,248.0,44.719
639,21.5393,Twilight 19:00,3.0,1,-1.13337,-1.31528,4.04603,2.04603,-1.13337,-2.31528,-3.35125,0.08879,-0.08041,248.0,44.719
640,21.573,Twilight 19:00,3.0,1,-1.14586,-1.38348,4.25657,2.25657,-1.14586,-2.38348,-3.25571,0.04886,0.01031,232.5,44.73
641,21.6067,Twilight 19:00,3.0,1,-1.1254,-1.39409,4.28029,2.28029,-1.1254,-2.39409,3.11587,-0.01007,0.0296,240.0,44.736
642,21.6404,Twilight 19:00,3.0,1,-1.04218,-1.31208,4.03614,2.03614,-1.04218,-2.31208,-3.35595,0.08412,-0.06951,248.0,44.724
643,21.6742,Twilight 19:00,3.0,1,-1.0228,-1.32257,4.05984,2.05984,-1.0228,-2.32257,2.98981,-0.04727,0.11511,256.0,44.723
644,21.7079,Twilight 19:00,3.0,1,-1.05799,-1.39355,4.27861,2.27861,-1.05799,-2.39355,3.11478,-0.00986,0.02893,240.0,44.735
645,21.7416,Twilight 19:00,3.0,1,-1.03105,-1.39333,4.27794,2.27794,-1.03105,-2.39333,3.11434,-0.00976,0.02863,240.0,44.74
646,21.7753,Twilight 19:00,3.0,1,-0.95158,-1.30909,4.02693,2.02693,-0.95158,-2.30909,-3.36033,0.07909,-0.05797,248.0,44.728
647,21.809,Twilight 19:00,3.0,1,-0.93159,-1.31937,4.04997,2.04997,-0.93159,-2.31937,2.98531,-0.04437,0.10731,256.0,44.728
648,21.8427,Twilight 19:00,3.0,1,-0.96371,-1.39278,4.27624,2.27624,-0.96371,-2.39278,3.11323,-0.00948,0.02777,240.0,44.739
649,21.8764,Twilight 19:00,3.0,1,-0.93679,-1.39256,4.27556,2.27556,-0.93679,-2.39256,3.11279,-0.00936,0.02738,240.0,44.744
650,21.9101,Twilight 19:00,3.0,1,-0.86155,-1.30635,4.01848,2.01848,-0.86155,-2.30635,-3.36433,0.07372,-0.04582,248.0,44.73
651,21.9438,Twilight 19:00,3.0,1,-0.84092,-1.31635,4.04066,2.04066,-0.84092,-2.31635,2.98111,-0.04117,0.09893,256.0,44.73
652,21.9775,Twilight 19:00,3.0,1,-0.86953,-1.392,4.27385,2.27385,-0.86953,-2.392,3.11169,-0.00901,0.02632,240.0,44.745
653,22.0112,Twilight 19:00,3.0,1,-0.86953,-1.392,4.27385,2.27385,-0.86953,-2.392,3.11169,-0.00901,0.02632,240.0,44.745
654,22.0449,Twilight 19:00,3.0,1,-0.77206,-1.30389,4.01087,2.01087,-0.77206,-2.30389,-3.36793,0.06803,-0.0331,248.0,44.733
655,22.0787,Twilight 19:00,3.0,1,-0.77206,-1.30389,4.01087,2.01087,-0.77206,-2.30389,-3.36793,0.06803,-0.0331,248.0,44.733
656,22.1124,Twilight 19:00,3.0,1,-0.77546,-1.39124,4.2715,2.2715,-0.77546,-2.39124,3.11018,-0.00844,0.02457,240.0,44.749
657,22.1461,Twilight 19:00,3.0,1,-0.7486,-1.39103,4.27084,2.27084,-0.7486,-2.39103,3.10976,-0.00825,0.02402,240.0,44.749
658,22.1798,Twilight 19:00,3.0,1,-0.68305,-1.30171,4.00416,2.00416,-0.68305,-2.30171,-3.37109,0.06204,-0.01986,248.0,44.736
659,22.2135,Twilight 19:00,3.0,1,-0.66434,-1.31478,4.0445,2.0445,-0.66434,-2.31478,-3.35062,0.03925,-0.20615,248.0,44.739
660,22.2472,Twilight 19:00,3.0,1,-0.66434,-1.31478,4.0445,2.0445,-0.66434,-2.31478,-3.35062,0.03925,-0.20615,248.0,44.739
661,22.2809,Twilight 19:00,3.0,1,-0.65468,-1.3903,4.26859,2.26859,-0.65468,-2.3903,3.10833,-0.00753,0.02187,240.0,44.752
662,22.3146,Twilight 19:00,3.0,1,-0.59448,-1.29986,3.99843,1.99843,-0.59448,-2.29986,-3.37378,0.05579,-0.00615,248.0,44.738
663,22.3483,Twilight 19:00,3.0,1,-0.57413,-1.31111,4.03318,2.03318,-0.57413,-2.31111,-3.35614,0.03365,-0.19241,248.0,44.741
664,22.382,Twilight 19:00,3.0,1,-0.57413,-1.31111,4.03318,2.03318,-0.57413,-2.31111,-3.35614,0.03365,-0.19241,248.0,44.741
665,22.4157,Twilight 19:00,3.0,1,-0.56088,-1.38962,4.2665,2.2665,-0.56088,-2.38962,3.107,-0.00671,0.01943,240.0,44.752
666,22.4494,Twilight 19:00,3.0,1,-0.5063,-1.29833,3.99372,1.99372,-0.5063,-2.29833,-3.37597,0.0493,0.00799,248.0,44.74
667,22.4831,Twilight 19:00,3.0,1,-0.48456,-1.30782,4.02302,2.02302,-0.48456,-2.30782,-3.3611,0.0277,-0.17821,248.0,44.745
668,22.5169,Twilight 19:00,3.0,1,-0.49395,-1.38917,4.26512,2.26512,-0.49395,-2.38917,3.10613,-0.00605,0.0175,240.0,44.758
669,22.5506,Twilight 19:00,3.0,1,-0.46719,-1.389,4.2646,2.2646,-0.46719,-2.389,3.10581,-0.00577,0.0167,240.0,44.753
670,22.5843,Twilight 19:00,3.0,1,-0.42007,-1.30536,4.00681,2.00681,-0.42007,-2.30536,2.96634,-0.02255,0.05299,256.0,44.741
671,22.618,Twilight 19:00,3.0,1,-0.39555,-1.30491,4.01405,2.01405,-0.39555,-2.30491,-3.36549,0.02145,-0.16362,248.0,44.747
672,22.6517,Twilight 19:00,3.0,1,-0.40034,-1.38862,4.26341,2.26341,-0.40034,-2.38862,3.10505,-0.00505,0.01458,240.0,44.759
673,22.6854,Twilight 19:00,3.0,1,-0.37361,-1.38847,4.26297,2.26297,-0.37361,-2.38847,3.10478,-0.00475,0.0137,240.0,44.753
674,22.7191,Twilight 19:00,3.0,1,-0.33191,-1.30388,4.00223,2.00223,-0.33191,-2.30388,2.96439,-0.01803,0.04224,256.0,44.741
675,22.7528,Twilight 19:00,3.0,1,-0.33191,-1.30388,4.00223,2.00223,-0.33191,-2.30388,2.96439,-0.01803,0.04224,256.0,44.741
676,22.7865,Twilight 19:00,3.0,1,-0.30682,-1.38816,4.26198,2.26198,-0.30682,-2.38816,3.10416,-0.00396,0.01143,240.0,44.759
677,22.8202,Twilight 19:00,3.0,1,-0.30682,-1.38816,4.26198,2.26198,-0.30682,-2.38816,3.10416,-0.00396,0.01143,240.0,44.759
678,22.8539,Twilight 19:00,3.0,1,-0.28012,-1.38804,4.26164,2.26164,-0.28012,-2.38804,3.10394,-0.00364,0.01049,240.0,44.753
679,22.8876,Twilight 19:00,3.0,1,-0.21891,-1.3003,3.9998,1.9998,-0.21891,-2.3003,-3.37248,0.00825,-0.13357,248.0,44.749
680,22.9213,Twilight 19:00,3.0,1,-0.21891,-1.3003,3.9998,1.9998,-0.21891,-2.3003,-3.37248,0.00825,-0.13357,248.0,44.749
681,22.9551,Twilight 19:00,3.0,1,-0.21339,-1.3878,4.2609,2.2609,-0.21339,-2.3878,3.10348,-0.0028,0.00808,240.0,44.758
682,22.9888,Twilight 19:00,3.0,1,-0.1867,-1.38772,4.26065,2.26065,-0.1867,-2.38772,3.10333,-0.00246,0.00709,240.0,44.751
683,23.0225,Twilight 19:00,3.0,1,-0.13112,-1.2986,3.99455,1.99455,-0.13112,-2.2986,-3.37507,0.00138,-0.11826,248.0,44.75
684,23.0562,Twilight 19:00,3.0,1,-0.13112,-1.2986,3.99455,1.99455,-0.13112,-2.2986,-3.37507,0.00138,-0.11826,248.0,44.75
685,23.0899,Twilight 19:00,3.0,1,-0.09318,-1.37976,4.24507,2.24507,-0.09318,-2.37976,-3.26167,0.00867,0.11389,232.5,44.75
686,23.1236,Twilight 19:00,3.0,1,-0.06876,-1.30146,3.99477,1.99477,-0.06876,-2.30146,2.96125,-0.00381,0.00887,256.0,44.742
687,23.1573,Twilight 19:00,3.0,1,-0.04357,-1.29731,3.99057,1.99057,-0.04357,-2.29731,-3.37706,-0.00561,-0.10285,248.0,44.749
688,23.191,Twilight 19:00,3.0,1,-0.04357,-1.29731,3.99057,1.99057,-0.04357,-2.29731,-3.37706,-0.00561,-0.10285,248.0,44.749
689,23.2247,Twilight 19:00,3.0,1,-0.00625,-1.29593,3.99496,1.99496,-0.00625,-2.29593,2.85515,-0.0005,0.00101,240.0,44.752
690,23.2584,Twilight 19:00,3.0,1,-0.00625,-1.29593,3.99496,1.99496,-0.00625,-2.29593,2.85515,-0.0005,0.00101,240.0,44.752
691,23.2921,Twilight 19:00,3.0,1,-0.0061,-1.25066,3.98915,1.98915,-0.0061,-2.25066,-3.38272,-0.009,-0.09765,248.0,44.746
692,23.3258,Twilight 19:00,3.0,1,-0.0061,-1.25066,3.98915,1.98915,-0.0061,-2.25066,-3.38272,-0.009,-0.09765,248.0,44.746
693,23.3596,Twilight 19:00,3.0,1,-0.00625,-1.21502,3.99505,1.99505,-0.00625,-2.21502,2.84531,-0.00051,0.00107,240.0,44.752
694,23.3933,Twilight 19:00,3.0,1,-0.00625,-1.19191,3.99508,1.99508,-0.00625,-2.19191,2.8424,-0.00051,0.00108,240.0,44.756
695,23.427,Twilight 19:00,3.0,1,-0.00625,-1.19191,3.99508,1.99508,-0.00625,-2.19191,2.8424,-0.00051,0.00108,240.0,44.756
696,23.4607,Twilight 19:00,3.0,1,-0.0061,-1.16979,3.98897,1.98897,-0.0061,-2.16979,-3.39188,-0.0097,-0.10016,248.0,44.744
697,23.4944,Twilight 19:00,3.0,1,-0.00625,-1.15109,3.99457,1.99457,-0.00625,-2.15109,2.94684,-0.00036,0.00091,256.0,44.74
698,23.5281,Twilight 19:00,3.0,0,0.0,0.0,0.0,0.0,0.0,0.0,0.0,0.0,0.0,0.0,44.756
699,23.5618,Twilight 19:00,3.0,0,0.0,0.0,0.0,0.0,0.0,0.0,0.0,0.0,0.0,0.0,44.756
700,23.5955,Twilight 19:00,3.0,1,-0.00625,-1.07018,3.99466,1.99466,-0.00625,-2.07018,2.9384,-0.00037,0.00097,256.0,44.741
701,23.6292,Twilight 19:00,3.0,1,-0.00625,-1.0532,3.99525,1.99525,-0.00625,-2.0532,2.82404,-0.00052,0.00118,240.0,44.754
702,23.6629,Twilight 19:00,3.0,1,-0.00625,-1.03008,3.99528,1.99528,-0.00625,-2.03008,2.82082,-0.00052,0.00119,240.0,44.755
703,23.6966,Twilight 19:00,3.0,1,-0.00625,-1.01239,3.99473,1.99473,-0.00625,-2.01239,2.93201,-0.00038,0.00102,256.0,44.743
704,23.7303,Twilight 19:00,3.0,1,-0.00625,-0.98928,3.99476,1.99476,-0.00625,-1.98928,2.92936,-0.00038,0.00104,256.0,44.742
705,23.764,Twilight 19:00,3.0,1,-0.00625,-0.97229,3.99535,1.99535,-0.00625,-1.97229,2.81257,-0.00053,0.00123,240.0,44.756
706,23.7978,Twilight 19:00,3.0,1,-0.00625,-0.94917,3.99538,1.99538,-0.00625,-1.94917,2.80918,-0.00053,0.00125,240.0,44.755
707,23.8315,Twilight 19:00,3.0,1,-0.00625,-0.94917,3.99538,1.99538,-0.00625,-1.94917,2.80918,-0.00053,0.00125,240.0,44.755
708,23.8652,Twilight 19:00,3.0,1,-0.00625,-0.93148,3.99483,1.99483,-0.00625,-1.93148,2.92252,-0.00038,0.00109,256.0,44.743
709,23.8989,Twilight 19:00,3.0,1,-0.00625,-0.89137,3.99547,1.99547,-0.00625,-1.89137,2.8005,-0.00053,0.00129,240.0,44.756
710,23.9326,Twilight 19:00,3.0,1,-0.00625,-0.86825,3.9955,1.9955,-0.00625,-1.86825,2.79694,-0.00053,0.00131,240.0,44.755
711,23.9663,Twilight 19:00,3.0,1,-0.00625,-0.85058,3.99494,1.99494,-0.00625,-1.85058,2.91237,-0.00039,0.00116,256.0,44.742
712,24.0,Twilight 19:00,3.0,1,-0.00625,-0.82746,3.99497,1.99497,-0.00625,-1.82746,2.90934,-0.00039,0.00118,256.0,44.744
713,24.0337,Twilight 19:00,3.0,1,-0.00625,-0.81045,3.99559,1.99559,-0.00625,-1.81045,2.78781,-0.00054,0.00136,240.0,44.757
714,24.0674,Twilight 19:00,3.0,1,-0.00625,-0.78733,3.99562,1.99562,-0.00625,-1.78733,2.78407,-0.00054,0.00138,240.0,44.754
715,24.1011,Twilight 19:00,3.0,1,-0.00625,-0.76967,3.99505,1.99505,-0.00625,-1.76967,2.90151,-0.0004,0.00124,256.0,44.741
716,24.1348,Twilight 19:00,3.0,1,-0.00625,-0.74655,3.99509,1.99509,-0.00625,-1.74655,2.89827,-0.0004,0.00126,256.0,44.744
717,24.1685,Twilight 19:00,3.0,1,-0.00625,-0.72953,3.99571,1.99571,-0.00625,-1.72953,2.77448,-0.00054,0.00142,240.0,44.755
718,24.2022,Twilight 19:00,3.0,1,-0.00625,-0.70641,3.99575,1.99575,-0.00625,-1.70641,2.77054,-0.00054,0.00144,240.0,44.751
719,24.236,Twilight 19:00,3.0,1,-0.00625,-0.68875,3.99518,1.99518,-0.00625,-1.68875,2.88989,-0.0004,0.00132,256.0,44.74
720,24.2697,Twilight 19:00,3.0,1,-0.00625,-0.66564,3.99522,1.99522,-0.00625,-1.66564,2.88642,-0.00041,0.00135,256.0,44.745
721,24.3034,Twilight 19:00,3.0,1,-0.00625,-0.66564,3.99522,1.99522,-0.00625,-1.66564,2.88642,-0.00041,0.00135,256.0,44.745
722,24.3371,Twilight 19:00,3.0,1,-0.00625,-0.64861,3.99584,1.99584,-0.00625,-1.64861,2.76047,-0.00055,0.00149,240.0,44.757
723,24.3708,Twilight 19:00,3.0,1,-0.00625,-0.60784,3.99531,1.99531,-0.00625,-1.60784,2.87746,-0.00041,0.00141,256.0,44.74
724,24.4045,Twilight 19:00,3.0,1,-0.00943,-0.59797,4.09772,2.09772,-0.00943,-1.59797,-2.63976,-0.01348,-0.13109,248.0,44.745
725,24.4382,Twilight 19:00,3.0,1,-0.00625,-0.56769,3.99598,1.99598,-0.00625,-1.56769,2.74578,-0.00055,0.00156,240.0,44.756
726,24.4719,Twilight 19:00,3.0,1,-0.00625,-0.54456,3.99602,1.99602,-0.00625,-1.54456,2.74146,-0.00055,0.00158,240.0,44.751
727,24.5056,Twilight 19:00,3.0,1,-0.00625,-0.52692,3.99546,1.99546,-0.00625,-1.52692,2.86419,-0.00042,0.0015,256.0,44.741
728,24.5393,Twilight 19:00,3.0,1,-0.00942,-0.51487,4.09678,2.09678,-0.00942,-1.51487,-2.66611,-0.01468,-0.13416,248.0,44.746
729,24.573,Twilight 19:00,3.0,1,-0.00625,-0.48676,3.99612,1.99612,-0.00625,-1.48676,2.73039,-0.00055,0.00163,240.0,44.757
730,24.6067,Twilight 19:00,3.0,1,-0.00625,-0.46363,3.99617,1.99617,-0.00625,-1.46363,2.72586,-0.00055,0.00165,240.0,44.751
731,24.6404,Twilight 19:00,3.0,1,-0.00625,-0.446,3.99561,1.99561,-0.00625,-1.446,2.85002,-0.00042,0.00159,256.0,44.74
732,24.6742,Twilight 19:00,3.0,1,-0.00941,-0.43181,4.09592,2.09592,-0.00941,-1.43181,-2.69166,-0.01596,-0.13697,248.0,44.746
733,24.7079,Twilight 19:00,3.0,1,-0.00625,-0.40582,3.99627,1.99627,-0.00625,-1.40582,2.71427,-0.00055,0.0017,240.0,44.755
734,24.7416,Twilight 19:00,3.0,1,-0.00625,-0.3827,3.99632,1.99632,-0.00625,-1.3827,2.70953,-0.00055,0.00172,240.0,44.746
735,24.7753,Twilight 19:00,3.0,1,-0.00625,-0.36508,3.99577,1.99577,-0.00625,-1.36508,2.83492,-0.00042,0.00169,256.0,44.739
736,24.809,Twilight 19:00,3.0,1,-0.0094,-0.34879,4.09515,2.09515,-0.0094,-1.34879,-2.71635,-0.01732,-0.13948,248.0,44.746
737,24.8427,Twilight 19:00,3.0,1,-0.00625,-0.32488,3.99643,1.99643,-0.00625,-1.32488,2.69742,-0.00055,0.00177,240.0,44.757
738,24.8764,Twilight 19:00,3.0,1,-0.00608,-0.3039,3.98779,1.98779,-0.00608,-1.3039,-3.53051,-0.02081,-0.12471,248.0,44.746
739,24.9101,Twilight 19:00,3.0,1,-0.00625,-0.28416,3.99594,1.99594,-0.00625,-1.28416,2.81885,-0.00043,0.00179,256.0,44.739
740,24.9438,Twilight 19:00,3.0,1,-0.00637,-0.26356,3.98845,1.98845,-0.00637,-1.26356,-3.54077,0.02465,0.10002,248.0,44.746
741,24.9775,Twilight 19:00,3.0,1,-0.00625,-0.24394,3.99659,1.99659,-0.00625,-1.24394,2.67983,-0.00055,0.00184,240.0,44.755
742,25.0112,Twilight 19:00,3.0,1,-0.00608,-0.22312,3.98783,1.98783,-0.00608,-1.22312,-3.54792,-0.02218,-0.12626,248.0,44.744
743,25.0449,Twilight 19:00,3.0,1,-0.00625,-0.20322,3.99611,1.99611,-0.00625,-1.20322,2.80179,-0.00043,0.00189,256.0,44.737
744,25.0787,Twilight 19:00,3.0,1,-0.00637,-0.18277,3.98854,1.98854,-0.00637,-1.18277,-3.55861,0.0259,0.10098,248.0,44.746
745,25.1124,Twilight 19:00,3.0,1,-0.00625,-0.16299,3.99676,1.99676,-0.00625,-1.16299,2.6615,-0.00055,0.00191,240.0,44.753
746,25.1461,Twilight 19:00,3.0,1,-0.00608,-0.14235,3.98791,1.98791,-0.00608,-1.14235,-3.56615,-0.02358,-0.1276,248.0,44.74
747,25.1798,Twilight 19:00,3.0,1,-0.00625,-0.12229,3.9963,1.9963,-0.00625,-1.12229,2.78373,-0.00043,0.00199,256.0,44.733
748,25.2135,Twilight 19:00,3.0,1,-0.00625,-0.10517,3.99688,1.99688,-0.00625,-1.10517,2.64795,-0.00055,0.00196,240.0,44.74
749,25.2472,Twilight 19:00,3.0,1,-0.00625,-0.08204,3.99692,1.99692,-0.00625,-1.08204,2.64243,-0.00055,0.00198,240.0,44.749
750,25.2809,Twilight 19:00,3.0,1,-0.00637,-0.0596,3.989,1.989,-0.00637,-1.0596,3.6171,0.0298,-0.10294,248.0,44.736
751,25.3146,Twilight 19:00,3.0,1,-0.00625,-0.04135,3.99648,1.99648,-0.00625,-1.04135,2.76465,-0.00042,0.0021,256.0,44.73
752,25.3483,Twilight 19:00,3.0,1,-0.00625,-0.02421,3.99705,1.99705,-0.00625,-1.02421,2.62835,-0.00055,0.00203,240.0,44.738
753,25.382,Twilight 19:00,3.0,1,-0.00625,0.00108,3.9971,1.9971,-0.00625,-0.99892,3.66056,0.00076,0.00286,240.0,44.753
754,25.4157,Twilight 19:00,3.0,1,-0.00625,0.01822,3.99654,1.99654,-0.00625,-0.98178,3.52417,0.00054,0.00271,256.0,44.743
755,25.4494,Twilight 19:00,3.0,1,-0.00625,0.02978,3.99651,1.99651,-0.00625,-0.97022,3.52134,0.00054,0.00269,256.0,44.745
756,25.4831,Twilight 19:00,3.0,1,-0.00625,0.02978,3.99651,1.99651,-0.00625,-0.97022,3.52134,0.00054,0.00269,256.0,44.745
757,25.5169,Twilight 19:00,3.0,1,-0.00625,0.02978,3.99651,1.99651,-0.00625,-0.97022,3.52134,0.00054,0.00269,256.0,44.745
758,25.5506,Twilight 19:00,3.0,1,-0.00625,0.02978,3.99651,1.99651,-0.00625,-0.97022,3.52134,0.00054,0.00269,256.0,44.745
759,25.5843,Twilight 19:00,3.0,1,-0.00625,0.02978,3.99651,1.99651,-0.00625,-0.97022,3.52134,0.00054,0.00269,256.0,44.745
760,25.618,Twilight 19:00,3.0,1,-0.00625,0.02978,3.99651,1.99651,-0.00625,-0.97022,3.52134,0.00054,0.00269,256.0,44.745
761,25.6517,Twilight 19:00,3.0,1,-0.00625,0.02978,3.99651,1.99651,-0.00625,-0.97022,3.52134,0.00054,0.00269,256.0,44.745
762,25.6854,Twilight 19:00,3.0,1,-0.00625,0.02978,3.99651,1.99651,-0.00625,-0.97022,3.52134,0.00054,0.00269,256.0,44.745
763,25.7191,Twilight 19:00,3.0,1,-0.00625,0.02978,3.99651,1.99651,-0.00625,-0.97022,3.52134,0.00054,0.00269,256.0,44.745
764,25.7528,Twilight 19:00,3.0,1,-0.00625,0.02978,3.99651,1.99651,-0.00625,-0.97022,3.52134,0.00054,0.00269,256.0,44.745
765,25.7865,Twilight 19:00,3.0,1,-0.00625,0.02978,3.99651,1.99651,-0.00625,-0.97022,3.52134,0.00054,0.00269,256.0,44.745
766,25.8202,Twilight 19:00,3.0,1,-0.00625,0.02978,3.99651,1.99651,-0.00625,-0.97022,3.52134,0.00054,0.00269,256.0,44.745
767,25.8539,Twilight 19:00,3.0,1,-0.00625,0.02978,3.99651,1.99651,-0.00625,-0.97022,3.52134,0.00054,0.00269,256.0,44.745
768,25.8876,Twilight 19:00,3.0,1,-0.00625,0.02978,3.99651,1.99651,-0.00625,-0.97022,3.52134,0.00054,0.00269,256.0,44.745
769,25.9213,Twilight 19:00,3.0,1,-0.00625,0.02978,3.99651,1.99651,-0.00625,-0.97022,3.52134,0.00054,0.00269,256.0,44.745
770,25.9551,Twilight 19:00,3.0,1,-0.00625,0.02978,3.99651,1.99651,-0.00625,-0.97022,3.52134,0.00054,0.00269,256.0,44.745
771,25.9888,Twilight 19:00,3.0,1,-0.00625,0.02978,3.99651,1.99651,-0.00625,-0.97022,3.52134,0.00054,0.00269,256.0,44.745
772,26.0225,Twilight 19:00,3.0,1,-0.00625,0.02978,3.99651,1.99651,-0.00625,-0.97022,3.52134,0.00054,0.00269,256.0,44.745
773,26.0562,Twilight 19:00,3.0,1,-0.00625,0.02978,3.99651,1.99651,-0.00625,-0.97022,3.52134,0.00054,0.00269,256.0,44.745
774,26.0899,Twilight 19:00,3.0,1,-0.00625,0.02978,3.99651,1.99651,-0.00625,-0.97022,3.52134,0.00054,0.00269,256.0,44.745
775,26.1236,Twilight 19:00,3.0,1,-0.00625,0.02978,3.99651,1.99651,-0.00625,-0.97022,3.52134,0.00054,0.00269,256.0,44.745
776,26.1573,Twilight 19:00,3.0,1,-0.00625,0.02978,3.99651,1.99651,-0.00625,-0.97022,3.52134,0.00054,0.00269,256.0,44.745
777,26.191,Twilight 19:00,3.0,1,-0.00625,0.02978,3.99651,1.99651,-0.00625,-0.97022,3.52134,0.00054,0.00269,256.0,44.745
778,26.2247,Twilight 19:00,3.0,1,-0.00625,0.02978,3.99651,1.99651,-0.00625,-0.97022,3.52134,0.00054,0.00269,256.0,44.745
779,26.2584,Twilight 19:00,3.0,1,-0.00625,0.02978,3.99651,1.99651,-0.00625,-0.97022,3.52134,0.00054,0.00269,256.0,44.745
780,26.2921,Twilight 19:00,3.0,1,-0.00625,0.02978,3.99651,1.99651,-0.00625,-0.97022,3.52134,0.00054,0.00269,256.0,44.745
781,26.3258,Twilight 19:00,3.0,1,-0.00625,0.02978,3.99651,1.99651,-0.00625,-0.97022,3.52134,0.00054,0.00269,256.0,44.745
782,26.3596,Twilight 19:00,3.0,1,-0.00625,0.02978,3.99651,1.99651,-0.00625,-0.97022,3.52134,0.00054,0.00269,256.0,44.745
783,26.3933,Twilight 19:00,3.0,1,-0.00625,0.02978,3.99651,1.99651,-0.00625,-0.97022,3.52134,0.00054,0.00269,256.0,44.745
784,26.427,Twilight 19:00,3.0,1,-0.00625,0.02978,3.99651,1.99651,-0.00625,-0.97022,3.52134,0.00054,0.00269,256.0,44.745
785,26.4607,Twilight 19:00,3.0,1,-0.00625,0.02978,3.99651,1.99651,-0.00625,-0.97022,3.52134,0.00054,0.00269,256.0,44.745
786,26.4944,Twilight 19:00,3.0,1,-0.00625,0.02978,3.99651,1.99651,-0.00625,-0.97022,3.52134,0.00054,0.00269,256.0,44.745
787,26.5281,Twilight 19:00,3.0,1,-0.00625,0.02978,3.99651,1.99651,-0.00625,-0.97022,3.52134,0.00054,0.00269,256.0,44.745
788,26.5618,Twilight 19:00,3.0,1,-0.00625,0.02978,3.99651,1.99651,-0.00625,-0.97022,3.52134,0.00054,0.00269,256.0,44.745
789,26.5955,Twilight 19:00,3.0,1,-0.00625,0.02978,3.99651,1.99651,-0.00625,-0.97022,3.52134,0.00054,0.00269,256.0,44.745
790,26.6292,Twilight 19:00,3.0,1,-0.00625,0.02978,3.99651,1.99651,-0.00625,-0.97022,3.52134,0.00054,0.00269,256.0,44.745
791,26.6629,Twilight 19:00,3.0,1,-0.00625,0.02978,3.99651,1.99651,-0.00625,-0.97022,3.52134,0.00054,0.00269,256.0,44.745
792,26.6966,Twilight 19:00,3.0,1,-0.00625,0.02978,3.99651,1.99651,-0.00625,-0.97022,3.52134,0.00054,0.00269,256.0,44.745
793,26.7303,Twilight 19:00,3.0,1,-0.00625,0.02978,3.99651,1.99651,-0.00625,-0.97022,3.52134,0.00054,0.00269,256.0,44.745
794,26.764,Twilight 19:00,3.0,1,-0.00625,0.02978,3.99651,1.99651,-0.00625,-0.97022,3.52134,0.00054,0.00269,256.0,44.745
795,26.7978,Twilight 19:00,3.0,1,-0.00625,0.02978,3.99651,1.99651,-0.00625,-0.97022,3.52134,0.00054,0.00269,256.0,44.745
796,26.8315,Twilight 19:00,3.0,1,-0.00625,0.02978,3.99651,1.99651,-0.00625,-0.97022,3.52134,0.00054,0.00269,256.0,44.745
797,26.8652,Twilight 19:00,3.0,1,-0.00625,0.02978,3.99651,1.99651,-0.00625,-0.97022,3.52134,0.00054,0.00269,256.0,44.745
798,26.8989,Twilight 19:00,3.0,1,-0.00625,0.02978,3.99651,1.99651,-0.00625,-0.97022,3.52134,0.00054,0.00269,256.0,44.745
799,26.9326,Twilight 19:00,3.0,1,-0.00625,0.02978,3.99651,1.99651,-0.00625,-0.97022,3.52134,0.00054,0.00269,256.0,44.745
800,26.9663,Twilight 19:00,3.0,1,-0.00625,0.02978,3.99651,1.99651,-0.00625,-0.97022,3.52134,0.00054,0.00269,256.0,44.745
801,27.0,Twilight 19:00,3.0,1,-0.00625,0.02978,3.99651,1.99651,-0.00625,-0.97022,3.52134,0.00054,0.00269,256.0,44.745
802,27.0337,Twilight 19:00,3.0,1,-0.00625,0.02978,3.99651,1.99651,-0.00625,-0.97022,3.52134,0.00054,0.00269,256.0,44.745
803,27.0674,Twilight 19:00,3.0,1,-0.00625,0.02978,3.99651,1.99651,-0.00625,-0.97022,3.52134,0.00054,0.00269,256.0,44.745
804,27.1011,Twilight 19:00,3.0,1,-0.00625,0.02978,3.99651,1.99651,-0.00625,-0.97022,3.52134,0.00054,0.00269,256.0,44.745
805,27.1348,Twilight 19:00,3.0,1,-0.00625,0.02978,3.99651,1.99651,-0.00625,-0.97022,3.52134,0.00054,0.00269,256.0,44.745
806,27.1685,Twilight 19:00,3.0,1,-0.00625,0.02978,3.99651,1.99651,-0.00625,-0.97022,3.52134,0.00054,0.00269,256.0,44.745
807,27.2022,Twilight 19:00,3.0,1,-0.00625,0.02978,3.99651,1.99651,-0.00625,-0.97022,3.52134,0.00054,0.00269,256.0,44.745
808,27.236,Twilight 19:00,3.0,1,-0.00625,0.02978,3.99651,1.99651,-0.00625,-0.97022,3.52134,0.00054,0.00269,256.0,44.745
809,27.2697,Twilight 19:00,3.0,1,-0.00625,0.02978,3.99651,1.99651,-0.00625,-0.97022,3.52134,0.00054,0.00269,256.0,44.745
810,27.3034,Twilight 19:00,3.0,1,-0.00625,0.02978,3.99651,1.99651,-0.00625,-0.97022,3.52134,0.00054,0.00269,256.0,44.745
811,27.3371,Twilight 19:00,3.0,1,-0.00625,0.02978,3.99651,1.99651,-0.00625,-0.97022,3.52134,0.00054,0.00269,256.0,44.745
812,27.3708,Twilight 19:00,3.0,1,-0.00625,0.02978,3.99651,1.99651,-0.00625,-0.97022,3.52134,0.00054,0.00269,256.0,44.745
813,27.4045,Twilight 19:00,3.0,1,-0.00625,0.02978,3.99651,1.99651,-0.00625,-0.97022,3.52134,0.00054,0.00269,256.0,44.745
814,27.4382,Twilight 19:00,3.0,1,-0.00625,0.02978,3.99651,1.99651,-0.00625,-0.97022,3.52134,0.00054,0.00269,256.0,44.745
815,27.4719,Twilight 19:00,3.0,1,-0.00625,0.02978,3.99651,1.99651,-0.00625,-0.97022,3.52134,0.00054,0.00269,256.0,44.745
816,27.5056,Twilight 19:00,3.0,1,-0.00625,0.02978,3.99651,1.99651,-0.00625,-0.97022,3.52134,0.00054,0.00269,256.0,44.745
817,27.5393,Twilight 19:00,3.0,1,-0.00625,0.02978,3.99651,1.99651,-0.00625,-0.97022,3.52134,0.00054,0.00269,256.0,44.745
818,27.573,Twilight 19:00,3.0,1,-0.00625,0.02978,3.99651,1.99651,-0.00625,-0.97022,3.52134,0.00054,0.00269,256.0,44.745
819,27.6067,Twilight 19:00,3.0,1,-0.00625,0.02978,3.99651,1.99651,-0.00625,-0.97022,3.52134,0.00054,0.00269,256.0,44.745
820,27.6404,Twilight 19:00,3.0,1,-0.00625,0.02978,3.99651,1.99651,-0.00625,-0.97022,3.52134,0.00054,0.00269,256.0,44.745
821,27.6742,Twilight 19:00,3.0,1,-0.00625,0.02978,3.99651,1.99651,-0.00625,-0.97022,3.52134,0.00054,0.00269,256.0,44.744
822,27.7079,Twilight 19:00,3.0,1,-0.00625,0.02978,3.99651,1.99651,-0.00625,-0.97022,3.52134,0.00054,0.00269,256.0,44.744
823,27.7416,Twilight 19:00,3.0,1,-0.00625,0.02978,3.99651,1.99651,-0.00625,-0.97022,3.52134,0.00054,0.00269,256.0,44.745
824,27.7753,Twilight 19:00,3.0,1,-0.00625,0.02978,3.99651,1.99651,-0.00625,-0.97022,3.52134,0.00054,0.00269,256.0,44.75
825,27.809,Twilight 19:00,3.0,1,-0.00625,0.02978,3.99651,1.99651,-0.00625,-0.97022,3.52134,0.00054,0.00269,256.0,44.751
826,27.8427,Twilight 19:00,3.0,1,-0.00625,0.02978,3.99651,1.99651,-0.00625,-0.97022,3.52134,0.00054,0.00269,256.0,44.757
827,27.8764,Twilight 19:00,3.0,1,-0.00625,0.02978,3.99651,1.99651,-0.00625,-0.97022,3.52134,0.00054,0.00269,256.0,44.768
828,27.9101,Twilight 19:00,3.0,1,-0.00625,0.02978,3.99651,1.99651,-0.00625,-0.97022,3.52134,0.00054,0.00269,256.0,44.778
829,27.9438,Twilight 19:00,3.0,1,-0.00625,0.02978,3.99651,1.99651,-0.00625,-0.97022,3.52134,0.00054,0.00269,256.0,44.783
830,27.9775,Twilight 19:00,3.0,1,-0.00625,0.02978,3.99651,1.99651,-0.00625,-0.97022,3.52134,0.00054,0.00269,256.0,44.789
831,28.0112,Twilight 19:00,3.0,1,-0.00625,0.02978,3.99651,1.99651,-0.00625,-0.97022,3.52134,0.00054,0.00269,256.0,44.793
832,28.0449,Twilight 19:00,3.0,0,0.0,0.0,0.0,0.0,0.0,0.0,0.0,0.0,0.0,0.0,44.8
833,28.0787,Twilight 19:00,3.0,0,0.0,0.0,0.0,0.0,0.0,0.0,0.0,0.0,0.0,0.0,44.8
834,28.1124,Twilight 19:00,3.0,0,0.0,0.0,0.0,0.0,0.0,0.0,0.0,0.0,0.0,0.0,44.796
835,28.1461,Twilight 19:00,3.0,0,0.0,0.0,0.0,0.0,0.0,0.0,0.0,0.0,0.0,0.0,44.788
836,28.1798,Twilight 19:00,3.0,0,0.0,0.0,0.0,0.0,0.0,0.0,0.0,0.0,0.0,0.0,44.781
837,28.2135,Twilight 19:00,3.0,0,0.0,0.0,0.0,0.0,0.0,0.0,0.0,0.0,0.0,0.0,44.77
838,28.2472,Twilight 19:00,3.0,1,-0.00556,0.02668,3.55319,1.55319,-0.00556,-0.97332,3.52049,0.00054,0.00269,324.0,44.763
839,28.2809,Twilight 19:00,3.0,1,-0.00556,0.02668,3.55319,1.55319,-0.00556,-0.97332,3.52049,0.00054,0.00269,324.0,44.761
840,28.3146,Twilight 19:00,3.0,1,-0.00556,0.02668,3.55319,1.55319,-0.00556,-0.97332,3.52049,0.00054,0.00269,324.0,44.76
841,28.3483,Twilight 19:00,3.0,1,-0.00556,0.02668,3.55319,1.55319,-0.00556,-0.97332,3.52049,0.00054,0.00269,324.0,44.768
842,28.382,Twilight 19:00,3.0,1,-0.00556,0.02668,3.55319,1.55319,-0.00556,-0.97332,3.52049,0.00054,0.00269,324.0,44.778
843,28.4157,Twilight 19:00,3.0,1,-0.00556,0.02668,3.55319,1.55319,-0.00556,-0.97332,3.52049,0.00054,0.00269,324.0,44.792
844,28.4494,Twilight 19:00,3.0,1,-0.00556,0.02668,3.55319,1.55319,-0.00556,-0.97332,3.52049,0.00054,0.00269,324.0,44.793
845,28.4831,Twilight 19:00,3.0,1,-0.00556,0.02668,3.55319,1.55319,-0.00556,-0.97332,3.52049,0.00054,0.00269,324.0,44.793
846,28.5169,Twilight 19:00,3.0,1,-0.00556,0.02668,3.55319,1.55319,-0.00556,-0.97332,3.52049,0.00054,0.00269,324.0,44.792
847,28.5506,Twilight 19:00,3.0,1,-0.00556,0.02668,3.55319,1.55319,-0.00556,-0.97332,3.52049,0.00054,0.00269,324.0,44.792
848,28.5843,Twilight 19:00,3.0,1,-0.00556,0.02668,3.55319,1.55319,-0.00556,-0.97332,3.52049,0.00054,0.00269,324.0,44.795
849,28.618,Twilight 19:00,3.0,1,-0.00556,0.02668,3.55319,1.55319,-0.00556,-0.97332,3.52049,0.00054,0.00269,324.0,44.791
850,28.6517,Twilight 19:00,3.0,1,0.0,0.02051,3.36657,1.36657,0.0,-0.97949,3.52143,0.0,0.0,361.0,44.781
851,28.6854,Twilight 19:00,3.0,1,0.0,0.02051,3.36657,1.36657,0.0,-0.97949,3.52143,0.0,0.0,361.0,44.781
852,28.7191,Twilight 19:00,3.0,1,0.0,0.02051,3.36657,1.36657,0.0,-0.97949,3.52143,0.0,0.0,361.0,44.783
853,28.7528,Twilight 19:00,3.0,1,0.0,0.02051,3.36657,1.36657,0.0,-0.97949,3.52143,0.0,0.0,361.0,44.784
854,28.7865,Twilight 19:00,3.0,1,0.0,0.02498,3.36598,1.36598,0.0,-0.97502,3.35783,0.0,0.0,380.0,44.784
855,28.8202,Twilight 19:00,3.0,1,0.0,0.02498,3.36598,1.36598,0.0,-0.97502,3.35783,0.0,0.0,380.0,44.789
856,28.8539,Twilight 19:00,3.0,1,0.0,0.02498,3.36598,1.36598,0.0,-0.97502,3.35783,0.0,0.0,380.0,44.791
857,28.8876,Twilight 19:00,3.0,1,-0.005,0.02422,3.19861,1.19861,-0.005,-0.97578,3.51953,0.00054,0.00268,400.0,44.797
858,28.9213,Twilight 19:00,3.0,1,-0.005,0.02422,3.19861,1.19861,-0.005,-0.97578,3.51953,0.00054,0.00268,400.0,44.794
859,28.9551,Twilight 19:00,3.0,1,-0.005,0.02422,3.19861,1.19861,-0.005,-0.97578,3.51953,0.00054,0.00268,400.0,44.795
860,28.9888,Twilight 19:00,3.0,1,-0.005,0.02422,3.19861,1.19861,-0.005,-0.97578,3.51953,0.00054,0.00268,400.0,44.795
861,29.0225,Twilight 19:00,3.0,1,0.0,0.0234,3.0472,1.0472,0.0,-0.9766,3.62306,0.0,0.0,420.0,44.797
862,29.0562,Twilight 19:00,3.0,1,0.0,0.0234,3.0472,1.0472,0.0,-0.9766,3.62306,0.0,0.0,420.0,44.796
863,29.0899,Twilight 19:00,3.0,1,0.0,0.0234,3.0472,1.0472,0.0,-0.9766,3.62306,0.0,0.0,420.0,44.794
864,29.1236,Twilight 19:00,3.0,1,0.0,0.0234,3.0472,1.0472,0.0,-0.9766,3.62306,0.0,0.0,420.0,44.798
865,29.1573,Twilight 19:00,3.0,1,0.0,0.0234,3.0472,1.0472,0.0,-0.9766,3.62306,0.0,0.0,420.0,44.806
866,29.191,Twilight 19:00,3.0,1,-0.0,0.01877,3.04669,1.04669,-0.0,-0.98123,3.52043,0.0,0.0,441.0,44.8
867,29.2247,Twilight 19:00,3.0,1,-0.0,0.02279,3.0461,1.0461,-0.0,-0.97721,3.37632,0.0,-0.0,462.0,44.799
868,29.2584,Twilight 19:00,3.0,1,-0.0,0.02279,3.0461,1.0461,-0.0,-0.97721,3.37632,0.0,-0.0,462.0,44.799
869,29.2921,Twilight 19:00,3.0,1,-0.0,0.02279,3.0461,1.0461,-0.0,-0.97721,3.37632,0.0,-0.0,462.0,44.806
870,29.3258,Twilight 19:00,3.0,1,0.00455,0.02222,2.90856,0.90856,0.00455,-0.97778,3.51848,-0.00053,-0.00268,484.0,44.81
871,29.3596,Twilight 19:00,3.0,1,0.00455,0.02222,2.90856,0.90856,0.00455,-0.97778,3.51848,-0.00053,-0.00268,484.0,44.81
872,29.3933,Twilight 19:00,3.0,1,0.00455,0.02222,2.90856,0.90856,0.00455,-0.97778,3.51848,-0.00053,-0.00268,484.0,44.808
873,29.427,Twilight 19:00,3.0,1,0.00455,0.02222,2.90856,0.90856,0.00455,-0.97778,3.51848,-0.00053,-0.00268,484.0,44.812
874,29.4607,Twilight 19:00,3.0,1,0.00455,0.02222,2.90856,0.90856,0.00455,-0.97778,3.51848,-0.00053,-0.00268,484.0,44.819
875,29.4944,Twilight 19:00,3.0,1,0.00455,0.02222,2.90856,0.90856,0.00455,-0.97778,3.51848,-0.00053,-0.00268,484.0,44.828
876,29.5281,Twilight 19:00,3.0,1,-0.0,0.02159,2.78301,0.78301,-0.0,-0.97841,3.61393,-0.0,-0.0,506.0,44.827
877,29.5618,Twilight 19:00,3.0,1,-0.0,0.01734,2.7825,0.7825,-0.0,-0.98266,3.51932,0.0,-0.0,529.0,44.828
878,29.5955,Twilight 19:00,3.0,1,-0.0,0.01734,2.7825,0.7825,-0.0,-0.98266,3.51932,0.0,-0.0,529.0,44.818
879,29.6292,Twilight 19:00,3.0,1,-0.0,0.01734,2.7825,0.7825,-0.0,-0.98266,3.51932,0.0,-0.0,529.0,44.818
880,29.6629,Twilight 19:00,3.0,1,0.00417,0.01695,2.66747,0.66747,0.00417,-0.98305,3.61121,-0.00068,-0.00278,552.0,44.804
881,29.6966,Twilight 19:00,3.0,1,0.00417,0.02058,2.66692,0.66692,0.00417,-0.97942,3.51733,-0.00053,-0.00267,576.0,44.796
882,29.7303,Twilight 19:00,3.0,1,0.00417,0.02058,2.66692,0.66692,0.00417,-0.97942,3.51733,-0.00053,-0.00267,576.0,44.821
883,29.764,Twilight 19:00,3.0,1,0.00417,0.02058,2.66692,0.66692,0.00417,-0.97942,3.51733,-0.00053,-0.00267,576.0,44.839
884,29.7978,Twilight 19:00,3.0,1,0.00417,0.02058,2.66692,0.66692,0.00417,-0.97942,3.51733,-0.00053,-0.00267,576.0,44.839
885,29.8315,Twilight 19:00,3.0,1,0.00417,0.02058,2.66692,0.66692,0.00417,-0.97942,3.51733,-0.00053,-0.00267,576.0,44.858
886,29.8652,Twilight 19:00,3.0,1,0.00417,0.02058,2.66692,0.66692,0.00417,-0.97942,3.51733,-0.00053,-0.00267,576.0,44.861
887,29.8989,Twilight 19:00,3.0,1,0.00417,0.02058,2.66692,0.66692,0.00417,-0.97942,3.51733,-0.00053,-0.00267,576.0,44.861
888,29.9326,Twilight 19:00,3.0,1,0.00417,0.02058,2.66692,0.66692,0.00417,-0.97942,3.51733,-0.00053,-0.00267,576.0,44.861
889,29.9663,Twilight 19:00,3.0,1,0.00417,0.02058,2.66692,0.66692,0.00417,-0.97942,3.51733,-0.00053,-0.00267,576.0,44.861
890,30.0,Twilight 19:00,3.0,1,0.00417,0.02058,2.66692,0.66692,0.00417,-0.97942,3.51733,-0.00053,-0.00267,576.0,44.861
891,30.0337,Twilight 19:00,3.0,1,0.00417,0.02058,2.66692,0.66692,0.00417,-0.97942,3.51733,-0.00053,-0.00267,576.0,44.861
892,30.0674,Twilight 19:00,3.0,1,0.00417,0.02058,2.66692,0.66692,0.00417,-0.97942,3.51733,-0.00053,-0.00267,576.0,44.861
893,30.1011,Twilight 19:00,3.0,1,0.00417,0.02058,2.66692,0.66692,0.00417,-0.97942,3.51733,-0.00053,-0.00267,576.0,44.861
894,30.1348,Twilight 19:00,3.0,1,0.00417,0.02058,2.66692,0.66692,0.00417,-0.97942,3.51733,-0.00053,-0.00267,576.0,44.861
895,30.1685,Twilight 19:00,3.0,1,0.00417,0.02058,2.66692,0.66692,0.00417,-0.97942,3.51733,-0.00053,-0.00267,576.0,44.861
896,30.2022,Twilight 19:00,3.0,1,0.00417,0.02058,2.66692,0.66692,0.00417,-0.97942,3.51733,-0.00053,-0.00267,576.0,44.861
897,30.236,Twilight 19:00,3.0,1,0.00417,0.02058,2.66692,0.66692,0.00417,-0.97942,3.51733,-0.00053,-0.00267,576.0,44.861
898,30.2697,Twilight 19:00,3.0,1,0.00417,0.02058,2.66692,0.66692,0.00417,-0.97942,3.51733,-0.00053,-0.00267,576.0,44.861
899,30.3034,Twilight 19:00,3.0,1,0.00417,0.02058,2.66692,0.66692,0.00417,-0.97942,3.51733,-0.00053,-0.00267,576.0,44.861
900,30.3371,Twilight 19:00,3.0,1,0.00417,0.02058,2.66692,0.66692,0.00417,-0.97942,3.51733,-0.00053,-0.00267,576.0,44.861
901,30.3708,Twilight 19:00,3.0,1,0.00417,0.02058,2.66692,0.66692,0.00417,-0.97942,3.51733,-0.00053,-0.00267,576.0,44.861
902,30.4045,Twilight 19:00,3.0,1,0.00417,0.02058,2.66692,0.66692,0.00417,-0.97942,3.51733,-0.00053,-0.00267,576.0,44.861
903,30.4382,Twilight 19:00,3.0,1,0.00417,0.02058,2.66692,0.66692,0.00417,-0.97942,3.51733,-0.00053,-0.00267,576.0,44.861
904,30.4719,Twilight 19:00,3.0,1,0.00417,0.02058,2.66692,0.66692,0.00417,-0.97942,3.51733,-0.00053,-0.00267,576.0,44.861
905,30.5056,Twilight 19:00,3.0,1,0.00417,0.02058,2.66692,0.66692,0.00417,-0.97942,3.51733,-0.00053,-0.00267,576.0,44.861
906,30.5393,Twilight 19:00,3.0,1,0.00417,0.02058,2.66692,0.66692,0.00417,-0.97942,3.51733,-0.00053,-0.00267,576.0,44.861
907,30.573,Twilight 19:00,3.0,1,0.00417,0.02058,2.66692,0.66692,0.00417,-0.97942,3.51733,-0.00053,-0.00267,576.0,44.861
908,30.6067,Twilight 19:00,3.0,1,0.00417,0.02058,2.66692,0.66692,0.00417,-0.97942,3.51733,-0.00053,-0.00267,576.0,44.861
909,30.6404,Twilight 19:00,3.0,1,0.00417,0.02058,2.66692,0.66692,0.00417,-0.97942,3.51733,-0.00053,-0.00267,576.0,44.861
