frame,time_s,scenario,source,target_lux,detected,est_x,est_y,est_z,err_x,err_y,err_z,rot_x,rot_y,rot_z,marker_area_px,frame_brightness
0,0.0,Midnight 00:00,simulation,0.1,1,-0.07606,-0.01628,2.61376,0.61376,-0.07606,-1.01628,2.82024,-0.00677,0.03961,625.0,4.912
1,0.0335,Midnight 00:00,simulation,0.1,1,-0.07606,-0.01628,2.61376,0.61376,-0.07606,-1.01628,2.82024,-0.00677,0.03961,625.0,4.912
2,0.067,Midnight 00:00,simulation,0.1,1,-0.07606,-0.01628,2.61376,0.61376,-0.07606,-1.01628,2.82024,-0.00677,0.03961,625.0,4.912
3,0.1006,Midnight 00:00,simulation,0.1,1,-0.07606,-0.01628,2.61376,0.61376,-0.07606,-1.01628,2.82024,-0.00677,0.03961,625.0,4.912
4,0.1341,Midnight 00:00,simulation,0.1,1,-0.07606,-0.01628,2.61376,0.61376,-0.07606,-1.01628,2.82024,-0.00677,0.03961,625.0,4.912
5,0.1676,Midnight 00:00,simulation,0.1,1,-0.07606,-0.01628,2.61376,0.61376,-0.07606,-1.01628,2.82024,-0.00677,0.03961,625.0,4.912
6,0.2011,Midnight 00:00,simulation,0.1,1,-0.07606,-0.01628,2.61376,0.61376,-0.07606,-1.01628,2.82024,-0.00677,0.03961,625.0,4.912
7,0.2346,Midnight 00:00,simulation,0.1,1,-0.07606,-0.01628,2.61376,0.61376,-0.07606,-1.01628,2.82024,-0.00677,0.03961,625.0,4.912
8,0.2682,Midnight 00:00,simulation,0.1,1,-0.07606,-0.01628,2.61376,0.61376,-0.07606,-1.01628,2.82024,-0.00677,0.03961,625.0,4.912
9,0.3017,Midnight 00:00,simulation,0.1,1,-0.07606,-0.01628,2.61376,0.61376,-0.07606,-1.01628,2.82024,-0.00677,0.03961,625.0,4.912
10,0.3352,Midnight 00:00,simulation,0.1,1,-0.07606,-0.01628,2.61376,0.61376,-0.07606,-1.01628,2.82024,-0.00677,0.03961,625.0,4.912
11,0.3687,Midnight 00:00,simulation,0.1,1,-0.07606,-0.01628,2.61376,0.61376,-0.07606,-1.01628,2.82024,-0.00677,0.03961,625.0,4.912
12,0.4022,Midnight 00:00,simulation,0.1,1,-0.07606,-0.01628,2.61376,0.61376,-0.07606,-1.01628,2.82024,-0.00677,0.03961,625.0,4.911
13,0.4358,Midnight 00:00,simulation,0.1,1,-0.07606,-0.01628,2.61376,0.61376,-0.07606,-1.01628,2.82024,-0.00677,0.03961,625.0,4.911
14,0.4693,Midnight 00:00,simulation,0.1,1,-0.07606,-0.01628,2.61376,0.61376,-0.07606,-1.01628,2.82024,-0.00677,0.03961,625.0,4.911
15,0.5028,Midnight 00:00,simulation,0.1,1,-0.07606,-0.01628,2.61376,0.61376,-0.07606,-1.01628,2.82024,-0.00677,0.03961,625.0,4.911
16,0.5363,Midnight 00:00,simulation,0.1,1,-0.07606,-0.01628,2.61376,0.61376,-0.07606,-1.01628,2.82024,-0.00677,0.03961,625.0,4.911
17,0.5698,Midnight 00:00,simulation,0.1,1,-0.07606,-0.01628,2.61376,0.61376,-0.07606,-1.01628,2.82024,-0.00677,0.03961,625.0,4.911
18,0.6034,Midnight 00:00,simulation,0.1,1,-0.07606,-0.01628,2.61376,0.61376,-0.07606,-1.01628,2.82024,-0.00677,0.03961,625.0,4.911
19,0.6369,Midnight 00:00,simulation,0.1,1,-0.07606,-0.01628,2.61376,0.61376,-0.07606,-1.01628,2.82024,-0.00677,0.03961,625.0,4.911
20,0.6704,Midnight 00:00,simulation,0.1,1,-0.07606,-0.01628,2.61376,0.61376,-0.07606,-1.01628,2.82024,-0.00677,0.03961,625.0,4.911
21,0.7039,Midnight 00:00,simulation,0.1,1,-0.07606,-0.01628,2.61376,0.61376,-0.07606,-1.01628,2.82024,-0.00677,0.03961,625.0,4.911
22,0.7374,Midnight 00:00,simulation,0.1,1,-0.07606,-0.01628,2.61376,0.61376,-0.07606,-1.01628,2.82024,-0.00677,0.03961,625.0,4.911
23,0.7709,Midnight 00:00,simulation,0.1,1,-0.07606,-0.01628,2.61376,0.61376,-0.07606,-1.01628,2.82024,-0.00677,0.03961,625.0,4.911
24,0.8045,Midnight 00:00,simulation,0.1,1,-0.07606,-0.01628,2.61376,0.61376,-0.07606,-1.01628,2.82024,-0.00677,0.03961,625.0,4.911
25,0.838,Midnight 00:00,simulation,0.1,1,-0.07606,-0.01628,2.61376,0.61376,-0.07606,-1.01628,2.82024,-0.00677,0.03961,625.0,4.911
26,0.8715,Midnight 00:00,simulation,0.1,1,-0.07606,-0.01628,2.61376,0.61376,-0.07606,-1.01628,2.82024,-0.00677,0.03961,625.0,4.911
27,0.905,Midnight 00:00,simulation,0.1,1,-0.07606,-0.01628,2.61376,0.61376,-0.07606,-1.01628,2.82024,-0.00677,0.03961,625.0,4.911
28,0.9385,Midnight 00:00,simulation,0.1,1,-0.07606,-0.01628,2.61376,0.61376,-0.07606,-1.01628,2.82024,-0.00677,0.03961,625.0,4.911
29,0.9721,Midnight 00:00,simulation,0.1,1,-0.07606,-0.01628,2.61376,0.61376,-0.07606,-1.01628,2.82024,-0.00677,0.03961,625.0,4.911
30,1.0056,Midnight 00:00,simulation,0.1,1,-0.07606,-0.01628,2.61376,0.61376,-0.07606,-1.01628,2.82024,-0.00677,0.03961,625.0,4.911
31,1.0391,Midnight 00:00,simulation,0.1,1,-0.07606,-0.01628,2.61376,0.61376,-0.07606,-1.01628,2.82024,-0.00677,0.03961,625.0,4.911
32,1.0726,Midnight 00:00,simulation,0.1,1,-0.07606,-0.01628,2.61376,0.61376,-0.07606,-1.01628,2.82024,-0.00677,0.03961,625.0,4.911
33,1.1061,Midnight 00:00,simulation,0.1,1,-0.07606,-0.01628,2.61376,0.61376,-0.07606,-1.01628,2.82024,-0.00677,0.03961,625.0,4.911
34,1.1397,Midnight 00:00,simulation,0.1,1,-0.07606,-0.01628,2.61376,0.61376,-0.07606,-1.01628,2.82024,-0.00677,0.03961,625.0,4.911
35,1.1732,Midnight 00:00,simulation,0.1,1,-0.08407,-0.01628,2.614,0.614,-0.08407,-1.01628,2.82046,-0.00747,0.04377,625.0,4.921
36,1.2067,Midnight 00:00,simulation,0.1,1,-0.10008,-0.01634,2.72238,0.72238,-0.10008,-1.01634,2.9812,-0.00452,0.0488,600.0,4.932
37,1.2402,Midnight 00:00,simulation,0.1,1,-0.10008,-0.01634,2.72238,0.72238,-0.10008,-1.01634,2.9812,-0.00452,0.0488,600.0,4.932
38,1.2737,Midnight 00:00,simulation,0.1,1,-0.12418,-0.01628,2.61559,0.61559,-0.12418,-1.01628,2.82187,-0.01097,0.06461,625.0,4.921
39,1.3073,Midnight 00:00,simulation,0.1,1,-0.14188,-0.01634,2.72421,0.72421,-0.14188,-1.01634,2.9849,-0.00625,0.06887,600.0,4.939
40,1.3408,Midnight 00:00,simulation,0.1,1,-0.14828,-0.01628,2.61683,0.61683,-0.14828,-1.01628,2.82299,-0.01304,0.0771,625.0,4.939
41,1.3743,Midnight 00:00,simulation,0.1,1,-0.16437,-0.01628,2.61777,0.61777,-0.16437,-1.01628,2.82384,-0.0144,0.08543,625.0,4.928
42,1.4078,Midnight 00:00,simulation,0.1,1,-0.16437,-0.01628,2.61777,0.61777,-0.16437,-1.01628,2.82384,-0.0144,0.08543,625.0,4.928
43,1.4413,Midnight 00:00,simulation,0.1,1,-0.18378,-0.01633,2.72667,0.72667,-0.18378,-1.01633,2.99006,-0.00781,0.08864,600.0,4.939
44,1.4749,Midnight 00:00,simulation,0.1,1,-0.18854,-0.01629,2.61938,0.61938,-0.18854,-1.01629,2.8253,-0.01642,0.09792,625.0,4.921
45,1.5084,Midnight 00:00,simulation,0.1,1,-0.20898,-0.01632,2.72844,0.72844,-0.20898,-1.01632,2.99393,-0.00864,0.10028,600.0,4.938
46,1.5419,Midnight 00:00,simulation,0.1,1,-0.20898,-0.01632,2.72844,0.72844,-0.20898,-1.01632,2.99393,-0.00864,0.10028,600.0,4.938
47,1.5754,Midnight 00:00,simulation,0.1,1,-0.22894,-0.01629,2.62253,0.62253,-0.22894,-1.01629,2.8282,-0.01969,0.11872,625.0,4.926
48,1.6089,Midnight 00:00,simulation,0.1,1,-0.22894,-0.01629,2.62253,0.62253,-0.22894,-1.01629,2.8282,-0.01969,0.11872,625.0,4.926
49,1.6425,Midnight 00:00,simulation,0.1,1,-0.2511,-0.01631,2.7319,0.7319,-0.2511,-1.01631,3.00188,-0.00979,0.11912,600.0,4.942
50,1.676,Midnight 00:00,simulation,0.1,1,-0.27645,-0.0163,2.73426,0.73426,-0.27645,-1.0163,3.00769,-0.0103,0.12996,600.0,4.933
51,1.7095,Midnight 00:00,simulation,0.1,1,-0.27645,-0.0163,2.73426,0.73426,-0.27645,-1.0163,3.00769,-0.0103,0.12996,600.0,4.933
52,1.743,Midnight 00:00,simulation,0.1,1,-0.27645,-0.0163,2.73426,0.73426,-0.27645,-1.0163,3.00769,-0.0103,0.12996,600.0,4.933
53,1.7765,Midnight 00:00,simulation,0.1,1,-0.29339,-0.0163,2.73596,0.73596,-0.29339,-1.0163,3.01207,-0.01055,0.1369,600.0,4.943
54,1.8101,Midnight 00:00,simulation,0.1,1,-0.29391,-0.0163,2.62883,0.62883,-0.29391,-1.0163,2.83411,-0.02464,0.15194,625.0,4.924
55,1.8436,Midnight 00:00,simulation,0.1,1,-0.31886,-0.01628,2.73869,0.73869,-0.31886,-1.01628,3.01956,-0.01078,0.14676,600.0,4.94
56,1.8771,Midnight 00:00,simulation,0.1,1,-0.3184,-0.0163,2.63159,0.63159,-0.3184,-1.0163,2.83675,-0.02639,0.16437,625.0,4.935
57,1.9106,Midnight 00:00,simulation,0.1,1,-0.33477,-0.01631,2.63354,0.63354,-0.33477,-1.01631,2.83864,-0.02752,0.17265,625.0,4.927
58,1.9441,Midnight 00:00,simulation,0.1,1,-0.35939,-0.01631,2.63666,0.63666,-0.35939,-1.01631,2.8417,-0.02915,0.18506,625.0,4.924
59,1.9777,Midnight 00:00,simulation,0.1,1,-0.35939,-0.01631,2.63666,0.63666,-0.35939,-1.01631,2.8417,-0.02915,0.18506,625.0,4.924
60,2.0112,Midnight 00:00,simulation,0.1,1,-0.38718,-0.01623,2.74693,0.74693,-0.38718,-1.01623,3.04737,-0.01002,0.16715,600.0,4.934
61,2.0447,Midnight 00:00,simulation,0.1,1,-0.38718,-0.01623,2.74693,0.74693,-0.38718,-1.01623,3.04737,-0.01002,0.16715,600.0,4.934
62,2.0782,Midnight 00:00,simulation,0.1,1,-0.40435,-0.01621,2.74916,0.74916,-0.40435,-1.01621,3.05723,-0.00935,0.16985,600.0,4.935
63,2.1117,Midnight 00:00,simulation,0.1,1,-0.40064,-0.01632,2.64232,0.64232,-0.40064,-1.01632,2.84738,-0.03169,0.20569,625.0,4.923
64,2.1453,Midnight 00:00,simulation,0.1,1,-0.43018,-0.01616,2.75252,0.75252,-0.43018,-1.01616,3.07587,-0.00773,0.17077,600.0,4.941
65,2.1788,Midnight 00:00,simulation,0.1,1,-0.42551,-0.01632,2.646,0.646,-0.42551,-1.01632,2.85116,-0.03309,0.21804,625.0,4.934
66,2.2123,Midnight 00:00,simulation,0.1,1,-0.44215,-0.01632,2.64857,0.64857,-0.44215,-1.01632,2.85385,-0.03397,0.22625,625.0,4.929
67,2.2458,Midnight 00:00,simulation,0.1,1,-0.47316,-0.01605,2.75689,0.75689,-0.47316,-1.01605,3.11264,-0.00371,0.16552,600.0,4.939
68,2.2793,Midnight 00:00,simulation,0.1,1,-0.4672,-0.01633,2.6526,0.6526,-0.4672,-1.01633,2.85814,-0.0352,0.23854,625.0,4.922
69,2.3128,Midnight 00:00,simulation,0.1,1,-0.49879,-0.01602,2.75825,0.75825,-0.49879,-1.01602,3.12341,-0.00242,0.16157,600.0,4.936
70,2.3464,Midnight 00:00,simulation,0.1,1,-0.50096,-0.01639,2.69354,0.69354,-0.50096,-1.01639,2.88959,-0.04657,0.37765,612.5,4.934
71,2.3799,Midnight 00:00,simulation,0.1,1,-0.50921,-0.01633,2.65978,0.65978,-0.50921,-1.01633,2.86605,-0.03699,0.25892,625.0,4.924
72,2.4134,Midnight 00:00,simulation,0.1,1,-0.50921,-0.01633,2.65978,0.65978,-0.50921,-1.01633,2.86605,-0.03699,0.25892,625.0,4.924
73,2.4469,Midnight 00:00,simulation,0.1,1,-0.54139,-0.01601,2.7597,0.7597,-0.54139,-1.01601,3.13032,-0.00159,0.15241,600.0,4.936
74,2.4804,Midnight 00:00,simulation,0.1,1,-0.53467,-0.01634,2.66484,0.66484,-0.53467,-1.01634,2.87214,-0.03777,0.27208,625.0,4.922
75,2.514,Midnight 00:00,simulation,0.1,1,-0.53467,-0.01634,2.66484,0.66484,-0.53467,-1.01634,2.87214,-0.03777,0.27208,625.0,4.922
76,2.5475,Midnight 00:00,simulation,0.1,1,-0.56693,-0.016,2.7603,0.7603,-0.56693,-1.016,3.13235,-0.00135,0.14605,600.0,4.927
77,2.581,Midnight 00:00,simulation,0.1,1,-0.58394,-0.016,2.76063,0.76063,-0.58394,-1.016,3.13335,-0.00124,0.14175,600.0,4.936
78,2.6145,Midnight 00:00,simulation,0.1,1,-0.59139,-0.01596,2.73741,0.73741,-0.59139,-1.01596,3.09077,-0.00603,0.29478,625.0,4.92
79,2.648,Midnight 00:00,simulation,0.1,1,-0.60944,-0.016,2.76102,0.76102,-0.60944,-1.016,3.1345,-0.00111,0.13545,600.0,4.936
80,2.6816,Midnight 00:00,simulation,0.1,1,-0.61934,-0.01633,2.67704,0.67704,-0.61934,-1.01633,-2.81485,-0.06472,-0.22011,612.5,4.921
81,2.7151,Midnight 00:00,simulation,0.1,1,-0.61934,-0.01633,2.67704,0.67704,-0.61934,-1.01633,-2.81485,-0.06472,-0.22011,612.5,4.921
82,2.7486,Midnight 00:00,simulation,0.1,1,-0.65193,-0.016,2.76151,0.76151,-0.65193,-1.016,3.13588,-0.00095,0.12567,600.0,4.933
83,2.7821,Midnight 00:00,simulation,0.1,1,-0.64609,-0.01473,2.68693,0.68693,-0.64609,-1.01473,3.35361,0.04616,0.39161,625.0,4.914
84,2.8156,Midnight 00:00,simulation,0.1,1,-0.64609,-0.01473,2.68693,0.68693,-0.64609,-1.01473,3.35361,0.04616,0.39161,625.0,4.914
85,2.8492,Midnight 00:00,simulation,0.1,1,-0.67741,-0.016,2.76173,0.76173,-0.67741,-1.016,3.13649,-0.00088,0.12033,600.0,4.927
86,2.8827,Midnight 00:00,simulation,0.1,1,-0.69439,-0.016,2.76186,0.76186,-0.69439,-1.016,3.13684,-0.00084,0.11698,600.0,4.928
87,2.9162,Midnight 00:00,simulation,0.1,1,-0.70306,-0.0159,2.74785,0.74785,-0.70306,-1.0159,3.12368,-0.0005,0.34896,625.0,4.914
88,2.9497,Midnight 00:00,simulation,0.1,1,-0.71985,-0.016,2.76202,0.76202,-0.71985,-1.016,3.1373,-0.00079,0.11227,600.0,4.925
89,2.9832,Midnight 00:00,simulation,0.1,1,-0.7285,-0.0159,2.74858,0.74858,-0.7285,-1.0159,3.12365,-0.00031,0.36508,625.0,4.916
90,3.0168,Midnight 00:00,simulation,0.1,1,-0.7285,-0.0159,2.74858,0.74858,-0.7285,-1.0159,3.12365,-0.00031,0.36508,625.0,4.916
91,3.0503,Midnight 00:00,simulation,0.1,1,-0.73797,-0.01518,2.7281,0.7281,-0.73797,-1.01518,-2.96235,-0.01819,-0.19037,612.5,4.917
92,3.0838,Midnight 00:00,simulation,0.1,1,-0.76229,-0.016,2.76223,0.76223,-0.76229,-1.016,3.13791,-0.00072,0.10518,600.0,4.924
93,3.1173,Midnight 00:00,simulation,0.1,1,-0.77054,-0.0159,2.7486,0.7486,-0.77054,-1.0159,3.11967,-0.00025,0.41127,625.0,4.912
94,3.1508,Midnight 00:00,simulation,0.1,1,-0.78774,-0.016,2.76233,0.76233,-0.78774,-1.016,3.13821,-0.00068,0.10134,600.0,4.922
95,3.1844,Midnight 00:00,simulation,0.1,1,-0.80513,-0.01632,2.72339,0.72339,-0.80513,-1.01632,2.96134,-0.03476,0.38378,625.0,4.908
96,3.2179,Midnight 00:00,simulation,0.1,1,-0.80513,-0.01632,2.72339,0.72339,-0.80513,-1.01632,2.96134,-0.03476,0.38378,625.0,4.908
97,3.2514,Midnight 00:00,simulation,0.1,1,-0.83017,-0.016,2.76248,0.76248,-0.83017,-1.016,3.13863,-0.00063,0.09553,600.0,4.918
98,3.2849,Midnight 00:00,simulation,0.1,1,-0.83223,-0.0163,2.73011,0.73011,-0.83223,-1.0163,2.97722,-0.03225,0.39012,625.0,4.907
99,3.3184,Midnight 00:00,simulation,0.1,1,-0.85562,-0.016,2.76255,0.76255,-0.85562,-1.016,3.13885,-0.0006,0.09236,600.0,4.911
100,3.352,Midnight 00:00,simulation,0.1,1,-0.87258,-0.016,2.76259,0.76259,-0.87258,-1.016,3.13897,-0.00059,0.09036,600.0,4.92
101,3.3855,Midnight 00:00,simulation,0.1,1,-0.87258,-0.016,2.76259,0.76259,-0.87258,-1.016,3.13897,-0.00059,0.09036,600.0,4.92
102,3.419,Midnight 00:00,simulation,0.1,1,-0.89977,-0.02928,2.85095,0.85095,-0.89977,-1.02928,3.0003,-0.02911,0.38745,576.0,4.935
103,3.4525,Midnight 00:00,simulation,0.1,1,-0.89935,-0.04576,2.84952,0.84952,-0.89935,-1.04576,3.00278,-0.02994,0.37512,576.0,4.937
104,3.486,Midnight 00:00,simulation,0.1,1,-0.8725,-0.05599,2.76234,0.76234,-0.8725,-1.05599,3.13573,-0.00203,0.08971,600.0,4.924
105,3.5196,Midnight 00:00,simulation,0.1,1,-0.89863,-0.07045,2.84709,0.84709,-0.89863,-1.07045,3.00532,-0.03128,0.35762,576.0,4.942
106,3.5531,Midnight 00:00,simulation,0.1,1,-0.87241,-0.07998,2.76205,0.76205,-0.87241,-1.07998,3.13385,-0.00288,0.08905,600.0,4.93
107,3.5866,Midnight 00:00,simulation,0.1,1,-0.87241,-0.07998,2.76205,0.76205,-0.87241,-1.07998,3.13385,-0.00288,0.08905,600.0,4.93
108,3.6201,Midnight 00:00,simulation,0.1,1,-0.89783,-0.09509,2.84445,0.84445,-0.89783,-1.09509,3.00705,-0.03262,0.34126,576.0,4.942
109,3.6536,Midnight 00:00,simulation,0.1,1,-0.89728,-0.11149,2.84262,0.84262,-0.89728,-1.11149,3.00794,-0.03348,0.33097,576.0,4.948
110,3.6872,Midnight 00:00,simulation,0.1,1,-0.8722,-0.11995,2.76138,0.76138,-0.8722,-1.11995,3.13084,-0.00424,0.08751,600.0,4.937
111,3.7207,Midnight 00:00,simulation,0.1,1,-0.89642,-0.13604,2.83981,0.83981,-0.89642,-1.13604,3.00907,-0.03469,0.31643,576.0,4.953
112,3.7542,Midnight 00:00,simulation,0.1,1,-0.89585,-0.15238,2.83792,0.83792,-0.89585,-1.15238,3.00974,-0.03544,0.30729,576.0,4.948
113,3.7877,Midnight 00:00,simulation,0.1,1,-0.89585,-0.15238,2.83792,0.83792,-0.89585,-1.15238,3.00974,-0.03544,0.30729,576.0,4.948
114,3.8212,Midnight 00:00,simulation,0.1,1,-0.87193,-0.15988,2.76048,0.76048,-0.87193,-1.15988,3.12807,-0.0055,0.08551,600.0,4.948
115,3.8547,Midnight 00:00,simulation,0.1,1,-0.87173,-0.18381,2.75986,0.75986,-0.87173,-1.18381,3.12652,-0.00622,0.08413,600.0,4.948
116,3.8883,Midnight 00:00,simulation,0.1,1,-0.87173,-0.18381,2.75986,0.75986,-0.87173,-1.18381,3.12652,-0.00622,0.08413,600.0,4.948
117,3.9218,Midnight 00:00,simulation,0.1,1,-0.89411,-0.20128,2.83223,0.83223,-0.89411,-1.20128,3.01156,-0.0374,0.28228,576.0,4.963
118,3.9553,Midnight 00:00,simulation,0.1,1,-0.89353,-0.21753,2.83035,0.83035,-0.89353,-1.21753,3.01214,-0.03797,0.27466,576.0,4.968
119,3.9888,Midnight 00:00,simulation,0.1,1,-0.87137,-0.22368,2.75869,0.75869,-0.87137,-1.22368,3.12417,-0.00731,0.08158,600.0,4.958
120,4.0223,Midnight 00:00,simulation,0.1,1,-0.89268,-0.24188,2.82757,0.82757,-0.89268,-1.24188,3.01302,-0.03875,0.26384,576.0,4.98
121,4.0559,Midnight 00:00,simulation,0.1,1,-0.89268,-0.24188,2.82757,0.82757,-0.89268,-1.24188,3.01302,-0.03875,0.26384,576.0,4.98
122,4.0894,Midnight 00:00,simulation,0.1,1,-0.89212,-0.25808,2.82573,0.82573,-0.89212,-1.25808,3.01362,-0.03921,0.257,576.0,4.967
123,4.1229,Midnight 00:00,simulation,0.1,1,-0.89184,-0.26618,2.82482,0.82482,-0.89184,-1.26618,3.01392,-0.03943,0.25368,576.0,4.976
124,4.1564,Midnight 00:00,simulation,0.1,1,-0.89128,-0.28235,2.82302,0.82302,-0.89128,-1.28235,3.01452,-0.03984,0.24724,576.0,4.987
125,4.1899,Midnight 00:00,simulation,0.1,1,-0.87071,-0.28736,2.75658,0.75658,-0.87071,-1.28736,3.121,-0.00882,0.07705,600.0,4.973
126,4.2235,Midnight 00:00,simulation,0.1,1,-0.89046,-0.30658,2.82036,0.82036,-0.89046,-1.30658,3.01544,-0.0404,0.23805,576.0,4.989
127,4.257,Midnight 00:00,simulation,0.1,1,-0.87255,-0.31345,2.76778,0.76778,-0.87255,-1.31345,-2.7099,-0.01411,-0.76507,588.0,4.987
128,4.2905,Midnight 00:00,simulation,0.1,1,-0.87255,-0.31345,2.76778,0.76778,-0.87255,-1.31345,-2.7099,-0.01411,-0.76507,588.0,4.987
129,4.324,Midnight 00:00,simulation,0.1,1,-0.87027,-0.3271,2.75517,0.75517,-0.87027,-1.3271,3.11937,-0.00962,0.07406,600.0,4.979
130,4.3575,Midnight 00:00,simulation,0.1,1,-0.88914,-0.34687,2.81605,0.81605,-0.88914,-1.34687,3.01702,-0.04118,0.22386,576.0,4.992
131,4.3911,Midnight 00:00,simulation,0.1,1,-0.87001,-0.35092,2.75431,0.75431,-0.87001,-1.35092,3.11851,-0.01005,0.07224,600.0,4.982
132,4.4246,Midnight 00:00,simulation,0.1,1,-0.88908,-0.37255,2.81926,0.81926,-0.88908,-1.37255,-2.82224,-0.02635,-0.66293,588.0,4.995
133,4.4581,Midnight 00:00,simulation,0.1,1,-0.88786,-0.38706,2.81191,0.81191,-0.88786,-1.38706,3.01866,-0.04179,0.2109,576.0,5.001
134,4.4916,Midnight 00:00,simulation,0.1,1,-0.86955,-0.39059,2.75286,0.75286,-0.86955,-1.39059,3.11727,-0.01068,0.0692,600.0,4.988
135,4.5251,Midnight 00:00,simulation,0.1,1,-0.88711,-0.41113,2.8095,0.8095,-0.88711,-1.41113,3.01966,-0.04208,0.20365,576.0,5.007
136,4.5587,Midnight 00:00,simulation,0.1,1,-0.86928,-0.41437,2.75198,0.75198,-0.86928,-1.41437,3.11663,-0.01101,0.06738,600.0,4.999
137,4.5922,Midnight 00:00,simulation,0.1,1,-0.86928,-0.41437,2.75198,0.75198,-0.86928,-1.41437,3.11663,-0.01101,0.06738,600.0,4.999
138,4.6257,Midnight 00:00,simulation,0.1,1,-0.88592,-0.45117,2.80562,0.80562,-0.88592,-1.45117,3.02136,-0.04246,0.19235,576.0,5.014
139,4.6592,Midnight 00:00,simulation,0.1,1,-0.88592,-0.45117,2.80562,0.80562,-0.88592,-1.45117,3.02136,-0.04246,0.19235,576.0,5.014
140,4.6927,Midnight 00:00,simulation,0.1,1,-0.86883,-0.45397,2.75054,0.75054,-0.86883,-1.45397,3.11572,-0.01149,0.06439,600.0,4.995
141,4.7263,Midnight 00:00,simulation,0.1,1,-0.88522,-0.47516,2.80338,0.80338,-0.88522,-1.47516,3.0224,-0.04264,0.18601,576.0,5.015
142,4.7598,Midnight 00:00,simulation,0.1,1,-0.86839,-0.47909,2.75466,0.75466,-0.86839,-1.47909,-2.59923,-0.01255,-0.76133,588.0,5.013
143,4.7933,Midnight 00:00,simulation,0.1,1,-0.86839,-0.47909,2.75466,0.75466,-0.86839,-1.47909,-2.59923,-0.01255,-0.76133,588.0,5.013
144,4.8268,Midnight 00:00,simulation,0.1,1,-0.86839,-0.49353,2.74911,0.74911,-0.86839,-1.49353,3.11499,-0.01188,0.06148,600.0,5.0
145,4.8603,Midnight 00:00,simulation,0.1,1,-0.86813,-0.51725,2.74827,0.74827,-0.86813,-1.51725,3.11463,-0.01209,0.05977,600.0,5.004
146,4.8939,Midnight 00:00,simulation,0.1,1,-0.86813,-0.51725,2.74827,0.74827,-0.86813,-1.51725,3.11463,-0.01209,0.05977,600.0,5.004
147,4.9274,Midnight 00:00,simulation,0.1,1,-0.88526,-0.5412,2.80737,0.80737,-0.88526,-1.5412,-2.67884,-0.03313,-0.66626,588.0,5.012
148,4.9609,Midnight 00:00,simulation,0.1,1,-0.88526,-0.5412,2.80737,0.80737,-0.88526,-1.5412,-2.67884,-0.03313,-0.66626,588.0,5.012
149,4.9944,Midnight 00:00,simulation,0.1,1,-0.88304,-0.55491,2.79631,0.79631,-0.88304,-1.55491,3.02591,-0.04295,0.16687,576.0,5.017
150,5.0279,Midnight 00:00,simulation,0.1,1,-0.8677,-0.55675,2.74691,0.74691,-0.8677,-1.55675,3.11415,-0.01237,0.057,600.0,4.998
151,5.0615,Midnight 00:00,simulation,0.1,1,-0.88242,-0.57878,2.79432,0.79432,-0.88242,-1.57878,3.02698,-0.04298,0.16168,576.0,5.021
152,5.095,Midnight 00:00,simulation,0.1,1,-0.88325,-0.5932,2.79689,0.79689,-0.88325,-1.5932,-3.16594,0.00839,-0.16529,588.0,5.013
153,5.1285,Midnight 00:00,simulation,0.1,1,-0.86729,-0.59623,2.74558,0.74558,-0.86729,-1.59623,3.1138,-0.0126,0.05434,600.0,5.005
154,5.162,Midnight 00:00,simulation,0.1,1,-0.88143,-0.61851,2.79111,0.79111,-0.88143,-1.61851,3.02876,-0.04296,0.1535,576.0,5.019
155,5.1955,Midnight 00:00,simulation,0.1,1,-0.86705,-0.6199,2.74481,0.74481,-0.86705,-1.6199,3.11364,-0.01271,0.0528,600.0,5.004
156,5.2291,Midnight 00:00,simulation,0.1,1,-0.86705,-0.6199,2.74481,0.74481,-0.86705,-1.6199,3.11364,-0.01271,0.0528,600.0,5.004
157,5.2626,Midnight 00:00,simulation,0.1,1,-0.88085,-0.64232,2.78926,0.78926,-0.88085,-1.64232,3.02983,-0.04292,0.14887,576.0,5.017
158,5.2961,Midnight 00:00,simulation,0.1,1,-0.88048,-0.65818,2.78805,0.78805,-0.88048,-1.65818,3.03054,-0.04288,0.14588,576.0,5.018
159,5.3296,Midnight 00:00,simulation,0.1,1,-0.86666,-0.65933,2.74357,0.74357,-0.86666,-1.65933,3.11345,-0.01285,0.05032,600.0,5.003
160,5.3631,Midnight 00:00,simulation,0.1,1,-0.87993,-0.68196,2.78629,0.78629,-0.87993,-1.68196,3.03161,-0.0428,0.14156,576.0,5.019
161,5.3966,Midnight 00:00,simulation,0.1,1,-0.86644,-0.68298,2.74285,0.74285,-0.86644,-1.68298,3.11339,-0.01291,0.04889,600.0,5.008
162,5.4302,Midnight 00:00,simulation,0.1,1,-0.86629,-0.69874,2.74237,0.74237,-0.86629,-1.69874,3.11336,-0.01295,0.04796,600.0,5.01
163,5.4637,Midnight 00:00,simulation,0.1,1,-0.87905,-0.72156,2.78346,0.78346,-0.87905,-1.72156,3.03338,-0.04263,0.13474,576.0,5.019
164,5.4972,Midnight 00:00,simulation,0.1,1,-0.86608,-0.72238,2.74168,0.74168,-0.86608,-1.72238,3.11334,-0.01299,0.0466,600.0,5.0
165,5.5307,Midnight 00:00,simulation,0.1,1,-0.87855,-0.74529,2.78182,0.78182,-0.87855,-1.74529,3.03444,-0.04251,0.13086,576.0,5.017
166,5.5642,Midnight 00:00,simulation,0.1,1,-0.87822,-0.7611,2.78076,0.78076,-0.87822,-1.7611,3.03514,-0.04242,0.12836,576.0,5.014
167,5.5978,Midnight 00:00,simulation,0.1,1,-0.87822,-0.7611,2.78076,0.78076,-0.87822,-1.7611,3.03514,-0.04242,0.12836,576.0,5.014
168,5.6313,Midnight 00:00,simulation,0.1,1,-0.83647,-0.73605,2.68824,0.68824,-0.83647,-1.73605,2.95487,-0.06617,0.17695,600.0,5.007
169,5.6648,Midnight 00:00,simulation,0.1,1,-0.8518,-0.76037,2.77805,0.77805,-0.8518,-1.76037,3.03273,-0.04205,0.1267,576.0,5.023
170,5.6983,Midnight 00:00,simulation,0.1,1,-0.8518,-0.76037,2.77805,0.77805,-0.8518,-1.76037,3.03273,-0.04205,0.1267,576.0,5.023
171,5.7318,Midnight 00:00,simulation,0.1,1,-0.79332,-0.73428,2.6817,0.6817,-0.79332,-1.73428,2.95023,-0.06439,0.17088,600.0,5.015
172,5.7654,Midnight 00:00,simulation,0.1,1,-0.79332,-0.73428,2.6817,0.6817,-0.79332,-1.73428,2.95023,-0.06439,0.17088,600.0,5.015
173,5.7989,Midnight 00:00,simulation,0.1,1,-0.76754,-0.73324,2.67784,0.67784,-0.76754,-1.73324,2.94752,-0.06322,0.16704,600.0,5.011
174,5.8324,Midnight 00:00,simulation,0.1,1,-0.76754,-0.73324,2.67784,0.67784,-0.76754,-1.73324,2.94752,-0.06322,0.16704,600.0,5.011
175,5.8659,Midnight 00:00,simulation,0.1,1,-0.78159,-0.75841,2.77078,0.77078,-0.78159,-1.75841,3.02636,-0.04077,0.12151,576.0,5.028
176,5.8994,Midnight 00:00,simulation,0.1,1,-0.7641,-0.75791,2.76896,0.76896,-0.7641,-1.75791,3.02479,-0.04039,0.12004,576.0,5.027
177,5.933,Midnight 00:00,simulation,0.1,1,-0.72478,-0.73153,2.67154,0.67154,-0.72478,-1.73153,2.94316,-0.06112,0.16033,600.0,5.019
178,5.9665,Midnight 00:00,simulation,0.1,1,-0.7379,-0.75718,2.76624,0.76624,-0.7379,-1.75718,3.02246,-0.03976,0.1177,576.0,5.036
179,6.0,Midnight 00:00,simulation,0.1,1,-0.71332,-0.74552,2.73282,0.73282,-0.71332,-1.74552,-2.42917,-0.0335,-0.45018,588.0,5.024
180,6.0335,Midnight 00:00,simulation,0.1,1,-0.71332,-0.74552,2.73282,0.73282,-0.71332,-1.74552,-2.42917,-0.0335,-0.45018,588.0,5.024
181,6.067,Midnight 00:00,simulation,0.1,1,-0.69949,-0.74599,2.72491,0.72491,-0.69949,-1.74599,2.979,-0.07292,0.20038,588.0,5.033
182,6.1006,Midnight 00:00,simulation,0.1,1,-0.69435,-0.75596,2.76175,0.76175,-0.69435,-1.75596,3.01865,-0.03859,0.11346,576.0,5.037
183,6.1341,Midnight 00:00,simulation,0.1,1,-0.65686,-0.72891,2.66186,0.66186,-0.65686,-1.72891,2.93658,-0.05735,0.14882,600.0,5.022
184,6.1676,Midnight 00:00,simulation,0.1,1,-0.6683,-0.75524,2.75909,0.75909,-0.6683,-1.75524,3.01642,-0.0378,0.11072,576.0,5.04
185,6.2011,Midnight 00:00,simulation,0.1,1,-0.63155,-0.72796,2.65837,0.65837,-0.63155,-1.72796,2.93425,-0.05581,0.14428,600.0,5.033
186,6.2346,Midnight 00:00,simulation,0.1,1,-0.61473,-0.72735,2.6561,0.6561,-0.61473,-1.72735,2.93274,-0.05475,0.14118,600.0,5.031
187,6.2682,Midnight 00:00,simulation,0.1,1,-0.62501,-0.75406,2.75473,0.75473,-0.62501,-1.75406,3.0128,-0.03635,0.10582,576.0,5.041
188,6.3017,Midnight 00:00,simulation,0.1,1,-0.58956,-0.72644,2.65277,0.65277,-0.58956,-1.72644,2.93053,-0.05311,0.13645,600.0,5.026
189,6.3352,Midnight 00:00,simulation,0.1,1,-0.58956,-0.72644,2.65277,0.65277,-0.58956,-1.72644,2.93053,-0.05311,0.13645,600.0,5.026
190,6.3687,Midnight 00:00,simulation,0.1,1,-0.59911,-0.75337,2.75217,0.75217,-0.59911,-1.75337,3.0107,-0.0354,0.10269,576.0,5.04
191,6.4022,Midnight 00:00,simulation,0.1,1,-0.58188,-0.75292,2.7505,0.7505,-0.58188,-1.75292,3.00933,-0.03474,0.10052,576.0,5.041
192,6.4358,Midnight 00:00,simulation,0.1,1,-0.54779,-0.725,2.64744,0.64744,-0.54779,-1.725,2.92704,-0.05023,0.12832,600.0,5.027
193,6.4693,Midnight 00:00,simulation,0.1,1,-0.55608,-0.75225,2.74803,0.74803,-0.55608,-1.75225,3.00733,-0.03369,0.09716,576.0,5.047
194,6.5028,Midnight 00:00,simulation,0.1,1,-0.55608,-0.75225,2.74803,0.74803,-0.55608,-1.75225,3.00733,-0.03369,0.09716,576.0,5.047
195,6.5363,Midnight 00:00,simulation,0.1,1,-0.52283,-0.72417,2.64438,0.64438,-0.52283,-1.72417,2.92505,-0.04842,0.1233,600.0,5.035
196,6.5698,Midnight 00:00,simulation,0.1,1,-0.5132,-0.75118,2.74407,0.74407,-0.5132,-1.75118,3.00414,-0.03183,0.09127,576.0,5.046
197,6.6034,Midnight 00:00,simulation,0.1,1,-0.5132,-0.75118,2.74407,0.74407,-0.5132,-1.75118,3.00414,-0.03183,0.09127,576.0,5.046
198,6.6369,Midnight 00:00,simulation,0.1,1,-0.48142,-0.72285,2.63952,0.63952,-0.48142,-1.72285,2.92193,-0.04529,0.11473,600.0,5.029
199,6.6704,Midnight 00:00,simulation,0.1,1,-0.48756,-0.75056,2.74178,0.74178,-0.48756,-1.75056,3.00232,-0.03063,0.08757,576.0,5.045
200,6.7039,Midnight 00:00,simulation,0.1,1,-0.47049,-0.75016,2.74031,0.74031,-0.47049,-1.75016,3.00114,-0.02981,0.08504,576.0,5.04
201,6.7374,Midnight 00:00,simulation,0.1,1,-0.4402,-0.72163,2.63499,0.63499,-0.4402,-1.72163,2.91905,-0.04201,0.10592,600.0,5.03
202,6.7709,Midnight 00:00,simulation,0.1,1,-0.44493,-0.74958,2.73816,0.73816,-0.44493,-1.74958,2.99945,-0.02852,0.08114,576.0,5.048
203,6.8045,Midnight 00:00,simulation,0.1,1,-0.41556,-0.72093,2.63243,0.63243,-0.41556,-1.72093,2.91743,-0.03997,0.10053,600.0,5.029
204,6.838,Midnight 00:00,simulation,0.1,1,-0.41556,-0.72093,2.63243,0.63243,-0.41556,-1.72093,2.91743,-0.03997,0.10053,600.0,5.029
205,6.8715,Midnight 00:00,simulation,0.1,1,-0.41943,-0.74902,2.7361,0.7361,-0.41943,-1.74902,2.99783,-0.02719,0.07714,576.0,5.042
206,6.905,Midnight 00:00,simulation,0.1,1,-0.40246,-0.74867,2.73477,0.73477,-0.40246,-1.74867,2.9968,-0.02628,0.07442,576.0,5.044
207,6.9385,Midnight 00:00,simulation,0.1,1,-0.37465,-0.71986,2.62846,0.62846,-0.37465,-1.71986,2.91494,-0.03648,0.09137,600.0,5.026
208,6.9721,Midnight 00:00,simulation,0.1,1,-0.37465,-0.71986,2.62846,0.62846,-0.37465,-1.71986,2.91494,-0.03648,0.09137,600.0,5.026
209,7.0056,Midnight 00:00,simulation,0.1,1,-0.3532,-0.72921,2.6629,0.6629,-0.3532,-1.72921,2.93841,-0.0072,0.01777,588.0,5.037
210,7.0391,Midnight 00:00,simulation,0.1,1,-0.3339,-0.71888,2.62485,0.62485,-0.3339,-1.71888,2.91269,-0.03287,0.08203,600.0,5.033
211,7.0726,Midnight 00:00,simulation,0.1,1,-0.3339,-0.71888,2.62485,0.62485,-0.3339,-1.71888,2.91269,-0.03287,0.08203,600.0,5.033
212,7.1061,Midnight 00:00,simulation,0.1,1,-0.33478,-0.74735,2.72993,0.72993,-0.33478,-1.74735,2.99304,-0.02243,0.0631,576.0,5.048
213,7.1397,Midnight 00:00,simulation,0.1,1,-0.30953,-0.71834,2.62287,0.62287,-0.30953,-1.71834,2.91146,-0.03066,0.07634,600.0,5.025
214,7.1732,Midnight 00:00,simulation,0.1,1,-0.30949,-0.74692,2.72831,0.72831,-0.30949,-1.74692,2.9918,-0.0209,0.05869,576.0,5.044
215,7.2067,Midnight 00:00,simulation,0.1,1,-0.29265,-0.74664,2.72729,0.72729,-0.29265,-1.74664,2.99102,-0.01987,0.05571,576.0,5.043
216,7.2402,Midnight 00:00,simulation,0.1,1,-0.26902,-0.71753,2.61987,0.61987,-0.26902,-1.71753,2.90961,-0.02688,0.06674,600.0,5.029
217,7.2737,Midnight 00:00,simulation,0.1,1,-0.26742,-0.74625,2.72585,0.72585,-0.26742,-1.74625,2.98992,-0.01829,0.05119,576.0,5.046
218,7.3073,Midnight 00:00,simulation,0.1,1,-0.24478,-0.71709,2.61826,0.61826,-0.24478,-1.71709,2.90863,-0.02458,0.06092,600.0,5.03
219,7.3408,Midnight 00:00,simulation,0.1,1,-0.24478,-0.71709,2.61826,0.61826,-0.24478,-1.71709,2.90863,-0.02458,0.06092,600.0,5.03
220,7.3743,Midnight 00:00,simulation,0.1,1,-0.22864,-0.71682,2.61727,0.61727,-0.22864,-1.71682,2.90802,-0.02302,0.05701,600.0,5.04
221,7.4078,Midnight 00:00,simulation,0.1,1,-0.20447,-0.71645,2.6159,0.6159,-0.20447,-1.71645,2.90719,-0.02067,0.05112,600.0,5.026
222,7.4413,Midnight 00:00,simulation,0.1,1,-0.20447,-0.71645,2.6159,0.6159,-0.20447,-1.71645,2.90719,-0.02067,0.05112,600.0,5.026
223,7.4749,Midnight 00:00,simulation,0.1,1,-0.20033,-0.74537,2.72261,0.72261,-0.20033,-1.74537,2.98747,-0.01392,0.0388,576.0,5.047
224,7.5084,Midnight 00:00,simulation,0.1,1,-0.18359,-0.74519,2.72194,0.72194,-0.18359,-1.74519,2.98696,-0.0128,0.03565,576.0,5.04
225,7.5419,Midnight 00:00,simulation,0.1,1,-0.16425,-0.71593,2.61396,0.61396,-0.16425,-1.71593,2.906,-0.0167,0.04122,600.0,5.031
226,7.5754,Midnight 00:00,simulation,0.1,1,-0.1585,-0.74495,2.72103,0.72103,-0.1585,-1.74495,2.98628,-0.0111,0.03088,576.0,5.047
227,7.6089,Midnight 00:00,simulation,0.1,1,-0.14016,-0.71566,2.61299,0.61299,-0.14016,-1.71566,2.90541,-0.01429,0.03524,600.0,5.029
228,7.6425,Midnight 00:00,simulation,0.1,1,-0.14016,-0.71566,2.61299,0.61299,-0.14016,-1.71566,2.90541,-0.01429,0.03524,600.0,5.029
229,7.676,Midnight 00:00,simulation,0.1,1,-0.13344,-0.74474,2.72026,0.72026,-0.13344,-1.74474,2.98569,-0.00938,0.02607,576.0,5.043
230,7.7095,Midnight 00:00,simulation,0.1,1,-0.11674,-0.74462,2.71981,0.71981,-0.11674,-1.74462,2.98536,-0.00822,0.02284,576.0,5.044
231,7.743,Midnight 00:00,simulation,0.1,1,-0.10007,-0.71532,2.61171,0.61171,-0.10007,-1.71532,2.90464,-0.01024,0.02522,600.0,5.023
232,7.7765,Midnight 00:00,simulation,0.1,1,-0.0917,-0.74447,2.71925,0.71925,-0.0917,-1.74447,2.98494,-0.00648,0.01798,576.0,5.047
233,7.8101,Midnight 00:00,simulation,0.1,1,-0.08371,-0.71889,2.66443,0.66443,-0.08371,-1.71889,-2.41198,-0.00015,-0.00157,588.0,5.037
234,7.8436,Midnight 00:00,simulation,0.1,1,-0.08371,-0.71889,2.66443,0.66443,-0.08371,-1.71889,-2.41198,-0.00015,-0.00157,588.0,5.037
235,7.8771,Midnight 00:00,simulation,0.1,1,-0.08335,-0.72408,2.71788,0.71788,-0.08335,-1.72408,3.08623,-0.00239,0.00805,600.0,5.017
236,7.9106,Midnight 00:00,simulation,0.1,1,-0.08371,-0.69574,2.66425,0.66425,-0.08371,-1.69574,-2.42425,-6e-05,-0.00076,588.0,5.038
237,7.9441,Midnight 00:00,simulation,0.1,1,-0.08371,-0.6803,2.66412,0.66412,-0.08371,-1.6803,-2.4324,-1e-05,-0.00021,588.0,5.032
238,7.9777,Midnight 00:00,simulation,0.1,1,-0.08733,-0.68288,2.71166,0.71166,-0.08733,-1.68288,-2.52149,-0.02619,0.01064,588.0,5.024
239,8.0112,Midnight 00:00,simulation,0.1,1,-0.08371,-0.65715,2.66393,0.66393,-0.08371,-1.65715,-2.44457,8e-05,0.00065,588.0,5.039
240,8.0447,Midnight 00:00,simulation,0.1,1,-0.08335,-0.66118,2.71802,0.71802,-0.08335,-1.66118,3.08223,-0.00252,0.00915,600.0,5.019
241,8.0782,Midnight 00:00,simulation,0.1,1,-0.0837,-0.634,2.66373,0.66373,-0.0837,-1.634,-2.45669,0.00018,0.00152,588.0,5.035
242,8.1117,Midnight 00:00,simulation,0.1,1,-0.0837,-0.634,2.66373,0.66373,-0.0837,-1.634,-2.45669,0.00018,0.00152,588.0,5.035
243,8.1453,Midnight 00:00,simulation,0.1,1,-0.08367,-0.60675,2.66161,0.66161,-0.08367,-1.60675,-2.56543,0.00081,0.01256,612.5,5.016
244,8.1788,Midnight 00:00,simulation,0.1,1,-0.08367,-0.60675,2.66161,0.66161,-0.08367,-1.60675,-2.56543,0.00081,0.01256,612.5,5.016
245,8.2123,Midnight 00:00,simulation,0.1,1,-0.0837,-0.59542,2.6634,0.6634,-0.0837,-1.59542,-2.47673,0.00035,0.00303,588.0,5.037
246,8.2458,Midnight 00:00,simulation,0.1,1,-0.0837,-0.59542,2.6634,0.6634,-0.0837,-1.59542,-2.47673,0.00035,0.00303,588.0,5.037
247,8.2793,Midnight 00:00,simulation,0.1,1,-0.0837,-0.57228,2.66319,0.66319,-0.0837,-1.57228,-2.48866,0.00047,0.00396,588.0,5.029
248,8.3128,Midnight 00:00,simulation,0.1,1,-0.0837,-0.57228,2.66319,0.66319,-0.0837,-1.57228,-2.48866,0.00047,0.00396,588.0,5.029
249,8.3464,Midnight 00:00,simulation,0.1,1,-0.08366,-0.54504,2.66078,0.66078,-0.08366,-1.54504,-2.59974,0.00116,0.01678,612.5,5.017
250,8.3799,Midnight 00:00,simulation,0.1,1,-0.08366,-0.54504,2.66078,0.66078,-0.08366,-1.54504,-2.59974,0.00116,0.01678,612.5,5.017
251,8.4134,Midnight 00:00,simulation,0.1,1,-0.08369,-0.53371,2.66284,0.66284,-0.08369,-1.53371,-2.50835,0.00067,0.00556,588.0,5.036
252,8.4469,Midnight 00:00,simulation,0.1,1,-0.08369,-0.51829,2.6627,0.6627,-0.08369,-1.51829,-2.51616,0.00076,0.00621,588.0,5.032
253,8.4804,Midnight 00:00,simulation,0.1,1,-0.08335,-0.51967,2.71844,0.71844,-0.08335,-1.51967,3.07107,-0.00286,0.01248,600.0,5.022
254,8.514,Midnight 00:00,simulation,0.1,1,-0.08368,-0.49516,2.66248,0.66248,-0.08368,-1.49516,-2.52779,0.0009,0.00721,588.0,5.039
255,8.5475,Midnight 00:00,simulation,0.1,1,-0.08368,-0.49516,2.66248,0.66248,-0.08368,-1.49516,-2.52779,0.0009,0.00721,588.0,5.039
256,8.581,Midnight 00:00,simulation,0.1,1,-0.08335,-0.49608,2.71853,0.71853,-0.08335,-1.49608,3.06885,-0.00292,0.01318,600.0,5.016
257,8.6145,Midnight 00:00,simulation,0.1,1,-0.08368,-0.45661,2.66212,0.66212,-0.08368,-1.45661,-2.54696,0.00115,0.0089,588.0,5.034
258,8.648,Midnight 00:00,simulation,0.1,1,-0.08368,-0.45661,2.66212,0.66212,-0.08368,-1.45661,-2.54696,0.00115,0.0089,588.0,5.034
259,8.6816,Midnight 00:00,simulation,0.1,1,-0.08368,-0.43348,2.6619,0.6619,-0.08368,-1.43348,-2.55832,0.00131,0.00994,588.0,5.032
260,8.7151,Midnight 00:00,simulation,0.1,1,-0.08368,-0.43348,2.6619,0.6619,-0.08368,-1.43348,-2.55832,0.00131,0.00994,588.0,5.032
261,8.7486,Midnight 00:00,simulation,0.1,1,-0.08336,-0.43318,2.71879,0.71879,-0.08336,-1.43318,3.06232,-0.00309,0.01528,600.0,5.022
262,8.7821,Midnight 00:00,simulation,0.1,1,-0.08336,-0.43318,2.71879,0.71879,-0.08336,-1.43318,3.06232,-0.00309,0.01528,600.0,5.022
263,8.8156,Midnight 00:00,simulation,0.1,1,-0.08367,-0.39495,2.66152,0.66152,-0.08367,-1.39495,-2.57699,0.00159,0.0117,588.0,5.028
264,8.8492,Midnight 00:00,simulation,0.1,1,-0.08405,-0.37885,2.61192,0.61192,-0.08405,-1.37885,2.92606,-0.00715,0.02767,625.0,5.008
265,8.8827,Midnight 00:00,simulation,0.1,1,-0.08405,-0.37885,2.61192,0.61192,-0.08405,-1.37885,2.92606,-0.00715,0.02767,625.0,5.008
266,8.9162,Midnight 00:00,simulation,0.1,1,-0.08367,-0.37184,2.6613,0.6613,-0.08367,-1.37184,-2.58803,0.00177,0.01276,588.0,5.026
267,8.9497,Midnight 00:00,simulation,0.1,1,-0.08406,-0.35281,2.61282,0.61282,-0.08406,-1.35281,2.82523,-0.00947,0.03141,600.0,5.019
268,8.9832,Midnight 00:00,simulation,0.1,1,-0.08336,-0.35456,2.71919,0.71919,-0.08336,-1.35456,3.05267,-0.00329,0.01849,600.0,5.003
269,9.0168,Midnight 00:00,simulation,0.1,1,-0.08366,-0.33332,2.66092,0.66092,-0.08366,-1.33332,-2.60614,0.0021,0.01456,588.0,5.018
270,9.0503,Midnight 00:00,simulation,0.1,1,-0.08366,-0.33332,2.66092,0.66092,-0.08366,-1.33332,-2.60614,0.0021,0.01456,588.0,5.018
271,9.0838,Midnight 00:00,simulation,0.1,1,-0.08294,-0.32883,2.71564,0.71564,-0.08294,-1.32883,-3.31075,-0.00191,-0.16209,588.0,5.003
272,9.1173,Midnight 00:00,simulation,0.1,1,-0.08366,-0.31022,2.66069,0.66069,-0.08366,-1.31022,-2.61683,0.0023,0.01564,588.0,5.007
273,9.1508,Midnight 00:00,simulation,0.1,1,-0.08365,-0.29482,2.66054,0.66054,-0.08365,-1.29482,-2.62388,0.00244,0.01636,588.0,5.009
274,9.1844,Midnight 00:00,simulation,0.1,1,-0.08337,-0.29166,2.71957,0.71957,-0.08337,-1.29166,3.04349,-0.00345,0.02158,600.0,4.984
275,9.2179,Midnight 00:00,simulation,0.1,1,-0.08365,-0.27172,2.66031,0.66031,-0.08365,-1.27172,-2.63434,0.00266,0.01745,588.0,5.002
276,9.2514,Midnight 00:00,simulation,0.1,1,-0.08412,-0.25592,2.60858,0.60858,-0.08412,-1.25592,-3.44118,0.02209,0.05444,612.5,4.995
277,9.2849,Midnight 00:00,simulation,0.1,1,-0.08708,-0.2577,2.77153,0.77153,-0.08708,-1.2577,-2.83703,-0.03483,-0.02416,576.0,4.984
278,9.3184,Midnight 00:00,simulation,0.1,1,-0.08365,-0.23323,2.65993,0.65993,-0.08365,-1.23323,-2.65143,0.00305,0.01925,588.0,4.994
279,9.352,Midnight 00:00,simulation,0.1,1,-0.08358,-0.22162,2.65567,0.65567,-0.08358,-1.22162,-2.76308,0.00443,0.04245,612.5,4.97
280,9.3855,Midnight 00:00,simulation,0.1,1,-0.08364,-0.21014,2.6597,0.6597,-0.08364,-1.21014,-2.66149,0.00329,0.02033,588.0,4.982
281,9.419,Midnight 00:00,simulation,0.1,1,-0.08364,-0.21014,2.6597,0.6597,-0.08364,-1.21014,-2.66149,0.00329,0.02033,588.0,4.982
282,9.4525,Midnight 00:00,simulation,0.1,1,-0.08337,-0.18943,2.72031,0.72031,-0.08337,-1.18943,3.02505,-0.00367,0.02771,600.0,4.955
283,9.486,Midnight 00:00,simulation,0.1,1,-0.08337,-0.18943,2.72031,0.72031,-0.08337,-1.18943,3.02505,-0.00367,0.02771,600.0,4.955
284,9.5196,Midnight 00:00,simulation,0.1,1,-0.08364,-0.17167,2.65933,0.65933,-0.08364,-1.17167,-2.67789,0.00372,0.0221,588.0,4.97
285,9.5531,Midnight 00:00,simulation,0.1,1,-0.08364,-0.17167,2.65933,0.65933,-0.08364,-1.17167,-2.67789,0.00372,0.0221,588.0,4.97
286,9.5866,Midnight 00:00,simulation,0.1,1,-0.08345,-0.14602,2.64564,0.64564,-0.08345,-1.14602,-2.72641,-0.01097,0.11743,600.0,4.958
287,9.6201,Midnight 00:00,simulation,0.1,1,-0.08363,-0.13321,2.65896,0.65896,-0.08363,-1.13321,-2.69385,0.00416,0.02384,588.0,4.966
288,9.6536,Midnight 00:00,simulation,0.1,1,-0.08363,-0.13321,2.65896,0.65896,-0.08363,-1.13321,-2.69385,0.00416,0.02384,588.0,4.966
289,9.6872,Midnight 00:00,simulation,0.1,1,-0.08338,-0.1265,2.72083,0.72083,-0.08338,-1.1265,3.011,-0.00376,0.03214,600.0,4.945
290,9.7207,Midnight 00:00,simulation,0.1,1,-0.08363,-0.11013,2.65874,0.65874,-0.08363,-1.11013,-2.7032,0.00444,0.02487,588.0,4.959
291,9.7542,Midnight 00:00,simulation,0.1,1,-0.08362,-0.09475,2.6586,0.6586,-0.08362,-1.09475,-2.70934,0.00463,0.02554,588.0,4.952
292,9.7877,Midnight 00:00,simulation,0.1,1,-0.08708,-0.0894,2.76977,0.76977,-0.08708,-1.0894,-2.91193,-0.03507,-0.00211,576.0,4.938
293,9.8212,Midnight 00:00,simulation,0.1,1,-0.08362,-0.07169,2.65839,0.65839,-0.08362,-1.07169,-2.71841,0.00492,0.02653,588.0,4.957
294,9.8547,Midnight 00:00,simulation,0.1,1,-0.08338,-0.06356,2.72139,0.72139,-0.08338,-1.06356,2.99442,-0.0038,0.03694,600.0,4.939
295,9.8883,Midnight 00:00,simulation,0.1,1,-0.08357,-0.04666,2.66171,0.66171,-0.08357,-1.04666,-2.68397,0.01897,-0.03116,576.0,4.947
296,9.9218,Midnight 00:00,simulation,0.1,1,-0.08362,-0.03325,2.65805,0.65805,-0.08362,-1.03325,-2.73315,0.00543,0.02814,588.0,4.956
297,9.9553,Midnight 00:00,simulation,0.1,1,-0.08362,-0.03325,2.65805,0.65805,-0.08362,-1.03325,-2.73315,0.00543,0.02814,588.0,4.956
298,9.9888,Midnight 00:00,simulation,0.1,1,-0.08353,-0.02198,2.65271,0.65271,-0.08353,-1.02198,-2.84456,0.00784,0.05684,612.5,4.936
299,10.0223,Midnight 00:00,simulation,0.1,1,-0.08361,-0.01019,2.65786,0.65786,-0.08361,-1.01019,-2.74176,0.00574,0.02907,588.0,4.951
300,10.0559,Midnight 00:00,simulation,0.1,1,-0.08361,0.00518,2.65773,0.65773,-0.08361,-0.99482,-2.74741,0.00595,0.02967,588.0,4.941
301,10.0894,Midnight 00:00,simulation,0.1,1,-0.08352,0.01636,2.65225,0.65225,-0.08352,-0.98364,-2.85828,0.00859,0.05902,612.5,4.941
302,10.1229,Midnight 00:00,simulation,0.1,1,-0.08352,0.01636,2.65225,0.65225,-0.08352,-0.98364,-2.85828,0.00859,0.05902,612.5,4.941
303,10.1564,Midnight 00:00,simulation,0.1,1,-0.08361,0.02823,2.65754,0.65754,-0.08361,-0.97177,-2.75573,0.00626,0.03055,588.0,4.946
304,10.1899,Midnight 00:00,simulation,0.1,1,-0.08361,0.02823,2.65754,0.65754,-0.08361,-0.97177,-2.75573,0.00626,0.03055,588.0,4.944
305,10.2235,Midnight 00:00,simulation,0.1,1,-0.08361,0.02823,2.65754,0.65754,-0.08361,-0.97177,-2.75573,0.00626,0.03055,588.0,4.944
306,10.257,Midnight 00:00,simulation,0.1,1,-0.08361,0.02823,2.65754,0.65754,-0.08361,-0.97177,-2.75573,0.00626,0.03055,588.0,4.944
307,10.2905,Midnight 00:00,simulation,0.1,1,-0.08361,0.02823,2.65754,0.65754,-0.08361,-0.97177,-2.75573,0.00626,0.03055,588.0,4.944
308,10.324,Midnight 00:00,simulation,0.1,1,-0.08361,0.02823,2.65754,0.65754,-0.08361,-0.97177,-2.75573,0.00626,0.03055,588.0,4.944
309,10.3575,Midnight 00:00,simulation,0.1,1,-0.08361,0.02823,2.65754,0.65754,-0.08361,-0.97177,-2.75573,0.00626,0.03055,588.0,4.944
310,10.3911,Midnight 00:00,simulation,0.1,1,-0.08361,0.02823,2.65754,0.65754,-0.08361,-0.97177,-2.75573,0.00626,0.03055,588.0,4.944
311,10.4246,Midnight 00:00,simulation,0.1,1,-0.08361,0.02823,2.65754,0.65754,-0.08361,-0.97177,-2.75573,0.00626,0.03055,588.0,4.944
312,10.4581,Midnight 00:00,simulation,0.1,1,-0.08361,0.02823,2.65754,0.65754,-0.08361,-0.97177,-2.75573,0.00626,0.03055,588.0,4.944
313,10.4916,Midnight 00:00,simulation,0.1,1,-0.08361,0.02823,2.65754,0.65754,-0.08361,-0.97177,-2.75573,0.00626,0.03055,588.0,4.944
314,10.5251,Midnight 00:00,simulation,0.1,1,-0.08361,0.02823,2.65754,0.65754,-0.08361,-0.97177,-2.75573,0.00626,0.03055,588.0,4.944
315,10.5587,Midnight 00:00,simulation,0.1,1,-0.08361,0.02823,2.65754,0.65754,-0.08361,-0.97177,-2.75573,0.00626,0.03055,588.0,4.944
316,10.5922,Midnight 00:00,simulation,0.1,1,-0.08361,0.02823,2.65754,0.65754,-0.08361,-0.97177,-2.75573,0.00626,0.03055,588.0,4.944
317,10.6257,Midnight 00:00,simulation,0.1,1,-0.08361,0.02823,2.65754,0.65754,-0.08361,-0.97177,-2.75573,0.00626,0.03055,588.0,4.944
318,10.6592,Midnight 00:00,simulation,0.1,1,-0.08361,0.02823,2.65754,0.65754,-0.08361,-0.97177,-2.75573,0.00626,0.03055,588.0,4.944
319,10.6927,Midnight 00:00,simulation,0.1,1,-0.08361,0.02823,2.65754,0.65754,-0.08361,-0.97177,-2.75573,0.00626,0.03055,588.0,4.944
320,10.7263,Midnight 00:00,simulation,0.1,1,-0.08361,0.02823,2.65754,0.65754,-0.08361,-0.97177,-2.75573,0.00626,0.03055,588.0,4.944
321,10.7598,Midnight 00:00,simulation,0.1,1,-0.08361,0.02823,2.65754,0.65754,-0.08361,-0.97177,-2.75573,0.00626,0.03055,588.0,4.944
322,10.7933,Midnight 00:00,simulation,0.1,1,-0.08361,0.02823,2.65754,0.65754,-0.08361,-0.97177,-2.75573,0.00626,0.03055,588.0,4.944
323,10.8268,Midnight 00:00,simulation,0.1,1,-0.08361,0.02823,2.65754,0.65754,-0.08361,-0.97177,-2.75573,0.00626,0.03055,588.0,4.944
324,10.8603,Midnight 00:00,simulation,0.1,1,-0.08361,0.02823,2.65754,0.65754,-0.08361,-0.97177,-2.75573,0.00626,0.03055,588.0,4.944
325,10.8939,Midnight 00:00,simulation,0.1,1,-0.08361,0.02823,2.65754,0.65754,-0.08361,-0.97177,-2.75573,0.00626,0.03055,588.0,4.944
326,10.9274,Midnight 00:00,simulation,0.1,1,-0.08361,0.02823,2.65754,0.65754,-0.08361,-0.97177,-2.75573,0.00626,0.03055,588.0,4.944
327,10.9609,Midnight 00:00,simulation,0.1,1,-0.08361,0.02823,2.65754,0.65754,-0.08361,-0.97177,-2.75573,0.00626,0.03055,588.0,4.944
328,10.9944,Midnight 00:00,simulation,0.1,1,-0.08361,0.02823,2.65754,0.65754,-0.08361,-0.97177,-2.75573,0.00626,0.03055,588.0,4.944
329,11.0279,Midnight 00:00,simulation,0.1,1,-0.08361,0.02823,2.65754,0.65754,-0.08361,-0.97177,-2.75573,0.00626,0.03055,588.0,4.944
330,11.0615,Midnight 00:00,simulation,0.1,1,-0.08361,0.02823,2.65754,0.65754,-0.08361,-0.97177,-2.75573,0.00626,0.03055,588.0,4.944
331,11.095,Midnight 00:00,simulation,0.1,1,-0.08361,0.02823,2.65754,0.65754,-0.08361,-0.97177,-2.75573,0.00626,0.03055,588.0,4.944
332,11.1285,Midnight 00:00,simulation,0.1,1,-0.08361,0.02823,2.65754,0.65754,-0.08361,-0.97177,-2.75573,0.00626,0.03055,588.0,4.944
333,11.162,Midnight 00:00,simulation,0.1,1,-0.08361,0.02823,2.65754,0.65754,-0.08361,-0.97177,-2.75573,0.00626,0.03055,588.0,4.944
334,11.1955,Midnight 00:00,simulation,0.1,1,-0.08361,0.02823,2.65754,0.65754,-0.08361,-0.97177,-2.75573,0.00626,0.03055,588.0,4.944
335,11.2291,Midnight 00:00,simulation,0.1,1,-0.08361,0.02823,2.65754,0.65754,-0.08361,-0.97177,-2.75573,0.00626,0.03055,588.0,4.944
336,11.2626,Midnight 00:00,simulation,0.1,1,-0.08361,0.02823,2.65754,0.65754,-0.08361,-0.97177,-2.75573,0.00626,0.03055,588.0,4.944
337,11.2961,Midnight 00:00,simulation,0.1,1,-0.08361,0.02823,2.65754,0.65754,-0.08361,-0.97177,-2.75573,0.00626,0.03055,588.0,4.944
338,11.3296,Midnight 00:00,simulation,0.1,1,-0.08361,0.02823,2.65754,0.65754,-0.08361,-0.97177,-2.75573,0.00626,0.03055,588.0,4.944
339,11.3631,Midnight 00:00,simulation,0.1,1,-0.08361,0.02823,2.65754,0.65754,-0.08361,-0.97177,-2.75573,0.00626,0.03055,588.0,4.944
340,11.3966,Midnight 00:00,simulation,0.1,1,-0.08361,0.02823,2.65754,0.65754,-0.08361,-0.97177,-2.75573,0.00626,0.03055,588.0,4.944
341,11.4302,Midnight 00:00,simulation,0.1,1,-0.08361,0.02823,2.65754,0.65754,-0.08361,-0.97177,-2.75573,0.00626,0.03055,588.0,4.944
342,11.4637,Midnight 00:00,simulation,0.1,1,-0.08361,0.02823,2.65754,0.65754,-0.08361,-0.97177,-2.75573,0.00626,0.03055,588.0,4.944
343,11.4972,Midnight 00:00,simulation,0.1,1,-0.08361,0.02823,2.65754,0.65754,-0.08361,-0.97177,-2.75573,0.00626,0.03055,588.0,4.944
344,11.5307,Midnight 00:00,simulation,0.1,1,-0.08361,0.02823,2.65754,0.65754,-0.08361,-0.97177,-2.75573,0.00626,0.03055,588.0,4.944
345,11.5642,Midnight 00:00,simulation,0.1,1,-0.08361,0.02823,2.65754,0.65754,-0.08361,-0.97177,-2.75573,0.00626,0.03055,588.0,4.944
346,11.5978,Midnight 00:00,simulation,0.1,1,-0.08361,0.02823,2.65754,0.65754,-0.08361,-0.97177,-2.75573,0.00626,0.03055,588.0,4.944
347,11.6313,Midnight 00:00,simulation,0.1,1,-0.08361,0.02823,2.65754,0.65754,-0.08361,-0.97177,-2.75573,0.00626,0.03055,588.0,4.944
348,11.6648,Midnight 00:00,simulation,0.1,1,-0.08361,0.02823,2.65754,0.65754,-0.08361,-0.97177,-2.75573,0.00626,0.03055,588.0,4.944
349,11.6983,Midnight 00:00,simulation,0.1,1,-0.08361,0.02823,2.65754,0.65754,-0.08361,-0.97177,-2.75573,0.00626,0.03055,588.0,4.944
350,11.7318,Midnight 00:00,simulation,0.1,1,-0.08361,0.02823,2.65754,0.65754,-0.08361,-0.97177,-2.75573,0.00626,0.03055,588.0,4.944
351,11.7654,Midnight 00:00,simulation,0.1,1,-0.08361,0.02823,2.65754,0.65754,-0.08361,-0.97177,-2.75573,0.00626,0.03055,588.0,4.944
352,11.7989,Midnight 00:00,simulation,0.1,1,-0.08361,0.02823,2.65754,0.65754,-0.08361,-0.97177,-2.75573,0.00626,0.03055,588.0,4.944
353,11.8324,Midnight 00:00,simulation,0.1,1,-0.08361,0.02823,2.65754,0.65754,-0.08361,-0.97177,-2.75573,0.00626,0.03055,588.0,4.944
354,11.8659,Midnight 00:00,simulation,0.1,1,-0.08361,0.02823,2.65754,0.65754,-0.08361,-0.97177,-2.75573,0.00626,0.03055,588.0,4.944
355,11.8994,Midnight 00:00,simulation,0.1,1,-0.08361,0.02823,2.65754,0.65754,-0.08361,-0.97177,-2.75573,0.00626,0.03055,588.0,4.944
356,11.933,Midnight 00:00,simulation,0.1,1,-0.08361,0.02823,2.65754,0.65754,-0.08361,-0.97177,-2.75573,0.00626,0.03055,588.0,4.944
357,11.9665,Midnight 00:00,simulation,0.1,1,-0.08361,0.02823,2.65754,0.65754,-0.08361,-0.97177,-2.75573,0.00626,0.03055,588.0,4.944
358,12.0,Midnight 00:00,simulation,0.1,1,-0.08361,0.02823,2.65754,0.65754,-0.08361,-0.97177,-2.75573,0.00626,0.03055,588.0,4.944
359,12.0335,Midnight 00:00,simulation,0.1,1,-0.08361,0.02823,2.65754,0.65754,-0.08361,-0.97177,-2.75573,0.00626,0.03055,588.0,4.944
360,12.067,Midnight 00:00,simulation,0.1,1,-0.08361,0.02823,2.65754,0.65754,-0.08361,-0.97177,-2.75573,0.00626,0.03055,588.0,4.944
361,12.1006,Midnight 00:00,simulation,0.1,1,-0.08361,0.02823,2.65754,0.65754,-0.08361,-0.97177,-2.75573,0.00626,0.03055,588.0,4.944
362,12.1341,Midnight 00:00,simulation,0.1,1,-0.08361,0.02823,2.65754,0.65754,-0.08361,-0.97177,-2.75573,0.00626,0.03055,588.0,4.944
363,12.1676,Midnight 00:00,simulation,0.1,1,-0.08361,0.02823,2.65754,0.65754,-0.08361,-0.97177,-2.75573,0.00626,0.03055,588.0,4.944
364,12.2011,Midnight 00:00,simulation,0.1,1,-0.08361,0.02823,2.65754,0.65754,-0.08361,-0.97177,-2.75573,0.00626,0.03055,588.0,4.944
365,12.2346,Midnight 00:00,simulation,0.1,1,-0.08361,0.02823,2.65754,0.65754,-0.08361,-0.97177,-2.75573,0.00626,0.03055,588.0,4.944
366,12.2682,Midnight 00:00,simulation,0.1,1,-0.08361,0.02823,2.65754,0.65754,-0.08361,-0.97177,-2.75573,0.00626,0.03055,588.0,4.944
367,12.3017,Midnight 00:00,simulation,0.1,1,-0.08361,0.02823,2.65754,0.65754,-0.08361,-0.97177,-2.75573,0.00626,0.03055,588.0,4.944
368,12.3352,Midnight 00:00,simulation,0.1,1,-0.08361,0.02823,2.65754,0.65754,-0.08361,-0.97177,-2.75573,0.00626,0.03055,588.0,4.944
369,12.3687,Midnight 00:00,simulation,0.1,1,-0.08361,0.02823,2.65754,0.65754,-0.08361,-0.97177,-2.75573,0.00626,0.03055,588.0,4.944
370,12.4022,Midnight 00:00,simulation,0.1,1,-0.0834,0.02867,2.72236,0.72236,-0.0834,-0.97133,3.4587,0.00875,0.05051,576.0,4.941
371,12.4358,Midnight 00:00,simulation,0.1,1,-0.0834,0.02867,2.72236,0.72236,-0.0834,-0.97133,3.4587,0.00875,0.05051,576.0,4.935
372,12.4693,Midnight 00:00,simulation,0.1,1,-0.0834,0.02867,2.72236,0.72236,-0.0834,-0.97133,3.4587,0.00875,0.05051,576.0,4.93
373,12.5028,Midnight 00:00,simulation,0.1,1,-0.0834,0.02867,2.72236,0.72236,-0.0834,-0.97133,3.4587,0.00875,0.05051,576.0,4.93
374,12.5363,Midnight 00:00,simulation,0.1,1,-0.09136,0.02929,2.83984,0.83984,-0.09136,-0.97071,3.28921,0.00414,0.04571,552.0,4.926
375,12.5698,Midnight 00:00,simulation,0.1,1,-0.09136,0.02929,2.83984,0.83984,-0.09136,-0.97071,3.28921,0.00414,0.04571,552.0,4.921
376,12.6034,Midnight 00:00,simulation,0.1,1,-0.09136,0.02929,2.83984,0.83984,-0.09136,-0.97071,3.28921,0.00414,0.04571,552.0,4.918
377,12.6369,Midnight 00:00,simulation,0.1,1,-0.09136,0.02929,2.83984,0.83984,-0.09136,-0.97071,3.28921,0.00414,0.04571,552.0,4.924
378,12.6704,Midnight 00:00,simulation,0.1,1,-0.09141,0.0279,2.83699,0.83699,-0.09141,-0.9721,3.52225,0.03018,-0.02324,517.5,4.926
379,12.7039,Midnight 00:00,simulation,0.1,1,-0.09141,0.0279,2.83699,0.83699,-0.09141,-0.9721,3.52225,0.03018,-0.02324,517.5,4.926
380,12.7374,Midnight 00:00,simulation,0.1,1,-0.09068,0.02588,2.87487,0.87487,-0.09068,-0.97412,2.76959,-0.00752,-0.13767,506.0,4.927
381,12.7709,Midnight 00:00,simulation,0.1,1,-0.09097,0.03108,2.96912,0.96912,-0.09097,-0.96892,3.45997,0.00879,0.05068,484.0,4.925
382,12.8045,Midnight 00:00,simulation,0.1,1,-0.09097,0.03108,2.96912,0.96912,-0.09097,-0.96892,3.45997,0.00879,0.05068,484.0,4.925
383,12.838,Midnight 00:00,simulation,0.1,1,-0.09097,0.03108,2.96912,0.96912,-0.09097,-0.96892,3.45997,0.00879,0.05068,484.0,4.921
384,12.8715,Midnight 00:00,simulation,0.1,1,-0.09097,0.03108,2.96912,0.96912,-0.09097,-0.96892,3.45997,0.00879,0.05068,484.0,4.921
385,12.905,Midnight 00:00,simulation,0.1,1,-0.09097,0.03108,2.96912,0.96912,-0.09097,-0.96892,3.45997,0.00879,0.05068,484.0,4.917
386,12.9385,Midnight 00:00,simulation,0.1,1,-0.09099,0.02707,2.96968,0.96968,-0.09099,-0.97293,3.57521,0.01234,0.05346,462.0,4.924
387,12.9721,Midnight 00:00,simulation,0.1,1,-0.09489,0.02745,3.02651,1.02651,-0.09489,-0.97255,-2.74305,-0.0257,-0.1223,451.5,4.917
388,13.0056,Midnight 00:00,simulation,0.1,1,-0.09099,0.02707,2.96968,0.96968,-0.09099,-0.97293,3.57521,0.01234,0.05346,462.0,4.91
389,13.0391,Midnight 00:00,simulation,0.1,1,-0.09099,0.02707,2.96968,0.96968,-0.09099,-0.97293,3.57521,0.01234,0.05346,462.0,4.91
390,13.0726,Midnight 00:00,simulation,0.1,1,-0.10007,0.02797,3.11031,1.11031,-0.10007,-0.97203,3.46175,0.00925,0.05355,441.0,4.909
391,13.1061,Midnight 00:00,simulation,0.1,1,-0.10007,0.02797,3.11031,1.11031,-0.10007,-0.97203,3.46175,0.00925,0.05355,441.0,4.908
392,13.1397,Midnight 00:00,simulation,0.1,1,-0.10007,0.02797,3.11031,1.11031,-0.10007,-0.97203,3.46175,0.00925,0.05355,441.0,4.903
393,13.1732,Midnight 00:00,simulation,0.1,1,-0.10007,0.02797,3.11031,1.11031,-0.10007,-0.97203,3.46175,0.00925,0.05355,441.0,4.903
394,13.2067,Midnight 00:00,simulation,0.1,1,-0.10007,0.02797,3.11031,1.11031,-0.10007,-0.97203,3.46175,0.00925,0.05355,441.0,4.905
395,13.2402,Midnight 00:00,simulation,0.1,1,-0.10006,0.02868,3.26461,1.26461,-0.10006,-0.97132,3.25024,0.00288,0.04142,420.0,4.901
396,13.2737,Midnight 00:00,simulation,0.1,1,-0.10007,0.02455,3.26532,1.26532,-0.10007,-0.97545,3.46389,0.00883,0.05133,400.0,4.901
397,13.3073,Midnight 00:00,simulation,0.1,1,-0.10007,0.02455,3.26532,1.26532,-0.10007,-0.97545,3.46389,0.00883,0.05133,400.0,4.9
398,13.3408,Midnight 00:00,simulation,0.1,1,-0.10007,0.02455,3.26532,1.26532,-0.10007,-0.97545,3.46389,0.00883,0.05133,400.0,4.901
399,13.3743,Midnight 00:00,simulation,0.1,1,-0.10007,0.02455,3.26532,1.26532,-0.10007,-0.97545,3.46389,0.00883,0.05133,400.0,4.901
400,13.4078,Midnight 00:00,simulation,0.1,1,-0.10007,0.02455,3.26532,1.26532,-0.10007,-0.97545,3.46389,0.00883,0.05133,400.0,4.901
401,13.4413,Midnight 00:00,simulation,0.1,1,-0.10007,0.02455,3.26532,1.26532,-0.10007,-0.97545,3.46389,0.00883,0.05133,400.0,4.902
402,13.4749,Midnight 00:00,simulation,0.1,1,-0.10007,0.02455,3.26532,1.26532,-0.10007,-0.97545,3.46389,0.00883,0.05133,400.0,4.902
403,13.5084,Midnight 00:00,simulation,0.1,1,-0.10007,0.02455,3.26532,1.26532,-0.10007,-0.97545,3.46389,0.00883,0.05133,400.0,4.895
404,13.5419,Midnight 00:00,simulation,0.1,1,-0.1106,0.02512,3.43626,1.43626,-0.1106,-0.97488,3.22928,0.00242,0.04168,380.0,4.882
405,13.5754,Midnight 00:00,simulation,0.1,1,-0.11026,0.02625,3.43115,1.43115,-0.11026,-0.97375,-3.55107,-0.01227,-0.15484,351.5,4.88
406,13.6089,Midnight 00:00,simulation,0.1,1,-0.11026,0.02625,3.43115,1.43115,-0.11026,-0.97375,-3.55107,-0.01227,-0.15484,351.5,4.88
407,13.6425,Midnight 00:00,simulation,0.1,1,-0.11026,0.02625,3.43115,1.43115,-0.11026,-0.97375,-3.55107,-0.01227,-0.15484,351.5,4.88
408,13.676,Midnight 00:00,simulation,0.1,1,-0.11118,0.02708,3.62738,1.62738,-0.11118,-0.97292,3.46494,0.00887,0.05147,324.0,4.878
409,13.7095,Midnight 00:00,simulation,0.1,1,-0.11118,0.02708,3.62738,1.62738,-0.11118,-0.97292,3.46494,0.00887,0.05147,324.0,4.883
410,13.743,Midnight 00:00,simulation,0.1,1,-0.11118,0.02708,3.62738,1.62738,-0.11118,-0.97292,3.46494,0.00887,0.05147,324.0,4.887
411,13.7765,Midnight 00:00,simulation,0.1,1,-0.11118,0.02708,3.62738,1.62738,-0.11118,-0.97292,3.46494,0.00887,0.05147,324.0,4.887
412,13.8101,Midnight 00:00,simulation,0.1,1,-0.11118,0.02708,3.62738,1.62738,-0.11118,-0.97292,3.46494,0.00887,0.05147,324.0,4.887
413,13.8436,Midnight 00:00,simulation,0.1,1,-0.11118,0.02708,3.62738,1.62738,-0.11118,-0.97292,3.46494,0.00887,0.05147,324.0,4.889
414,13.8771,Midnight 00:00,simulation,0.1,1,-0.11118,0.02708,3.62738,1.62738,-0.11118,-0.97292,3.46494,0.00887,0.05147,324.0,4.89
415,13.9106,Midnight 00:00,simulation,0.1,1,-0.11118,0.02708,3.62738,1.62738,-0.11118,-0.97292,3.46494,0.00887,0.05147,324.0,4.888
416,13.9441,Midnight 00:00,simulation,0.1,1,-0.11118,0.02708,3.62738,1.62738,-0.11118,-0.97292,3.46494,0.00887,0.05147,324.0,4.884
417,13.9777,Midnight 00:00,simulation,0.1,1,-0.11118,0.02708,3.62738,1.62738,-0.11118,-0.97292,3.46494,0.00887,0.05147,324.0,4.877
418,14.0112,Midnight 00:00,simulation,0.1,1,-0.11118,0.02708,3.62738,1.62738,-0.11118,-0.97292,3.46494,0.00887,0.05147,324.0,4.877
419,14.0447,Midnight 00:00,simulation,0.1,1,-0.11118,0.02708,3.62738,1.62738,-0.11118,-0.97292,3.46494,0.00887,0.05147,324.0,4.873
420,14.0782,Midnight 00:00,simulation,0.1,1,-0.11112,0.02256,3.62059,1.62059,-0.11112,-0.97744,-3.55631,0.03656,0.04721,315.0,4.875
421,14.1117,Midnight 00:00,simulation,0.1,1,-0.1112,0.0221,3.62794,1.62794,-0.1112,-0.9779,3.60142,0.01311,0.05438,306.0,4.876
422,14.1453,Midnight 00:00,simulation,0.1,1,-0.1112,0.0221,3.62794,1.62794,-0.1112,-0.9779,3.60142,0.01311,0.05438,306.0,4.87
423,14.1788,Midnight 00:00,simulation,0.1,1,-0.11653,0.02249,3.71417,1.71417,-0.11653,-0.97751,-2.72402,-0.02961,-0.13725,297.5,4.874
424,14.2123,Midnight 00:00,simulation,0.1,1,-0.11653,0.02249,3.71417,1.71417,-0.11653,-0.97751,-2.72402,-0.02961,-0.13725,297.5,4.874
425,14.2458,Midnight 00:00,simulation,0.1,1,-0.1112,0.0221,3.62794,1.62794,-0.1112,-0.9779,3.60142,0.01311,0.05438,306.0,4.872
426,14.2793,Midnight 00:00,simulation,0.1,1,-0.12479,0.02353,4.06528,2.06528,-0.12479,-0.97647,3.13794,-0.00026,-0.06344,272.0,4.87
427,14.3128,Midnight 00:00,simulation,0.1,1,-0.12479,0.02353,4.06528,2.06528,-0.12479,-0.97647,3.13794,-0.00026,-0.06344,272.0,4.87
428,14.3464,Midnight 00:00,simulation,0.1,1,-0.12361,0.02302,3.84059,1.84059,-0.12361,-0.97698,3.46664,0.00932,0.05436,289.0,4.87
429,14.3799,Midnight 00:00,simulation,0.1,1,-0.12341,0.02334,3.91913,1.91913,-0.12341,-0.97666,-2.87097,0.01626,0.12075,280.5,4.867
430,14.4134,Midnight 00:00,simulation,0.1,1,-0.12479,0.02353,4.06528,2.06528,-0.12479,-0.97647,3.13794,-0.00026,-0.06344,272.0,4.867
431,14.4469,Midnight 00:00,simulation,0.1,1,-0.12479,0.02353,4.06528,2.06528,-0.12479,-0.97647,3.13794,-0.00026,-0.06344,272.0,4.866
432,14.4804,Midnight 00:00,simulation,0.1,1,-0.12479,0.02353,4.06528,2.06528,-0.12479,-0.97647,3.13794,-0.00026,-0.06344,272.0,4.866
433,14.514,Midnight 00:00,simulation,0.1,1,-0.12479,0.02353,4.06528,2.06528,-0.12479,-0.97647,3.13794,-0.00026,-0.06344,272.0,4.87
434,14.5475,Midnight 00:00,simulation,0.1,1,-0.12507,0.01846,4.08007,2.08007,-0.12507,-0.98154,3.46869,0.0089,0.05209,256.0,4.866
435,14.581,Midnight 00:00,simulation,0.1,1,-0.12507,0.01846,4.08007,2.08007,-0.12507,-0.98154,3.46869,0.0089,0.05209,256.0,4.866
436,14.6145,Midnight 00:00,simulation,0.1,1,-0.12507,0.01846,4.08007,2.08007,-0.12507,-0.98154,3.46869,0.0089,0.05209,256.0,4.866
437,14.648,Midnight 00:00,simulation,0.1,1,-0.12507,0.01846,4.08007,2.08007,-0.12507,-0.98154,3.46869,0.0089,0.05209,256.0,4.866
438,14.6816,Midnight 00:00,simulation,0.1,1,-0.12507,0.01846,4.08007,2.08007,-0.12507,-0.98154,3.46869,0.0089,0.05209,256.0,4.866
439,14.7151,Midnight 00:00,simulation,0.1,1,-0.12507,0.01846,4.08007,2.08007,-0.12507,-0.98154,3.46869,0.0089,0.05209,256.0,4.866
440,14.7486,Midnight 00:00,simulation,0.1,1,-0.12507,0.01846,4.08007,2.08007,-0.12507,-0.98154,3.46869,0.0089,0.05209,256.0,4.866
441,14.7821,Midnight 00:00,simulation,0.1,1,-0.12507,0.01846,4.08007,2.08007,-0.12507,-0.98154,3.46869,0.0089,0.05209,256.0,4.866
442,14.8156,Midnight 00:00,simulation,0.1,1,-0.12507,0.01846,4.08007,2.08007,-0.12507,-0.98154,3.46869,0.0089,0.05209,256.0,4.866
443,14.8492,Midnight 00:00,simulation,0.1,1,-0.12507,0.01846,4.08007,2.08007,-0.12507,-0.98154,3.46869,0.0089,0.05209,256.0,4.866
444,14.8827,Midnight 00:00,simulation,0.1,1,-0.12507,0.01846,4.08007,2.08007,-0.12507,-0.98154,3.46869,0.0089,0.05209,256.0,4.866
445,14.9162,Midnight 00:00,simulation,0.1,1,-0.12507,0.01846,4.08007,2.08007,-0.12507,-0.98154,3.46869,0.0089,0.05209,256.0,4.866
446,14.9497,Midnight 00:00,simulation,0.1,1,-0.12507,0.01846,4.08007,2.08007,-0.12507,-0.98154,3.46869,0.0089,0.05209,256.0,4.866
447,14.9832,Midnight 00:00,simulation,0.1,1,-0.12507,0.01846,4.08007,2.08007,-0.12507,-0.98154,3.46869,0.0089,0.05209,256.0,4.866
448,15.0168,Midnight 00:00,simulation,0.1,1,-0.12507,0.01846,4.08007,2.08007,-0.12507,-0.98154,3.46869,0.0089,0.05209,256.0,4.866
449,15.0503,Midnight 00:00,simulation,0.1,1,-0.12507,0.01846,4.08007,2.08007,-0.12507,-0.98154,3.46869,0.0089,0.05209,256.0,4.866
450,15.0838,Midnight 00:00,simulation,0.1,1,-0.12507,0.01846,4.08007,2.08007,-0.12507,-0.98154,3.46869,0.0089,0.05209,256.0,4.866
451,15.1173,Midnight 00:00,simulation,0.1,1,-0.12507,0.01846,4.08007,2.08007,-0.12507,-0.98154,3.46869,0.0089,0.05209,256.0,4.866
452,15.1508,Midnight 00:00,simulation,0.1,1,-0.12507,0.01846,4.08007,2.08007,-0.12507,-0.98154,3.46869,0.0089,0.05209,256.0,4.866
453,15.1844,Midnight 00:00,simulation,0.1,1,-0.12507,0.01846,4.08007,2.08007,-0.12507,-0.98154,3.46869,0.0089,0.05209,256.0,4.866
454,15.2179,Midnight 00:00,simulation,0.1,1,-0.12507,0.01846,4.08007,2.08007,-0.12507,-0.98154,3.46869,0.0089,0.05209,256.0,4.866
455,15.2514,Midnight 00:00,simulation,0.1,1,-0.12507,0.01846,4.08007,2.08007,-0.12507,-0.98154,3.46869,0.0089,0.05209,256.0,4.866
456,15.2849,Midnight 00:00,simulation,0.1,1,-0.12507,0.01846,4.08007,2.08007,-0.12507,-0.98154,3.46869,0.0089,0.05209,256.0,4.866
457,15.3184,Midnight 00:00,simulation,0.1,1,-0.12507,0.01846,4.08007,2.08007,-0.12507,-0.98154,3.46869,0.0089,0.05209,256.0,4.866
458,15.352,Midnight 00:00,simulation,0.1,1,-0.12507,0.01846,4.08007,2.08007,-0.12507,-0.98154,3.46869,0.0089,0.05209,256.0,4.866
459,15.3855,Midnight 00:00,simulation,0.1,1,-0.12507,0.01846,4.08007,2.08007,-0.12507,-0.98154,3.46869,0.0089,0.05209,256.0,4.866
460,15.419,Midnight 00:00,simulation,0.1,1,-0.12507,0.01846,4.08007,2.08007,-0.12507,-0.98154,3.46869,0.0089,0.05209,256.0,4.866
461,15.4525,Midnight 00:00,simulation,0.1,1,-0.12507,0.01846,4.08007,2.08007,-0.12507,-0.98154,3.46869,0.0089,0.05209,256.0,4.866
462,15.486,Midnight 00:00,simulation,0.1,1,-0.12507,0.01846,4.08007,2.08007,-0.12507,-0.98154,3.46869,0.0089,0.05209,256.0,4.866
463,15.5196,Midnight 00:00,simulation,0.1,1,-0.12507,0.01846,4.08007,2.08007,-0.12507,-0.98154,3.46869,0.0089,0.05209,256.0,4.866
464,15.5531,Midnight 00:00,simulation,0.1,1,-0.12507,0.01846,4.08007,2.08007,-0.12507,-0.98154,3.46869,0.0089,0.05209,256.0,4.866
465,15.5866,Midnight 00:00,simulation,0.1,1,-0.12507,0.01846,4.08007,2.08007,-0.12507,-0.98154,3.46869,0.0089,0.05209,256.0,4.866
466,15.6201,Midnight 00:00,simulation,0.1,1,-0.12507,0.01846,4.08007,2.08007,-0.12507,-0.98154,3.46869,0.0089,0.05209,256.0,4.866
467,15.6536,Midnight 00:00,simulation,0.1,1,-0.12507,0.01846,4.08007,2.08007,-0.12507,-0.98154,3.46869,0.0089,0.05209,256.0,4.866
468,15.6872,Midnight 00:00,simulation,0.1,1,-0.12507,0.01846,4.08007,2.08007,-0.12507,-0.98154,3.46869,0.0089,0.05209,256.0,4.866
469,15.7207,Midnight 00:00,simulation,0.1,1,-0.12507,0.01846,4.08007,2.08007,-0.12507,-0.98154,3.46869,0.0089,0.05209,256.0,4.866
470,15.7542,Midnight 00:00,simulation,0.1,1,-0.12507,0.01846,4.08007,2.08007,-0.12507,-0.98154,3.46869,0.0089,0.05209,256.0,4.866
471,15.7877,Midnight 00:00,simulation,0.1,1,-0.12507,0.01846,4.08007,2.08007,-0.12507,-0.98154,3.46869,0.0089,0.05209,256.0,4.866
472,15.8212,Midnight 00:00,simulation,0.1,1,-0.12507,0.01846,4.08007,2.08007,-0.12507,-0.98154,3.46869,0.0089,0.05209,256.0,4.866
473,15.8547,Midnight 00:00,simulation,0.1,1,-0.12507,0.01846,4.08007,2.08007,-0.12507,-0.98154,3.46869,0.0089,0.05209,256.0,4.866
474,15.8883,Midnight 00:00,simulation,0.1,1,-0.12507,0.01846,4.08007,2.08007,-0.12507,-0.98154,3.46869,0.0089,0.05209,256.0,4.866
475,15.9218,Midnight 00:00,simulation,0.1,1,-0.12507,0.01846,4.08007,2.08007,-0.12507,-0.98154,3.46869,0.0089,0.05209,256.0,4.866
476,15.9553,Midnight 00:00,simulation,0.1,1,-0.12507,0.01846,4.08007,2.08007,-0.12507,-0.98154,3.46869,0.0089,0.05209,256.0,4.866
477,15.9888,Midnight 00:00,simulation,0.1,1,-0.12507,0.01846,4.08007,2.08007,-0.12507,-0.98154,3.46869,0.0089,0.05209,256.0,4.866
478,16.0223,Midnight 00:00,simulation,0.1,1,-0.12507,0.01846,4.08007,2.08007,-0.12507,-0.98154,3.46869,0.0089,0.05209,256.0,4.866
479,16.0559,Midnight 00:00,simulation,0.1,1,-0.12507,0.01846,4.08007,2.08007,-0.12507,-0.98154,3.46869,0.0089,0.05209,256.0,4.866
480,16.0894,Midnight 00:00,simulation,0.1,1,-0.12507,0.01846,4.08007,2.08007,-0.12507,-0.98154,3.46869,0.0089,0.05209,256.0,4.866
481,16.1229,Midnight 00:00,simulation,0.1,1,-0.12507,0.01846,4.08007,2.08007,-0.12507,-0.98154,3.46869,0.0089,0.05209,256.0,4.866
482,16.1564,Midnight 00:00,simulation,0.1,1,-0.12507,0.01846,4.08007,2.08007,-0.12507,-0.98154,3.46869,0.0089,0.05209,256.0,4.866
483,16.1899,Midnight 00:00,simulation,0.1,1,-0.12507,0.01846,4.08007,2.08007,-0.12507,-0.98154,3.46869,0.0089,0.05209,256.0,4.866
484,16.2235,Midnight 00:00,simulation,0.1,1,-0.12507,0.01846,4.08007,2.08007,-0.12507,-0.98154,3.46869,0.0089,0.05209,256.0,4.866
485,16.257,Midnight 00:00,simulation,0.1,1,-0.12507,0.01846,4.08007,2.08007,-0.12507,-0.98154,3.46869,0.0089,0.05209,256.0,4.866
486,16.2905,Midnight 00:00,simulation,0.1,1,-0.12507,0.01846,4.08007,2.08007,-0.12507,-0.98154,3.46869,0.0089,0.05209,256.0,4.866
487,16.324,Midnight 00:00,simulation,0.1,1,-0.12507,0.01846,4.08007,2.08007,-0.12507,-0.98154,3.46869,0.0089,0.05209,256.0,4.866
488,16.3575,Midnight 00:00,simulation,0.1,1,-0.12507,0.01846,4.08007,2.08007,-0.12507,-0.98154,3.46869,0.0089,0.05209,256.0,4.866
489,16.3911,Midnight 00:00,simulation,0.1,1,-0.12507,0.01846,4.08007,2.08007,-0.12507,-0.98154,3.46869,0.0089,0.05209,256.0,4.866
490,16.4246,Midnight 00:00,simulation,0.1,1,-0.12507,0.01846,4.08007,2.08007,-0.12507,-0.98154,3.46869,0.0089,0.05209,256.0,4.866
491,16.4581,Midnight 00:00,simulation,0.1,1,-0.12507,0.01846,4.08007,2.08007,-0.12507,-0.98154,3.46869,0.0089,0.05209,256.0,4.866
492,16.4916,Midnight 00:00,simulation,0.1,1,-0.12507,0.01846,4.08007,2.08007,-0.12507,-0.98154,3.46869,0.0089,0.05209,256.0,4.866
493,16.5251,Midnight 00:00,simulation,0.1,1,-0.12507,0.01846,4.08007,2.08007,-0.12507,-0.98154,3.46869,0.0089,0.05209,256.0,4.866
494,16.5587,Midnight 00:00,simulation,0.1,1,-0.12507,0.01846,4.08007,2.08007,-0.12507,-0.98154,3.46869,0.0089,0.05209,256.0,4.866
495,16.5922,Midnight 00:00,simulation,0.1,1,-0.12507,0.01846,4.08007,2.08007,-0.12507,-0.98154,3.46869,0.0089,0.05209,256.0,4.866
496,16.6257,Midnight 00:00,simulation,0.1,1,-0.12507,0.01846,4.08007,2.08007,-0.12507,-0.98154,3.46869,0.0089,0.05209,256.0,4.866
497,16.6592,Midnight 00:00,simulation,0.1,1,-0.12507,0.01846,4.08007,2.08007,-0.12507,-0.98154,3.46869,0.0089,0.05209,256.0,4.866
498,16.6927,Midnight 00:00,simulation,0.1,1,-0.12507,0.01846,4.08007,2.08007,-0.12507,-0.98154,3.46869,0.0089,0.05209,256.0,4.866
499,16.7263,Midnight 00:00,simulation,0.1,1,-0.12507,0.01846,4.08007,2.08007,-0.12507,-0.98154,3.46869,0.0089,0.05209,256.0,4.866
500,16.7598,Midnight 00:00,simulation,0.1,1,-0.12507,0.01846,4.08007,2.08007,-0.12507,-0.98154,3.46869,0.0089,0.05209,256.0,4.866
501,16.7933,Midnight 00:00,simulation,0.1,0,0.0,0.0,0.0,0.0,0.0,0.0,0.0,0.0,0.0,0.0,4.861
502,16.8268,Midnight 00:00,simulation,0.1,1,-0.15012,0.01847,4.08091,2.08091,-0.15012,-0.98153,3.4679,0.01066,0.06249,256.0,4.861
503,16.8603,Midnight 00:00,simulation,0.1,1,-0.15012,0.01847,4.08091,2.08091,-0.15012,-0.98153,3.4679,0.01066,0.06249,256.0,4.861
504,16.8939,Midnight 00:00,simulation,0.1,0,0.0,0.0,0.0,0.0,0.0,0.0,0.0,0.0,0.0,0.0,4.857
505,16.9274,Midnight 00:00,simulation,0.1,0,0.0,0.0,0.0,0.0,0.0,0.0,0.0,0.0,0.0,0.0,4.857
506,16.9609,Midnight 00:00,simulation,0.1,1,-0.20624,0.01774,3.84466,1.84466,-0.20624,-0.98226,3.60712,0.02324,0.09563,272.0,4.854
507,16.9944,Midnight 00:00,simulation,0.1,0,0.0,0.0,0.0,0.0,0.0,0.0,0.0,0.0,0.0,0.0,4.857
508,17.0279,Midnight 00:00,simulation,0.1,1,-0.26308,0.01848,4.08658,2.08658,-0.26308,-0.98152,3.46256,0.01838,0.10906,256.0,4.859
509,17.0615,Midnight 00:00,simulation,0.1,1,-0.28825,0.01848,4.08826,2.08826,-0.28825,-0.98152,3.46097,0.02004,0.11936,256.0,4.864
510,17.095,Midnight 00:00,simulation,0.1,0,0.0,0.0,0.0,0.0,0.0,0.0,0.0,0.0,0.0,0.0,4.856
511,17.1285,Midnight 00:00,simulation,0.1,0,0.0,0.0,0.0,0.0,0.0,0.0,0.0,0.0,0.0,0.0,4.856
512,17.162,Midnight 00:00,simulation,0.1,0,0.0,0.0,0.0,0.0,0.0,0.0,0.0,0.0,0.0,0.0,4.857
513,17.1955,Midnight 00:00,simulation,0.1,0,0.0,0.0,0.0,0.0,0.0,0.0,0.0,0.0,0.0,0.0,4.857
514,17.2291,Midnight 00:00,simulation,0.1,1,-0.36169,0.01872,4.17967,2.17967,-0.36169,-0.98128,-2.86963,-0.04003,-0.305,248.0,4.851
515,17.2626,Midnight 00:00,simulation,0.1,0,0.0,0.0,0.0,0.0,0.0,0.0,0.0,0.0,0.0,0.0,4.856
516,17.2961,Midnight 00:00,simulation,0.1,1,-0.40197,0.01851,4.09768,2.09768,-0.40197,-0.98149,3.45198,0.02719,0.16532,256.0,4.858
517,17.3296,Midnight 00:00,simulation,0.1,0,0.0,0.0,0.0,0.0,0.0,0.0,0.0,0.0,0.0,0.0,4.854
518,17.3631,Midnight 00:00,simulation,0.1,0,0.0,0.0,0.0,0.0,0.0,0.0,0.0,0.0,0.0,0.0,4.854
519,17.3966,Midnight 00:00,simulation,0.1,0,0.0,0.0,0.0,0.0,0.0,0.0,0.0,0.0,0.0,0.0,4.852
520,17.4302,Midnight 00:00,simulation,0.1,0,0.0,0.0,0.0,0.0,0.0,0.0,0.0,0.0,0.0,0.0,4.854
521,17.4637,Midnight 00:00,simulation,0.1,1,-0.51659,0.01854,4.11016,2.11016,-0.51659,-0.98146,3.43991,0.03363,0.21055,256.0,4.86
522,17.4972,Midnight 00:00,simulation,0.1,1,-0.51659,0.01854,4.11016,2.11016,-0.51659,-0.98146,3.43991,0.03363,0.21055,256.0,4.86
523,17.5307,Midnight 00:00,simulation,0.1,0,0.0,0.0,0.0,0.0,0.0,0.0,0.0,0.0,0.0,0.0,4.857
524,17.5642,Midnight 00:00,simulation,0.1,0,0.0,0.0,0.0,0.0,0.0,0.0,0.0,0.0,0.0,0.0,4.857
525,17.5978,Midnight 00:00,simulation,0.1,1,-0.56954,0.01814,3.97537,1.97537,-0.56954,-0.98186,-2.72754,-0.06148,-0.29702,264.0,4.853
526,17.6313,Midnight 00:00,simulation,0.1,1,-0.57701,0.01785,3.88121,1.88121,-0.57701,-0.98215,3.57842,0.06093,0.26146,272.0,4.85
527,17.6648,Midnight 00:00,simulation,0.1,0,0.0,0.0,0.0,0.0,0.0,0.0,0.0,0.0,0.0,0.0,4.85
528,17.6983,Midnight 00:00,simulation,0.1,0,0.0,0.0,0.0,0.0,0.0,0.0,0.0,0.0,0.0,0.0,4.85
529,17.7318,Midnight 00:00,simulation,0.1,1,-0.65828,0.01859,4.1295,2.1295,-0.65828,-0.98141,3.42075,0.04023,0.26445,256.0,4.859
530,17.7654,Midnight 00:00,simulation,0.1,0,0.0,0.0,0.0,0.0,0.0,0.0,0.0,0.0,0.0,0.0,4.857
531,17.7989,Midnight 00:00,simulation,0.1,1,-0.70718,0.0182,3.99569,1.99569,-0.70718,-0.9818,-2.73438,-0.0694,-0.3455,264.0,4.85
532,17.8324,Midnight 00:00,simulation,0.1,1,-0.70718,0.0182,3.99569,1.99569,-0.70718,-0.9818,-2.73438,-0.0694,-0.3455,264.0,4.85
533,17.8659,Midnight 00:00,simulation,0.1,0,0.0,0.0,0.0,0.0,0.0,0.0,0.0,0.0,0.0,0.0,4.853
534,17.8994,Midnight 00:00,simulation,0.1,1,-0.82914,0.01872,4.29213,2.29213,-0.82914,-0.98128,3.16516,0.00594,0.29464,256.0,4.855
535,17.933,Midnight 00:00,simulation,0.1,1,-0.82914,0.01872,4.29213,2.29213,-0.82914,-0.98128,3.16516,0.00594,0.29464,256.0,4.855
536,17.9665,Midnight 00:00,simulation,0.1,0,0.0,0.0,0.0,0.0,0.0,0.0,0.0,0.0,0.0,0.0,4.856
537,18.0,Midnight 00:00,simulation,0.1,0,0.0,0.0,0.0,0.0,0.0,0.0,0.0,0.0,0.0,0.0,4.851
538,18.0335,Midnight 00:00,simulation,0.1,0,0.0,0.0,0.0,0.0,0.0,0.0,0.0,0.0,0.0,0.0,4.849
539,18.067,Midnight 00:00,simulation,0.1,0,0.0,0.0,0.0,0.0,0.0,0.0,0.0,0.0,0.0,0.0,4.849
540,18.1006,Midnight 00:00,simulation,0.1,0,0.0,0.0,0.0,0.0,0.0,0.0,0.0,0.0,0.0,0.0,4.852
541,18.1341,Midnight 00:00,simulation,0.1,1,-0.94593,0.01879,4.28479,2.28479,-0.94593,-0.98121,3.21023,0.01493,0.33051,256.0,4.854
542,18.1676,Midnight 00:00,simulation,0.1,0,0.0,0.0,0.0,0.0,0.0,0.0,0.0,0.0,0.0,0.0,4.853
543,18.2011,Midnight 00:00,simulation,0.1,0,0.0,0.0,0.0,0.0,0.0,0.0,0.0,0.0,0.0,0.0,4.853
544,18.2346,Midnight 00:00,simulation,0.1,1,-0.96336,0.01833,4.04275,2.04275,-0.96336,-0.98167,-2.75176,-0.0812,-0.43678,264.0,4.849
545,18.2682,Midnight 00:00,simulation,0.1,0,0.0,0.0,0.0,0.0,0.0,0.0,0.0,0.0,0.0,0.0,4.85
546,18.3017,Midnight 00:00,simulation,0.1,1,-1.06533,0.01872,4.28975,2.28975,-1.06533,-0.98128,3.16288,0.00852,0.37282,256.0,4.852
547,18.3352,Midnight 00:00,simulation,0.1,1,-1.09162,0.01871,4.28981,2.28981,-1.09162,-0.98129,3.15723,0.00817,0.38826,256.0,4.856
548,18.3687,Midnight 00:00,simulation,0.1,0,0.0,0.0,0.0,0.0,0.0,0.0,0.0,0.0,0.0,0.0,4.852
549,18.4022,Midnight 00:00,simulation,0.1,0,0.0,0.0,0.0,0.0,0.0,0.0,0.0,0.0,0.0,0.0,4.853
550,18.4358,Midnight 00:00,simulation,0.1,0,0.0,0.0,0.0,0.0,0.0,0.0,0.0,0.0,0.0,0.0,4.853
551,18.4693,Midnight 00:00,simulation,0.1,1,-1.15391,0.01887,4.26668,2.26668,-1.15391,-0.98113,-2.9024,-0.05705,-0.67537,248.0,4.849
552,18.5028,Midnight 00:00,simulation,0.1,0,0.0,0.0,0.0,0.0,0.0,0.0,0.0,0.0,0.0,0.0,4.853
553,18.5363,Midnight 00:00,simulation,0.1,0,0.0,0.0,0.0,0.0,0.0,0.0,0.0,0.0,0.0,0.0,4.853
554,18.5698,Midnight 00:00,simulation,0.1,1,-1.19493,0.01882,4.23671,2.23671,-1.19493,-0.98118,3.2985,0.04385,0.4353,256.0,4.853
555,18.6034,Midnight 00:00,simulation,0.1,0,0.0,0.0,0.0,0.0,0.0,0.0,0.0,0.0,0.0,0.0,4.85
556,18.6369,Midnight 00:00,simulation,0.1,0,0.0,0.0,0.0,0.0,0.0,0.0,0.0,0.0,0.0,0.0,4.848
557,18.6704,Midnight 00:00,simulation,0.1,0,0.0,0.0,0.0,0.0,0.0,0.0,0.0,0.0,0.0,0.0,4.845
558,18.7039,Midnight 00:00,simulation,0.1,0,0.0,0.0,0.0,0.0,0.0,0.0,0.0,0.0,0.0,0.0,4.848
559,18.7374,Midnight 00:00,simulation,0.1,0,0.0,0.0,0.0,0.0,0.0,0.0,0.0,0.0,0.0,0.0,4.848
560,18.7709,Midnight 00:00,simulation,0.1,1,-1.35015,0.01886,4.27569,2.27569,-1.35015,-0.98114,3.2388,0.03386,0.46127,256.0,4.85
561,18.8045,Midnight 00:00,simulation,0.1,0,0.0,0.0,0.0,0.0,0.0,0.0,0.0,0.0,0.0,0.0,4.844
562,18.838,Midnight 00:00,simulation,0.1,0,0.0,0.0,0.0,0.0,0.0,0.0,0.0,0.0,0.0,0.0,4.842
563,18.8715,Midnight 00:00,simulation,0.1,1,-1.43707,0.01875,4.31794,2.31794,-1.43707,-0.98125,3.14121,-0.00013,-0.03042,240.0,4.843
564,18.905,Midnight 00:00,simulation,0.1,0,0.0,0.0,0.0,0.0,0.0,0.0,0.0,0.0,0.0,0.0,4.843
565,18.9385,Midnight 00:00,simulation,0.1,0,0.0,0.0,0.0,0.0,0.0,0.0,0.0,0.0,0.0,0.0,4.843
566,18.9721,Midnight 00:00,simulation,0.1,0,0.0,0.0,0.0,0.0,0.0,0.0,0.0,0.0,0.0,0.0,4.843
567,19.0056,Midnight 00:00,simulation,0.1,0,0.0,0.0,0.0,0.0,0.0,0.0,0.0,0.0,0.0,0.0,4.843
568,19.0391,Midnight 00:00,simulation,0.1,0,0.0,0.0,0.0,0.0,0.0,0.0,0.0,0.0,0.0,0.0,4.839
569,19.0726,Midnight 00:00,simulation,0.1,1,-1.5048,0.01865,4.16942,2.16942,-1.5048,-0.98135,-2.80675,-0.08942,-0.64492,264.0,4.841
570,19.1061,Midnight 00:00,simulation,0.1,1,-1.57078,0.01887,4.29821,2.29821,-1.57078,-0.98113,-2.88551,-0.05416,-0.94008,248.0,4.841
571,19.1397,Midnight 00:00,simulation,0.1,0,0.0,0.0,0.0,0.0,0.0,0.0,0.0,0.0,0.0,0.0,4.847
572,19.1732,Midnight 00:00,simulation,0.1,1,-1.62725,0.01875,4.31451,2.31451,-1.62725,-0.98125,3.12979,0.00271,0.34202,256.0,4.843
573,19.2067,Midnight 00:00,simulation,0.1,1,-1.62725,0.01875,4.31451,2.31451,-1.62725,-0.98125,3.12979,0.00271,0.34202,256.0,4.843
574,19.2402,Midnight 00:00,simulation,0.1,1,-1.65388,0.01875,4.3149,2.3149,-1.65388,-0.98125,3.13012,0.00247,0.33092,256.0,4.84
575,19.2737,Midnight 00:00,simulation,0.1,0,0.0,0.0,0.0,0.0,0.0,0.0,0.0,0.0,0.0,0.0,4.836
576,19.3073,Midnight 00:00,simulation,0.1,1,-1.55816,-0.02353,4.06387,2.06387,-1.55816,-1.02353,3.14168,6e-05,-0.01127,272.0,4.832
577,19.3408,Midnight 00:00,simulation,0.1,0,0.0,0.0,0.0,0.0,0.0,0.0,0.0,0.0,0.0,0.0,4.836
578,19.3743,Midnight 00:00,simulation,0.1,1,-1.65309,-0.06872,4.31282,2.31282,-1.65309,-1.06872,3.10365,-0.00871,0.32372,256.0,4.838
579,19.4078,Midnight 00:00,simulation,0.1,1,-1.65241,-0.09367,4.31104,2.31104,-1.65241,-1.09367,3.09726,-0.01156,0.31931,256.0,4.838
580,19.4413,Midnight 00:00,simulation,0.1,0,0.0,0.0,0.0,0.0,0.0,0.0,0.0,0.0,0.0,0.0,4.836
581,19.4749,Midnight 00:00,simulation,0.1,0,0.0,0.0,0.0,0.0,0.0,0.0,0.0,0.0,0.0,0.0,4.836
582,19.5084,Midnight 00:00,simulation,0.1,0,0.0,0.0,0.0,0.0,0.0,0.0,0.0,0.0,0.0,0.0,4.834
583,19.5419,Midnight 00:00,simulation,0.1,0,0.0,0.0,0.0,0.0,0.0,0.0,0.0,0.0,0.0,0.0,4.834
584,19.5754,Midnight 00:00,simulation,0.1,1,-1.64914,-0.18071,4.30244,2.30244,-1.64914,-1.18071,3.07997,-0.01987,0.29999,256.0,4.837
585,19.6089,Midnight 00:00,simulation,0.1,1,-1.64805,-0.20549,4.29959,2.29959,-1.64805,-1.20549,3.07627,-0.02181,0.294,256.0,4.841
586,19.6425,Midnight 00:00,simulation,0.1,1,-1.64693,-0.23024,4.29664,2.29664,-1.64693,-1.23024,3.07301,-0.02358,0.28798,256.0,4.843
587,19.676,Midnight 00:00,simulation,0.1,0,0.0,0.0,0.0,0.0,0.0,0.0,0.0,0.0,0.0,0.0,4.84
588,19.7095,Midnight 00:00,simulation,0.1,0,0.0,0.0,0.0,0.0,0.0,0.0,0.0,0.0,0.0,0.0,4.84
589,19.743,Midnight 00:00,simulation,0.1,1,-1.55827,-0.25884,4.06416,2.06416,-1.55827,-1.25884,3.14271,0.00069,-0.01099,272.0,4.842
590,19.7765,Midnight 00:00,simulation,0.1,1,-1.64289,-0.31655,4.28601,2.28601,-1.64289,-1.31655,3.0643,-0.02874,0.26737,256.0,4.844
591,19.8101,Midnight 00:00,simulation,0.1,1,-1.64289,-0.31655,4.28601,2.28601,-1.64289,-1.31655,3.0643,-0.02874,0.26737,256.0,4.844
592,19.8436,Midnight 00:00,simulation,0.1,1,-1.64172,-0.34113,4.28295,2.28295,-1.64172,-1.34113,3.06242,-0.02997,0.26172,256.0,4.847
593,19.8771,Midnight 00:00,simulation,0.1,0,0.0,0.0,0.0,0.0,0.0,0.0,0.0,0.0,0.0,0.0,4.847
594,19.9106,Midnight 00:00,simulation,0.1,0,0.0,0.0,0.0,0.0,0.0,0.0,0.0,0.0,0.0,0.0,4.844
595,19.9441,Midnight 00:00,simulation,0.1,0,0.0,0.0,0.0,0.0,0.0,0.0,0.0,0.0,0.0,0.0,4.844
596,19.9777,Midnight 00:00,simulation,0.1,0,0.0,0.0,0.0,0.0,0.0,0.0,0.0,0.0,0.0,0.0,4.843
597,20.0112,Midnight 00:00,simulation,0.1,1,-1.63655,-0.4513,4.26937,2.26937,-1.63655,-1.4513,3.05623,-0.03444,0.23792,256.0,4.848
598,20.0447,Midnight 00:00,simulation,0.1,1,-1.63655,-0.4513,4.26937,2.26937,-1.63655,-1.4513,3.05623,-0.03444,0.23792,256.0,4.848
599,20.0782,Midnight 00:00,simulation,0.1,0,0.0,0.0,0.0,0.0,0.0,0.0,0.0,0.0,0.0,0.0,4.845
600,20.1117,Midnight 00:00,simulation,0.1,0,0.0,0.0,0.0,0.0,0.0,0.0,0.0,0.0,0.0,0.0,4.845
601,20.1453,Midnight 00:00,simulation,0.1,0,0.0,0.0,0.0,0.0,0.0,0.0,0.0,0.0,0.0,0.0,4.844
602,20.1788,Midnight 00:00,simulation,0.1,0,0.0,0.0,0.0,0.0,0.0,0.0,0.0,0.0,0.0,0.0,4.845
603,20.2123,Midnight 00:00,simulation,0.1,1,-1.63161,-0.56084,4.25639,2.25639,-1.63161,-1.56084,3.05265,-0.03765,0.21681,256.0,4.847
604,20.2458,Midnight 00:00,simulation,0.1,1,-1.63055,-0.58511,4.2536,2.2536,-1.63055,-1.58511,3.05211,-0.03822,0.21245,256.0,4.848
605,20.2793,Midnight 00:00,simulation,0.1,1,-1.63055,-0.58511,4.2536,2.2536,-1.63055,-1.58511,3.05211,-0.03822,0.21245,256.0,4.848
606,20.3128,Midnight 00:00,simulation,0.1,0,0.0,0.0,0.0,0.0,0.0,0.0,0.0,0.0,0.0,0.0,4.845
607,20.3464,Midnight 00:00,simulation,0.1,0,0.0,0.0,0.0,0.0,0.0,0.0,0.0,0.0,0.0,0.0,4.845
608,20.3799,Midnight 00:00,simulation,0.1,1,-1.55874,-0.62376,4.06538,2.06538,-1.55874,-1.62376,3.14403,0.00149,-0.0098,272.0,4.845
609,20.4134,Midnight 00:00,simulation,0.1,1,-1.62596,-0.69397,4.24156,2.24156,-1.62596,-1.69397,3.0505,-0.04035,0.19425,256.0,4.848
610,20.4469,Midnight 00:00,simulation,0.1,1,-1.62596,-0.69397,4.24156,2.24156,-1.62596,-1.69397,3.0505,-0.04035,0.19425,256.0,4.848
611,20.4804,Midnight 00:00,simulation,0.1,1,-1.62498,-0.71809,4.23899,2.23899,-1.62498,-1.71809,3.05029,-0.04073,0.19049,256.0,4.847
612,20.514,Midnight 00:00,simulation,0.1,0,0.0,0.0,0.0,0.0,0.0,0.0,0.0,0.0,0.0,0.0,4.846
613,20.5475,Midnight 00:00,simulation,0.1,0,0.0,0.0,0.0,0.0,0.0,0.0,0.0,0.0,0.0,0.0,4.844
614,20.581,Midnight 00:00,simulation,0.1,0,0.0,0.0,0.0,0.0,0.0,0.0,0.0,0.0,0.0,0.0,4.844
615,20.6145,Midnight 00:00,simulation,0.1,0,0.0,0.0,0.0,0.0,0.0,0.0,0.0,0.0,0.0,0.0,4.845
616,20.648,Midnight 00:00,simulation,0.1,1,-1.62167,-0.80236,4.23032,2.23032,-1.62167,-1.80236,3.04992,-0.04185,0.17808,256.0,4.849
617,20.6816,Midnight 00:00,simulation,0.1,1,-1.62076,-0.82638,4.22793,2.22793,-1.62076,-1.82638,3.04989,-0.04211,0.17474,256.0,4.849
618,20.7151,Midnight 00:00,simulation,0.1,1,-1.61987,-0.85039,4.22559,2.22559,-1.61987,-1.85039,3.0499,-0.04235,0.17147,256.0,4.846
619,20.7486,Midnight 00:00,simulation,0.1,0,0.0,0.0,0.0,0.0,0.0,0.0,0.0,0.0,0.0,0.0,4.844
620,20.7821,Midnight 00:00,simulation,0.1,1,-1.65575,-0.91003,4.31983,2.31983,-1.65575,-1.91003,-3.23613,0.04574,-0.34935,248.0,4.843
621,20.8156,Midnight 00:00,simulation,0.1,0,0.0,0.0,0.0,0.0,0.0,0.0,0.0,0.0,0.0,0.0,4.846
622,20.8492,Midnight 00:00,simulation,0.1,1,-1.61685,-0.93427,4.21766,2.21766,-1.61685,-1.93427,3.05016,-0.04302,0.16067,256.0,4.849
623,20.8827,Midnight 00:00,simulation,0.1,1,-1.61685,-0.93427,4.21766,2.21766,-1.61685,-1.93427,3.05016,-0.04302,0.16067,256.0,4.849
624,20.9162,Midnight 00:00,simulation,0.1,0,0.0,0.0,0.0,0.0,0.0,0.0,0.0,0.0,0.0,0.0,4.846
625,20.9497,Midnight 00:00,simulation,0.1,0,0.0,0.0,0.0,0.0,0.0,0.0,0.0,0.0,0.0,0.0,4.842
626,20.9832,Midnight 00:00,simulation,0.1,0,0.0,0.0,0.0,0.0,0.0,0.0,0.0,0.0,0.0,0.0,4.842
627,21.0168,Midnight 00:00,simulation,0.1,0,0.0,0.0,0.0,0.0,0.0,0.0,0.0,0.0,0.0,0.0,4.843
628,21.0503,Midnight 00:00,simulation,0.1,1,-1.61322,-1.0418,4.20814,2.20814,-1.61322,-2.0418,3.05091,-0.04358,0.14808,256.0,4.846
629,21.0838,Midnight 00:00,simulation,0.1,1,-1.61245,-1.06566,4.20613,2.20613,-1.61245,-2.06566,3.05112,-0.04366,0.14546,256.0,4.848
630,21.1173,Midnight 00:00,simulation,0.1,1,-1.61169,-1.0895,4.20414,2.20414,-1.61169,-2.0895,3.05136,-0.04373,0.1429,256.0,4.847
631,21.1508,Midnight 00:00,simulation,0.1,0,0.0,0.0,0.0,0.0,0.0,0.0,0.0,0.0,0.0,0.0,4.842
632,21.1844,Midnight 00:00,simulation,0.1,0,0.0,0.0,0.0,0.0,0.0,0.0,0.0,0.0,0.0,0.0,4.841
633,21.2179,Midnight 00:00,simulation,0.1,0,0.0,0.0,0.0,0.0,0.0,0.0,0.0,0.0,0.0,0.0,4.841
634,21.2514,Midnight 00:00,simulation,0.1,0,0.0,0.0,0.0,0.0,0.0,0.0,0.0,0.0,0.0,0.0,4.843
635,21.2849,Midnight 00:00,simulation,0.1,1,-1.60915,-1.17283,4.19747,2.19747,-1.60915,-2.17283,3.05227,-0.04388,0.1344,256.0,4.845
636,21.3184,Midnight 00:00,simulation,0.1,0,0.0,0.0,0.0,0.0,0.0,0.0,0.0,0.0,0.0,0.0,4.843
637,21.352,Midnight 00:00,simulation,0.1,0,0.0,0.0,0.0,0.0,0.0,0.0,0.0,0.0,0.0,0.0,4.843
638,21.3855,Midnight 00:00,simulation,0.1,0,0.0,0.0,0.0,0.0,0.0,0.0,0.0,0.0,0.0,0.0,4.84
639,21.419,Midnight 00:00,simulation,0.1,0,0.0,0.0,0.0,0.0,0.0,0.0,0.0,0.0,0.0,0.0,4.84
640,21.4525,Midnight 00:00,simulation,0.1,0,0.0,0.0,0.0,0.0,0.0,0.0,0.0,0.0,0.0,0.0,4.845
641,21.486,Midnight 00:00,simulation,0.1,1,-1.6266,-1.32213,4.32894,2.32894,-1.6266,-2.32213,3.15006,0.00512,-0.01702,240.0,4.841
642,21.5196,Midnight 00:00,simulation,0.1,0,0.0,0.0,0.0,0.0,0.0,0.0,0.0,0.0,0.0,0.0,4.842
643,21.5531,Midnight 00:00,simulation,0.1,0,0.0,0.0,0.0,0.0,0.0,0.0,0.0,0.0,0.0,0.0,4.843
644,21.5866,Midnight 00:00,simulation,0.1,1,-1.49986,-1.27684,4.1799,2.1799,-1.49986,-2.27684,3.04811,-0.0435,0.12224,256.0,4.848
645,21.6201,Midnight 00:00,simulation,0.1,1,-1.49986,-1.27684,4.1799,2.1799,-1.49986,-2.27684,3.04811,-0.0435,0.12224,256.0,4.848
646,21.6536,Midnight 00:00,simulation,0.1,0,0.0,0.0,0.0,0.0,0.0,0.0,0.0,0.0,0.0,0.0,4.847
647,21.6872,Midnight 00:00,simulation,0.1,0,0.0,0.0,0.0,0.0,0.0,0.0,0.0,0.0,0.0,0.0,4.847
648,21.7207,Midnight 00:00,simulation,0.1,1,-1.43365,-1.27497,4.17375,2.17375,-1.43365,-2.27497,3.0446,-0.04311,0.12044,256.0,4.846
649,21.7542,Midnight 00:00,simulation,0.1,1,-1.43365,-1.27497,4.17375,2.17375,-1.43365,-2.27497,3.0446,-0.04311,0.12044,256.0,4.846
650,21.7877,Midnight 00:00,simulation,0.1,1,-1.38079,-1.27345,4.16876,2.16876,-1.38079,-2.27345,3.04179,-0.0427,0.11875,256.0,4.851
651,21.8212,Midnight 00:00,simulation,0.1,1,-1.38079,-1.27345,4.16876,2.16876,-1.38079,-2.27345,3.04179,-0.0427,0.11875,256.0,4.851
652,21.8547,Midnight 00:00,simulation,0.1,1,-1.3544,-1.27268,4.16624,2.16624,-1.3544,-2.27268,3.04038,-0.04246,0.11782,256.0,4.855
653,21.8883,Midnight 00:00,simulation,0.1,0,0.0,0.0,0.0,0.0,0.0,0.0,0.0,0.0,0.0,0.0,4.854
654,21.9218,Midnight 00:00,simulation,0.1,1,-1.24309,-1.20837,3.95489,1.95489,-1.24309,-2.20837,2.92922,-0.07544,0.1786,272.0,4.851
655,21.9553,Midnight 00:00,simulation,0.1,1,-1.28854,-1.27076,4.15991,2.15991,-1.28854,-2.27076,3.03686,-0.04177,0.11525,256.0,4.852
656,21.9888,Midnight 00:00,simulation,0.1,1,-1.26225,-1.26998,4.15736,2.15736,-1.26225,-2.26998,3.03546,-0.04146,0.11413,256.0,4.854
657,22.0223,Midnight 00:00,simulation,0.1,1,-1.26225,-1.26998,4.15736,2.15736,-1.26225,-2.26998,3.03546,-0.04146,0.11413,256.0,4.854
658,22.0559,Midnight 00:00,simulation,0.1,1,-1.23599,-1.26921,4.15482,2.15482,-1.23599,-2.26921,3.03407,-0.04112,0.11294,256.0,4.858
659,22.0894,Midnight 00:00,simulation,0.1,1,-1.20976,-1.26844,4.15227,2.15227,-1.20976,-2.26844,3.03268,-0.04076,0.11169,256.0,4.861
660,22.1229,Midnight 00:00,simulation,0.1,0,0.0,0.0,0.0,0.0,0.0,0.0,0.0,0.0,0.0,0.0,4.856
661,22.1564,Midnight 00:00,simulation,0.1,1,-1.21611,-1.32335,4.33295,2.33295,-1.21611,-2.32335,3.15318,0.00526,-0.01758,240.0,4.856
662,22.1899,Midnight 00:00,simulation,0.1,1,-1.14434,-1.26651,4.14593,2.14593,-1.14434,-2.26651,3.02925,-0.03975,0.10833,256.0,4.857
663,22.2235,Midnight 00:00,simulation,0.1,1,-1.14434,-1.26651,4.14593,2.14593,-1.14434,-2.26651,3.02925,-0.03975,0.10833,256.0,4.857
664,22.257,Midnight 00:00,simulation,0.1,1,-1.11822,-1.26574,4.1434,2.1434,-1.11822,-2.26574,3.0279,-0.0393,0.10688,256.0,4.861
665,22.2905,Midnight 00:00,simulation,0.1,1,-1.09214,-1.26497,4.14089,2.14089,-1.09214,-2.26497,3.02656,-0.03883,0.10537,256.0,4.864
666,22.324,Midnight 00:00,simulation,0.1,0,0.0,0.0,0.0,0.0,0.0,0.0,0.0,0.0,0.0,0.0,4.861
667,22.3575,Midnight 00:00,simulation,0.1,1,-1.00404,-1.21609,3.9802,1.9802,-1.00404,-2.21609,2.94406,-0.02209,0.05147,264.0,4.858
668,22.3911,Midnight 00:00,simulation,0.1,1,-1.00404,-1.21609,3.9802,1.9802,-1.00404,-2.21609,2.94406,-0.02209,0.05147,264.0,4.858
669,22.4246,Midnight 00:00,simulation,0.1,1,-1.0271,-1.26308,4.13467,2.13467,-1.0271,-2.26308,3.02327,-0.03755,0.10136,256.0,4.859
670,22.4581,Midnight 00:00,simulation,0.1,1,-1.00114,-1.26234,4.13222,2.13222,-1.00114,-2.26234,3.02198,-0.037,0.09965,256.0,4.863
671,22.4916,Midnight 00:00,simulation,0.1,1,-0.94934,-1.26087,4.12739,2.12739,-0.94934,-2.26087,3.01946,-0.03581,0.09608,256.0,4.864
672,22.5251,Midnight 00:00,simulation,0.1,1,-0.94934,-1.26087,4.12739,2.12739,-0.94934,-2.26087,3.01946,-0.03581,0.09608,256.0,4.864
673,22.5587,Midnight 00:00,simulation,0.1,1,-0.91146,-1.27369,4.17484,2.17484,-0.91146,-2.27369,-2.40237,-0.02709,-0.57186,248.0,4.861
674,22.5922,Midnight 00:00,simulation,0.1,1,-0.91146,-1.27369,4.17484,2.17484,-0.91146,-2.27369,-2.40237,-0.02709,-0.57186,248.0,4.861
675,22.6257,Midnight 00:00,simulation,0.1,1,-0.88478,-1.25908,4.12151,2.12151,-0.88478,-2.25908,3.01642,-0.0342,0.09131,256.0,4.863
676,22.6592,Midnight 00:00,simulation,0.1,0,0.0,0.0,0.0,0.0,0.0,0.0,0.0,0.0,0.0,0.0,4.869
677,22.6927,Midnight 00:00,simulation,0.1,1,-0.8333,-1.2577,4.11696,2.11696,-0.8333,-2.2577,3.01409,-0.03281,0.08726,256.0,4.869
678,22.7263,Midnight 00:00,simulation,0.1,1,-0.8333,-1.2577,4.11696,2.11696,-0.8333,-2.2577,3.01409,-0.03281,0.08726,256.0,4.869
679,22.7598,Midnight 00:00,simulation,0.1,1,-0.80761,-1.25702,4.11474,2.11474,-0.80761,-2.25702,3.01296,-0.03208,0.08516,256.0,4.867
680,22.7933,Midnight 00:00,simulation,0.1,1,-0.72002,-1.18592,3.88112,1.88112,-0.72002,-2.18592,2.89983,-0.05057,0.11443,272.0,4.864
681,22.8268,Midnight 00:00,simulation,0.1,1,-0.72002,-1.18592,3.88112,1.88112,-0.72002,-2.18592,2.89983,-0.05057,0.11443,272.0,4.864
682,22.8603,Midnight 00:00,simulation,0.1,1,-0.74355,-1.25539,4.10939,2.10939,-0.74355,-2.25539,3.01026,-0.03015,0.0797,256.0,4.869
683,22.8939,Midnight 00:00,simulation,0.1,1,-0.71798,-1.25477,4.10733,2.10733,-0.71798,-2.25477,3.00922,-0.02935,0.07744,256.0,4.872
684,22.9274,Midnight 00:00,simulation,0.1,1,-0.69245,-1.25416,4.10532,2.10532,-0.69245,-2.25416,3.00822,-0.02852,0.07513,256.0,4.871
685,22.9609,Midnight 00:00,simulation,0.1,1,-0.69245,-1.25416,4.10532,2.10532,-0.69245,-2.25416,3.00822,-0.02852,0.07513,256.0,4.871
686,22.9944,Midnight 00:00,simulation,0.1,1,-0.61104,-1.18232,3.8693,1.8693,-0.61104,-2.18232,2.89537,-0.04384,0.09852,272.0,4.865
687,23.0279,Midnight 00:00,simulation,0.1,1,-0.62876,-1.2527,4.10053,2.10053,-0.62876,-2.2527,3.00583,-0.02636,0.06918,256.0,4.868
688,23.0615,Midnight 00:00,simulation,0.1,1,-0.62876,-1.2527,4.10053,2.10053,-0.62876,-2.2527,3.00583,-0.02636,0.06918,256.0,4.868
689,23.095,Midnight 00:00,simulation,0.1,0,0.0,0.0,0.0,0.0,0.0,0.0,0.0,0.0,0.0,0.0,4.873
690,23.1285,Midnight 00:00,simulation,0.1,1,-0.57796,-1.25161,4.09695,2.09695,-0.57796,-2.25161,3.00406,-0.02455,0.06424,256.0,4.874
691,23.162,Midnight 00:00,simulation,0.1,1,-0.57796,-1.25161,4.09695,2.09695,-0.57796,-2.25161,3.00406,-0.02455,0.06424,256.0,4.874
692,23.1955,Midnight 00:00,simulation,0.1,1,-0.5526,-1.25109,4.09526,2.09526,-0.5526,-2.25109,3.00323,-0.02361,0.06171,256.0,4.872
693,23.2291,Midnight 00:00,simulation,0.1,1,-0.47902,-1.17864,3.85719,1.85719,-0.47902,-2.17864,2.89086,-0.0351,0.07835,272.0,4.868
694,23.2626,Midnight 00:00,simulation,0.1,1,-0.47902,-1.17864,3.85719,1.85719,-0.47902,-2.17864,2.89086,-0.0351,0.07835,272.0,4.868
695,23.2961,Midnight 00:00,simulation,0.1,1,-0.48933,-1.24989,4.09129,2.09129,-0.48933,-2.24989,3.00129,-0.0212,0.05524,256.0,4.869
696,23.3296,Midnight 00:00,simulation,0.1,1,-0.46407,-1.24944,4.08982,2.08982,-0.46407,-2.24944,3.00057,-0.02021,0.0526,256.0,4.874
697,23.3631,Midnight 00:00,simulation,0.1,0,0.0,0.0,0.0,0.0,0.0,0.0,0.0,0.0,0.0,0.0,4.871
698,23.3966,Midnight 00:00,simulation,0.1,0,0.0,0.0,0.0,0.0,0.0,0.0,0.0,0.0,0.0,0.0,4.871
699,23.4302,Midnight 00:00,simulation,0.1,1,-0.37181,-1.17624,3.84931,1.84931,-0.37181,-2.17624,2.88796,-0.02762,0.06137,272.0,4.868
700,23.4637,Midnight 00:00,simulation,0.1,0,0.0,0.0,0.0,0.0,0.0,0.0,0.0,0.0,0.0,0.0,4.869
701,23.4972,Midnight 00:00,simulation,0.1,0,0.0,0.0,0.0,0.0,0.0,0.0,0.0,0.0,0.0,0.0,4.869
702,23.5307,Midnight 00:00,simulation,0.1,1,-0.35069,-1.24769,4.08407,2.08407,-0.35069,-2.24769,2.99778,-0.01558,0.04036,256.0,4.87
703,23.5642,Midnight 00:00,simulation,0.1,1,-0.32556,-1.24737,4.083,2.083,-0.32556,-2.24737,2.99726,-0.01451,0.03757,256.0,4.874
704,23.5978,Midnight 00:00,simulation,0.1,0,0.0,0.0,0.0,0.0,0.0,0.0,0.0,0.0,0.0,0.0,4.87
705,23.6313,Midnight 00:00,simulation,0.1,0,0.0,0.0,0.0,0.0,0.0,0.0,0.0,0.0,0.0,0.0,4.87
706,23.6648,Midnight 00:00,simulation,0.1,1,-0.24153,-1.1741,3.84228,1.84228,-0.24153,-2.1741,2.8854,-0.01816,0.04018,272.0,4.868
707,23.6983,Midnight 00:00,simulation,0.1,1,-0.23772,-1.2464,4.07983,2.07983,-0.23772,-2.2464,2.99574,-0.01071,0.02766,256.0,4.87
708,23.7318,Midnight 00:00,simulation,0.1,0,0.0,0.0,0.0,0.0,0.0,0.0,0.0,0.0,0.0,0.0,4.871
709,23.7654,Midnight 00:00,simulation,0.1,1,-0.18761,-1.24598,4.07845,2.07845,-0.18761,-2.24598,2.99508,-0.00849,0.02191,256.0,4.874
710,23.7989,Midnight 00:00,simulation,0.1,1,-0.18761,-1.24598,4.07845,2.07845,-0.18761,-2.24598,2.99508,-0.00849,0.02191,256.0,4.874
711,23.8324,Midnight 00:00,simulation,0.1,1,-0.13536,-1.17301,3.83871,1.83871,-0.13536,-2.17301,2.88411,-0.01024,0.02261,272.0,4.869
712,23.8659,Midnight 00:00,simulation,0.1,1,-0.13536,-1.17301,3.83871,1.83871,-0.13536,-2.17301,2.88411,-0.01024,0.02261,272.0,4.869
713,23.8994,Midnight 00:00,simulation,0.1,0,0.0,0.0,0.0,0.0,0.0,0.0,0.0,0.0,0.0,0.0,4.871
714,23.933,Midnight 00:00,simulation,0.1,0,0.0,0.0,0.0,0.0,0.0,0.0,0.0,0.0,0.0,0.0,4.871
715,23.9665,Midnight 00:00,simulation,0.1,1,-0.07501,-1.24539,4.07651,2.07651,-0.07501,-2.24539,2.99416,-0.00342,0.0088,256.0,4.873
716,24.0,Midnight 00:00,simulation,0.1,1,-0.05,-1.24533,4.07631,2.07631,-0.05,-2.24533,2.99406,-0.00228,0.00587,256.0,4.871
717,24.0335,Midnight 00:00,simulation,0.1,0,0.0,0.0,0.0,0.0,0.0,0.0,0.0,0.0,0.0,0.0,4.87
718,24.067,Midnight 00:00,simulation,0.1,1,-0.00981,-1.27785,4.1832,2.1832,-0.00981,-2.27785,3.04579,0.04322,-0.12174,248.0,4.869
719,24.1006,Midnight 00:00,simulation,0.1,1,0.0125,-1.24528,4.07615,2.07615,0.0125,-2.24528,2.99398,0.00057,-0.00147,256.0,4.87
720,24.1341,Midnight 00:00,simulation,0.1,1,0.0125,-1.24528,4.07615,2.07615,0.0125,-2.24528,2.99398,0.00057,-0.00147,256.0,4.87
721,24.1676,Midnight 00:00,simulation,0.1,1,0.0375,-1.24531,4.07624,2.07624,0.0375,-2.24531,2.99402,0.00171,-0.0044,256.0,4.874
722,24.2011,Midnight 00:00,simulation,0.1,1,0.06251,-1.24536,4.0764,2.0764,0.06251,-2.24536,2.9941,0.00285,-0.00734,256.0,4.871
723,24.2346,Midnight 00:00,simulation,0.1,1,0.10003,-1.17279,3.83796,1.83796,0.10003,-2.17279,2.88384,0.00757,-0.01672,272.0,4.867
724,24.2682,Midnight 00:00,simulation,0.1,1,0.10003,-1.17279,3.83796,1.83796,0.10003,-2.17279,2.88384,0.00757,-0.01672,272.0,4.867
725,24.3017,Midnight 00:00,simulation,0.1,1,0.15006,-1.24573,4.07762,2.07762,0.15006,-2.24573,2.99468,0.00681,-0.01756,256.0,4.873
726,24.3352,Midnight 00:00,simulation,0.1,1,0.15006,-1.24573,4.07762,2.07762,0.15006,-2.24573,2.99468,0.00681,-0.01756,256.0,4.873
727,24.3687,Midnight 00:00,simulation,0.1,1,0.17509,-1.24589,4.07815,2.07815,0.17509,-2.24589,2.99494,0.00793,-0.02046,256.0,4.874
728,24.4022,Midnight 00:00,simulation,0.1,1,0.20013,-1.24608,4.07876,2.07876,0.20013,-2.24608,2.99523,0.00905,-0.02335,256.0,4.871
729,24.4358,Midnight 00:00,simulation,0.1,0,0.0,0.0,0.0,0.0,0.0,0.0,0.0,0.0,0.0,0.0,4.869
730,24.4693,Midnight 00:00,simulation,0.1,0,0.0,0.0,0.0,0.0,0.0,0.0,0.0,0.0,0.0,0.0,4.869
731,24.5028,Midnight 00:00,simulation,0.1,1,0.22971,-1.17395,3.84178,1.84178,0.22971,-2.17395,2.88522,0.01728,-0.03824,272.0,4.868
732,24.5363,Midnight 00:00,simulation,0.1,0,0.0,0.0,0.0,0.0,0.0,0.0,0.0,0.0,0.0,0.0,4.869
733,24.5698,Midnight 00:00,simulation,0.1,1,0.28789,-1.24692,4.08152,2.08152,0.28789,-2.24692,2.99655,0.0129,-0.03335,256.0,4.873
734,24.6034,Midnight 00:00,simulation,0.1,1,0.313,-1.24721,4.08249,2.08249,0.313,-2.24721,2.99702,0.01398,-0.03617,256.0,4.873
735,24.6369,Midnight 00:00,simulation,0.1,1,0.313,-1.24721,4.08249,2.08249,0.313,-2.24721,2.99702,0.01398,-0.03617,256.0,4.873
736,24.6704,Midnight 00:00,simulation,0.1,1,0.33812,-1.24753,4.08353,2.08353,0.33812,-2.24753,2.99752,0.01505,-0.03897,256.0,4.87
737,24.7039,Midnight 00:00,simulation,0.1,1,0.3362,-1.17557,3.84711,1.84711,0.3362,-2.17557,2.88716,0.02507,-0.05563,272.0,4.866
738,24.7374,Midnight 00:00,simulation,0.1,1,0.40102,-1.24842,4.08645,2.08645,0.40102,-2.24842,2.99893,0.01767,-0.04587,256.0,4.87
739,24.7709,Midnight 00:00,simulation,0.1,1,0.40102,-1.24842,4.08645,2.08645,0.40102,-2.24842,2.99893,0.01767,-0.04587,256.0,4.87
740,24.8045,Midnight 00:00,simulation,0.1,1,0.42622,-1.24881,4.08774,2.08774,0.42622,-2.24881,2.99956,0.0187,-0.04858,256.0,4.874
741,24.838,Midnight 00:00,simulation,0.1,1,0.45145,-1.24923,4.08911,2.08911,0.45145,-2.24923,3.00022,0.01971,-0.05127,256.0,4.871
742,24.8715,Midnight 00:00,simulation,0.1,0,0.0,0.0,0.0,0.0,0.0,0.0,0.0,0.0,0.0,0.0,4.867
743,24.905,Midnight 00:00,simulation,0.1,1,0.46707,-1.17834,3.85623,1.85623,0.46707,-2.17834,2.8905,0.03428,-0.07648,272.0,4.863
744,24.9385,Midnight 00:00,simulation,0.1,1,0.46707,-1.17834,3.85623,1.85623,0.46707,-2.17834,2.8905,0.03428,-0.07648,272.0,4.863
745,24.9721,Midnight 00:00,simulation,0.1,0,0.0,0.0,0.0,0.0,0.0,0.0,0.0,0.0,0.0,0.0,4.866
746,25.0056,Midnight 00:00,simulation,0.1,1,0.53993,-1.25084,4.09443,2.09443,0.53993,-2.25084,3.00282,0.02314,-0.06043,256.0,4.869
747,25.0391,Midnight 00:00,simulation,0.1,1,0.56527,-1.25135,4.0961,2.0961,0.56527,-2.25135,3.00364,0.02408,-0.06298,256.0,4.87
748,25.0726,Midnight 00:00,simulation,0.1,0,0.0,0.0,0.0,0.0,0.0,0.0,0.0,0.0,0.0,0.0,4.867
749,25.1061,Midnight 00:00,simulation,0.1,1,0.57491,-1.18124,3.86574,1.86574,0.57491,-2.18124,2.89403,0.04151,-0.09309,272.0,4.863
750,25.1397,Midnight 00:00,simulation,0.1,1,0.62876,-1.2527,4.10053,2.10053,0.62876,-2.2527,3.00583,0.02636,-0.06918,256.0,4.862
751,25.1732,Midnight 00:00,simulation,0.1,1,0.62876,-1.2527,4.10053,2.10053,0.62876,-2.2527,3.00583,0.02636,-0.06918,256.0,4.862
752,25.2067,Midnight 00:00,simulation,0.1,1,0.6797,-1.25386,4.10433,2.10433,0.6797,-2.25386,3.00772,0.0281,-0.07396,256.0,4.866
753,25.2402,Midnight 00:00,simulation,0.1,1,0.6797,-1.25386,4.10433,2.10433,0.6797,-2.25386,3.00772,0.0281,-0.07396,256.0,4.866
754,25.2737,Midnight 00:00,simulation,0.1,1,0.70521,-1.25446,4.10632,2.10632,0.70521,-2.25446,3.00872,0.02893,-0.07629,256.0,4.866
755,25.3073,Midnight 00:00,simulation,0.1,1,0.74355,-1.25539,4.10939,2.10939,0.74355,-2.25539,3.01026,0.03015,-0.0797,256.0,4.859
756,25.3408,Midnight 00:00,simulation,0.1,1,0.74355,-1.25539,4.10939,2.10939,0.74355,-2.25539,3.01026,0.03015,-0.0797,256.0,4.859
757,25.3743,Midnight 00:00,simulation,0.1,1,0.76915,-1.25603,4.11149,2.11149,0.76915,-2.25603,3.01132,0.03094,-0.08192,256.0,4.861
758,25.4078,Midnight 00:00,simulation,0.1,1,0.79478,-1.25669,4.11365,2.11365,0.79478,-2.25669,3.01241,0.0317,-0.08409,256.0,4.861
759,25.4413,Midnight 00:00,simulation,0.1,1,0.82045,-1.25736,4.11584,2.11584,0.82045,-2.25736,3.01352,0.03245,-0.08622,256.0,4.863
760,25.4749,Midnight 00:00,simulation,0.1,0,0.0,0.0,0.0,0.0,0.0,0.0,0.0,0.0,0.0,0.0,4.862
761,25.5084,Midnight 00:00,simulation,0.1,0,0.0,0.0,0.0,0.0,0.0,0.0,0.0,0.0,0.0,0.0,4.862
762,25.5419,Midnight 00:00,simulation,0.1,0,0.0,0.0,0.0,0.0,0.0,0.0,0.0,0.0,0.0,0.0,4.857
763,25.5754,Midnight 00:00,simulation,0.1,1,0.85462,-1.21193,3.96652,1.96652,0.85462,-2.21193,2.93793,0.01522,-0.03488,264.0,4.856
764,25.6089,Midnight 00:00,simulation,0.1,1,0.91058,-1.25979,4.12383,2.12383,0.91058,-2.25979,3.01762,0.03487,-0.09326,256.0,4.858
765,25.6425,Midnight 00:00,simulation,0.1,1,0.93641,-1.2605,4.12619,2.12619,0.93641,-2.2605,3.01884,0.0355,-0.09515,256.0,4.86
766,25.676,Midnight 00:00,simulation,0.1,1,0.96228,-1.26123,4.12858,2.12858,0.96228,-2.26123,3.02008,0.03612,-0.09699,256.0,4.859
767,25.7095,Midnight 00:00,simulation,0.1,1,0.96228,-1.26123,4.12858,2.12858,0.96228,-2.26123,3.02008,0.03612,-0.09699,256.0,4.859
768,25.743,Midnight 00:00,simulation,0.1,1,1.05709,-1.32393,4.33488,2.33488,1.05709,-2.32393,3.1547,-0.00518,0.01736,240.0,4.853
769,25.7765,Midnight 00:00,simulation,0.1,0,0.0,0.0,0.0,0.0,0.0,0.0,0.0,0.0,0.0,0.0,4.854
770,25.8101,Midnight 00:00,simulation,0.1,0,0.0,0.0,0.0,0.0,0.0,0.0,0.0,0.0,0.0,0.0,4.856
771,25.8436,Midnight 00:00,simulation,0.1,0,0.0,0.0,0.0,0.0,0.0,0.0,0.0,0.0,0.0,0.0,4.856
772,25.8771,Midnight 00:00,simulation,0.1,1,1.07912,-1.26459,4.13964,2.13964,1.07912,-2.26459,3.02589,0.03859,-0.1046,256.0,4.855
773,25.9106,Midnight 00:00,simulation,0.1,0,0.0,0.0,0.0,0.0,0.0,0.0,0.0,0.0,0.0,0.0,4.856
774,25.9441,Midnight 00:00,simulation,0.1,0,0.0,0.0,0.0,0.0,0.0,0.0,0.0,0.0,0.0,0.0,4.856
775,25.9777,Midnight 00:00,simulation,0.1,0,0.0,0.0,0.0,0.0,0.0,0.0,0.0,0.0,0.0,0.0,4.856
776,26.0112,Midnight 00:00,simulation,0.1,0,0.0,0.0,0.0,0.0,0.0,0.0,0.0,0.0,0.0,0.0,4.856
777,26.0447,Midnight 00:00,simulation,0.1,0,0.0,0.0,0.0,0.0,0.0,0.0,0.0,0.0,0.0,0.0,4.856
778,26.0782,Midnight 00:00,simulation,0.1,0,0.0,0.0,0.0,0.0,0.0,0.0,0.0,0.0,0.0,0.0,4.856
779,26.1117,Midnight 00:00,simulation,0.1,0,0.0,0.0,0.0,0.0,0.0,0.0,0.0,0.0,0.0,0.0,4.856
780,26.1453,Midnight 00:00,simulation,0.1,0,0.0,0.0,0.0,0.0,0.0,0.0,0.0,0.0,0.0,0.0,4.856
781,26.1788,Midnight 00:00,simulation,0.1,0,0.0,0.0,0.0,0.0,0.0,0.0,0.0,0.0,0.0,0.0,4.856
782,26.2123,Midnight 00:00,simulation,0.1,0,0.0,0.0,0.0,0.0,0.0,0.0,0.0,0.0,0.0,0.0,4.856
783,26.2458,Midnight 00:00,simulation,0.1,0,0.0,0.0,0.0,0.0,0.0,0.0,0.0,0.0,0.0,0.0,4.856
784,26.2793,Midnight 00:00,simulation,0.1,0,0.0,0.0,0.0,0.0,0.0,0.0,0.0,0.0,0.0,0.0,4.856
785,26.3128,Midnight 00:00,simulation,0.1,0,0.0,0.0,0.0,0.0,0.0,0.0,0.0,0.0,0.0,0.0,4.856
786,26.3464,Midnight 00:00,simulation,0.1,0,0.0,0.0,0.0,0.0,0.0,0.0,0.0,0.0,0.0,0.0,4.856
787,26.3799,Midnight 00:00,simulation,0.1,0,0.0,0.0,0.0,0.0,0.0,0.0,0.0,0.0,0.0,0.0,4.856
788,26.4134,Midnight 00:00,simulation,0.1,0,0.0,0.0,0.0,0.0,0.0,0.0,0.0,0.0,0.0,0.0,4.856
789,26.4469,Midnight 00:00,simulation,0.1,0,0.0,0.0,0.0,0.0,0.0,0.0,0.0,0.0,0.0,0.0,4.856
790,26.4804,Midnight 00:00,simulation,0.1,0,0.0,0.0,0.0,0.0,0.0,0.0,0.0,0.0,0.0,0.0,4.856
791,26.514,Midnight 00:00,simulation,0.1,0,0.0,0.0,0.0,0.0,0.0,0.0,0.0,0.0,0.0,0.0,4.856
792,26.5475,Midnight 00:00,simulation,0.1,0,0.0,0.0,0.0,0.0,0.0,0.0,0.0,0.0,0.0,0.0,4.856
793,26.581,Midnight 00:00,simulation,0.1,0,0.0,0.0,0.0,0.0,0.0,0.0,0.0,0.0,0.0,0.0,4.856
794,26.6145,Midnight 00:00,simulation,0.1,0,0.0,0.0,0.0,0.0,0.0,0.0,0.0,0.0,0.0,0.0,4.856
795,26.648,Midnight 00:00,simulation,0.1,0,0.0,0.0,0.0,0.0,0.0,0.0,0.0,0.0,0.0,0.0,4.856
796,26.6816,Midnight 00:00,simulation,0.1,0,0.0,0.0,0.0,0.0,0.0,0.0,0.0,0.0,0.0,0.0,4.856
797,26.7151,Midnight 00:00,simulation,0.1,0,0.0,0.0,0.0,0.0,0.0,0.0,0.0,0.0,0.0,0.0,4.856
798,26.7486,Midnight 00:00,simulation,0.1,0,0.0,0.0,0.0,0.0,0.0,0.0,0.0,0.0,0.0,0.0,4.856
799,26.7821,Midnight 00:00,simulation,0.1,0,0.0,0.0,0.0,0.0,0.0,0.0,0.0,0.0,0.0,0.0,4.856
800,26.8156,Midnight 00:00,simulation,0.1,0,0.0,0.0,0.0,0.0,0.0,0.0,0.0,0.0,0.0,0.0,4.856
801,26.8492,Midnight 00:00,simulation,0.1,0,0.0,0.0,0.0,0.0,0.0,0.0,0.0,0.0,0.0,0.0,4.856
802,26.8827,Midnight 00:00,simulation,0.1,0,0.0,0.0,0.0,0.0,0.0,0.0,0.0,0.0,0.0,0.0,4.856
803,26.9162,Midnight 00:00,simulation,0.1,0,0.0,0.0,0.0,0.0,0.0,0.0,0.0,0.0,0.0,0.0,4.856
804,26.9497,Midnight 00:00,simulation,0.1,0,0.0,0.0,0.0,0.0,0.0,0.0,0.0,0.0,0.0,0.0,4.856
805,26.9832,Midnight 00:00,simulation,0.1,0,0.0,0.0,0.0,0.0,0.0,0.0,0.0,0.0,0.0,0.0,4.856
806,27.0168,Midnight 00:00,simulation,0.1,0,0.0,0.0,0.0,0.0,0.0,0.0,0.0,0.0,0.0,0.0,4.856
807,27.0503,Midnight 00:00,simulation,0.1,0,0.0,0.0,0.0,0.0,0.0,0.0,0.0,0.0,0.0,0.0,4.856
808,27.0838,Midnight 00:00,simulation,0.1,0,0.0,0.0,0.0,0.0,0.0,0.0,0.0,0.0,0.0,0.0,4.856
809,27.1173,Midnight 00:00,simulation,0.1,0,0.0,0.0,0.0,0.0,0.0,0.0,0.0,0.0,0.0,0.0,4.856
810,27.1508,Midnight 00:00,simulation,0.1,0,0.0,0.0,0.0,0.0,0.0,0.0,0.0,0.0,0.0,0.0,4.856
811,27.1844,Midnight 00:00,simulation,0.1,0,0.0,0.0,0.0,0.0,0.0,0.0,0.0,0.0,0.0,0.0,4.856
812,27.2179,Midnight 00:00,simulation,0.1,0,0.0,0.0,0.0,0.0,0.0,0.0,0.0,0.0,0.0,0.0,4.856
813,27.2514,Midnight 00:00,simulation,0.1,0,0.0,0.0,0.0,0.0,0.0,0.0,0.0,0.0,0.0,0.0,4.856
814,27.2849,Midnight 00:00,simulation,0.1,0,0.0,0.0,0.0,0.0,0.0,0.0,0.0,0.0,0.0,0.0,4.856
815,27.3184,Midnight 00:00,simulation,0.1,0,0.0,0.0,0.0,0.0,0.0,0.0,0.0,0.0,0.0,0.0,4.856
816,27.352,Midnight 00:00,simulation,0.1,0,0.0,0.0,0.0,0.0,0.0,0.0,0.0,0.0,0.0,0.0,4.856
817,27.3855,Midnight 00:00,simulation,0.1,0,0.0,0.0,0.0,0.0,0.0,0.0,0.0,0.0,0.0,0.0,4.856
818,27.419,Midnight 00:00,simulation,0.1,0,0.0,0.0,0.0,0.0,0.0,0.0,0.0,0.0,0.0,0.0,4.856
819,27.4525,Midnight 00:00,simulation,0.1,0,0.0,0.0,0.0,0.0,0.0,0.0,0.0,0.0,0.0,0.0,4.856
820,27.486,Midnight 00:00,simulation,0.1,0,0.0,0.0,0.0,0.0,0.0,0.0,0.0,0.0,0.0,0.0,4.856
821,27.5196,Midnight 00:00,simulation,0.1,0,0.0,0.0,0.0,0.0,0.0,0.0,0.0,0.0,0.0,0.0,4.856
822,27.5531,Midnight 00:00,simulation,0.1,0,0.0,0.0,0.0,0.0,0.0,0.0,0.0,0.0,0.0,0.0,4.856
823,27.5866,Midnight 00:00,simulation,0.1,0,0.0,0.0,0.0,0.0,0.0,0.0,0.0,0.0,0.0,0.0,4.856
824,27.6201,Midnight 00:00,simulation,0.1,0,0.0,0.0,0.0,0.0,0.0,0.0,0.0,0.0,0.0,0.0,4.856
825,27.6536,Midnight 00:00,simulation,0.1,0,0.0,0.0,0.0,0.0,0.0,0.0,0.0,0.0,0.0,0.0,4.856
826,27.6872,Midnight 00:00,simulation,0.1,0,0.0,0.0,0.0,0.0,0.0,0.0,0.0,0.0,0.0,0.0,4.856
827,27.7207,Midnight 00:00,simulation,0.1,0,0.0,0.0,0.0,0.0,0.0,0.0,0.0,0.0,0.0,0.0,4.856
828,27.7542,Midnight 00:00,simulation,0.1,0,0.0,0.0,0.0,0.0,0.0,0.0,0.0,0.0,0.0,0.0,4.856
829,27.7877,Midnight 00:00,simulation,0.1,0,0.0,0.0,0.0,0.0,0.0,0.0,0.0,0.0,0.0,0.0,4.856
830,27.8212,Midnight 00:00,simulation,0.1,0,0.0,0.0,0.0,0.0,0.0,0.0,0.0,0.0,0.0,0.0,4.856
831,27.8547,Midnight 00:00,simulation,0.1,0,0.0,0.0,0.0,0.0,0.0,0.0,0.0,0.0,0.0,0.0,4.856
832,27.8883,Midnight 00:00,simulation,0.1,0,0.0,0.0,0.0,0.0,0.0,0.0,0.0,0.0,0.0,0.0,4.856
833,27.9218,Midnight 00:00,simulation,0.1,0,0.0,0.0,0.0,0.0,0.0,0.0,0.0,0.0,0.0,0.0,4.856
834,27.9553,Midnight 00:00,simulation,0.1,0,0.0,0.0,0.0,0.0,0.0,0.0,0.0,0.0,0.0,0.0,4.856
835,27.9888,Midnight 00:00,simulation,0.1,0,0.0,0.0,0.0,0.0,0.0,0.0,0.0,0.0,0.0,0.0,4.856
836,28.0223,Midnight 00:00,simulation,0.1,0,0.0,0.0,0.0,0.0,0.0,0.0,0.0,0.0,0.0,0.0,4.856
837,28.0559,Midnight 00:00,simulation,0.1,0,0.0,0.0,0.0,0.0,0.0,0.0,0.0,0.0,0.0,0.0,4.856
838,28.0894,Midnight 00:00,simulation,0.1,0,0.0,0.0,0.0,0.0,0.0,0.0,0.0,0.0,0.0,0.0,4.856
839,28.1229,Midnight 00:00,simulation,0.1,0,0.0,0.0,0.0,0.0,0.0,0.0,0.0,0.0,0.0,0.0,4.856
840,28.1564,Midnight 00:00,simulation,0.1,0,0.0,0.0,0.0,0.0,0.0,0.0,0.0,0.0,0.0,0.0,4.856
841,28.1899,Midnight 00:00,simulation,0.1,0,0.0,0.0,0.0,0.0,0.0,0.0,0.0,0.0,0.0,0.0,4.856
842,28.2235,Midnight 00:00,simulation,0.1,0,0.0,0.0,0.0,0.0,0.0,0.0,0.0,0.0,0.0,0.0,4.849
843,28.257,Midnight 00:00,simulation,0.1,1,1.10503,-1.27717,4.14158,2.14158,1.10503,-2.27717,3.02772,0.03898,-0.1051,256.0,4.862
844,28.2905,Midnight 00:00,simulation,0.1,1,1.09865,-1.26079,4.0702,2.0702,1.09865,-2.26079,3.14666,-0.00218,0.00708,272.0,4.846
845,28.324,Midnight 00:00,simulation,0.1,1,1.09865,-1.26079,4.0702,2.0702,1.09865,-2.26079,3.14666,-0.00218,0.00708,272.0,4.846
846,28.3575,Midnight 00:00,simulation,0.1,1,1.06971,-1.22848,3.93381,1.93381,1.06971,-2.22848,-2.37387,0.03056,0.67399,280.5,4.858
847,28.3911,Midnight 00:00,simulation,0.1,1,1.06971,-1.22848,3.93381,1.93381,1.06971,-2.22848,-2.37387,0.03056,0.67399,280.5,4.858
848,28.4246,Midnight 00:00,simulation,0.1,1,1.07035,-1.2308,3.8996,1.8996,1.07035,-2.2308,3.03064,0.0393,-0.10432,289.0,4.855
849,28.4581,Midnight 00:00,simulation,0.1,0,0.0,0.0,0.0,0.0,0.0,0.0,0.0,0.0,0.0,0.0,4.864
850,28.4916,Midnight 00:00,simulation,0.1,1,1.08249,-1.24228,3.90022,1.90022,1.08249,-2.24228,3.03174,0.03943,-0.10401,289.0,4.862
851,28.5251,Midnight 00:00,simulation,0.1,1,1.08249,-1.24228,3.90022,1.90022,1.08249,-2.24228,3.03174,0.03943,-0.10401,289.0,4.862
852,28.5587,Midnight 00:00,simulation,0.1,1,1.09462,-1.25377,3.90083,1.90083,1.09462,-2.25377,3.03282,0.03956,-0.1037,289.0,4.863
853,28.5922,Midnight 00:00,simulation,0.1,1,1.09462,-1.25377,3.90083,1.90083,1.09462,-2.25377,3.03282,0.03956,-0.1037,289.0,4.863
854,28.6257,Midnight 00:00,simulation,0.1,1,1.10676,-1.26525,3.90143,1.90143,1.10676,-2.26525,3.03389,0.03969,-0.10338,289.0,4.87
855,28.6592,Midnight 00:00,simulation,0.1,1,1.1066,-1.27637,3.90088,1.90088,1.1066,-2.27637,3.03432,0.0396,-0.10241,289.0,4.859
856,28.6927,Midnight 00:00,simulation,0.1,1,1.09622,-1.25335,3.8222,1.8222,1.09622,-2.25335,-3.22406,-0.03757,-0.02479,297.5,4.865
857,28.7263,Midnight 00:00,simulation,0.1,1,1.09622,-1.25335,3.8222,1.8222,1.09622,-2.25335,-3.22406,-0.03757,-0.02479,297.5,4.865
858,28.7598,Midnight 00:00,simulation,0.1,1,1.07392,-1.22212,3.6861,1.6861,1.07392,-2.22212,3.03656,0.03996,-0.10249,324.0,4.865
859,28.7933,Midnight 00:00,simulation,0.1,1,1.07392,-1.22212,3.6861,1.6861,1.07392,-2.22212,3.03656,0.03996,-0.10249,324.0,4.865
860,28.8268,Midnight 00:00,simulation,0.1,1,1.12385,-1.28286,3.83661,1.83661,1.12385,-2.28286,3.14048,0.00051,-0.00152,306.0,4.869
861,28.8603,Midnight 00:00,simulation,0.1,1,1.09377,-1.24821,3.71549,1.71549,1.09377,-2.24821,2.93927,0.06948,-0.15439,306.0,4.87
862,28.8939,Midnight 00:00,simulation,0.1,1,1.09685,-1.24382,3.68716,1.68716,1.09685,-2.24382,3.03856,0.04018,-0.1018,324.0,4.862
863,28.9274,Midnight 00:00,simulation,0.1,1,1.0967,-1.25431,3.68664,1.68664,1.0967,-2.25431,3.03895,0.0401,-0.10087,324.0,4.856
864,28.9609,Midnight 00:00,simulation,0.1,0,0.0,0.0,0.0,0.0,0.0,0.0,0.0,0.0,0.0,0.0,4.854
865,28.9944,Midnight 00:00,simulation,0.1,1,1.06474,-1.21086,3.51975,1.51975,1.06474,-2.21086,-2.31493,0.03012,0.71529,351.5,4.85
866,29.0279,Midnight 00:00,simulation,0.1,1,1.06474,-1.21086,3.51975,1.51975,1.06474,-2.21086,-2.31493,0.03012,0.71529,351.5,4.85
867,29.0615,Midnight 00:00,simulation,0.1,0,0.0,0.0,0.0,0.0,0.0,0.0,0.0,0.0,0.0,0.0,4.851
868,29.095,Midnight 00:00,simulation,0.1,0,0.0,0.0,0.0,0.0,0.0,0.0,0.0,0.0,0.0,0.0,4.846
869,29.1285,Midnight 00:00,simulation,0.1,0,0.0,0.0,0.0,0.0,0.0,0.0,0.0,0.0,0.0,0.0,4.846
870,29.162,Midnight 00:00,simulation,0.1,0,0.0,0.0,0.0,0.0,0.0,0.0,0.0,0.0,0.0,0.0,4.844
871,29.1955,Midnight 00:00,simulation,0.1,0,0.0,0.0,0.0,0.0,0.0,0.0,0.0,0.0,0.0,0.0,4.841
872,29.2291,Midnight 00:00,simulation,0.1,0,0.0,0.0,0.0,0.0,0.0,0.0,0.0,0.0,0.0,0.0,4.833
873,29.2626,Midnight 00:00,simulation,0.1,0,0.0,0.0,0.0,0.0,0.0,0.0,0.0,0.0,0.0,0.0,4.833
874,29.2961,Midnight 00:00,simulation,0.1,0,0.0,0.0,0.0,0.0,0.0,0.0,0.0,0.0,0.0,0.0,4.832
875,29.3296,Midnight 00:00,simulation,0.1,0,0.0,0.0,0.0,0.0,0.0,0.0,0.0,0.0,0.0,0.0,4.83
876,29.3631,Midnight 00:00,simulation,0.1,0,0.0,0.0,0.0,0.0,0.0,0.0,0.0,0.0,0.0,0.0,4.826
877,29.3966,Midnight 00:00,simulation,0.1,0,0.0,0.0,0.0,0.0,0.0,0.0,0.0,0.0,0.0,0.0,4.824
878,29.4302,Midnight 00:00,simulation,0.1,0,0.0,0.0,0.0,0.0,0.0,0.0,0.0,0.0,0.0,0.0,4.821
879,29.4637,Midnight 00:00,simulation,0.1,0,0.0,0.0,0.0,0.0,0.0,0.0,0.0,0.0,0.0,0.0,4.818
880,29.4972,Midnight 00:00,simulation,0.1,0,0.0,0.0,0.0,0.0,0.0,0.0,0.0,0.0,0.0,0.0,4.814
881,29.5307,Midnight 00:00,simulation,0.1,0,0.0,0.0,0.0,0.0,0.0,0.0,0.0,0.0,0.0,0.0,4.814
882,29.5642,Midnight 00:00,simulation,0.1,0,0.0,0.0,0.0,0.0,0.0,0.0,0.0,0.0,0.0,0.0,4.81
883,29.5978,Midnight 00:00,simulation,0.1,0,0.0,0.0,0.0,0.0,0.0,0.0,0.0,0.0,0.0,0.0,4.808
884,29.6313,Midnight 00:00,simulation,0.1,0,0.0,0.0,0.0,0.0,0.0,0.0,0.0,0.0,0.0,0.0,4.804
885,29.6648,Midnight 00:00,simulation,0.1,0,0.0,0.0,0.0,0.0,0.0,0.0,0.0,0.0,0.0,0.0,4.801
886,29.6983,Midnight 00:00,simulation,0.1,0,0.0,0.0,0.0,0.0,0.0,0.0,0.0,0.0,0.0,0.0,4.801
887,29.7318,Midnight 00:00,simulation,0.1,0,0.0,0.0,0.0,0.0,0.0,0.0,0.0,0.0,0.0,0.0,4.799
888,29.7654,Midnight 00:00,simulation,0.1,0,0.0,0.0,0.0,0.0,0.0,0.0,0.0,0.0,0.0,0.0,4.797
889,29.7989,Midnight 00:00,simulation,0.1,0,0.0,0.0,0.0,0.0,0.0,0.0,0.0,0.0,0.0,0.0,4.794
890,29.8324,Midnight 00:00,simulation,0.1,0,0.0,0.0,0.0,0.0,0.0,0.0,0.0,0.0,0.0,0.0,4.792
891,29.8659,Midnight 00:00,simulation,0.1,0,0.0,0.0,0.0,0.0,0.0,0.0,0.0,0.0,0.0,0.0,4.789
892,29.8994,Midnight 00:00,simulation,0.1,0,0.0,0.0,0.0,0.0,0.0,0.0,0.0,0.0,0.0,0.0,4.785
893,29.933,Midnight 00:00,simulation,0.1,0,0.0,0.0,0.0,0.0,0.0,0.0,0.0,0.0,0.0,0.0,4.785
894,29.9665,Midnight 00:00,simulation,0.1,0,0.0,0.0,0.0,0.0,0.0,0.0,0.0,0.0,0.0,0.0,4.777
895,30.0,Midnight 00:00,simulation,0.1,0,0.0,0.0,0.0,0.0,0.0,0.0,0.0,0.0,0.0,0.0,4.768
896,30.0335,Midnight 00:00,simulation,0.1,0,0.0,0.0,0.0,0.0,0.0,0.0,0.0,0.0,0.0,0.0,4.759
897,30.067,Midnight 00:00,simulation,0.1,0,0.0,0.0,0.0,0.0,0.0,0.0,0.0,0.0,0.0,0.0,4.759
898,30.1006,Midnight 00:00,simulation,0.1,0,0.0,0.0,0.0,0.0,0.0,0.0,0.0,0.0,0.0,0.0,4.759
899,30.1341,Midnight 00:00,simulation,0.1,0,0.0,0.0,0.0,0.0,0.0,0.0,0.0,0.0,0.0,0.0,4.759
900,30.1676,Midnight 00:00,simulation,0.1,0,0.0,0.0,0.0,0.0,0.0,0.0,0.0,0.0,0.0,0.0,4.759
901,30.2011,Midnight 00:00,simulation,0.1,0,0.0,0.0,0.0,0.0,0.0,0.0,0.0,0.0,0.0,0.0,4.759
