frame,time_s,scenario,target_lux,detected,est_x,est_y,est_z,err_x,err_y,err_z,rot_x,rot_y,rot_z,marker_area_px,frame_brightness
0,0.0,Evening 21:00,0.3,1,0.0044,-0.004,2.63269,0.63269,0.0044,-1.004,3.13758,-0.00014,0.18248,625.0,15.188
1,0.0334,Evening 21:00,0.3,1,0.0044,-0.004,2.63269,0.63269,0.0044,-1.004,3.13758,-0.00014,0.18248,625.0,15.188
2,0.0669,Evening 21:00,0.3,1,0.0044,-0.004,2.63269,0.63269,0.0044,-1.004,3.13758,-0.00014,0.18248,625.0,15.188
3,0.1003,Evening 21:00,0.3,1,0.0044,-0.004,2.63269,0.63269,0.0044,-1.004,3.13758,-0.00014,0.18248,625.0,15.188
4,0.1337,Evening 21:00,0.3,1,0.0044,-0.004,2.63269,0.63269,0.0044,-1.004,3.13758,-0.00014,0.18248,625.0,15.188
5,0.1671,Evening 21:00,0.3,1,0.0044,-0.004,2.63269,0.63269,0.0044,-1.004,3.13758,-0.00014,0.18248,625.0,15.188
6,0.2006,Evening 21:00,0.3,1,0.0044,-0.004,2.63269,0.63269,0.0044,-1.004,3.13758,-0.00014,0.18248,625.0,15.188
7,0.234,Evening 21:00,0.3,1,0.0044,-0.004,2.63269,0.63269,0.0044,-1.004,3.13758,-0.00014,0.18248,625.0,15.188
8,0.2674,Evening 21:00,0.3,1,0.0044,-0.004,2.63269,0.63269,0.0044,-1.004,3.13758,-0.00014,0.18248,625.0,15.188
9,0.3008,Evening 21:00,0.3,1,0.0044,-0.004,2.63269,0.63269,0.0044,-1.004,3.13758,-0.00014,0.18248,625.0,15.188
10,0.3343,Evening 21:00,0.3,1,0.0044,-0.004,2.63269,0.63269,0.0044,-1.004,3.13758,-0.00014,0.18248,625.0,15.188
11,0.3677,Evening 21:00,0.3,1,0.0044,-0.004,2.63269,0.63269,0.0044,-1.004,3.13758,-0.00014,0.18248,625.0,15.188
12,0.4011,Evening 21:00,0.3,1,0.0044,-0.004,2.63269,0.63269,0.0044,-1.004,3.13758,-0.00014,0.18248,625.0,15.188
13,0.4345,Evening 21:00,0.3,1,0.0044,-0.004,2.63269,0.63269,0.0044,-1.004,3.13758,-0.00014,0.18248,625.0,15.188
14,0.468,Evening 21:00,0.3,1,0.0044,-0.004,2.63269,0.63269,0.0044,-1.004,3.13758,-0.00014,0.18248,625.0,15.188
15,0.5014,Evening 21:00,0.3,1,0.0044,-0.004,2.63269,0.63269,0.0044,-1.004,3.13758,-0.00014,0.18248,625.0,15.188
16,0.5348,Evening 21:00,0.3,1,0.0044,-0.004,2.63269,0.63269,0.0044,-1.004,3.13758,-0.00014,0.18248,625.0,15.188
17,0.5682,Evening 21:00,0.3,1,0.0044,-0.004,2.63269,0.63269,0.0044,-1.004,3.13758,-0.00014,0.18248,625.0,15.188
18,0.6017,Evening 21:00,0.3,1,0.0044,-0.004,2.63269,0.63269,0.0044,-1.004,3.13758,-0.00014,0.18248,625.0,15.188
19,0.6351,Evening 21:00,0.3,1,0.0044,-0.004,2.63269,0.63269,0.0044,-1.004,3.13758,-0.00014,0.18248,625.0,15.188
20,0.6685,Evening 21:00,0.3,1,0.0044,-0.004,2.63269,0.63269,0.0044,-1.004,3.13758,-0.00014,0.18248,625.0,15.188
21,0.7019,Evening 21:00,0.3,1,0.0044,-0.004,2.63269,0.63269,0.0044,-1.004,3.13758,-0.00014,0.18248,625.0,15.188
22,0.7354,Evening 21:00,0.3,1,0.0044,-0.004,2.63269,0.63269,0.0044,-1.004,3.13758,-0.00014,0.18248,625.0,15.188
23,0.7688,Evening 21:00,0.3,1,0.0044,-0.004,2.63269,0.63269,0.0044,-1.004,3.13758,-0.00014,0.18248,625.0,15.188
24,0.8022,Evening 21:00,0.3,1,0.0044,-0.004,2.63269,0.63269,0.0044,-1.004,3.13758,-0.00014,0.18248,625.0,15.188
25,0.8357,Evening 21:00,0.3,1,0.0044,-0.004,2.63269,0.63269,0.0044,-1.004,3.13758,-0.00014,0.18248,625.0,15.188
26,0.8691,Evening 21:00,0.3,1,0.0044,-0.004,2.63269,0.63269,0.0044,-1.004,3.13758,-0.00014,0.18248,625.0,15.188
27,0.9025,Evening 21:00,0.3,1,0.0044,-0.004,2.63269,0.63269,0.0044,-1.004,3.13758,-0.00014,0.18248,625.0,15.188
28,0.9359,Evening 21:00,0.3,1,0.0044,-0.004,2.63269,0.63269,0.0044,-1.004,3.13758,-0.00014,0.18248,625.0,15.188
29,0.9694,Evening 21:00,0.3,1,0.0044,-0.004,2.63269,0.63269,0.0044,-1.004,3.13758,-0.00014,0.18248,625.0,15.188
30,1.0028,Evening 21:00,0.3,1,0.0044,-0.004,2.63269,0.63269,0.0044,-1.004,3.13758,-0.00014,0.18248,625.0,15.188
31,1.0362,Evening 21:00,0.3,1,0.0044,-0.004,2.63269,0.63269,0.0044,-1.004,3.13758,-0.00014,0.18248,625.0,15.188
32,1.0696,Evening 21:00,0.3,1,-0.01233,-0.004,2.63259,0.63259,-0.01233,-1.004,3.13776,0.00014,-0.17883,625.0,15.207
33,1.1031,Evening 21:00,0.3,1,-0.02487,-0.004,2.63318,0.63318,-0.02487,-1.004,3.10839,0.00036,-0.46531,600.0,15.222
34,1.1365,Evening 21:00,0.3,1,-0.0361,-0.004,2.6323,0.6323,-0.0361,-1.004,3.13825,0.00014,-0.16849,625.0,15.198
35,1.1699,Evening 21:00,0.3,1,-0.04864,-0.004,2.63303,0.63303,-0.04864,-1.004,3.11027,0.00036,-0.4523,600.0,15.219
36,1.2033,Evening 21:00,0.3,1,-0.06449,-0.004,2.63294,0.63294,-0.06449,-1.004,3.11146,0.00036,-0.44385,600.0,15.219
37,1.2368,Evening 21:00,0.3,1,-0.07571,-0.004,2.63185,0.63185,-0.07571,-1.004,3.13892,0.00014,-0.15304,625.0,15.198
38,1.2702,Evening 21:00,0.3,1,-0.08826,-0.004,2.6328,0.6328,-0.08826,-1.004,3.11315,0.00036,-0.43149,600.0,15.225
39,1.3036,Evening 21:00,0.3,1,-0.09948,-0.004,2.63161,0.63161,-0.09948,-1.004,3.13924,0.00014,-0.14473,625.0,15.204
40,1.337,Evening 21:00,0.3,1,-0.11532,-0.004,2.63145,0.63145,-0.11532,-1.004,3.13943,0.00014,-0.13955,625.0,15.214
41,1.3705,Evening 21:00,0.3,1,-0.12787,-0.004,2.63257,0.63257,-0.12787,-1.004,3.11575,0.00036,-0.41175,600.0,15.22
42,1.4039,Evening 21:00,0.3,1,-0.13908,-0.004,2.63124,0.63124,-0.13908,-1.004,3.13967,0.00014,-0.13228,625.0,15.199
43,1.4373,Evening 21:00,0.3,1,-0.13908,-0.004,2.63124,0.63124,-0.13908,-1.004,3.13967,0.00014,-0.13228,625.0,15.199
44,1.4708,Evening 21:00,0.3,1,-0.15164,-0.004,2.63244,0.63244,-0.15164,-1.004,3.11719,0.00036,-0.40042,600.0,15.225
45,1.5042,Evening 21:00,0.3,1,-0.17868,-0.004,2.63092,0.63092,-0.17868,-1.004,3.14001,0.00013,-0.12135,625.0,15.202
46,1.5376,Evening 21:00,0.3,1,-0.19125,-0.004,2.63223,0.63223,-0.19125,-1.004,3.11939,0.00036,-0.38236,600.0,15.224
47,1.571,Evening 21:00,0.3,1,-0.20243,-0.004,2.63075,0.63075,-0.20243,-1.004,3.14018,0.00013,-0.11543,625.0,15.202
48,1.6045,Evening 21:00,0.3,1,-0.20243,-0.004,2.63075,0.63075,-0.20243,-1.004,3.14018,0.00013,-0.11543,625.0,15.202
49,1.6379,Evening 21:00,0.3,1,-0.23085,-0.004,2.63203,0.63203,-0.23085,-1.004,3.12137,0.00035,-0.36531,600.0,15.219
50,1.6713,Evening 21:00,0.3,1,-0.24203,-0.004,2.6305,0.6305,-0.24203,-1.004,3.14041,0.00013,-0.10651,625.0,15.2
51,1.7047,Evening 21:00,0.3,1,-0.25461,-0.004,2.63191,0.63191,-0.25461,-1.004,3.12246,0.00035,-0.35555,600.0,15.219
52,1.7382,Evening 21:00,0.3,1,-0.26579,-0.004,2.63037,0.63037,-0.26579,-1.004,3.14052,0.00012,-0.10166,625.0,15.208
53,1.7716,Evening 21:00,0.3,1,-0.28162,-0.004,2.63029,0.63029,-0.28162,-1.004,3.14059,0.00012,-0.09862,625.0,15.208
54,1.805,Evening 21:00,0.3,1,-0.29421,-0.004,2.63172,0.63172,-0.29421,-1.004,3.12412,0.00035,-0.34003,600.0,15.221
55,1.8384,Evening 21:00,0.3,1,-0.30538,-0.004,2.63017,0.63017,-0.30538,-1.004,3.14068,0.00012,-0.09433,625.0,15.197
56,1.8719,Evening 21:00,0.3,1,-0.31797,-0.004,2.63161,0.63161,-0.31797,-1.004,3.12504,0.00034,-0.33116,600.0,15.217
57,1.9053,Evening 21:00,0.3,1,-0.33381,-0.004,2.63154,0.63154,-0.33381,-1.004,3.12562,0.00034,-0.32542,600.0,15.212
58,1.9387,Evening 21:00,0.3,1,-0.34497,-0.004,2.63001,0.63001,-0.34497,-1.004,3.14081,0.00011,-0.08781,625.0,15.198
59,1.9721,Evening 21:00,0.3,1,-0.35757,-0.004,2.63144,0.63144,-0.35757,-1.004,3.12645,0.00034,-0.31707,600.0,15.218
60,2.0056,Evening 21:00,0.3,1,-0.36873,-0.004,2.62993,0.62993,-0.36873,-1.004,3.14088,0.00011,-0.08425,625.0,15.199
61,2.039,Evening 21:00,0.3,1,-0.38133,-0.004,2.63134,0.63134,-0.38133,-1.004,3.12722,0.00034,-0.30902,600.0,15.209
62,2.0724,Evening 21:00,0.3,1,-0.39716,-0.004,2.63128,0.63128,-0.39716,-1.004,3.12771,0.00033,-0.30382,600.0,15.21
63,2.1058,Evening 21:00,0.3,1,-0.40832,-0.004,2.6298,0.6298,-0.40832,-1.004,3.14097,0.0001,-0.07882,625.0,15.187
64,2.1393,Evening 21:00,0.3,1,-0.42092,-0.004,2.63119,0.63119,-0.42092,-1.004,3.1284,0.00033,-0.29625,600.0,15.214
65,2.1727,Evening 21:00,0.3,1,-0.43208,-0.004,2.62973,0.62973,-0.43208,-1.004,3.14102,0.0001,-0.07585,625.0,15.201
66,2.2061,Evening 21:00,0.3,1,-0.44792,-0.004,2.62969,0.62969,-0.44792,-1.004,3.14105,0.0001,-0.07397,625.0,15.2
67,2.2396,Evening 21:00,0.3,1,-0.46051,-0.004,2.63104,0.63104,-0.46051,-1.004,3.12947,0.00032,-0.28423,600.0,15.212
68,2.273,Evening 21:00,0.3,1,-0.47167,-0.004,2.62963,0.62963,-0.47167,-1.004,3.14109,0.0001,-0.07129,625.0,15.194
69,2.3064,Evening 21:00,0.3,1,-0.48427,-0.004,2.63096,0.63096,-0.48427,-1.004,3.13006,0.00032,-0.27737,600.0,15.208
70,2.3398,Evening 21:00,0.3,1,-0.5001,-0.004,2.6309,0.6309,-0.5001,-1.004,3.13043,0.00032,-0.27294,600.0,15.207
71,2.3733,Evening 21:00,0.3,1,-0.51127,-0.004,2.62955,0.62955,-0.51127,-1.004,3.14115,9e-05,-0.0672,625.0,15.192
72,2.4067,Evening 21:00,0.3,1,-0.52386,-0.004,2.63083,0.63083,-0.52386,-1.004,3.13096,0.00031,-0.26648,600.0,15.21
73,2.4401,Evening 21:00,0.3,1,-0.53503,-0.004,2.62951,0.62951,-0.53503,-1.004,3.14118,9e-05,-0.06493,625.0,15.192
74,2.4735,Evening 21:00,0.3,1,-0.55086,-0.004,2.62948,0.62948,-0.55086,-1.004,3.14119,9e-05,-0.0635,625.0,15.199
75,2.507,Evening 21:00,0.3,1,-0.56345,-0.004,2.6307,0.6307,-0.56345,-1.004,3.13177,0.00031,-0.25624,600.0,15.209
76,2.5404,Evening 21:00,0.3,1,-0.57462,-0.004,2.62944,0.62944,-0.57462,-1.004,3.14122,9e-05,-0.06145,625.0,15.186
77,2.5738,Evening 21:00,0.3,1,-0.5872,-0.004,2.63063,0.63063,-0.5872,-1.004,3.13222,0.0003,-0.25039,600.0,15.201
78,2.6072,Evening 21:00,0.3,1,-0.59838,-0.004,2.6294,0.6294,-0.59838,-1.004,3.14124,8e-05,-0.05951,625.0,15.196
79,2.6407,Evening 21:00,0.3,1,-0.61422,-0.004,2.62938,0.62938,-0.61422,-1.004,3.14126,8e-05,-0.05828,625.0,15.188
80,2.6741,Evening 21:00,0.3,1,-0.62679,-0.004,2.63053,0.63053,-0.62679,-1.004,3.13291,0.0003,-0.24109,600.0,15.202
81,2.7075,Evening 21:00,0.3,1,-0.63798,-0.004,2.62935,0.62935,-0.63798,-1.004,3.14128,8e-05,-0.05652,625.0,15.186
82,2.7409,Evening 21:00,0.3,1,-0.65055,-0.004,2.63046,0.63046,-0.65055,-1.004,3.1333,0.00029,-0.23578,600.0,15.192
83,2.7744,Evening 21:00,0.3,1,-0.66638,-0.004,2.63042,0.63042,-0.66638,-1.004,3.13354,0.00029,-0.23234,600.0,15.196
84,2.8078,Evening 21:00,0.3,1,-0.67758,-0.004,2.62931,0.62931,-0.67758,-1.004,3.14131,8e-05,-0.0538,625.0,15.181
85,2.8412,Evening 21:00,0.3,1,-0.69014,-0.004,2.63037,0.63037,-0.69014,-1.004,3.13389,0.00029,-0.22734,600.0,15.197
86,2.8747,Evening 21:00,0.3,1,-0.70134,-0.004,2.62928,0.62928,-0.70134,-1.004,3.14133,8e-05,-0.05227,625.0,15.189
87,2.9081,Evening 21:00,0.3,1,-0.71389,-0.004,2.63031,0.63031,-0.71389,-1.004,3.13422,0.00028,-0.22251,600.0,15.18
88,2.9415,Evening 21:00,0.3,1,-0.72973,-0.004,2.63028,0.63028,-0.72973,-1.004,3.13442,0.00028,-0.21938,600.0,15.192
89,2.9749,Evening 21:00,0.3,1,-0.74094,-0.004,2.62924,0.62924,-0.74094,-1.004,3.14135,7e-05,-0.0499,625.0,15.171
90,3.0084,Evening 21:00,0.3,1,-0.75348,-0.004,2.63023,0.63023,-0.75348,-1.004,3.13472,0.00027,-0.21482,600.0,15.187
91,3.0418,Evening 21:00,0.3,1,-0.76625,-0.00384,2.627,0.627,-0.76625,-1.00384,3.18007,-0.00612,-0.14288,612.5,15.186
92,3.0752,Evening 21:00,0.3,1,-0.78054,-0.004,2.62921,0.62921,-0.78054,-1.004,3.14137,7e-05,-0.04773,625.0,15.169
93,3.1086,Evening 21:00,0.3,1,-0.79307,-0.004,2.63015,0.63015,-0.79307,-1.004,3.13518,0.00027,-0.20757,600.0,15.184
94,3.1421,Evening 21:00,0.3,1,-0.8043,-0.004,2.62919,0.62919,-0.8043,-1.004,3.14138,7e-05,-0.0465,625.0,15.169
95,3.1755,Evening 21:00,0.3,1,-0.81742,-0.00378,2.62616,0.62616,-0.81742,-1.00378,-3.08049,0.00111,0.13075,612.5,15.177
96,3.2089,Evening 21:00,0.3,1,-0.83266,-0.004,2.63007,0.63007,-0.83266,-1.004,3.1356,0.00026,-0.20073,600.0,15.182
97,3.2423,Evening 21:00,0.3,1,-0.83598,-0.012,2.62917,0.62917,-0.83598,-1.012,3.14165,0.0002,-0.04496,625.0,15.165
98,3.2758,Evening 21:00,0.3,1,-0.86947,-0.025,2.73621,0.73621,-0.86947,-1.025,3.1309,-0.00217,0.18079,600.0,15.183
99,3.3092,Evening 21:00,0.3,1,-0.85313,-0.03865,2.67663,0.67663,-0.85313,-1.03865,-3.12805,-0.03549,0.06312,600.5,15.169
100,3.3426,Evening 21:00,0.3,1,-0.84758,-0.05096,2.66606,0.66606,-0.84758,-1.05096,3.07411,-0.03211,0.00938,612.5,15.17
101,3.376,Evening 21:00,0.3,1,-0.86917,-0.06664,2.73522,0.73522,-0.86917,-1.06664,3.1223,-0.00565,0.17759,600.0,15.176
102,3.4095,Evening 21:00,0.3,1,-0.83604,-0.07601,2.62934,0.62934,-0.83604,-1.07601,3.14363,0.00124,-0.04471,625.0,15.149
103,3.4429,Evening 21:00,0.3,1,-0.86887,-0.0916,2.73426,0.73426,-0.86887,-1.0916,3.11761,-0.0076,0.1747,600.0,15.17
104,3.4763,Evening 21:00,0.3,1,-0.85071,-0.10359,2.67606,0.67606,-0.85071,-1.10359,-3.07669,-0.03086,-0.02711,612.5,15.164
105,3.5097,Evening 21:00,0.3,1,-0.83611,-0.11602,2.62956,0.62956,-0.83611,-1.11602,3.14485,0.00188,-0.04435,625.0,15.155
106,3.5432,Evening 21:00,0.3,1,-0.86822,-0.13313,2.73217,0.73217,-0.86822,-1.13313,3.11071,-0.01053,0.1687,600.0,15.178
107,3.5766,Evening 21:00,0.3,1,-0.83616,-0.14003,2.62974,0.62974,-0.83616,-1.14003,3.14557,0.00225,-0.04406,625.0,15.165
108,3.61,Evening 21:00,0.3,1,-0.8362,-0.15604,2.62988,0.62988,-0.8362,-1.15604,3.14604,0.00249,-0.04384,625.0,15.179
109,3.6435,Evening 21:00,0.3,1,-0.86743,-0.17456,2.72966,0.72966,-0.86743,-1.17456,3.10502,-0.01306,0.16172,600.0,15.185
110,3.6769,Evening 21:00,0.3,1,-0.83628,-0.18006,2.6301,0.6301,-0.83628,-1.18006,3.14673,0.00285,-0.04346,625.0,15.174
111,3.7103,Evening 21:00,0.3,1,-0.86692,-0.19937,2.72802,0.72802,-0.86692,-1.19937,3.10215,-0.01439,0.15727,600.0,15.197
112,3.7437,Evening 21:00,0.3,1,-0.83636,-0.20409,2.63036,0.63036,-0.83636,-1.20409,3.14741,0.00321,-0.04304,625.0,15.188
113,3.7772,Evening 21:00,0.3,1,-0.83641,-0.22012,2.63054,0.63054,-0.83641,-1.22012,3.14785,0.00343,-0.04273,625.0,15.192
114,3.8106,Evening 21:00,0.3,1,-0.86603,-0.24064,2.72516,0.72516,-0.86603,-1.24064,3.09816,-0.01631,0.14969,600.0,15.205
115,3.844,Evening 21:00,0.3,1,-0.83651,-0.24416,2.63084,0.63084,-0.83651,-1.24416,3.14849,0.00376,-0.04223,625.0,15.186
116,3.8774,Evening 21:00,0.3,1,-0.86548,-0.26536,2.72341,0.72341,-0.86548,-1.26536,3.09618,-0.0173,0.14514,600.0,15.208
117,3.9109,Evening 21:00,0.3,1,-0.84345,-0.27229,2.65969,0.65969,-0.84345,-1.27229,-2.74687,-0.00035,-0.86708,612.5,15.209
118,3.9443,Evening 21:00,0.3,1,-0.83668,-0.28424,2.63138,0.63138,-0.83668,-1.28424,3.14951,0.00429,-0.04131,625.0,15.199
119,3.9777,Evening 21:00,0.3,1,-0.86457,-0.30648,2.72047,0.72047,-0.86457,-1.30648,3.09349,-0.01872,0.13766,600.0,15.217
120,4.0111,Evening 21:00,0.3,1,-0.83679,-0.30831,2.63174,0.63174,-0.83679,-1.30831,3.15009,0.00459,-0.04071,625.0,15.209
121,4.0446,Evening 21:00,0.3,1,-0.83687,-0.32435,2.63199,0.63199,-0.83687,-1.32435,3.15046,0.00478,-0.0403,625.0,15.217
122,4.078,Evening 21:00,0.3,1,-0.86366,-0.34751,2.71756,0.71756,-0.86366,-1.34751,3.09143,-0.01988,0.13043,600.0,15.23
123,4.1114,Evening 21:00,0.3,1,-0.83699,-0.34843,2.63237,0.63237,-0.83699,-1.34843,3.15099,0.00505,-0.03964,625.0,15.21
124,4.1448,Evening 21:00,0.3,1,-0.86312,-0.37209,2.71584,0.71584,-0.86312,-1.37209,3.09045,-0.02047,0.12623,600.0,15.236
125,4.1783,Evening 21:00,0.3,1,-0.85515,-0.38256,2.69022,0.69022,-0.85515,-1.38256,-3.09469,-0.02309,-0.05633,612.5,15.231
126,4.2117,Evening 21:00,0.3,1,-0.8372,-0.38858,2.63305,0.63305,-0.8372,-1.38858,3.15182,0.00547,-0.0385,625.0,15.224
127,4.2451,Evening 21:00,0.3,1,-0.86225,-0.41299,2.71305,0.71305,-0.86225,-1.41299,3.08916,-0.0213,0.11951,600.0,15.244
128,4.2786,Evening 21:00,0.3,1,-0.83733,-0.41268,2.63347,0.63347,-0.83733,-1.41268,3.15229,0.00571,-0.03778,625.0,15.223
129,4.312,Evening 21:00,0.3,1,-0.86174,-0.4375,2.71141,0.71141,-0.86174,-1.4375,3.08857,-0.02172,0.11564,600.0,15.241
130,4.3454,Evening 21:00,0.3,1,-0.86141,-0.45383,2.71035,0.71035,-0.86141,-1.45383,3.08825,-0.02197,0.11314,600.0,15.241
131,4.3788,Evening 21:00,0.3,1,-0.83756,-0.45287,2.63419,0.63419,-0.83756,-1.45287,3.153,0.00606,-0.03655,625.0,15.222
132,4.4123,Evening 21:00,0.3,1,-0.83756,-0.45287,2.63419,0.63419,-0.83756,-1.45287,3.153,0.00606,-0.03655,625.0,15.222
133,4.4457,Evening 21:00,0.3,1,-0.8377,-0.477,2.63463,0.63463,-0.8377,-1.477,3.15338,0.00626,-0.03579,625.0,15.241
134,4.4791,Evening 21:00,0.3,1,-0.83779,-0.49309,2.63493,0.63493,-0.83779,-1.49309,3.15363,0.00638,-0.03528,625.0,15.243
135,4.5125,Evening 21:00,0.3,1,-0.86013,-0.51903,2.70625,0.70625,-0.86013,-1.51903,3.0874,-0.02274,0.10369,600.0,15.252
136,4.546,Evening 21:00,0.3,1,-0.83793,-0.51723,2.63538,0.63538,-0.83793,-1.51723,3.15397,0.00654,-0.0345,625.0,15.231
137,4.5794,Evening 21:00,0.3,1,-0.85967,-0.54344,2.70479,0.70479,-0.85967,-1.54344,3.08724,-0.02295,0.10037,600.0,15.256
138,4.6128,Evening 21:00,0.3,1,-0.85938,-0.55971,2.70384,0.70384,-0.85938,-1.55971,3.08718,-0.02307,0.09823,600.0,15.249
139,4.6462,Evening 21:00,0.3,1,-0.83817,-0.55749,2.63613,0.63613,-0.83817,-1.55749,3.15448,0.00679,-0.03321,625.0,15.237
140,4.6797,Evening 21:00,0.3,1,-0.85894,-0.58409,2.70245,0.70245,-0.85894,-1.58409,3.08713,-0.02322,0.09512,600.0,15.258
141,4.7131,Evening 21:00,0.3,1,-0.83831,-0.58166,2.63658,0.63658,-0.83831,-1.58166,3.15475,0.00693,-0.03243,625.0,15.234
142,4.7465,Evening 21:00,0.3,1,-0.85852,-0.60846,2.7011,0.7011,-0.85852,-1.60846,3.08714,-0.02334,0.09212,600.0,15.252
143,4.7799,Evening 21:00,0.3,1,-0.85824,-0.6247,2.70022,0.70022,-0.85824,-1.6247,3.08718,-0.02341,0.09018,600.0,15.255
144,4.8134,Evening 21:00,0.3,1,-0.83854,-0.62195,2.63733,0.63733,-0.83854,-1.62195,3.15514,0.00711,-0.03113,625.0,15.234
145,4.8468,Evening 21:00,0.3,1,-0.85784,-0.64904,2.69894,0.69894,-0.85784,-1.64904,3.08728,-0.02348,0.08737,600.0,15.256
146,4.8802,Evening 21:00,0.3,1,-0.83868,-0.64613,2.63778,0.63778,-0.83868,-1.64613,3.15535,0.00721,-0.03036,625.0,15.245
147,4.9136,Evening 21:00,0.3,1,-0.83878,-0.66226,2.63807,0.63807,-0.83878,-1.66226,3.15547,0.00727,-0.02985,625.0,15.243
148,4.9471,Evening 21:00,0.3,1,-0.8572,-0.68958,2.69688,0.69688,-0.8572,-1.68958,3.08754,-0.02356,0.08291,600.0,15.258
149,4.9805,Evening 21:00,0.3,1,-0.83891,-0.68646,2.6385,0.6385,-0.83891,-1.68646,3.15564,0.00735,-0.02909,625.0,15.231
150,5.0139,Evening 21:00,0.3,1,-0.85683,-0.71389,2.6957,0.6957,-0.85683,-1.71389,3.08774,-0.02357,0.08037,600.0,15.255
151,5.0474,Evening 21:00,0.3,1,-0.85659,-0.73009,2.69494,0.69494,-0.85659,-1.73009,3.08789,-0.02357,0.07873,600.0,15.252
152,5.0808,Evening 21:00,0.3,1,-0.83914,-0.7268,2.63922,0.63922,-0.83914,-1.7268,3.15587,0.00745,-0.02785,625.0,15.234
153,5.1142,Evening 21:00,0.3,1,-0.85624,-0.75438,2.69382,0.69382,-0.85624,-1.75438,3.08814,-0.02356,0.07635,600.0,15.258
154,5.1476,Evening 21:00,0.3,1,-0.83927,-0.75101,2.63963,0.63963,-0.83927,-1.75101,3.15598,0.0075,-0.02712,625.0,15.239
155,5.1811,Evening 21:00,0.3,1,-0.83935,-0.76716,2.63991,0.63991,-0.83935,-1.76716,3.15605,0.00753,-0.02664,625.0,15.249
156,5.2145,Evening 21:00,0.3,1,-0.85568,-0.79484,2.69203,0.69203,-0.85568,-1.79484,3.08861,-0.0235,0.07257,600.0,15.254
157,5.2479,Evening 21:00,0.3,1,-0.83948,-0.79138,2.64031,0.64031,-0.83948,-1.79138,3.15613,0.00757,-0.02593,625.0,15.226
158,5.2813,Evening 21:00,0.3,1,-0.85536,-0.8191,2.69101,0.69101,-0.85536,-1.8191,3.08893,-0.02344,0.07042,600.0,15.254
159,5.3148,Evening 21:00,0.3,1,-0.8396,-0.81561,2.6407,0.6407,-0.8396,-1.81561,3.1562,0.00759,-0.02524,625.0,15.245
160,5.3482,Evening 21:00,0.3,1,-0.83968,-0.83176,2.64096,0.64096,-0.83968,-1.83176,3.15624,0.0076,-0.02479,625.0,15.239
161,5.3816,Evening 21:00,0.3,1,-0.85485,-0.85952,2.68937,0.68937,-0.85485,-1.85952,3.08949,-0.02332,0.06701,600.0,15.255
162,5.415,Evening 21:00,0.3,1,-0.8398,-0.85599,2.64134,0.64134,-0.8398,-1.85599,3.15628,0.00762,-0.02412,625.0,15.24
163,5.4485,Evening 21:00,0.3,1,-0.82396,-0.85607,2.64157,0.64157,-0.82396,-1.85607,3.15656,0.00762,-0.02414,625.0,15.249
164,5.4819,Evening 21:00,0.3,1,-0.82472,-0.869,2.68211,0.68211,-0.82472,-1.869,3.20718,0.03916,-0.13674,600.0,15.256
165,5.5153,Evening 21:00,0.3,1,-0.80018,-0.85618,2.64193,0.64193,-0.80018,-1.85618,3.15699,0.00762,-0.02415,625.0,15.241
166,5.5487,Evening 21:00,0.3,1,-0.80089,-0.86944,2.68351,0.68351,-0.80089,-1.86944,3.20917,0.03934,-0.1379,600.0,15.264
167,5.5822,Evening 21:00,0.3,1,-0.78984,-0.87305,2.6949,0.6949,-0.78984,-1.87305,-3.04745,-0.0104,0.0305,612.5,15.257
168,5.6156,Evening 21:00,0.3,1,-0.76055,-0.85638,2.64255,0.64255,-0.76055,-1.85638,3.15775,0.0076,-0.02412,625.0,15.255
169,5.649,Evening 21:00,0.3,1,-0.76115,-0.87021,2.68592,0.68592,-0.76115,-1.87021,3.21268,0.03961,-0.1398,600.0,15.272
170,5.6825,Evening 21:00,0.3,1,-0.73677,-0.8565,2.64293,0.64293,-0.73677,-1.8565,3.15821,0.00758,-0.02408,625.0,15.255
171,5.7159,Evening 21:00,0.3,1,-0.72344,-0.85693,2.64433,0.64433,-0.72344,-1.85693,-3.11748,-0.0401,0.12188,612.5,15.272
172,5.7493,Evening 21:00,0.3,1,-0.72136,-0.87102,2.68847,0.68847,-0.72136,-1.87102,3.21643,0.03983,-0.14164,600.0,15.273
173,5.7827,Evening 21:00,0.3,1,-0.69712,-0.85671,2.6436,0.6436,-0.69712,-1.85671,3.15902,0.00753,-0.02395,625.0,15.261
174,5.8162,Evening 21:00,0.3,1,-0.69747,-0.87153,2.69006,0.69006,-0.69747,-1.87153,3.21881,0.03994,-0.14271,600.0,15.281
175,5.8496,Evening 21:00,0.3,1,-0.67333,-0.85684,2.64401,0.64401,-0.67333,-1.85684,3.15953,0.00749,-0.02384,625.0,15.267
176,5.883,Evening 21:00,0.3,1,-0.65746,-0.85693,2.64429,0.64429,-0.65746,-1.85693,3.15987,0.00745,-0.02375,625.0,15.273
177,5.9164,Evening 21:00,0.3,1,-0.65762,-0.87241,2.69283,0.69283,-0.65762,-1.87241,3.22301,0.04007,-0.14441,600.0,15.283
178,5.9499,Evening 21:00,0.3,1,-0.63366,-0.85707,2.64471,0.64471,-0.63366,-1.85707,3.16039,0.00739,-0.02358,625.0,15.264
179,5.9833,Evening 21:00,0.3,1,-0.63368,-0.87296,2.69456,0.69456,-0.63368,-1.87296,3.22568,0.04012,-0.14537,600.0,15.289
180,6.0167,Evening 21:00,0.3,1,-0.61772,-0.87334,2.69574,0.69574,-0.61772,-1.87334,3.22752,0.04014,-0.14599,600.0,15.283
181,6.0501,Evening 21:00,0.3,1,-0.59397,-0.8573,2.64544,0.64544,-0.59397,-1.8573,3.1613,0.00727,-0.02322,625.0,15.276
182,6.0836,Evening 21:00,0.3,1,-0.59375,-0.87391,2.69756,0.69756,-0.59375,-1.87391,3.2304,0.04014,-0.14686,600.0,15.296
183,6.117,Evening 21:00,0.3,1,-0.57015,-0.85745,2.64589,0.64589,-0.57015,-1.85745,3.16185,0.00718,-0.02296,625.0,15.279
184,6.1504,Evening 21:00,0.3,1,-0.55585,-0.85748,2.65205,0.65205,-0.55585,-1.85748,-2.47574,0.00727,-0.63395,612.5,15.292
185,6.1838,Evening 21:00,0.3,1,-0.55375,-0.87492,2.70072,0.70072,-0.55375,-1.87492,3.23548,0.04008,-0.14817,600.0,15.297
186,6.2173,Evening 21:00,0.3,1,-0.53044,-0.85769,2.64666,0.64666,-0.53044,-1.85769,3.1628,0.007,-0.02242,625.0,15.278
187,6.2507,Evening 21:00,0.3,1,-0.52972,-0.87555,2.7027,0.7027,-0.52972,-1.87555,3.23872,0.03999,-0.14885,600.0,15.298
188,6.2841,Evening 21:00,0.3,1,-0.5066,-0.85784,2.64713,0.64713,-0.5066,-1.85784,3.16338,0.00687,-0.02204,625.0,15.288
189,6.3175,Evening 21:00,0.3,1,-0.4907,-0.85794,2.64744,0.64744,-0.4907,-1.85794,3.16377,0.00678,-0.02176,625.0,15.289
190,6.351,Evening 21:00,0.3,1,-0.48962,-0.87664,2.70613,0.70613,-0.48962,-1.87664,3.24447,0.03976,-0.14976,600.0,15.301
191,6.3844,Evening 21:00,0.3,1,-0.46685,-0.85809,2.64791,0.64791,-0.46685,-1.85809,3.16436,0.00663,-0.02129,625.0,15.279
192,6.4178,Evening 21:00,0.3,1,-0.46552,-0.87732,2.70827,0.70827,-0.46552,-1.87732,3.24815,0.03955,-0.15016,600.0,15.302
193,6.4513,Evening 21:00,0.3,1,-0.44944,-0.87778,2.70973,0.70973,-0.44944,-1.87778,3.2507,0.03939,-0.15035,600.0,15.297
194,6.4847,Evening 21:00,0.3,1,-0.42708,-0.85834,2.6487,0.6487,-0.42708,-1.85834,3.16535,0.00633,-0.02038,625.0,15.284
195,6.5181,Evening 21:00,0.3,1,-0.4253,-0.87849,2.71198,0.71198,-0.4253,-1.87849,3.25469,0.03909,-0.15051,600.0,15.308
196,6.5515,Evening 21:00,0.3,1,-0.4032,-0.85849,2.64918,0.64918,-0.4032,-1.85849,3.16595,0.00613,-0.01976,625.0,15.292
197,6.585,Evening 21:00,0.3,1,-0.38987,-0.86077,2.66222,0.66222,-0.38987,-1.86077,-2.51536,0.00898,-0.49045,612.5,15.298
198,6.6184,Evening 21:00,0.3,1,-0.38499,-0.87973,2.71587,0.71587,-0.38499,-1.87973,3.2618,0.03846,-0.15038,600.0,15.307
199,6.6518,Evening 21:00,0.3,1,-0.36339,-0.85874,2.64996,0.64996,-0.36339,-1.85874,3.16693,0.00576,-0.01859,625.0,15.279
200,6.6852,Evening 21:00,0.3,1,-0.36076,-0.8805,2.7183,0.7183,-0.36076,-1.8805,3.26638,0.03798,-0.15002,600.0,15.305
201,6.7187,Evening 21:00,0.3,1,-0.33949,-0.85889,2.65042,0.65042,-0.33949,-1.85889,3.16751,0.00551,-0.0178,625.0,15.298
202,6.7521,Evening 21:00,0.3,1,-0.32355,-0.85899,2.65072,0.65072,-0.32355,-1.85899,3.16789,0.00533,-0.01723,625.0,15.29
203,6.7855,Evening 21:00,0.3,1,-0.32029,-0.88183,2.72251,0.72251,-0.32029,-1.88183,3.27456,0.03698,-0.14882,600.0,15.31
204,6.8189,Evening 21:00,0.3,1,-0.29964,-0.85913,2.65116,0.65116,-0.29964,-1.85913,3.16845,0.00504,-0.01633,625.0,15.282
205,6.8524,Evening 21:00,0.3,1,-0.29596,-0.88266,2.72513,0.72513,-0.29596,-1.88266,3.27984,0.03625,-0.14767,600.0,15.305
206,6.8858,Evening 21:00,0.3,1,-0.27971,-0.88323,2.72691,0.72691,-0.27971,-1.88323,3.28353,0.0357,-0.14669,600.0,15.304
207,6.9192,Evening 21:00,0.3,1,-0.25975,-0.85935,2.65186,0.65186,-0.25975,-1.85935,3.16934,0.00452,-0.01466,625.0,15.282
208,6.9526,Evening 21:00,0.3,1,-0.25531,-0.88409,2.72964,0.72964,-0.25531,-1.88409,3.28933,0.03477,-0.14483,600.0,15.31
209,6.9861,Evening 21:00,0.3,1,-0.23581,-0.85948,2.65225,0.65225,-0.23581,-1.85948,3.16984,0.00418,-0.01357,625.0,15.292
210,7.0195,Evening 21:00,0.3,1,-0.21985,-0.85956,2.6525,0.6525,-0.21985,-1.85956,3.17016,0.00395,-0.01281,625.0,15.295
211,7.0529,Evening 21:00,0.3,1,-0.21454,-0.88558,2.73435,0.73435,-0.21454,-1.88558,3.29978,0.03286,-0.14047,600.0,15.308
212,7.0864,Evening 21:00,0.3,1,-0.19589,-0.85967,2.65286,0.65286,-0.19589,-1.85967,3.17061,0.00357,-0.01161,625.0,15.278
213,7.1198,Evening 21:00,0.3,1,-0.19001,-0.8865,2.73726,0.73726,-0.19001,-1.8865,3.30655,0.03146,-0.13687,600.0,15.308
214,7.1532,Evening 21:00,0.3,1,-0.17363,-0.88712,2.73923,0.73923,-0.17363,-1.88712,3.31129,0.0304,-0.13395,600.0,15.303
215,7.1866,Evening 21:00,0.3,1,-0.15594,-0.85983,2.65337,0.65337,-0.15594,-1.85983,3.17128,0.00291,-0.00947,625.0,15.291
216,7.2201,Evening 21:00,0.3,1,-0.14902,-0.88806,2.74223,0.74223,-0.14902,-1.88806,3.31873,0.02858,-0.12856,600.0,15.313
217,7.2535,Evening 21:00,0.3,1,-0.13197,-0.85992,2.65364,0.65364,-0.13197,-1.85992,3.17161,0.00249,-0.00812,625.0,15.287
218,7.2869,Evening 21:00,0.3,1,-0.11877,-0.86832,2.68534,0.68534,-0.11877,-1.86832,-2.5785,0.0084,-0.24145,612.5,15.304
219,7.3203,Evening 21:00,0.3,1,-0.10787,-0.88966,2.74729,0.74729,-0.10787,-1.88966,3.33195,0.02471,-0.11579,600.0,15.309
220,7.3538,Evening 21:00,0.3,1,-0.09199,-0.86003,2.65399,0.65399,-0.09199,-1.86003,3.17207,0.00177,-0.00575,625.0,15.284
221,7.3872,Evening 21:00,0.3,1,-0.0831,-0.89061,2.75032,0.75032,-0.0831,-1.89061,3.34015,0.02167,-0.10454,600.0,15.313
222,7.4206,Evening 21:00,0.3,1,-0.068,-0.86008,2.65414,0.65414,-0.068,-1.86008,3.17227,0.00131,-0.00428,625.0,15.299
223,7.454,Evening 21:00,0.3,1,-0.052,-0.86011,2.65422,0.65422,-0.052,-1.86011,3.17237,0.00101,-0.00329,625.0,15.293
224,7.4875,Evening 21:00,0.3,1,-0.04167,-0.89212,2.7551,0.7551,-0.04167,-1.89212,3.35276,0.01431,-0.07311,600.0,15.311
225,7.5209,Evening 21:00,0.3,1,-0.028,-0.86013,2.6543,0.6543,-0.028,-1.86013,3.17247,0.00054,-0.00178,625.0,15.285
226,7.5543,Evening 21:00,0.3,1,-0.0167,-0.89283,2.75733,0.75733,-0.0167,-1.89283,3.35749,0.00693,-0.03663,600.0,15.309
227,7.5877,Evening 21:00,0.3,1,-0.0,-0.89302,2.75792,0.75792,-0.0,-1.89302,3.35838,-0.0,0.0,600.0,15.305
228,7.6212,Evening 21:00,0.3,1,0.004,-0.85206,2.65433,0.65433,0.004,-1.85206,3.17281,-8e-05,0.00026,625.0,15.283
229,7.6546,Evening 21:00,0.3,1,0.004,-0.84076,2.65557,0.65557,0.004,-1.84076,3.05794,0.00017,-0.00048,600.0,15.299
230,7.688,Evening 21:00,0.3,1,0.004,-0.82461,2.65559,0.65559,0.004,-1.82461,3.05669,0.00017,-0.00049,600.0,15.302
231,7.7214,Evening 21:00,0.3,1,0.004,-0.81165,2.65428,0.65428,0.004,-1.81165,3.17442,-8e-05,0.00029,625.0,15.28
232,7.7549,Evening 21:00,0.3,1,0.004,-0.80038,2.65563,0.65563,0.004,-1.80038,3.05475,0.00018,-0.00051,600.0,15.309
233,7.7883,Evening 21:00,0.3,1,0.004,-0.78741,2.65425,0.65425,0.004,-1.78741,3.17546,-9e-05,0.00031,625.0,15.289
234,7.8217,Evening 21:00,0.3,1,0.004,-0.78741,2.65425,0.65425,0.004,-1.78741,3.17546,-9e-05,0.00031,625.0,15.289
235,7.8552,Evening 21:00,0.3,1,0.004,-0.76001,2.65569,0.65569,0.004,-1.76001,3.05134,0.00018,-0.00054,600.0,15.308
236,7.8886,Evening 21:00,0.3,1,0.004,-0.747,2.65418,0.65418,0.004,-1.747,3.17736,-9e-05,0.00035,625.0,15.278
237,7.922,Evening 21:00,0.3,1,0.004,-0.747,2.65418,0.65418,0.004,-1.747,3.17736,-9e-05,0.00035,625.0,15.278
238,7.9554,Evening 21:00,0.3,1,0.004,-0.73578,2.65573,0.65573,0.004,-1.73578,3.04918,0.00019,-0.00057,600.0,15.303
239,7.9889,Evening 21:00,0.3,1,0.004,-0.70658,2.65411,0.65411,0.004,-1.70658,3.17948,-0.0001,0.0004,625.0,15.286
240,8.0223,Evening 21:00,0.3,1,0.004,-0.69541,2.65581,0.65581,0.004,-1.69541,3.04537,0.00019,-0.00061,600.0,15.306
241,8.0557,Evening 21:00,0.3,1,0.004,-0.68233,2.65405,0.65405,0.004,-1.68233,3.18087,-0.0001,0.00044,625.0,15.283
242,8.0891,Evening 21:00,0.3,1,0.0038,-0.6677,2.65084,0.65084,0.0038,-1.6677,-3.18478,0.00592,0.08023,612.5,15.298
243,8.1226,Evening 21:00,0.3,1,0.004,-0.65503,2.65589,0.65589,0.004,-1.65503,3.04129,0.0002,-0.00065,600.0,15.306
244,8.156,Evening 21:00,0.3,1,0.004,-0.64191,2.65395,0.65395,0.004,-1.64191,3.18343,-0.00011,0.00051,625.0,15.277
245,8.1894,Evening 21:00,0.3,1,0.004,-0.64191,2.65395,0.65395,0.004,-1.64191,3.18343,-0.00011,0.00051,625.0,15.277
246,8.2228,Evening 21:00,0.3,1,0.004,-0.61766,2.65387,0.65387,0.004,-1.61766,3.18513,-0.00012,0.00056,625.0,15.295
247,8.2563,Evening 21:00,0.3,1,0.004,-0.60149,2.65381,0.65381,0.004,-1.60149,3.18633,-0.00012,0.0006,625.0,15.289
248,8.2897,Evening 21:00,0.3,1,0.004,-0.59043,2.65604,0.65604,0.004,-1.59043,3.03411,0.00021,-0.00074,600.0,15.308
249,8.3231,Evening 21:00,0.3,1,0.004,-0.57723,2.65371,0.65371,0.004,-1.57723,3.18825,-0.00013,0.00068,625.0,15.274
250,8.3565,Evening 21:00,0.3,1,0.004,-0.56621,2.6561,0.6561,0.004,-1.56621,3.0312,0.00021,-0.00077,600.0,15.302
251,8.39,Evening 21:00,0.3,1,0.004,-0.55006,2.65615,0.65615,0.004,-1.55006,3.02918,0.00021,-0.00079,600.0,15.3
252,8.4234,Evening 21:00,0.3,1,0.004,-0.5368,2.65349,0.65349,0.004,-1.5368,3.1918,-0.00014,0.00083,625.0,15.281
253,8.4568,Evening 21:00,0.3,1,0.004,-0.52583,2.65622,0.65622,0.004,-1.52583,3.02604,0.00022,-0.00083,600.0,15.304
254,8.4903,Evening 21:00,0.3,1,0.004,-0.51253,2.65333,0.65333,0.004,-1.51253,3.19415,-0.00015,0.00095,625.0,15.284
255,8.5237,Evening 21:00,0.3,1,0.004,-0.49635,2.6532,0.6532,0.004,-1.49635,3.1958,-0.00016,0.00105,625.0,15.291
256,8.5571,Evening 21:00,0.3,1,0.004,-0.48546,2.65634,0.65634,0.004,-1.48546,3.02047,0.00022,-0.00089,600.0,15.298
257,8.5905,Evening 21:00,0.3,1,0.004,-0.47208,2.65297,0.65297,0.004,-1.47208,3.19841,-0.00018,0.00123,625.0,15.272
258,8.624,Evening 21:00,0.3,1,0.004,-0.46124,2.65642,0.65642,0.004,-1.46124,3.01692,0.00022,-0.00094,600.0,15.298
259,8.6574,Evening 21:00,0.3,1,0.00437,-0.44474,2.64375,0.64375,0.00437,-1.44474,-3.20235,-0.00234,-0.16528,612.5,15.284
260,8.6908,Evening 21:00,0.3,1,0.004,-0.43161,2.65246,0.65246,0.004,-1.43161,3.20295,-0.00021,0.00169,625.0,15.27
261,8.7242,Evening 21:00,0.3,1,0.004,-0.42086,2.65656,0.65656,0.004,-1.42086,3.01062,0.00023,-0.00101,600.0,15.288
262,8.7577,Evening 21:00,0.3,1,0.004,-0.40732,2.65204,0.65204,0.004,-1.40732,3.20562,-0.00024,0.00214,625.0,15.264
263,8.7911,Evening 21:00,0.3,1,0.004,-0.39664,2.65665,0.65665,0.004,-1.39664,3.0066,0.00023,-0.00106,600.0,15.279
264,8.8245,Evening 21:00,0.3,1,0.004,-0.38049,2.65672,0.65672,0.004,-1.38049,3.00382,0.00024,-0.00109,600.0,15.277
265,8.8579,Evening 21:00,0.3,1,0.004,-0.36683,2.65111,0.65111,0.004,-1.36683,3.2093,-0.00033,0.00361,625.0,15.251
266,8.8914,Evening 21:00,0.3,1,0.004,-0.35626,2.65682,0.65682,0.004,-1.35626,2.99947,0.00024,-0.00114,600.0,15.273
267,8.9248,Evening 21:00,0.3,1,0.00401,-0.34253,2.6504,0.6504,0.00401,-1.34253,3.21055,-0.00045,0.0057,625.0,15.253
268,8.9582,Evening 21:00,0.3,1,0.00401,-0.32633,2.64985,0.64985,0.00401,-1.32633,3.21081,-0.00062,0.00876,625.0,15.251
269,8.9916,Evening 21:00,0.3,1,0.004,-0.31589,2.657,0.657,0.004,-1.31589,2.99175,0.00024,-0.00123,600.0,15.262
270,9.0251,Evening 21:00,0.3,1,0.00405,-0.30202,2.64884,0.64884,0.00405,-1.30202,3.21045,-0.00154,0.02564,625.0,15.232
271,9.0585,Evening 21:00,0.3,1,0.004,-0.29166,2.65711,0.65711,0.004,-1.29166,2.98682,0.00025,-0.00129,600.0,15.254
272,9.0919,Evening 21:00,0.3,1,0.004,-0.27551,2.65719,0.65719,0.004,-1.27551,2.9834,0.00025,-0.00133,600.0,15.246
273,9.1253,Evening 21:00,0.3,1,0.00421,-0.26136,2.64531,0.64531,0.00421,-1.26136,3.20985,-0.00472,0.0941,625.0,15.222
274,9.1588,Evening 21:00,0.3,1,0.004,-0.25128,2.65731,0.65731,0.004,-1.25128,2.97806,0.00025,-0.00139,600.0,15.24
275,9.1922,Evening 21:00,0.3,1,0.00426,-0.23703,2.64312,0.64312,0.00426,-1.23703,3.20628,-0.00532,0.117,625.0,15.221
276,9.2256,Evening 21:00,0.3,1,0.00426,-0.23703,2.64312,0.64312,0.00426,-1.23703,3.20628,-0.00532,0.117,625.0,15.221
277,9.2591,Evening 21:00,0.3,1,0.004,-0.2109,2.65753,0.65753,0.004,-1.2109,2.96859,0.00025,-0.0015,600.0,15.231
278,9.2925,Evening 21:00,0.3,1,0.00431,-0.1966,2.6399,0.6399,0.00431,-1.1966,3.19711,-0.00537,0.14248,625.0,15.2
279,9.3259,Evening 21:00,0.3,1,0.00431,-0.1966,2.6399,0.6399,0.00431,-1.1966,3.19711,-0.00537,0.14248,625.0,15.2
280,9.3593,Evening 21:00,0.3,1,0.00434,-0.17241,2.63825,0.63825,0.00434,-1.17241,3.19051,-0.00507,0.15341,625.0,15.213
281,9.3928,Evening 21:00,0.3,1,0.00435,-0.15632,2.63726,0.63726,0.00435,-1.15632,3.18585,-0.00478,0.15941,625.0,15.209
282,9.4262,Evening 21:00,0.3,1,0.004,-0.14628,2.65791,0.65791,0.004,-1.14628,2.95182,0.00026,-0.00168,600.0,15.216
283,9.4596,Evening 21:00,0.3,1,0.00437,-0.1322,2.63597,0.63597,0.00437,-1.1322,3.17856,-0.00423,0.16684,625.0,15.191
284,9.493,Evening 21:00,0.3,1,0.004,-0.12205,2.65806,0.65806,0.004,-1.12205,2.94498,0.00026,-0.00175,600.0,15.205
285,9.5265,Evening 21:00,0.3,1,0.004,-0.10589,2.65817,0.65817,0.004,-1.10589,2.94025,0.00026,-0.00179,600.0,15.203
286,9.5599,Evening 21:00,0.3,1,0.00439,-0.09208,2.63428,0.63428,0.00439,-1.09208,3.16596,-0.00311,0.17567,625.0,15.182
287,9.5933,Evening 21:00,0.3,1,0.004,-0.08166,2.65833,0.65833,0.004,-1.08166,2.93289,0.00026,-0.00186,600.0,15.2
288,9.6267,Evening 21:00,0.3,1,0.0044,-0.06804,2.63356,0.63356,0.0044,-1.06804,3.15825,-0.00234,0.17913,625.0,15.188
289,9.6602,Evening 21:00,0.3,1,0.0044,-0.05202,2.6332,0.6332,0.0044,-1.05202,3.15308,-0.00181,0.18075,625.0,15.196
290,9.6936,Evening 21:00,0.3,1,0.004,-0.04126,2.6586,0.6586,0.004,-1.04126,2.91989,0.00026,-0.00199,600.0,15.209
291,9.727,Evening 21:00,0.3,1,0.0044,-0.02801,2.63283,0.63283,0.0044,-1.02801,3.14532,-0.00098,0.18218,625.0,15.19
292,9.7604,Evening 21:00,0.3,1,0.004,-0.01702,2.65877,0.65877,0.004,-1.01702,2.91164,0.00026,-0.00206,600.0,15.216
293,9.7939,Evening 21:00,0.3,1,0.0044,-0.004,2.63269,0.63269,0.0044,-1.004,3.13758,-0.00014,0.18248,625.0,15.206
294,9.8273,Evening 21:00,0.3,1,0.004,0.00086,2.65888,0.65888,0.004,-0.99914,3.37723,-0.0003,-0.00245,600.0,15.212
295,9.8607,Evening 21:00,0.3,1,0.004,0.00086,2.65888,0.65888,0.004,-0.99914,3.37723,-0.0003,-0.00245,600.0,15.212
296,9.8942,Evening 21:00,0.3,1,0.004,0.00086,2.65888,0.65888,0.004,-0.99914,3.37723,-0.0003,-0.00245,600.0,15.212
297,9.9276,Evening 21:00,0.3,1,0.004,0.00086,2.65888,0.65888,0.004,-0.99914,3.37723,-0.0003,-0.00245,600.0,15.212
298,9.961,Evening 21:00,0.3,1,0.004,0.00086,2.65888,0.65888,0.004,-0.99914,3.37723,-0.0003,-0.00245,600.0,15.212
299,9.9944,Evening 21:00,0.3,1,0.004,0.00086,2.65888,0.65888,0.004,-0.99914,3.37723,-0.0003,-0.00245,600.0,15.212
300,10.0279,Evening 21:00,0.3,1,0.004,0.00086,2.65888,0.65888,0.004,-0.99914,3.37723,-0.0003,-0.00245,600.0,15.212
301,10.0613,Evening 21:00,0.3,1,0.004,0.00086,2.65888,0.65888,0.004,-0.99914,3.37723,-0.0003,-0.00245,600.0,15.212
302,10.0947,Evening 21:00,0.3,1,0.004,0.00086,2.65888,0.65888,0.004,-0.99914,3.37723,-0.0003,-0.00245,600.0,15.212
303,10.1281,Evening 21:00,0.3,1,0.004,0.00086,2.65888,0.65888,0.004,-0.99914,3.37723,-0.0003,-0.00245,600.0,15.212
304,10.1616,Evening 21:00,0.3,1,0.004,0.00086,2.65888,0.65888,0.004,-0.99914,3.37723,-0.0003,-0.00245,600.0,15.212
305,10.195,Evening 21:00,0.3,1,0.004,0.00086,2.65888,0.65888,0.004,-0.99914,3.37723,-0.0003,-0.00245,600.0,15.212
306,10.2284,Evening 21:00,0.3,1,0.004,0.00086,2.65888,0.65888,0.004,-0.99914,3.37723,-0.0003,-0.00245,600.0,15.212
307,10.2618,Evening 21:00,0.3,1,0.004,0.00086,2.65888,0.65888,0.004,-0.99914,3.37723,-0.0003,-0.00245,600.0,15.212
308,10.2953,Evening 21:00,0.3,1,0.004,0.00086,2.65888,0.65888,0.004,-0.99914,3.37723,-0.0003,-0.00245,600.0,15.212
309,10.3287,Evening 21:00,0.3,1,0.004,0.00086,2.65888,0.65888,0.004,-0.99914,3.37723,-0.0003,-0.00245,600.0,15.212
310,10.3621,Evening 21:00,0.3,1,0.004,0.00086,2.65888,0.65888,0.004,-0.99914,3.37723,-0.0003,-0.00245,600.0,15.212
311,10.3955,Evening 21:00,0.3,1,0.004,0.00086,2.65888,0.65888,0.004,-0.99914,3.37723,-0.0003,-0.00245,600.0,15.212
312,10.429,Evening 21:00,0.3,1,0.004,0.00086,2.65888,0.65888,0.004,-0.99914,3.37723,-0.0003,-0.00245,600.0,15.212
313,10.4624,Evening 21:00,0.3,1,0.004,0.00086,2.65888,0.65888,0.004,-0.99914,3.37723,-0.0003,-0.00245,600.0,15.212
314,10.4958,Evening 21:00,0.3,1,0.004,0.00086,2.65888,0.65888,0.004,-0.99914,3.37723,-0.0003,-0.00245,600.0,15.212
315,10.5292,Evening 21:00,0.3,1,0.004,0.00086,2.65888,0.65888,0.004,-0.99914,3.37723,-0.0003,-0.00245,600.0,15.212
316,10.5627,Evening 21:00,0.3,1,0.004,0.00086,2.65888,0.65888,0.004,-0.99914,3.37723,-0.0003,-0.00245,600.0,15.212
317,10.5961,Evening 21:00,0.3,1,0.004,0.00086,2.65888,0.65888,0.004,-0.99914,3.37723,-0.0003,-0.00245,600.0,15.212
318,10.6295,Evening 21:00,0.3,1,0.004,0.00086,2.65888,0.65888,0.004,-0.99914,3.37723,-0.0003,-0.00245,600.0,15.212
319,10.663,Evening 21:00,0.3,1,0.004,0.00086,2.65888,0.65888,0.004,-0.99914,3.37723,-0.0003,-0.00245,600.0,15.212
320,10.6964,Evening 21:00,0.3,1,0.004,0.00086,2.65888,0.65888,0.004,-0.99914,3.37723,-0.0003,-0.00245,600.0,15.212
321,10.7298,Evening 21:00,0.3,1,0.004,0.00086,2.65888,0.65888,0.004,-0.99914,3.37723,-0.0003,-0.00245,600.0,15.212
322,10.7632,Evening 21:00,0.3,1,0.004,0.00086,2.65888,0.65888,0.004,-0.99914,3.37723,-0.0003,-0.00245,600.0,15.212
323,10.7967,Evening 21:00,0.3,1,0.004,0.00086,2.65888,0.65888,0.004,-0.99914,3.37723,-0.0003,-0.00245,600.0,15.212
324,10.8301,Evening 21:00,0.3,1,0.004,0.00086,2.65888,0.65888,0.004,-0.99914,3.37723,-0.0003,-0.00245,600.0,15.212
325,10.8635,Evening 21:00,0.3,1,0.004,0.00086,2.65888,0.65888,0.004,-0.99914,3.37723,-0.0003,-0.00245,600.0,15.212
326,10.8969,Evening 21:00,0.3,1,0.004,0.00086,2.65888,0.65888,0.004,-0.99914,3.37723,-0.0003,-0.00245,600.0,15.212
327,10.9304,Evening 21:00,0.3,1,0.004,0.00086,2.65888,0.65888,0.004,-0.99914,3.37723,-0.0003,-0.00245,600.0,15.212
328,10.9638,Evening 21:00,0.3,1,0.004,0.00086,2.65888,0.65888,0.004,-0.99914,3.37723,-0.0003,-0.00245,600.0,15.212
329,10.9972,Evening 21:00,0.3,1,0.004,0.00086,2.65888,0.65888,0.004,-0.99914,3.37723,-0.0003,-0.00245,600.0,15.212
330,11.0306,Evening 21:00,0.3,1,0.004,0.00086,2.65888,0.65888,0.004,-0.99914,3.37723,-0.0003,-0.00245,600.0,15.212
331,11.0641,Evening 21:00,0.3,1,0.004,0.00086,2.65888,0.65888,0.004,-0.99914,3.37723,-0.0003,-0.00245,600.0,15.212
332,11.0975,Evening 21:00,0.3,1,0.004,0.00086,2.65888,0.65888,0.004,-0.99914,3.37723,-0.0003,-0.00245,600.0,15.212
333,11.1309,Evening 21:00,0.3,1,0.004,0.00086,2.65888,0.65888,0.004,-0.99914,3.37723,-0.0003,-0.00245,600.0,15.212
334,11.1643,Evening 21:00,0.3,1,0.004,0.00086,2.65888,0.65888,0.004,-0.99914,3.37723,-0.0003,-0.00245,600.0,15.212
335,11.1978,Evening 21:00,0.3,1,0.004,0.00086,2.65888,0.65888,0.004,-0.99914,3.37723,-0.0003,-0.00245,600.0,15.212
336,11.2312,Evening 21:00,0.3,1,0.004,0.00086,2.65888,0.65888,0.004,-0.99914,3.37723,-0.0003,-0.00245,600.0,15.212
337,11.2646,Evening 21:00,0.3,1,0.004,0.00086,2.65888,0.65888,0.004,-0.99914,3.37723,-0.0003,-0.00245,600.0,15.212
338,11.2981,Evening 21:00,0.3,1,0.004,0.00086,2.65888,0.65888,0.004,-0.99914,3.37723,-0.0003,-0.00245,600.0,15.212
339,11.3315,Evening 21:00,0.3,1,0.004,0.00086,2.65888,0.65888,0.004,-0.99914,3.37723,-0.0003,-0.00245,600.0,15.212
340,11.3649,Evening 21:00,0.3,1,0.004,0.00086,2.65888,0.65888,0.004,-0.99914,3.37723,-0.0003,-0.00245,600.0,15.212
341,11.3983,Evening 21:00,0.3,1,0.004,0.00086,2.65888,0.65888,0.004,-0.99914,3.37723,-0.0003,-0.00245,600.0,15.212
342,11.4318,Evening 21:00,0.3,1,0.004,0.00086,2.65888,0.65888,0.004,-0.99914,3.37723,-0.0003,-0.00245,600.0,15.212
343,11.4652,Evening 21:00,0.3,1,0.004,0.00086,2.65888,0.65888,0.004,-0.99914,3.37723,-0.0003,-0.00245,600.0,15.212
344,11.4986,Evening 21:00,0.3,1,0.004,0.00086,2.65888,0.65888,0.004,-0.99914,3.37723,-0.0003,-0.00245,600.0,15.212
345,11.532,Evening 21:00,0.3,1,0.004,0.00086,2.65888,0.65888,0.004,-0.99914,3.37723,-0.0003,-0.00245,600.0,15.212
346,11.5655,Evening 21:00,0.3,1,0.004,0.00086,2.65888,0.65888,0.004,-0.99914,3.37723,-0.0003,-0.00245,600.0,15.212
347,11.5989,Evening 21:00,0.3,1,0.004,0.00086,2.65888,0.65888,0.004,-0.99914,3.37723,-0.0003,-0.00245,600.0,15.212
348,11.6323,Evening 21:00,0.3,1,0.004,0.00086,2.65888,0.65888,0.004,-0.99914,3.37723,-0.0003,-0.00245,600.0,15.212
349,11.6657,Evening 21:00,0.3,1,0.004,0.00086,2.65888,0.65888,0.004,-0.99914,3.37723,-0.0003,-0.00245,600.0,15.212
350,11.6992,Evening 21:00,0.3,1,0.004,0.00086,2.65888,0.65888,0.004,-0.99914,3.37723,-0.0003,-0.00245,600.0,15.212
351,11.7326,Evening 21:00,0.3,1,0.004,0.00086,2.65888,0.65888,0.004,-0.99914,3.37723,-0.0003,-0.00245,600.0,15.212
352,11.766,Evening 21:00,0.3,1,0.004,0.00086,2.65888,0.65888,0.004,-0.99914,3.37723,-0.0003,-0.00245,600.0,15.212
353,11.7994,Evening 21:00,0.3,1,0.004,0.00086,2.65888,0.65888,0.004,-0.99914,3.37723,-0.0003,-0.00245,600.0,15.212
354,11.8329,Evening 21:00,0.3,1,0.004,0.00086,2.65888,0.65888,0.004,-0.99914,3.37723,-0.0003,-0.00245,600.0,15.212
355,11.8663,Evening 21:00,0.3,1,0.004,0.00086,2.65888,0.65888,0.004,-0.99914,3.37723,-0.0003,-0.00245,600.0,15.212
356,11.8997,Evening 21:00,0.3,1,0.004,0.00086,2.65888,0.65888,0.004,-0.99914,3.37723,-0.0003,-0.00245,600.0,15.212
357,11.9331,Evening 21:00,0.3,1,0.004,0.00086,2.65888,0.65888,0.004,-0.99914,3.37723,-0.0003,-0.00245,600.0,15.212
358,11.9666,Evening 21:00,0.3,1,0.004,0.00086,2.65888,0.65888,0.004,-0.99914,3.37723,-0.0003,-0.00245,600.0,15.212
359,12.0,Evening 21:00,0.3,1,0.004,0.00086,2.65888,0.65888,0.004,-0.99914,3.37723,-0.0003,-0.00245,600.0,15.212
360,12.0334,Evening 21:00,0.3,1,0.004,0.00086,2.65888,0.65888,0.004,-0.99914,3.37723,-0.0003,-0.00245,600.0,15.213
361,12.0669,Evening 21:00,0.3,1,-0.0,-0.0,2.75193,0.75193,-0.0,-1.0,3.14159,0.0,-0.0,576.0,15.21
362,12.1003,Evening 21:00,0.3,1,0.00519,0.0,2.74268,0.74268,0.00519,-1.0,3.1038,0.0,0.48581,552.0,15.219
363,12.1337,Evening 21:00,0.3,1,0.00519,0.0,2.74268,0.74268,0.00519,-1.0,3.1038,0.0,0.48581,552.0,15.218
364,12.1671,Evening 21:00,0.3,1,0.00519,0.0,2.74268,0.74268,0.00519,-1.0,3.1038,0.0,0.48581,552.0,15.214
365,12.2006,Evening 21:00,0.3,1,0.00519,0.0,2.74268,0.74268,0.00519,-1.0,3.1038,0.0,0.48581,552.0,15.216
366,12.234,Evening 21:00,0.3,1,0.00473,0.00435,2.86099,0.86099,0.00473,-0.99565,3.13464,0.00014,0.18798,529.0,15.199
367,12.2674,Evening 21:00,0.3,1,0.00473,0.00435,2.86099,0.86099,0.00473,-0.99565,3.13464,0.00014,0.18798,529.0,15.203
368,12.3008,Evening 21:00,0.3,1,0.00435,0.00084,2.88945,0.88945,0.00435,-0.99916,3.39359,-0.00032,-0.00249,506.0,15.2
369,12.3343,Evening 21:00,0.3,1,0.00435,0.00084,2.88945,0.88945,0.00435,-0.99916,3.39359,-0.00032,-0.00249,506.0,15.2
370,12.3677,Evening 21:00,0.3,1,0.00435,0.00084,2.88945,0.88945,0.00435,-0.99916,3.39359,-0.00032,-0.00249,506.0,15.195
371,12.4011,Evening 21:00,0.3,1,0.00435,0.00084,2.88945,0.88945,0.00435,-0.99916,3.39359,-0.00032,-0.00249,506.0,15.192
372,12.4345,Evening 21:00,0.3,1,0.0,0.0,3.0021,1.0021,0.0,-1.0,3.14159,0.0,0.0,484.0,15.19
373,12.468,Evening 21:00,0.3,1,0.00552,-0.0,2.99132,0.99132,0.00552,-1.0,3.1005,-0.0,0.50648,462.0,15.193
374,12.5014,Evening 21:00,0.3,1,0.00552,-0.0,2.99132,0.99132,0.00552,-1.0,3.1005,-0.0,0.50648,462.0,15.185
375,12.5348,Evening 21:00,0.3,1,0.00552,-0.0,2.99132,0.99132,0.00552,-1.0,3.1005,-0.0,0.50648,462.0,15.177
376,12.5682,Evening 21:00,0.3,1,0.00552,-0.0,2.99132,0.99132,0.00552,-1.0,3.1005,-0.0,0.50648,462.0,15.179
377,12.6017,Evening 21:00,0.3,1,0.00552,-0.0,2.99132,0.99132,0.00552,-1.0,3.1005,-0.0,0.50648,462.0,15.176
378,12.6351,Evening 21:00,0.3,1,0.00511,0.00476,3.13283,1.13283,0.00511,-0.99524,3.1343,0.00015,0.19304,441.0,15.182
379,12.6685,Evening 21:00,0.3,1,0.00476,0.00081,3.16399,1.16399,0.00476,-0.99919,3.41137,-0.00035,-0.00252,420.0,15.18
380,12.7019,Evening 21:00,0.3,1,0.00476,0.00081,3.16399,1.16399,0.00476,-0.99919,3.41137,-0.00035,-0.00252,420.0,15.172
381,12.7354,Evening 21:00,0.3,1,0.00476,0.00081,3.16399,1.16399,0.00476,-0.99919,3.41137,-0.00035,-0.00252,420.0,15.166
382,12.7688,Evening 21:00,0.3,1,0.00476,0.00081,3.16399,1.16399,0.00476,-0.99919,3.41137,-0.00035,-0.00252,420.0,15.165
383,12.8022,Evening 21:00,0.3,1,0.00476,0.00081,3.16399,1.16399,0.00476,-0.99919,3.41137,-0.00035,-0.00252,420.0,15.169
384,12.8357,Evening 21:00,0.3,1,0.00476,0.00081,3.16399,1.16399,0.00476,-0.99919,3.41137,-0.00035,-0.00252,420.0,15.166
385,12.8691,Evening 21:00,0.3,1,0.0,-0.0,3.30231,1.30231,0.0,-1.0,3.14159,-0.0,0.0,400.0,15.168
386,12.9025,Evening 21:00,0.3,1,0.00591,-0.0,3.28975,1.28975,0.00591,-1.0,3.09662,-0.0,0.52968,380.0,15.158
387,12.9359,Evening 21:00,0.3,1,0.00591,-0.0,3.28975,1.28975,0.00591,-1.0,3.09662,-0.0,0.52968,380.0,15.156
388,12.9694,Evening 21:00,0.3,1,0.00591,-0.0,3.28975,1.28975,0.00591,-1.0,3.09662,-0.0,0.52968,380.0,15.159
389,13.0028,Evening 21:00,0.3,1,0.00591,-0.0,3.28975,1.28975,0.00591,-1.0,3.09662,-0.0,0.52968,380.0,15.155
390,13.0362,Evening 21:00,0.3,1,0.00591,-0.0,3.28975,1.28975,0.00591,-1.0,3.09662,-0.0,0.52968,380.0,15.153
391,13.0696,Evening 21:00,0.3,1,0.00591,-0.0,3.28975,1.28975,0.00591,-1.0,3.09662,-0.0,0.52968,380.0,15.152
392,13.1031,Evening 21:00,0.3,1,0.00591,-0.0,3.28975,1.28975,0.00591,-1.0,3.09662,-0.0,0.52968,380.0,15.143
393,13.1365,Evening 21:00,0.3,1,0.00561,0.00322,3.46557,1.46557,0.00561,-0.99678,-2.92371,0.01958,-0.20439,351.5,15.151
394,13.1699,Evening 21:00,0.3,1,0.00526,0.00078,3.49638,1.49638,0.00526,-0.99922,3.43104,-0.00038,-0.00255,342.0,15.153
395,13.2033,Evening 21:00,0.3,1,0.00526,0.00078,3.49638,1.49638,0.00526,-0.99922,3.43104,-0.00038,-0.00255,342.0,15.152
396,13.2368,Evening 21:00,0.3,1,0.00526,0.00078,3.49638,1.49638,0.00526,-0.99922,3.43104,-0.00038,-0.00255,342.0,15.149
397,13.2702,Evening 21:00,0.3,1,0.00526,0.00078,3.49638,1.49638,0.00526,-0.99922,3.43104,-0.00038,-0.00255,342.0,15.139
398,13.3036,Evening 21:00,0.3,1,0.00526,0.00078,3.49638,1.49638,0.00526,-0.99922,3.43104,-0.00038,-0.00255,342.0,15.13
399,13.337,Evening 21:00,0.3,1,0.00526,0.00078,3.49638,1.49638,0.00526,-0.99922,3.43104,-0.00038,-0.00255,342.0,15.134
400,13.3705,Evening 21:00,0.3,1,-0.0,-0.0,3.66924,1.66924,-0.0,-1.0,3.14159,0.0,-0.0,324.0,15.136
401,13.4039,Evening 21:00,0.3,1,-0.0,-0.0,3.66924,1.66924,-0.0,-1.0,3.14159,0.0,-0.0,324.0,15.14
402,13.4373,Evening 21:00,0.3,1,0.0064,-0.0,3.65456,1.65456,0.0064,-1.0,3.09197,-0.0,0.55618,306.0,15.138
403,13.4708,Evening 21:00,0.3,1,0.0064,-0.0,3.65456,1.65456,0.0064,-1.0,3.09197,-0.0,0.55618,306.0,15.135
404,13.5042,Evening 21:00,0.3,1,0.0064,-0.0,3.65456,1.65456,0.0064,-1.0,3.09197,-0.0,0.55618,306.0,15.124
405,13.5376,Evening 21:00,0.3,1,0.0064,-0.0,3.65456,1.65456,0.0064,-1.0,3.09197,-0.0,0.55618,306.0,15.124
406,13.571,Evening 21:00,0.3,1,0.0064,-0.0,3.65456,1.65456,0.0064,-1.0,3.09197,-0.0,0.55618,306.0,15.127
407,13.6045,Evening 21:00,0.3,1,0.0064,-0.0,3.65456,1.65456,0.0064,-1.0,3.09197,-0.0,0.55618,306.0,15.127
408,13.6379,Evening 21:00,0.3,1,0.0064,-0.0,3.65456,1.65456,0.0064,-1.0,3.09197,-0.0,0.55618,306.0,15.13
409,13.6713,Evening 21:00,0.3,1,0.00616,-0.00588,3.8686,1.8686,0.00616,-1.00588,3.13652,-0.00016,0.20169,289.0,15.13
410,13.7047,Evening 21:00,0.3,1,0.00547,-0.0035,3.87083,1.87083,0.00547,-1.0035,2.90532,-0.02129,-0.21192,280.5,15.127
411,13.7382,Evening 21:00,0.3,1,0.00588,0.00075,3.90705,1.90705,0.00588,-0.99925,3.45329,-0.00041,-0.00258,272.0,15.124
412,13.7716,Evening 21:00,0.3,1,0.00588,0.00075,3.90705,1.90705,0.00588,-0.99925,3.45329,-0.00041,-0.00258,272.0,15.124
413,13.805,Evening 21:00,0.3,1,0.00588,0.00075,3.90705,1.90705,0.00588,-0.99925,3.45329,-0.00041,-0.00258,272.0,15.125
414,13.8384,Evening 21:00,0.3,1,0.00588,0.00075,3.90705,1.90705,0.00588,-0.99925,3.45329,-0.00041,-0.00258,272.0,15.121
415,13.8719,Evening 21:00,0.3,1,0.00588,0.00075,3.90705,1.90705,0.00588,-0.99925,3.45329,-0.00041,-0.00258,272.0,15.116
416,13.9053,Evening 21:00,0.3,1,0.00588,0.00075,3.90705,1.90705,0.00588,-0.99925,3.45329,-0.00041,-0.00258,272.0,15.119
417,13.9387,Evening 21:00,0.3,1,0.00588,0.00075,3.90705,1.90705,0.00588,-0.99925,3.45329,-0.00041,-0.00258,272.0,15.113
418,13.9721,Evening 21:00,0.3,1,0.00588,0.00075,3.90705,1.90705,0.00588,-0.99925,3.45329,-0.00041,-0.00258,272.0,15.113
419,14.0056,Evening 21:00,0.3,1,0.0,-0.0,4.12789,2.12789,0.0,-1.0,3.14159,-0.0,0.0,256.0,15.113
420,14.039,Evening 21:00,0.3,1,0.00702,0.0,4.11065,2.11065,0.00702,-1.0,3.08624,0.0,0.58712,240.0,15.115
421,14.0724,Evening 21:00,0.3,1,0.00702,0.0,4.11065,2.11065,0.00702,-1.0,3.08624,0.0,0.58712,240.0,15.115
422,14.1058,Evening 21:00,0.3,1,0.00702,0.0,4.11065,2.11065,0.00702,-1.0,3.08624,0.0,0.58712,240.0,15.114
423,14.1393,Evening 21:00,0.3,1,0.00702,0.0,4.11065,2.11065,0.00702,-1.0,3.08624,0.0,0.58712,240.0,15.112
424,14.1727,Evening 21:00,0.3,1,0.00702,0.0,4.11065,2.11065,0.00702,-1.0,3.08624,0.0,0.58712,240.0,15.114
425,14.2061,Evening 21:00,0.3,1,0.00702,0.0,4.11065,2.11065,0.00702,-1.0,3.08624,0.0,0.58712,240.0,15.112
426,14.2396,Evening 21:00,0.3,1,0.00702,0.0,4.11065,2.11065,0.00702,-1.0,3.08624,0.0,0.58712,240.0,15.112
427,14.273,Evening 21:00,0.3,1,0.00702,0.0,4.11065,2.11065,0.00702,-1.0,3.08624,0.0,0.58712,240.0,15.112
428,14.3064,Evening 21:00,0.3,1,0.00702,0.0,4.11065,2.11065,0.00702,-1.0,3.08624,0.0,0.58712,240.0,15.112
429,14.3398,Evening 21:00,0.3,1,0.00702,0.0,4.11065,2.11065,0.00702,-1.0,3.08624,0.0,0.58712,240.0,15.112
430,14.3733,Evening 21:00,0.3,1,0.00702,0.0,4.11065,2.11065,0.00702,-1.0,3.08624,0.0,0.58712,240.0,15.112
431,14.4067,Evening 21:00,0.3,1,0.00702,0.0,4.11065,2.11065,0.00702,-1.0,3.08624,0.0,0.58712,240.0,15.112
432,14.4401,Evening 21:00,0.3,1,0.00702,0.0,4.11065,2.11065,0.00702,-1.0,3.08624,0.0,0.58712,240.0,15.112
433,14.4735,Evening 21:00,0.3,1,0.00702,0.0,4.11065,2.11065,0.00702,-1.0,3.08624,0.0,0.58712,240.0,15.112
434,14.507,Evening 21:00,0.3,1,0.00702,0.0,4.11065,2.11065,0.00702,-1.0,3.08624,0.0,0.58712,240.0,15.112
435,14.5404,Evening 21:00,0.3,1,0.00702,0.0,4.11065,2.11065,0.00702,-1.0,3.08624,0.0,0.58712,240.0,15.112
436,14.5738,Evening 21:00,0.3,1,0.00702,0.0,4.11065,2.11065,0.00702,-1.0,3.08624,0.0,0.58712,240.0,15.112
437,14.6072,Evening 21:00,0.3,1,0.00702,0.0,4.11065,2.11065,0.00702,-1.0,3.08624,0.0,0.58712,240.0,15.112
438,14.6407,Evening 21:00,0.3,1,0.00702,0.0,4.11065,2.11065,0.00702,-1.0,3.08624,0.0,0.58712,240.0,15.112
439,14.6741,Evening 21:00,0.3,1,0.00702,0.0,4.11065,2.11065,0.00702,-1.0,3.08624,0.0,0.58712,240.0,15.112
440,14.7075,Evening 21:00,0.3,1,0.00702,0.0,4.11065,2.11065,0.00702,-1.0,3.08624,0.0,0.58712,240.0,15.112
441,14.7409,Evening 21:00,0.3,1,0.00702,0.0,4.11065,2.11065,0.00702,-1.0,3.08624,0.0,0.58712,240.0,15.112
442,14.7744,Evening 21:00,0.3,1,0.00702,0.0,4.11065,2.11065,0.00702,-1.0,3.08624,0.0,0.58712,240.0,15.112
443,14.8078,Evening 21:00,0.3,1,0.00702,0.0,4.11065,2.11065,0.00702,-1.0,3.08624,0.0,0.58712,240.0,15.112
444,14.8412,Evening 21:00,0.3,1,0.00702,0.0,4.11065,2.11065,0.00702,-1.0,3.08624,0.0,0.58712,240.0,15.112
445,14.8747,Evening 21:00,0.3,1,0.00702,0.0,4.11065,2.11065,0.00702,-1.0,3.08624,0.0,0.58712,240.0,15.112
446,14.9081,Evening 21:00,0.3,1,0.00702,0.0,4.11065,2.11065,0.00702,-1.0,3.08624,0.0,0.58712,240.0,15.112
447,14.9415,Evening 21:00,0.3,1,0.00702,0.0,4.11065,2.11065,0.00702,-1.0,3.08624,0.0,0.58712,240.0,15.112
448,14.9749,Evening 21:00,0.3,1,0.00702,0.0,4.11065,2.11065,0.00702,-1.0,3.08624,0.0,0.58712,240.0,15.112
449,15.0084,Evening 21:00,0.3,1,0.00702,0.0,4.11065,2.11065,0.00702,-1.0,3.08624,0.0,0.58712,240.0,15.112
450,15.0418,Evening 21:00,0.3,1,0.00702,0.0,4.11065,2.11065,0.00702,-1.0,3.08624,0.0,0.58712,240.0,15.112
451,15.0752,Evening 21:00,0.3,1,0.00702,0.0,4.11065,2.11065,0.00702,-1.0,3.08624,0.0,0.58712,240.0,15.112
452,15.1086,Evening 21:00,0.3,1,0.00702,0.0,4.11065,2.11065,0.00702,-1.0,3.08624,0.0,0.58712,240.0,15.112
453,15.1421,Evening 21:00,0.3,1,0.00702,0.0,4.11065,2.11065,0.00702,-1.0,3.08624,0.0,0.58712,240.0,15.112
454,15.1755,Evening 21:00,0.3,1,0.00702,0.0,4.11065,2.11065,0.00702,-1.0,3.08624,0.0,0.58712,240.0,15.112
455,15.2089,Evening 21:00,0.3,1,0.00702,0.0,4.11065,2.11065,0.00702,-1.0,3.08624,0.0,0.58712,240.0,15.112
456,15.2423,Evening 21:00,0.3,1,0.00702,0.0,4.11065,2.11065,0.00702,-1.0,3.08624,0.0,0.58712,240.0,15.112
457,15.2758,Evening 21:00,0.3,1,0.00702,0.0,4.11065,2.11065,0.00702,-1.0,3.08624,0.0,0.58712,240.0,15.112
458,15.3092,Evening 21:00,0.3,1,0.00702,0.0,4.11065,2.11065,0.00702,-1.0,3.08624,0.0,0.58712,240.0,15.112
459,15.3426,Evening 21:00,0.3,1,0.00702,0.0,4.11065,2.11065,0.00702,-1.0,3.08624,0.0,0.58712,240.0,15.112
460,15.376,Evening 21:00,0.3,1,0.00702,0.0,4.11065,2.11065,0.00702,-1.0,3.08624,0.0,0.58712,240.0,15.112
461,15.4095,Evening 21:00,0.3,1,0.00702,0.0,4.11065,2.11065,0.00702,-1.0,3.08624,0.0,0.58712,240.0,15.112
462,15.4429,Evening 21:00,0.3,1,0.00702,0.0,4.11065,2.11065,0.00702,-1.0,3.08624,0.0,0.58712,240.0,15.112
463,15.4763,Evening 21:00,0.3,1,0.00702,0.0,4.11065,2.11065,0.00702,-1.0,3.08624,0.0,0.58712,240.0,15.112
464,15.5097,Evening 21:00,0.3,1,0.00702,0.0,4.11065,2.11065,0.00702,-1.0,3.08624,0.0,0.58712,240.0,15.112
465,15.5432,Evening 21:00,0.3,1,0.00702,0.0,4.11065,2.11065,0.00702,-1.0,3.08624,0.0,0.58712,240.0,15.112
466,15.5766,Evening 21:00,0.3,1,0.00702,0.0,4.11065,2.11065,0.00702,-1.0,3.08624,0.0,0.58712,240.0,15.112
467,15.61,Evening 21:00,0.3,1,0.00702,0.0,4.11065,2.11065,0.00702,-1.0,3.08624,0.0,0.58712,240.0,15.112
468,15.6435,Evening 21:00,0.3,1,0.00702,0.0,4.11065,2.11065,0.00702,-1.0,3.08624,0.0,0.58712,240.0,15.112
469,15.6769,Evening 21:00,0.3,1,0.00702,0.0,4.11065,2.11065,0.00702,-1.0,3.08624,0.0,0.58712,240.0,15.112
470,15.7103,Evening 21:00,0.3,1,0.00702,0.0,4.11065,2.11065,0.00702,-1.0,3.08624,0.0,0.58712,240.0,15.112
471,15.7437,Evening 21:00,0.3,1,0.00702,0.0,4.11065,2.11065,0.00702,-1.0,3.08624,0.0,0.58712,240.0,15.112
472,15.7772,Evening 21:00,0.3,1,0.00702,0.0,4.11065,2.11065,0.00702,-1.0,3.08624,0.0,0.58712,240.0,15.112
473,15.8106,Evening 21:00,0.3,1,0.00702,0.0,4.11065,2.11065,0.00702,-1.0,3.08624,0.0,0.58712,240.0,15.112
474,15.844,Evening 21:00,0.3,1,0.00702,0.0,4.11065,2.11065,0.00702,-1.0,3.08624,0.0,0.58712,240.0,15.112
475,15.8774,Evening 21:00,0.3,1,0.00702,0.0,4.11065,2.11065,0.00702,-1.0,3.08624,0.0,0.58712,240.0,15.112
476,15.9109,Evening 21:00,0.3,1,0.00702,0.0,4.11065,2.11065,0.00702,-1.0,3.08624,0.0,0.58712,240.0,15.112
477,15.9443,Evening 21:00,0.3,1,0.00702,0.0,4.11065,2.11065,0.00702,-1.0,3.08624,0.0,0.58712,240.0,15.112
478,15.9777,Evening 21:00,0.3,1,0.00702,0.0,4.11065,2.11065,0.00702,-1.0,3.08624,0.0,0.58712,240.0,15.112
479,16.0111,Evening 21:00,0.3,1,0.00702,0.0,4.11065,2.11065,0.00702,-1.0,3.08624,0.0,0.58712,240.0,15.112
480,16.0446,Evening 21:00,0.3,1,0.00702,0.0,4.11065,2.11065,0.00702,-1.0,3.08624,0.0,0.58712,240.0,15.112
481,16.078,Evening 21:00,0.3,1,0.00702,0.0,4.11065,2.11065,0.00702,-1.0,3.08624,0.0,0.58712,240.0,15.112
482,16.1114,Evening 21:00,0.3,1,0.00702,0.0,4.11065,2.11065,0.00702,-1.0,3.08624,0.0,0.58712,240.0,15.112
483,16.1448,Evening 21:00,0.3,1,0.00702,0.0,4.11065,2.11065,0.00702,-1.0,3.08624,0.0,0.58712,240.0,15.112
484,16.1783,Evening 21:00,0.3,1,0.00702,0.0,4.11065,2.11065,0.00702,-1.0,3.08624,0.0,0.58712,240.0,15.112
485,16.2117,Evening 21:00,0.3,1,0.00702,0.0,4.11065,2.11065,0.00702,-1.0,3.08624,0.0,0.58712,240.0,15.112
486,16.2451,Evening 21:00,0.3,1,0.00702,0.0,4.11065,2.11065,0.00702,-1.0,3.08624,0.0,0.58712,240.0,15.112
487,16.2786,Evening 21:00,0.3,1,0.00702,0.0,4.11065,2.11065,0.00702,-1.0,3.08624,0.0,0.58712,240.0,15.112
488,16.312,Evening 21:00,0.3,1,0.00702,0.0,4.11065,2.11065,0.00702,-1.0,3.08624,0.0,0.58712,240.0,15.112
489,16.3454,Evening 21:00,0.3,1,0.00702,0.0,4.11065,2.11065,0.00702,-1.0,3.08624,0.0,0.58712,240.0,15.112
490,16.3788,Evening 21:00,0.3,1,0.00702,0.0,4.11065,2.11065,0.00702,-1.0,3.08624,0.0,0.58712,240.0,15.107
491,16.4123,Evening 21:00,0.3,1,-0.01941,0.0,4.11062,2.11062,-0.01941,-1.0,3.08711,-0.0,-0.58254,240.0,15.112
492,16.4457,Evening 21:00,0.3,1,-0.03745,0.0,4.10991,2.10991,-0.03745,-1.0,3.13567,0.0,-0.19288,256.0,15.098
493,16.4791,Evening 21:00,0.3,1,-0.06221,-0.0,4.1098,2.1098,-0.06221,-1.0,3.13615,-0.0,-0.18492,256.0,15.097
494,16.5125,Evening 21:00,0.3,1,-0.08131,-0.0,4.11048,2.11048,-0.08131,-1.0,3.09124,0.0,-0.56019,240.0,15.106
495,16.546,Evening 21:00,0.3,1,-0.10607,-0.0,4.11043,2.11043,-0.10607,-1.0,3.09281,0.0,-0.55149,240.0,15.108
496,16.5794,Evening 21:00,0.3,1,-0.1241,-0.0,4.10953,2.10953,-0.1241,-1.0,3.13717,-0.0,-0.16673,256.0,15.095
497,16.6128,Evening 21:00,0.3,1,-0.14885,0.0,4.10942,2.10942,-0.14885,-1.0,3.13751,0.0,-0.1601,256.0,15.092
498,16.6462,Evening 21:00,0.3,1,-0.16797,-0.0,4.11029,2.11029,-0.16797,-1.0,3.09651,0.0,-0.53034,240.0,15.105
499,16.6797,Evening 21:00,0.3,1,-0.19273,-0.0,4.11024,2.11024,-0.19273,-1.0,3.0979,-0.0,-0.52212,240.0,15.107
500,16.7131,Evening 21:00,0.3,1,-0.21073,-0.0,4.10918,2.10918,-0.21073,-1.0,3.13824,-0.0,-0.14503,256.0,15.093
501,16.7465,Evening 21:00,0.3,1,-0.23549,0.0,4.1091,2.1091,-0.23549,-1.0,3.13849,0.0,-0.13956,256.0,15.091
502,16.7799,Evening 21:00,0.3,1,-0.25462,0.0,4.11011,2.11011,-0.25462,-1.0,3.1012,0.0,-0.50219,240.0,15.105
503,16.8134,Evening 21:00,0.3,1,-0.27938,0.0,4.11006,2.11006,-0.27938,-1.0,3.10244,0.0,-0.49445,240.0,15.108
504,16.8468,Evening 21:00,0.3,1,-0.29737,0.0,4.1089,2.1089,-0.29737,-1.0,3.13902,0.0,-0.12712,256.0,15.093
505,16.8802,Evening 21:00,0.3,1,-0.32212,0.0,4.10882,2.10882,-0.32212,-1.0,3.1392,0.0,-0.12261,256.0,15.091
506,16.9136,Evening 21:00,0.3,1,-0.34127,0.0,4.10994,2.10994,-0.34127,-1.0,3.10537,0.0,-0.47571,240.0,15.106
507,16.9471,Evening 21:00,0.3,1,-0.36603,0.0,4.10989,2.10989,-0.36603,-1.0,3.10647,0.0,-0.46845,240.0,15.106
508,16.9805,Evening 21:00,0.3,1,-0.384,0.0,4.10866,2.10866,-0.384,-1.0,3.13958,0.0,-0.11234,256.0,15.093
509,17.0139,Evening 21:00,0.3,1,-0.40875,-0.0,4.1086,2.1086,-0.40875,-1.0,3.13971,-0.0,-0.10861,256.0,15.091
510,17.0474,Evening 21:00,0.3,1,-0.45267,0.0,4.10972,2.10972,-0.45267,-1.0,3.11005,0.0,-0.44409,240.0,15.107
511,17.0808,Evening 21:00,0.3,1,-0.45267,0.0,4.10972,2.10972,-0.45267,-1.0,3.11005,0.0,-0.44409,240.0,15.107
512,17.1142,Evening 21:00,0.3,1,-0.47063,-0.0,4.10847,2.10847,-0.47063,-1.0,3.14,-0.0,-0.1001,256.0,15.092
513,17.1476,Evening 21:00,0.3,1,-0.49538,-0.0,4.10842,2.10842,-0.49538,-1.0,3.14009,-0.0,-0.097,256.0,15.088
514,17.1811,Evening 21:00,0.3,1,-0.51456,-0.0,4.10961,2.10961,-0.51456,-1.0,3.11235,-0.0,-0.42765,240.0,15.102
515,17.2145,Evening 21:00,0.3,1,-0.53931,-0.0,4.10957,2.10957,-0.53931,-1.0,3.11322,-0.0,-0.4213,240.0,15.106
516,17.2479,Evening 21:00,0.3,1,-0.55726,-0.0,4.10832,2.10832,-0.55726,-1.0,3.14031,-0.0,-0.0899,256.0,15.091
517,17.2813,Evening 21:00,0.3,1,-0.58201,-0.0,4.10828,2.10828,-0.58201,-1.0,3.14038,-0.0,-0.08731,256.0,15.093
518,17.3148,Evening 21:00,0.3,1,-0.6012,-0.0,4.10946,2.10946,-0.6012,-1.0,3.11525,-0.0,-0.40595,240.0,15.105
519,17.3482,Evening 21:00,0.3,1,-0.62595,-0.0,4.10942,2.10942,-0.62595,-1.0,3.11602,-0.0,-0.40002,240.0,15.105
520,17.3816,Evening 21:00,0.3,1,-0.64389,-0.0,4.1082,2.1082,-0.64389,-1.0,3.14054,-0.0,-0.08135,256.0,15.092
521,17.415,Evening 21:00,0.3,1,-0.66864,0.0,4.10817,2.10817,-0.66864,-1.0,3.1406,0.0,-0.07916,256.0,15.09
522,17.4485,Evening 21:00,0.3,1,-0.68783,-0.0,4.10933,2.10933,-0.68783,-1.0,3.11783,-0.0,-0.38571,240.0,15.101
523,17.4819,Evening 21:00,0.3,1,-0.71258,-0.0,4.10929,2.10929,-0.71258,-1.0,3.1185,-0.0,-0.38018,240.0,15.102
524,17.5153,Evening 21:00,0.3,1,-0.73052,0.0,4.1081,2.1081,-0.73052,-1.0,3.14072,0.0,-0.07411,256.0,15.092
525,17.5487,Evening 21:00,0.3,1,-0.75527,0.0,4.10808,2.10808,-0.75527,-1.0,3.14076,0.0,-0.07225,256.0,15.092
526,17.5822,Evening 21:00,0.3,1,-0.77447,-0.0,4.1092,2.1092,-0.77447,-1.0,3.1201,-0.0,-0.36685,240.0,15.104
527,17.6156,Evening 21:00,0.3,1,-0.79922,-0.0,4.10916,2.10916,-0.79922,-1.0,3.1207,-0.0,-0.3617,240.0,15.103
528,17.649,Evening 21:00,0.3,1,-0.81715,0.0,4.10802,2.10802,-0.81715,-1.0,3.14086,0.0,-0.06794,256.0,15.087
529,17.6825,Evening 21:00,0.3,1,-0.8419,0.0,4.108,2.108,-0.8419,-1.0,3.14089,0.0,-0.06634,256.0,15.088
530,17.7159,Evening 21:00,0.3,1,-0.8611,0.0,4.10908,2.10908,-0.8611,-1.0,3.12212,0.0,-0.34928,240.0,15.097
531,17.7493,Evening 21:00,0.3,1,-0.88585,0.0,4.10905,2.10905,-0.88585,-1.0,3.12265,0.0,-0.34449,240.0,15.095
532,17.7827,Evening 21:00,0.3,1,-0.90379,-0.0,4.10796,2.10796,-0.90379,-1.0,3.14097,-0.0,-0.06264,256.0,15.083
533,17.8162,Evening 21:00,0.3,1,-0.92854,-0.0,4.10794,2.10794,-0.92854,-1.0,3.141,-0.0,-0.06126,256.0,15.088
534,17.8496,Evening 21:00,0.3,1,-0.94773,0.0,4.10897,2.10897,-0.94773,-1.0,3.1239,0.0,-0.33293,240.0,15.096
535,17.883,Evening 21:00,0.3,1,-0.97248,0.0,4.10894,2.10894,-0.97248,-1.0,3.12437,0.0,-0.32848,240.0,15.096
536,17.9164,Evening 21:00,0.3,1,-0.99042,-0.0,4.10791,2.10791,-0.99042,-1.0,3.14106,-0.0,-0.05805,256.0,15.081
537,17.9499,Evening 21:00,0.3,1,-1.01518,-0.0,4.1079,2.1079,-1.01518,-1.0,3.14108,-0.0,-0.05685,256.0,15.084
538,17.9833,Evening 21:00,0.3,1,-1.03436,0.0,4.10887,2.10887,-1.03436,-1.0,3.12549,0.0,-0.31772,240.0,15.092
539,18.0167,Evening 21:00,0.3,1,-1.05911,0.0,4.10884,2.10884,-1.05911,-1.0,3.1259,0.0,-0.31357,240.0,15.091
540,18.0501,Evening 21:00,0.3,1,-1.07706,-0.0,4.10787,2.10787,-1.07706,-1.0,3.14113,-0.0,-0.05404,256.0,15.079
541,18.0836,Evening 21:00,0.3,1,-1.10181,-0.0,4.10786,2.10786,-1.10181,-1.0,3.14115,-0.0,-0.05299,256.0,15.082
542,18.117,Evening 21:00,0.3,1,-1.12099,-0.0,4.10878,2.10878,-1.12099,-1.0,3.12689,-0.0,-0.30355,240.0,15.091
543,18.1504,Evening 21:00,0.3,1,-1.14574,-0.0,4.10875,2.10875,-1.14574,-1.0,3.12727,-0.0,-0.29969,240.0,15.089
544,18.1838,Evening 21:00,0.3,1,-1.1637,-0.0,4.10783,2.10783,-1.1637,-1.0,3.14119,-0.0,-0.05052,256.0,15.079
545,18.2173,Evening 21:00,0.3,1,-1.18845,0.0,4.10782,2.10782,-1.18845,-1.0,3.1412,0.0,-0.04959,256.0,15.076
546,18.2507,Evening 21:00,0.3,1,-1.20761,-0.0,4.10869,2.10869,-1.20761,-1.0,3.12815,-0.0,-0.29036,240.0,15.088
547,18.2841,Evening 21:00,0.3,1,-1.23237,-0.0,4.10867,2.10867,-1.23237,-1.0,3.12848,-0.0,-0.28676,240.0,15.085
548,18.3175,Evening 21:00,0.3,1,-1.25034,-0.0,4.1078,2.1078,-1.25034,-1.0,3.14123,0.0,-0.04741,256.0,15.075
549,18.351,Evening 21:00,0.3,1,-1.27509,-0.0,4.10779,2.10779,-1.27509,-1.0,3.14125,-0.0,-0.04658,256.0,15.074
550,18.3844,Evening 21:00,0.3,1,-1.29424,-0.0,4.10861,2.10861,-1.29424,-1.0,3.12926,-0.0,-0.27807,240.0,15.086
551,18.4178,Evening 21:00,0.3,1,-1.31899,-0.0,4.10859,2.10859,-1.31899,-1.0,3.12956,-0.0,-0.27471,240.0,15.08
552,18.4513,Evening 21:00,0.3,1,-1.33698,-0.0,4.10778,2.10778,-1.33698,-1.0,3.14128,0.0,-0.04464,256.0,15.071
553,18.4847,Evening 21:00,0.3,1,-1.36173,0.0,4.10777,2.10777,-1.36173,-1.0,3.14129,0.0,-0.0439,256.0,15.073
554,18.5181,Evening 21:00,0.3,1,-1.38087,-0.0,4.10854,2.10854,-1.38087,-1.0,3.13026,-0.0,-0.26661,240.0,15.081
555,18.5515,Evening 21:00,0.3,1,-1.40562,-0.0,4.10852,2.10852,-1.40562,-1.0,3.13052,-0.0,-0.26347,240.0,15.079
556,18.585,Evening 21:00,0.3,1,-1.42362,-0.0,4.10776,2.10776,-1.42362,-1.0,3.14131,0.0,-0.04216,256.0,15.071
557,18.6184,Evening 21:00,0.3,0,0.0,0.0,0.0,0.0,0.0,0.0,0.0,0.0,0.0,0.0,15.091
558,18.6518,Evening 21:00,0.3,1,-1.46828,-0.04162,4.22305,2.22305,-1.46828,-1.04162,-2.81992,0.00771,-1.16562,232.5,15.083
559,18.6852,Evening 21:00,0.3,1,-1.43046,-0.06251,4.10875,2.10875,-1.43046,-1.06251,3.13556,0.00334,-0.26062,240.0,15.072
560,18.7187,Evening 21:00,0.3,1,-1.43054,-0.08751,4.109,2.109,-1.43054,-1.08751,3.13748,0.00468,-0.26061,240.0,15.082
561,18.7521,Evening 21:00,0.3,0,0.0,0.0,0.0,0.0,0.0,0.0,0.0,0.0,0.0,0.0,15.091
562,18.7855,Evening 21:00,0.3,1,-1.46702,-0.13139,4.21944,2.21944,-1.46702,-1.13139,-2.7873,0.01071,-1.15506,232.5,15.084
563,18.8189,Evening 21:00,0.3,1,-1.43088,-0.15006,4.10995,2.10995,-1.43088,-1.15006,3.14227,0.00801,-0.26034,240.0,15.079
564,18.8524,Evening 21:00,0.3,1,-1.43106,-0.17509,4.11047,2.11047,-1.43106,-1.17509,3.14418,0.00934,-0.26013,240.0,15.085
565,18.8858,Evening 21:00,0.3,0,0.0,0.0,0.0,0.0,0.0,0.0,0.0,0.0,0.0,0.0,15.095
566,18.9192,Evening 21:00,0.3,1,-1.46607,-0.22105,4.2167,2.2167,-1.46607,-1.22105,-2.75501,0.01368,-1.14389,232.5,15.092
567,18.9526,Evening 21:00,0.3,1,-1.43163,-0.23772,4.11212,2.11212,-1.43163,-1.23772,3.14896,0.01264,-0.25936,240.0,15.087
568,18.9861,Evening 21:00,0.3,1,-1.47491,-0.26775,4.24205,2.24205,-1.47491,-1.26775,-2.88333,0.00228,-1.17598,232.5,15.091
569,19.0195,Evening 21:00,0.3,0,0.0,0.0,0.0,0.0,0.0,0.0,0.0,0.0,0.0,0.0,15.1
570,19.0529,Evening 21:00,0.3,1,-1.43237,-0.30043,4.11426,2.11426,-1.43237,-1.30043,3.15371,0.01591,-0.25824,240.0,15.093
571,19.0864,Evening 21:00,0.3,1,-1.43271,-0.32555,4.11525,2.11525,-1.43271,-1.32555,3.1556,0.0172,-0.2577,240.0,15.088
572,19.1198,Evening 21:00,0.3,1,-1.43308,-0.35068,4.11631,2.11631,-1.43308,-1.35068,3.15748,0.01848,-0.2571,240.0,15.094
573,19.1532,Evening 21:00,0.3,0,0.0,0.0,0.0,0.0,0.0,0.0,0.0,0.0,0.0,0.0,15.102
574,19.1866,Evening 21:00,0.3,1,-1.43369,-0.38841,4.11805,2.11805,-1.43369,-1.38841,3.16029,0.02039,-0.25609,240.0,15.095
575,19.2201,Evening 21:00,0.3,1,-1.43412,-0.4136,4.1193,2.1193,-1.43412,-1.4136,3.16215,0.02165,-0.25535,240.0,15.089
576,19.2535,Evening 21:00,0.3,1,-1.43458,-0.43881,4.12062,2.12062,-1.43458,-1.43881,3.164,0.0229,-0.25456,240.0,15.095
577,19.2869,Evening 21:00,0.3,0,0.0,0.0,0.0,0.0,0.0,0.0,0.0,0.0,0.0,0.0,15.103
578,19.3203,Evening 21:00,0.3,1,-1.43531,-0.47666,4.12274,2.12274,-1.43531,-1.47666,3.16676,0.02474,-0.25327,240.0,15.095
579,19.3538,Evening 21:00,0.3,1,-1.43583,-0.50193,4.12424,2.12424,-1.43583,-1.50193,3.16858,0.02596,-0.25234,240.0,15.09
580,19.3872,Evening 21:00,0.3,1,-1.46585,-0.53506,4.21073,2.21073,-1.46585,-1.53506,-3.17202,0.02356,0.19322,232.5,15.095
581,19.4206,Evening 21:00,0.3,0,0.0,0.0,0.0,0.0,0.0,0.0,0.0,0.0,0.0,0.0,15.105
582,19.454,Evening 21:00,0.3,1,-1.43724,-0.56523,4.12828,2.12828,-1.43724,-1.56523,3.17307,0.02893,-0.24979,240.0,15.097
583,19.4875,Evening 21:00,0.3,1,-1.43784,-0.5906,4.13001,2.13001,-1.43784,-1.5906,3.17484,0.0301,-0.24868,240.0,15.091
584,19.5209,Evening 21:00,0.3,1,-1.48677,-0.63394,4.27604,2.27604,-1.48677,-1.63394,-2.76316,0.01081,-1.09941,232.5,15.097
585,19.5543,Evening 21:00,0.3,0,0.0,0.0,0.0,0.0,0.0,0.0,0.0,0.0,0.0,0.0,15.105
586,19.5877,Evening 21:00,0.3,1,-1.43944,-0.65416,4.13463,2.13463,-1.43944,-1.65416,3.17919,0.03293,-0.24568,240.0,15.097
587,19.6212,Evening 21:00,0.3,1,-1.44012,-0.67964,4.13658,2.13658,-1.44012,-1.67964,3.1809,0.03404,-0.2444,240.0,15.091
588,19.6546,Evening 21:00,0.3,1,-1.44081,-0.70516,4.13859,2.13859,-1.44081,-1.70516,3.18259,0.03512,-0.24307,240.0,15.096
589,19.688,Evening 21:00,0.3,1,-1.4419,-0.7435,4.14171,2.14171,-1.4419,-1.7435,3.18508,0.03671,-0.24098,240.0,15.097
590,19.7214,Evening 21:00,0.3,1,-1.4419,-0.7435,4.14171,2.14171,-1.4419,-1.7435,3.18508,0.03671,-0.24098,240.0,15.097
591,19.7549,Evening 21:00,0.3,1,-1.44341,-0.79474,4.14606,2.14606,-1.44341,-1.79474,3.18833,0.03876,-0.23803,240.0,15.096
592,19.7883,Evening 21:00,0.3,0,0.0,0.0,0.0,0.0,0.0,0.0,0.0,0.0,0.0,0.0,15.104
593,19.8217,Evening 21:00,0.3,0,0.0,0.0,0.0,0.0,0.0,0.0,0.0,0.0,0.0,0.0,15.104
594,19.8552,Evening 21:00,0.3,1,-1.5285,-0.88865,4.39135,2.39135,-1.5285,-1.88865,3.15279,0.00645,-0.03286,225.0,15.096
595,19.8886,Evening 21:00,0.3,1,-1.46835,-0.89533,4.21793,2.21793,-1.46835,-1.89533,-3.15338,0.0105,0.18615,232.5,15.096
596,19.922,Evening 21:00,0.3,1,-1.46835,-0.89533,4.21793,2.21793,-1.46835,-1.89533,-3.15338,0.0105,0.18615,232.5,15.096
597,19.9554,Evening 21:00,0.3,1,-1.52906,-0.98256,4.39299,2.39299,-1.52906,-1.98256,3.15343,0.0068,-0.03129,225.0,15.095
598,19.9889,Evening 21:00,0.3,1,-1.52906,-0.98256,4.39299,2.39299,-1.52906,-1.98256,3.15343,0.0068,-0.03129,225.0,15.095
599,20.0223,Evening 21:00,0.3,1,-1.44835,-0.94937,4.16029,2.16029,-1.44835,-1.94937,3.19751,0.04439,-0.22818,240.0,15.09
600,20.0557,Evening 21:00,0.3,1,-1.52931,-1.02283,4.3937,2.3937,-1.52931,-2.02283,3.15367,0.00693,-0.03061,225.0,15.095
601,20.0891,Evening 21:00,0.3,1,-1.45056,-1.01422,4.16667,2.16667,-1.45056,-2.01422,3.20106,0.04649,-0.22367,240.0,15.091
602,20.1226,Evening 21:00,0.3,1,-1.45056,-1.01422,4.16667,2.16667,-1.45056,-2.01422,3.20106,0.04649,-0.22367,240.0,15.091
603,20.156,Evening 21:00,0.3,1,-1.52987,-1.11684,4.39532,2.39532,-1.52987,-2.11684,3.15415,0.00718,-0.02904,225.0,15.094
604,20.1894,Evening 21:00,0.3,1,-1.52987,-1.11684,4.39532,2.39532,-1.52987,-2.11684,3.15415,0.00718,-0.02904,225.0,15.094
605,20.2228,Evening 21:00,0.3,1,-1.45378,-1.10542,4.17595,2.17595,-1.45378,-2.10542,3.20572,0.04917,-0.21699,240.0,15.09
606,20.2563,Evening 21:00,0.3,1,-1.45378,-1.10542,4.17595,2.17595,-1.45378,-2.10542,3.20572,0.04917,-0.21699,240.0,15.09
607,20.2897,Evening 21:00,0.3,1,-1.50919,-1.19771,4.34013,2.34013,-1.50919,-2.19771,-2.5774,0.01395,-0.97501,232.5,15.093
608,20.3231,Evening 21:00,0.3,0,0.0,0.0,0.0,0.0,0.0,0.0,0.0,0.0,0.0,0.0,15.098
609,20.3565,Evening 21:00,0.3,1,-1.45711,-1.19712,4.18556,2.18556,-1.45711,-2.19712,3.21,0.05154,-0.20996,240.0,15.088
610,20.39,Evening 21:00,0.3,1,-1.45808,-1.22341,4.18836,2.18836,-1.45808,-2.22341,3.21116,0.05216,-0.2079,240.0,15.085
611,20.4234,Evening 21:00,0.3,1,-1.45808,-1.22341,4.18836,2.18836,-1.45808,-2.22341,3.21116,0.05216,-0.2079,240.0,15.085
612,20.4568,Evening 21:00,0.3,1,-1.53111,-1.33193,4.39891,2.39891,-1.53111,-2.33193,3.15488,0.00755,-0.02556,225.0,15.096
613,20.4903,Evening 21:00,0.3,1,-1.53126,-1.35884,4.39934,2.39934,-1.53126,-2.35884,3.15494,0.00758,-0.02514,225.0,15.087
614,20.5237,Evening 21:00,0.3,1,-1.46152,-1.31572,4.19826,2.19826,-1.46152,-2.31572,3.21494,0.05412,-0.2005,240.0,15.084
615,20.5571,Evening 21:00,0.3,1,-1.53148,-1.3992,4.39997,2.39997,-1.53148,-2.3992,3.15502,0.00762,-0.02453,225.0,15.09
616,20.5905,Evening 21:00,0.3,1,-1.53148,-1.3992,4.39997,2.39997,-1.53148,-2.3992,3.15502,0.00762,-0.02453,225.0,15.09
617,20.624,Evening 21:00,0.3,1,-1.464,-1.38195,4.20541,2.20541,-1.464,-2.38195,3.21739,0.05534,-0.19509,240.0,15.084
618,20.6574,Evening 21:00,0.3,1,-1.46499,-1.4085,4.20827,2.20827,-1.46499,-2.4085,3.21831,0.05578,-0.19291,240.0,15.082
619,20.6908,Evening 21:00,0.3,1,-1.46499,-1.4085,4.20827,2.20827,-1.46499,-2.4085,3.21831,0.05578,-0.19291,240.0,15.082
620,20.7242,Evening 21:00,0.3,1,-1.53198,-1.49341,4.40139,2.40139,-1.53198,-2.49341,3.15515,0.00767,-0.02313,225.0,15.087
621,20.7577,Evening 21:00,0.3,1,-1.53211,-1.52034,4.40179,2.40179,-1.53211,-2.52034,3.15517,0.00768,-0.02274,225.0,15.092
622,20.7911,Evening 21:00,0.3,1,-1.44264,-1.47561,4.21709,2.21709,-1.44264,-2.47561,3.2219,0.05699,-0.18863,240.0,15.084
623,20.8245,Evening 21:00,0.3,1,-1.39313,-1.44445,4.12754,2.12754,-1.39313,-2.44445,3.15561,0.00769,-0.02248,256.0,15.076
624,20.8579,Evening 21:00,0.3,1,-1.36837,-1.44457,4.12789,2.12789,-1.36837,-2.44457,3.15586,0.00769,-0.02249,256.0,15.073
625,20.8914,Evening 21:00,0.3,1,-1.38049,-1.47709,4.22134,2.22134,-1.38049,-2.47709,3.22565,0.05752,-0.19174,240.0,15.082
626,20.9248,Evening 21:00,0.3,1,-1.38049,-1.47709,4.22134,2.22134,-1.38049,-2.47709,3.22565,0.05752,-0.19174,240.0,15.082
627,20.9582,Evening 21:00,0.3,0,0.0,0.0,0.0,0.0,0.0,0.0,0.0,0.0,0.0,0.0,15.081
628,20.9916,Evening 21:00,0.3,1,-1.28168,-1.44501,4.12916,2.12916,-1.28168,-2.44501,3.15677,0.00767,-0.02246,256.0,15.077
629,21.0251,Evening 21:00,0.3,1,-1.29337,-1.47927,4.22762,2.22762,-1.29337,-2.47927,3.2313,0.05821,-0.19618,240.0,15.086
630,21.0585,Evening 21:00,0.3,1,-1.26845,-1.47992,4.22949,2.22949,-1.26845,-2.47992,3.23301,0.0584,-0.19746,240.0,15.093
631,21.0919,Evening 21:00,0.3,1,-1.21975,-1.44535,4.13011,2.13011,-1.21975,-2.44535,3.15746,0.00763,-0.02239,256.0,15.084
632,21.1253,Evening 21:00,0.3,1,-1.19497,-1.44548,4.1305,2.1305,-1.19497,-2.44548,3.15774,0.00762,-0.02234,256.0,15.082
633,21.1588,Evening 21:00,0.3,1,-1.2061,-1.48159,4.2343,2.2343,-1.2061,-2.48159,3.23749,0.05884,-0.20069,240.0,15.091
634,21.1922,Evening 21:00,0.3,1,-1.18113,-1.48229,4.23629,2.23629,-1.18113,-2.48229,3.23937,0.059,-0.20199,240.0,15.097
635,21.2256,Evening 21:00,0.3,1,-1.13301,-1.44583,4.1315,2.1315,-1.13301,-2.44583,3.15847,0.00755,-0.02218,256.0,15.089
636,21.2591,Evening 21:00,0.3,1,-1.10822,-1.44597,4.13191,2.13191,-1.10822,-2.44597,3.15877,0.00752,-0.0221,256.0,15.085
637,21.2925,Evening 21:00,0.3,1,-1.11866,-1.48407,4.24142,2.24142,-1.11866,-2.48407,3.24429,0.05938,-0.20526,240.0,15.095
638,21.3259,Evening 21:00,0.3,1,-1.09364,-1.4848,4.24353,2.24353,-1.09364,-2.4848,3.24635,0.05952,-0.20658,240.0,15.1
639,21.3593,Evening 21:00,0.3,1,-1.04623,-1.44634,4.13297,2.13297,-1.04623,-2.44634,3.15954,0.00742,-0.02184,256.0,15.09
640,21.3928,Evening 21:00,0.3,1,-1.02142,-1.44649,4.1334,2.1334,-1.02142,-2.44649,3.15986,0.00738,-0.02172,256.0,15.088
641,21.4262,Evening 21:00,0.3,1,-1.03103,-1.48669,4.24898,2.24898,-1.03103,-2.48669,3.25177,0.05983,-0.20988,240.0,15.098
642,21.4596,Evening 21:00,0.3,1,-1.00595,-1.48747,4.25122,2.25122,-1.00595,-2.48747,3.25404,0.05993,-0.21121,240.0,15.103
643,21.493,Evening 21:00,0.3,1,-0.9594,-1.44687,4.13449,2.13449,-0.9594,-2.44687,3.16066,0.00724,-0.02134,256.0,15.092
644,21.5265,Evening 21:00,0.3,1,-0.93458,-1.44703,4.13494,2.13494,-0.93458,-2.44703,3.16099,0.00718,-0.02117,256.0,15.091
645,21.5599,Evening 21:00,0.3,1,-0.94318,-1.48949,4.25701,2.25701,-0.94318,-2.48949,3.26003,0.06015,-0.21454,240.0,15.101
646,21.5933,Evening 21:00,0.3,1,-0.91804,-1.49031,4.2594,2.2594,-0.91804,-2.49031,3.26255,0.06022,-0.21587,240.0,15.106
647,21.6267,Evening 21:00,0.3,1,-0.87251,-1.44742,4.13607,2.13607,-0.87251,-2.44742,3.16183,0.00699,-0.02066,256.0,15.095
648,21.6602,Evening 21:00,0.3,1,-0.84768,-1.44758,4.13653,2.13653,-0.84768,-2.44758,3.16217,0.00691,-0.02043,256.0,15.094
649,21.6936,Evening 21:00,0.3,1,-0.8551,-1.49245,4.26554,2.26554,-0.8551,-2.49245,3.2692,0.06033,-0.21921,240.0,15.104
650,21.727,Evening 21:00,0.3,1,-0.82988,-1.49332,4.26806,2.26806,-0.82988,-2.49332,3.27201,0.06035,-0.22054,240.0,15.11
651,21.7604,Evening 21:00,0.3,1,-0.78557,-1.44799,4.13769,2.13769,-0.78557,-2.44799,3.16302,0.00668,-0.01976,256.0,15.096
652,21.7939,Evening 21:00,0.3,1,-0.76072,-1.44815,4.13816,2.13816,-0.76072,-2.44815,3.16337,0.00657,-0.01946,256.0,15.097
653,21.8273,Evening 21:00,0.3,1,-0.76674,-1.49558,4.27456,2.27456,-0.76674,-2.49558,3.27942,0.06033,-0.22388,240.0,15.107
654,21.8607,Evening 21:00,0.3,1,-0.74144,-1.49651,4.27723,2.27723,-0.74144,-2.49651,3.28256,0.06029,-0.22521,240.0,15.112
655,21.8942,Evening 21:00,0.3,1,-0.69856,-1.44855,4.13932,2.13932,-0.69856,-2.44855,3.16423,0.00628,-0.01862,256.0,15.1
656,21.9276,Evening 21:00,0.3,1,-0.67369,-1.44871,4.13978,2.13978,-0.67369,-2.44871,3.16458,0.00615,-0.01825,256.0,15.099
657,21.961,Evening 21:00,0.3,1,-0.67808,-1.49888,4.28409,2.28409,-0.67808,-2.49888,3.29088,0.06012,-0.22853,240.0,15.109
658,21.9944,Evening 21:00,0.3,1,-0.65269,-1.49986,4.2869,2.2869,-0.65269,-2.49986,3.29442,0.06002,-0.22986,240.0,15.114
659,22.0279,Evening 21:00,0.3,1,-0.61148,-1.44911,4.14093,2.14093,-0.61148,-2.44911,3.16543,0.0058,-0.01722,256.0,15.102
660,22.0613,Evening 21:00,0.3,1,-0.58659,-1.44927,4.14138,2.14138,-0.58659,-2.44927,3.16577,0.00564,-0.01677,256.0,15.102
661,22.0947,Evening 21:00,0.3,1,-0.58909,-1.50236,4.2941,2.2941,-0.58909,-2.50236,3.30383,0.05967,-0.23319,240.0,15.112
662,22.1281,Evening 21:00,0.3,1,-0.5636,-1.50338,4.29705,2.29705,-0.5636,-2.50338,3.30784,0.05948,-0.23452,240.0,15.117
663,22.1616,Evening 21:00,0.3,1,-0.52432,-1.44965,4.14248,2.14248,-0.52432,-2.44965,3.1666,0.00522,-0.01554,256.0,15.105
664,22.195,Evening 21:00,0.3,1,-0.49941,-1.4498,4.1429,2.1429,-0.49941,-2.4498,3.16692,0.00504,-0.015,256.0,15.104
665,22.2284,Evening 21:00,0.3,1,-0.49941,-1.4498,4.1429,2.1429,-0.49941,-2.4498,3.16692,0.00504,-0.015,256.0,15.104
666,22.2618,Evening 21:00,0.3,1,-0.47412,-1.50705,4.30763,2.30763,-0.47412,-2.50705,3.32316,0.05865,-0.23926,240.0,15.118
667,22.2953,Evening 21:00,0.3,1,-0.47412,-1.50705,4.30763,2.30763,-0.47412,-2.50705,3.32316,0.05865,-0.23926,240.0,15.118
668,22.3287,Evening 21:00,0.3,1,-0.41215,-1.45029,4.14431,2.14431,-0.41215,-2.45029,3.16798,0.00433,-0.01294,256.0,15.104
669,22.3621,Evening 21:00,0.3,1,-0.40995,-1.50973,4.31539,2.31539,-0.40995,-2.50973,3.33551,0.05785,-0.24279,240.0,15.115
670,22.3955,Evening 21:00,0.3,1,-0.38423,-1.51081,4.31852,2.31852,-0.38423,-2.51081,3.34083,0.05748,-0.24427,240.0,15.118
671,22.429,Evening 21:00,0.3,1,-0.34978,-1.4506,4.14521,2.14521,-0.34978,-2.4506,3.16866,0.00378,-0.01128,256.0,15.104
672,22.4624,Evening 21:00,0.3,1,-0.34978,-1.4506,4.14521,2.14521,-0.34978,-2.4506,3.16866,0.00378,-0.01128,256.0,15.104
673,22.4958,Evening 21:00,0.3,1,-0.32482,-1.45072,4.14554,2.14554,-0.32482,-2.45072,3.16891,0.00354,-0.01058,256.0,15.106
674,22.5292,Evening 21:00,0.3,1,-0.31974,-1.51352,4.32635,2.32635,-0.31974,-2.51352,3.35524,0.05643,-0.24828,240.0,15.116
675,22.5627,Evening 21:00,0.3,1,-0.29388,-1.51459,4.32946,2.32946,-0.29388,-2.51459,3.36148,0.05596,-0.25008,240.0,15.12
676,22.5961,Evening 21:00,0.3,1,-0.23743,-1.45107,4.14655,2.14655,-0.23743,-2.45107,3.16968,0.00266,-0.00797,256.0,15.107
677,22.6295,Evening 21:00,0.3,1,-0.22904,-1.5172,4.33703,2.33703,-0.22904,-2.5172,3.37846,0.05471,-0.25538,240.0,15.117
678,22.663,Evening 21:00,0.3,1,-0.20304,-1.5182,4.33992,2.33992,-0.20304,-2.5182,3.38586,0.05419,-0.25799,240.0,15.119
679,22.6964,Evening 21:00,0.3,1,-0.20304,-1.5182,4.33992,2.33992,-0.20304,-2.5182,3.38586,0.05419,-0.25799,240.0,15.119
680,22.7298,Evening 21:00,0.3,1,-0.14998,-1.45133,4.14729,2.14729,-0.14998,-2.45133,3.17024,0.00172,-0.00514,256.0,15.107
681,22.7632,Evening 21:00,0.3,1,-0.13787,-1.52045,4.34651,2.34651,-0.13787,-2.52045,3.40595,0.05294,-0.2666,240.0,15.116
682,22.7967,Evening 21:00,0.3,1,-0.13787,-1.52045,4.34651,2.34651,-0.13787,-2.52045,3.40595,0.05294,-0.2666,240.0,15.116
683,22.8301,Evening 21:00,0.3,1,-0.0875,-1.45144,4.14762,2.14762,-0.0875,-2.45144,3.17049,0.00101,-0.00303,256.0,15.105
684,22.8635,Evening 21:00,0.3,1,-0.0625,-1.45147,4.1477,2.1477,-0.0625,-2.45147,3.17056,0.00072,-0.00217,256.0,15.106
685,22.8969,Evening 21:00,0.3,1,-0.0625,-1.45147,4.1477,2.1477,-0.0625,-2.45147,3.17056,0.00072,-0.00217,256.0,15.106
686,22.9304,Evening 21:00,0.3,1,-0.01999,-1.54459,4.41559,2.41559,-0.01999,-2.54459,3.4649,0.00574,-0.02711,240.0,15.121
687,22.9638,Evening 21:00,0.3,1,-0.0,-1.4515,4.14779,2.14779,-0.0,-2.4515,3.17062,0.0,-0.0,256.0,15.109
688,22.9972,Evening 21:00,0.3,1,-0.0,-1.42625,4.14778,2.14778,-0.0,-2.42625,3.17117,0.0,-0.0,256.0,15.109
689,23.0306,Evening 21:00,0.3,1,0.0,-1.40802,4.14876,2.14876,0.0,-2.40802,3.0105,-0.0,0.0,240.0,15.121
690,23.0641,Evening 21:00,0.3,1,0.0,-1.40802,4.14876,2.14876,0.0,-2.40802,3.0105,-0.0,0.0,240.0,15.121
691,23.0975,Evening 21:00,0.3,1,-0.0,-1.38278,4.14878,2.14878,-0.0,-2.38278,3.00879,0.0,-0.0,240.0,15.121
692,23.1309,Evening 21:00,0.3,1,-0.0,-1.36313,4.14776,2.14776,-0.0,-2.36313,3.17264,0.0,-0.0,256.0,15.109
693,23.1643,Evening 21:00,0.3,1,-0.0,-1.33788,4.14775,2.14775,-0.0,-2.33788,3.17327,0.0,-0.0,256.0,15.11
694,23.1978,Evening 21:00,0.3,1,0.0,-1.31968,4.14883,2.14883,0.0,-2.31968,3.00436,-0.0,0.0,240.0,15.121
695,23.2312,Evening 21:00,0.3,1,-0.0,-1.29444,4.14885,2.14885,-0.0,-2.29444,3.00251,0.0,-0.0,240.0,15.121
696,23.2646,Evening 21:00,0.3,1,-0.0,-1.24951,4.1477,2.1477,-0.0,-2.24951,3.1757,0.0,-0.0,256.0,15.111
697,23.2981,Evening 21:00,0.3,1,-0.0,-1.24951,4.1477,2.1477,-0.0,-2.24951,3.1757,0.0,-0.0,256.0,15.111
698,23.3315,Evening 21:00,0.3,1,-0.0,-1.23134,4.1489,2.1489,-0.0,-2.23134,2.99771,0.0,-0.0,240.0,15.121
699,23.3649,Evening 21:00,0.3,1,0.0,-1.2061,4.14892,2.14892,0.0,-2.2061,2.99571,-0.0,0.0,240.0,15.12
700,23.3983,Evening 21:00,0.3,1,-0.0,-1.16113,4.14765,2.14765,-0.0,-2.16113,3.17856,0.0,-0.0,256.0,15.111
701,23.4318,Evening 21:00,0.3,1,-0.0,-1.16113,4.14765,2.14765,-0.0,-2.16113,3.17856,0.0,-0.0,256.0,15.111
702,23.4652,Evening 21:00,0.3,1,-0.0,-1.11775,4.149,2.149,-0.0,-2.11775,2.98834,0.0,-0.0,240.0,15.121
703,23.4986,Evening 21:00,0.3,1,-0.0,-1.098,4.14759,2.14759,-0.0,-2.098,3.18093,0.0,-0.0,256.0,15.11
704,23.532,Evening 21:00,0.3,1,-0.0,-1.098,4.14759,2.14759,-0.0,-2.098,3.18093,0.0,-0.0,256.0,15.11
705,23.5655,Evening 21:00,0.3,1,-0.0,-1.07275,4.14757,2.14757,-0.0,-2.07275,3.18197,0.0,-0.0,256.0,15.111
706,23.5989,Evening 21:00,0.3,1,-0.0,-1.02941,4.14909,2.14909,-0.0,-2.02941,2.98034,0.0,-0.0,240.0,15.12
707,23.6323,Evening 21:00,0.3,1,-0.0,-1.02941,4.14909,2.14909,-0.0,-2.02941,2.98034,0.0,-0.0,240.0,15.12
708,23.6657,Evening 21:00,0.3,1,-0.0,-1.00961,4.14749,2.14749,-0.0,-2.00961,3.18484,0.0,-0.0,256.0,15.11
709,23.6992,Evening 21:00,0.3,1,0.0,-0.98436,4.14746,2.14746,0.0,-1.98436,3.18611,-0.0,0.0,256.0,15.112
710,23.7326,Evening 21:00,0.3,1,-0.0,-0.96631,4.14915,2.14915,-0.0,-1.96631,2.9742,0.0,-0.0,240.0,15.124
711,23.766,Evening 21:00,0.3,1,0.0,-0.92122,4.14735,2.14735,0.0,-1.92122,3.18966,-0.0,0.0,256.0,15.11
712,23.7994,Evening 21:00,0.3,1,0.0,-0.92122,4.14735,2.14735,0.0,-1.92122,3.18966,-0.0,0.0,256.0,15.11
713,23.8329,Evening 21:00,0.3,1,-0.0,-0.89596,4.1473,2.1473,-0.0,-1.89596,3.19126,0.0,-0.0,256.0,15.113
714,23.8663,Evening 21:00,0.3,1,0.0,-0.87797,4.14926,2.14926,0.0,-1.87797,2.96497,-0.0,0.0,240.0,15.123
715,23.8997,Evening 21:00,0.3,1,0.0,-0.83281,4.14713,2.14713,0.0,-1.83281,3.19577,-0.0,0.0,256.0,15.11
716,23.9331,Evening 21:00,0.3,1,0.0,-0.83281,4.14713,2.14713,0.0,-1.83281,3.19577,-0.0,0.0,256.0,15.11
717,23.9666,Evening 21:00,0.3,1,0.0,-0.80755,4.14704,2.14704,0.0,-1.80755,3.19783,-0.0,0.0,256.0,15.113
718,24.0,Evening 21:00,0.3,1,-0.0,-0.78962,4.14937,2.14937,-0.0,-1.78962,2.95492,0.0,-0.0,240.0,15.124
719,24.0334,Evening 21:00,0.3,1,-0.0,-0.76438,4.14941,2.14941,-0.0,-1.76438,2.95189,0.0,-0.0,240.0,15.121
720,24.0669,Evening 21:00,0.3,1,0.0,-0.71911,4.14658,2.14658,0.0,-1.71911,3.20646,-0.0,0.0,256.0,15.113
721,24.1003,Evening 21:00,0.3,1,0.0,-0.71911,4.14658,2.14658,0.0,-1.71911,3.20646,-0.0,0.0,256.0,15.113
722,24.1337,Evening 21:00,0.3,1,0.0,-0.67604,4.14954,2.14954,0.0,-1.67604,2.94069,-0.0,0.0,240.0,15.12
723,24.1671,Evening 21:00,0.3,1,-0.0,-0.6559,4.14598,2.14598,-0.0,-1.6559,3.2142,0.0,-0.0,256.0,15.11
724,24.2006,Evening 21:00,0.3,1,0.0,-0.6306,4.14561,2.14561,0.0,-1.6306,3.2176,-0.0,0.0,256.0,15.113
725,24.234,Evening 21:00,0.3,1,0.0,-0.6306,4.14561,2.14561,0.0,-1.6306,3.2176,-0.0,0.0,256.0,15.113
726,24.2674,Evening 21:00,0.3,1,-0.0,-0.61293,4.14964,2.14964,-0.0,-1.61293,2.9321,0.0,-0.0,240.0,15.124
727,24.3008,Evening 21:00,0.3,1,0.0,-0.58769,4.14968,2.14968,0.0,-1.58769,2.92851,0.0,0.0,240.0,15.12
728,24.3343,Evening 21:00,0.3,1,-0.0,-0.56731,4.14418,2.14418,-0.0,-1.56731,3.2256,0.0,-0.0,256.0,15.11
729,24.3677,Evening 21:00,0.3,1,-0.0,-0.52458,4.14979,2.14979,-0.0,-1.52458,2.91916,0.0,-0.0,240.0,15.123
730,24.4011,Evening 21:00,0.3,1,0.0,-0.49934,4.14983,2.14983,0.0,-1.49934,2.91526,-0.0,0.0,240.0,15.12
731,24.4345,Evening 21:00,0.3,1,0.0,-0.49934,4.14983,2.14983,0.0,-1.49934,2.91526,-0.0,0.0,240.0,15.12
732,24.468,Evening 21:00,0.3,1,0.0,-0.45329,4.13953,2.13953,0.0,-1.45329,3.22662,-0.0,0.0,256.0,15.114
733,24.5014,Evening 21:00,0.3,1,-0.0,-0.43623,4.14995,2.14995,-0.0,-1.43623,2.90511,0.0,-0.0,240.0,15.124
734,24.5348,Evening 21:00,0.3,1,-0.0,-0.43623,4.14995,2.14995,-0.0,-1.43623,2.90511,0.0,-0.0,240.0,15.124
735,24.5682,Evening 21:00,0.3,1,-0.0,-0.41099,4.15,2.15,-0.0,-1.41099,2.90088,0.0,-0.0,240.0,15.121
736,24.6017,Evening 21:00,0.3,1,0.0,-0.39018,4.13786,2.13786,0.0,-1.39018,3.21363,-0.0,0.0,256.0,15.109
737,24.6351,Evening 21:00,0.3,1,-0.0,-0.36512,4.13912,2.13912,-0.0,-1.36512,3.22314,0.0,-0.0,256.0,15.113
738,24.6685,Evening 21:00,0.3,1,0.0,-0.34788,4.15012,2.15012,0.0,-1.34788,2.88987,-0.0,0.0,240.0,15.125
739,24.7019,Evening 21:00,0.3,1,-0.0,-0.30193,4.13589,2.13589,-0.0,-1.30193,3.21167,0.0,-0.0,256.0,15.108
740,24.7354,Evening 21:00,0.3,1,-0.0,-0.30193,4.13589,2.13589,-0.0,-1.30193,3.21167,0.0,-0.0,256.0,15.108
741,24.7688,Evening 21:00,0.3,1,0.0,-0.27655,4.13281,2.13281,0.0,-1.27655,3.1981,-0.0,-0.0,256.0,15.112
742,24.8022,Evening 21:00,0.3,1,0.0,-0.23427,4.15036,2.15036,0.0,-1.23427,2.86844,0.0,0.0,240.0,15.112
743,24.8357,Evening 21:00,0.3,1,0.0,-0.21356,4.13032,2.13032,0.0,-1.21356,3.18764,-0.0,0.0,256.0,15.101
744,24.8691,Evening 21:00,0.3,1,-0.0,-0.18842,4.12988,2.12988,-0.0,-1.18842,3.18151,0.0,-0.0,256.0,15.106
745,24.9025,Evening 21:00,0.3,1,-0.0,-0.17116,4.1505,2.1505,-0.0,-1.17116,2.85561,-0.0,-0.0,240.0,15.114
746,24.9359,Evening 21:00,0.3,1,-0.0,-0.14591,4.15056,2.15056,-0.0,-1.14591,2.85028,-0.0,-0.0,240.0,15.107
747,24.9694,Evening 21:00,0.3,1,-0.0,-0.12558,4.12884,2.12884,-0.0,-1.12558,3.16858,0.0,-0.0,256.0,15.095
748,25.0028,Evening 21:00,0.3,1,0.0,-0.10046,4.1285,2.1285,0.0,-1.10046,3.16312,-0.0,0.0,256.0,15.099
749,25.0362,Evening 21:00,0.3,1,0.0,-0.10046,4.1285,2.1285,0.0,-1.10046,3.16312,-0.0,0.0,256.0,15.099
750,25.0696,Evening 21:00,0.3,1,0.0,-0.08279,4.1507,2.1507,0.0,-1.08279,2.83649,0.0,0.0,240.0,15.107
751,25.1031,Evening 21:00,0.3,1,-0.0,-0.05754,4.15076,2.15076,-0.0,-1.05754,2.83078,0.0,-0.0,240.0,15.1
752,25.1365,Evening 21:00,0.3,1,0.0,-0.03767,4.12798,2.12798,0.0,-1.03767,3.14974,-0.0,0.0,256.0,15.088
753,25.1699,Evening 21:00,0.3,1,-0.0,-0.01256,4.1279,2.1279,-0.0,-1.01256,3.14431,0.0,-0.0,256.0,15.101
754,25.2033,Evening 21:00,0.3,1,0.0,-0.0,4.12789,2.12789,0.0,-1.0,3.14159,-0.0,0.0,256.0,15.096
755,25.2368,Evening 21:00,0.3,1,0.0,-0.0,4.12789,2.12789,0.0,-1.0,3.14159,-0.0,0.0,256.0,15.096
756,25.2702,Evening 21:00,0.3,1,0.0,-0.0,4.12789,2.12789,0.0,-1.0,3.14159,-0.0,0.0,256.0,15.096
757,25.3036,Evening 21:00,0.3,1,0.0,-0.0,4.12789,2.12789,0.0,-1.0,3.14159,-0.0,0.0,256.0,15.096
758,25.337,Evening 21:00,0.3,1,0.0,-0.0,4.12789,2.12789,0.0,-1.0,3.14159,-0.0,0.0,256.0,15.096
759,25.3705,Evening 21:00,0.3,1,0.0,-0.0,4.12789,2.12789,0.0,-1.0,3.14159,-0.0,0.0,256.0,15.096
760,25.4039,Evening 21:00,0.3,1,0.0,-0.0,4.12789,2.12789,0.0,-1.0,3.14159,-0.0,0.0,256.0,15.096
761,25.4373,Evening 21:00,0.3,1,0.0,-0.0,4.12789,2.12789,0.0,-1.0,3.14159,-0.0,0.0,256.0,15.096
762,25.4708,Evening 21:00,0.3,1,0.0,-0.0,4.12789,2.12789,0.0,-1.0,3.14159,-0.0,0.0,256.0,15.096
763,25.5042,Evening 21:00,0.3,1,0.0,-0.0,4.12789,2.12789,0.0,-1.0,3.14159,-0.0,0.0,256.0,15.096
764,25.5376,Evening 21:00,0.3,1,0.0,-0.0,4.12789,2.12789,0.0,-1.0,3.14159,-0.0,0.0,256.0,15.096
765,25.571,Evening 21:00,0.3,1,0.0,-0.0,4.12789,2.12789,0.0,-1.0,3.14159,-0.0,0.0,256.0,15.096
766,25.6045,Evening 21:00,0.3,1,0.0,-0.0,4.12789,2.12789,0.0,-1.0,3.14159,-0.0,0.0,256.0,15.096
767,25.6379,Evening 21:00,0.3,1,0.0,-0.0,4.12789,2.12789,0.0,-1.0,3.14159,-0.0,0.0,256.0,15.096
768,25.6713,Evening 21:00,0.3,1,0.0,-0.0,4.12789,2.12789,0.0,-1.0,3.14159,-0.0,0.0,256.0,15.096
769,25.7047,Evening 21:00,0.3,1,0.0,-0.0,4.12789,2.12789,0.0,-1.0,3.14159,-0.0,0.0,256.0,15.096
770,25.7382,Evening 21:00,0.3,1,0.0,-0.0,4.12789,2.12789,0.0,-1.0,3.14159,-0.0,0.0,256.0,15.096
771,25.7716,Evening 21:00,0.3,1,0.0,-0.0,4.12789,2.12789,0.0,-1.0,3.14159,-0.0,0.0,256.0,15.096
772,25.805,Evening 21:00,0.3,1,0.0,-0.0,4.12789,2.12789,0.0,-1.0,3.14159,-0.0,0.0,256.0,15.096
773,25.8384,Evening 21:00,0.3,1,0.0,-0.0,4.12789,2.12789,0.0,-1.0,3.14159,-0.0,0.0,256.0,15.096
774,25.8719,Evening 21:00,0.3,1,0.0,-0.0,4.12789,2.12789,0.0,-1.0,3.14159,-0.0,0.0,256.0,15.096
775,25.9053,Evening 21:00,0.3,1,0.0,-0.0,4.12789,2.12789,0.0,-1.0,3.14159,-0.0,0.0,256.0,15.096
776,25.9387,Evening 21:00,0.3,1,0.0,-0.0,4.12789,2.12789,0.0,-1.0,3.14159,-0.0,0.0,256.0,15.096
777,25.9721,Evening 21:00,0.3,1,0.0,-0.0,4.12789,2.12789,0.0,-1.0,3.14159,-0.0,0.0,256.0,15.096
778,26.0056,Evening 21:00,0.3,1,0.0,-0.0,4.12789,2.12789,0.0,-1.0,3.14159,-0.0,0.0,256.0,15.096
779,26.039,Evening 21:00,0.3,1,0.0,-0.0,4.12789,2.12789,0.0,-1.0,3.14159,-0.0,0.0,256.0,15.096
780,26.0724,Evening 21:00,0.3,1,0.0,-0.0,4.12789,2.12789,0.0,-1.0,3.14159,-0.0,0.0,256.0,15.096
781,26.1058,Evening 21:00,0.3,1,0.0,-0.0,4.12789,2.12789,0.0,-1.0,3.14159,-0.0,0.0,256.0,15.096
782,26.1393,Evening 21:00,0.3,1,0.0,-0.0,4.12789,2.12789,0.0,-1.0,3.14159,-0.0,0.0,256.0,15.096
783,26.1727,Evening 21:00,0.3,1,0.0,-0.0,4.12789,2.12789,0.0,-1.0,3.14159,-0.0,0.0,256.0,15.096
784,26.2061,Evening 21:00,0.3,1,0.0,-0.0,4.12789,2.12789,0.0,-1.0,3.14159,-0.0,0.0,256.0,15.096
785,26.2396,Evening 21:00,0.3,1,0.0,-0.0,4.12789,2.12789,0.0,-1.0,3.14159,-0.0,0.0,256.0,15.096
786,26.273,Evening 21:00,0.3,1,0.0,-0.0,4.12789,2.12789,0.0,-1.0,3.14159,-0.0,0.0,256.0,15.096
787,26.3064,Evening 21:00,0.3,1,0.0,-0.0,4.12789,2.12789,0.0,-1.0,3.14159,-0.0,0.0,256.0,15.096
788,26.3398,Evening 21:00,0.3,1,0.0,-0.0,4.12789,2.12789,0.0,-1.0,3.14159,-0.0,0.0,256.0,15.096
789,26.3733,Evening 21:00,0.3,1,0.0,-0.0,4.12789,2.12789,0.0,-1.0,3.14159,-0.0,0.0,256.0,15.096
790,26.4067,Evening 21:00,0.3,1,0.0,-0.0,4.12789,2.12789,0.0,-1.0,3.14159,-0.0,0.0,256.0,15.096
791,26.4401,Evening 21:00,0.3,1,0.0,-0.0,4.12789,2.12789,0.0,-1.0,3.14159,-0.0,0.0,256.0,15.096
792,26.4735,Evening 21:00,0.3,1,0.0,-0.0,4.12789,2.12789,0.0,-1.0,3.14159,-0.0,0.0,256.0,15.096
793,26.507,Evening 21:00,0.3,1,0.0,-0.0,4.12789,2.12789,0.0,-1.0,3.14159,-0.0,0.0,256.0,15.096
794,26.5404,Evening 21:00,0.3,1,0.0,-0.0,4.12789,2.12789,0.0,-1.0,3.14159,-0.0,0.0,256.0,15.096
795,26.5738,Evening 21:00,0.3,1,0.0,-0.0,4.12789,2.12789,0.0,-1.0,3.14159,-0.0,0.0,256.0,15.096
796,26.6072,Evening 21:00,0.3,1,0.0,-0.0,4.12789,2.12789,0.0,-1.0,3.14159,-0.0,0.0,256.0,15.096
797,26.6407,Evening 21:00,0.3,1,0.0,-0.0,4.12789,2.12789,0.0,-1.0,3.14159,-0.0,0.0,256.0,15.096
798,26.6741,Evening 21:00,0.3,1,0.0,-0.0,4.12789,2.12789,0.0,-1.0,3.14159,-0.0,0.0,256.0,15.096
799,26.7075,Evening 21:00,0.3,1,0.0,-0.0,4.12789,2.12789,0.0,-1.0,3.14159,-0.0,0.0,256.0,15.096
800,26.7409,Evening 21:00,0.3,1,0.0,-0.0,4.12789,2.12789,0.0,-1.0,3.14159,-0.0,0.0,256.0,15.096
801,26.7744,Evening 21:00,0.3,1,0.0,-0.0,4.12789,2.12789,0.0,-1.0,3.14159,-0.0,0.0,256.0,15.096
802,26.8078,Evening 21:00,0.3,1,0.0,-0.0,4.12789,2.12789,0.0,-1.0,3.14159,-0.0,0.0,256.0,15.096
803,26.8412,Evening 21:00,0.3,1,0.0,-0.0,4.12789,2.12789,0.0,-1.0,3.14159,-0.0,0.0,256.0,15.096
804,26.8747,Evening 21:00,0.3,1,0.0,-0.0,4.12789,2.12789,0.0,-1.0,3.14159,-0.0,0.0,256.0,15.096
805,26.9081,Evening 21:00,0.3,1,0.0,-0.0,4.12789,2.12789,0.0,-1.0,3.14159,-0.0,0.0,256.0,15.096
806,26.9415,Evening 21:00,0.3,1,0.0,-0.0,4.12789,2.12789,0.0,-1.0,3.14159,-0.0,0.0,256.0,15.096
807,26.9749,Evening 21:00,0.3,1,0.0,-0.0,4.12789,2.12789,0.0,-1.0,3.14159,-0.0,0.0,256.0,15.096
808,27.0084,Evening 21:00,0.3,1,0.0,-0.0,4.12789,2.12789,0.0,-1.0,3.14159,-0.0,0.0,256.0,15.096
809,27.0418,Evening 21:00,0.3,1,0.0,-0.0,4.12789,2.12789,0.0,-1.0,3.14159,-0.0,0.0,256.0,15.096
810,27.0752,Evening 21:00,0.3,1,0.0,-0.0,4.12789,2.12789,0.0,-1.0,3.14159,-0.0,0.0,256.0,15.096
811,27.1086,Evening 21:00,0.3,1,0.0,-0.0,4.12789,2.12789,0.0,-1.0,3.14159,-0.0,0.0,256.0,15.096
812,27.1421,Evening 21:00,0.3,1,0.0,-0.0,4.12789,2.12789,0.0,-1.0,3.14159,-0.0,0.0,256.0,15.096
813,27.1755,Evening 21:00,0.3,1,0.0,-0.0,4.12789,2.12789,0.0,-1.0,3.14159,-0.0,0.0,256.0,15.096
814,27.2089,Evening 21:00,0.3,1,0.0,-0.0,4.12789,2.12789,0.0,-1.0,3.14159,-0.0,0.0,256.0,15.096
815,27.2423,Evening 21:00,0.3,1,0.0,-0.0,4.12789,2.12789,0.0,-1.0,3.14159,-0.0,0.0,256.0,15.096
816,27.2758,Evening 21:00,0.3,1,0.0,-0.0,4.12789,2.12789,0.0,-1.0,3.14159,-0.0,0.0,256.0,15.096
817,27.3092,Evening 21:00,0.3,1,0.0,-0.0,4.12789,2.12789,0.0,-1.0,3.14159,-0.0,0.0,256.0,15.096
818,27.3426,Evening 21:00,0.3,1,0.0,-0.0,4.12789,2.12789,0.0,-1.0,3.14159,-0.0,0.0,256.0,15.096
819,27.376,Evening 21:00,0.3,1,0.0,-0.0,4.12789,2.12789,0.0,-1.0,3.14159,-0.0,0.0,256.0,15.096
820,27.4095,Evening 21:00,0.3,1,0.0,-0.0,4.12789,2.12789,0.0,-1.0,3.14159,-0.0,0.0,256.0,15.096
821,27.4429,Evening 21:00,0.3,1,0.0,-0.0,4.12789,2.12789,0.0,-1.0,3.14159,-0.0,0.0,256.0,15.095
822,27.4763,Evening 21:00,0.3,1,0.0,-0.0,4.12789,2.12789,0.0,-1.0,3.14159,-0.0,0.0,256.0,15.099
823,27.5097,Evening 21:00,0.3,1,0.0,-0.0,4.12789,2.12789,0.0,-1.0,3.14159,-0.0,0.0,256.0,15.099
824,27.5432,Evening 21:00,0.3,1,0.0,-0.0,4.12789,2.12789,0.0,-1.0,3.14159,-0.0,0.0,256.0,15.111
825,27.5766,Evening 21:00,0.3,1,0.0,-0.0,4.12789,2.12789,0.0,-1.0,3.14159,-0.0,0.0,256.0,15.12
826,27.61,Evening 21:00,0.3,1,0.0,-0.0,4.12789,2.12789,0.0,-1.0,3.14159,-0.0,0.0,256.0,15.125
827,27.6435,Evening 21:00,0.3,1,0.0,-0.0,4.12789,2.12789,0.0,-1.0,3.14159,-0.0,0.0,256.0,15.131
828,27.6769,Evening 21:00,0.3,1,0.0,-0.0,4.12789,2.12789,0.0,-1.0,3.14159,-0.0,0.0,256.0,15.131
829,27.7103,Evening 21:00,0.3,1,0.0,-0.0,4.12789,2.12789,0.0,-1.0,3.14159,-0.0,0.0,256.0,15.135
830,27.7437,Evening 21:00,0.3,1,0.0,-0.0,4.12789,2.12789,0.0,-1.0,3.14159,-0.0,0.0,256.0,15.139
831,27.7772,Evening 21:00,0.3,1,0.0,-0.0,4.12789,2.12789,0.0,-1.0,3.14159,-0.0,0.0,256.0,15.134
832,27.8106,Evening 21:00,0.3,1,-0.00616,0.00588,3.8686,1.8686,-0.00616,-0.99412,3.13372,-0.00015,-0.20151,289.0,15.134
833,27.844,Evening 21:00,0.3,1,-0.00616,0.00588,3.8686,1.8686,-0.00616,-0.99412,3.13372,-0.00015,-0.20151,289.0,15.132
834,27.8774,Evening 21:00,0.3,1,-0.00616,0.00588,3.8686,1.8686,-0.00616,-0.99412,3.13372,-0.00015,-0.20151,289.0,15.132
835,27.9109,Evening 21:00,0.3,1,-0.00616,0.00588,3.8686,1.8686,-0.00616,-0.99412,3.13372,-0.00015,-0.20151,289.0,15.128
836,27.9443,Evening 21:00,0.3,1,-0.00616,0.00588,3.8686,1.8686,-0.00616,-0.99412,3.13372,-0.00015,-0.20151,289.0,15.126
837,27.9777,Evening 21:00,0.3,1,0.00037,0.00221,3.65703,1.65703,0.00037,-0.99779,2.91334,0.02053,0.20792,315.0,15.12
838,28.0111,Evening 21:00,0.3,1,-0.0,-0.0,3.66924,1.66924,-0.0,-1.0,3.14159,0.0,-0.0,324.0,15.127
839,28.0446,Evening 21:00,0.3,1,-0.0,-0.0,3.66924,1.66924,-0.0,-1.0,3.14159,0.0,-0.0,324.0,15.127
840,28.078,Evening 21:00,0.3,1,-0.0,-0.0,3.66924,1.66924,-0.0,-1.0,3.14159,0.0,-0.0,324.0,15.131
841,28.1114,Evening 21:00,0.3,1,-0.0,-0.0,3.66924,1.66924,-0.0,-1.0,3.14159,0.0,-0.0,324.0,15.138
842,28.1448,Evening 21:00,0.3,1,-0.0,-0.0,3.66924,1.66924,-0.0,-1.0,3.14159,0.0,-0.0,324.0,15.145
843,28.1783,Evening 21:00,0.3,1,-0.0,-0.0,3.66924,1.66924,-0.0,-1.0,3.14159,0.0,-0.0,324.0,15.148
844,28.2117,Evening 21:00,0.3,1,-0.0,-0.0,3.66924,1.66924,-0.0,-1.0,3.14159,0.0,-0.0,324.0,15.154
845,28.2451,Evening 21:00,0.3,1,-0.0,-0.0,3.66924,1.66924,-0.0,-1.0,3.14159,0.0,-0.0,324.0,15.154
846,28.2786,Evening 21:00,0.3,1,-0.0,-0.0,3.66924,1.66924,-0.0,-1.0,3.14159,0.0,-0.0,324.0,15.154
847,28.312,Evening 21:00,0.3,1,-0.0,-0.0,3.66924,1.66924,-0.0,-1.0,3.14159,0.0,-0.0,324.0,15.153
848,28.3454,Evening 21:00,0.3,1,-0.0033,0.00322,3.46657,1.46657,-0.0033,-0.99678,-2.89836,-0.00023,0.38044,342.0,15.143
849,28.3788,Evening 21:00,0.3,1,-0.00561,0.00322,3.46557,1.46557,-0.00561,-0.99678,-2.92371,-0.01958,0.20439,351.5,15.148
850,28.4123,Evening 21:00,0.3,1,-0.00558,0.00526,3.46196,1.46196,-0.00558,-0.99474,3.13399,-0.00015,-0.19754,361.0,15.151
851,28.4457,Evening 21:00,0.3,1,-0.00558,0.00526,3.46196,1.46196,-0.00558,-0.99474,3.13399,-0.00015,-0.19754,361.0,15.151
852,28.4791,Evening 21:00,0.3,1,-0.00558,0.00526,3.46196,1.46196,-0.00558,-0.99474,3.13399,-0.00015,-0.19754,361.0,15.155
853,28.5125,Evening 21:00,0.3,1,-0.00558,0.00526,3.46196,1.46196,-0.00558,-0.99474,3.13399,-0.00015,-0.19754,361.0,15.155
854,28.546,Evening 21:00,0.3,1,0.00041,0.00191,3.29321,1.29321,0.00041,-0.99809,2.93029,0.01856,0.20517,390.0,15.15
855,28.5794,Evening 21:00,0.3,1,0.0,-0.0,3.30231,1.30231,0.0,-1.0,3.14159,-0.0,0.0,400.0,15.161
856,28.6128,Evening 21:00,0.3,1,0.0,-0.0,3.30231,1.30231,0.0,-1.0,3.14159,-0.0,0.0,400.0,15.164
857,28.6462,Evening 21:00,0.3,1,0.0,-0.0,3.30231,1.30231,0.0,-1.0,3.14159,-0.0,0.0,400.0,15.169
858,28.6797,Evening 21:00,0.3,1,0.0,-0.0,3.30231,1.30231,0.0,-1.0,3.14159,-0.0,0.0,400.0,15.166
859,28.7131,Evening 21:00,0.3,1,0.0,-0.0,3.30231,1.30231,0.0,-1.0,3.14159,-0.0,0.0,400.0,15.164
860,28.7465,Evening 21:00,0.3,1,0.0,-0.0,3.30231,1.30231,0.0,-1.0,3.14159,-0.0,0.0,400.0,15.164
861,28.7799,Evening 21:00,0.3,1,0.0,-0.0,3.30231,1.30231,0.0,-1.0,3.14159,-0.0,0.0,400.0,15.171
862,28.8134,Evening 21:00,0.3,1,-0.00275,0.00067,3.20969,1.20969,-0.00275,-0.99933,-2.91149,0.01766,0.16371,410.0,15.177
863,28.8468,Evening 21:00,0.3,1,-0.00275,0.00067,3.20969,1.20969,-0.00275,-0.99933,-2.91149,0.01766,0.16371,410.0,15.177
864,28.8802,Evening 21:00,0.3,1,-0.00511,0.00476,3.13283,1.13283,-0.00511,-0.99524,3.1343,-0.00015,-0.19304,441.0,15.169
865,28.9136,Evening 21:00,0.3,1,-0.00511,0.00476,3.13283,1.13283,-0.00511,-0.99524,3.1343,-0.00015,-0.19304,441.0,15.181
866,28.9471,Evening 21:00,0.3,1,-0.00511,0.00476,3.13283,1.13283,-0.00511,-0.99524,3.1343,-0.00015,-0.19304,441.0,15.186
867,28.9805,Evening 21:00,0.3,1,-0.00511,0.00476,3.13283,1.13283,-0.00511,-0.99524,3.1343,-0.00015,-0.19304,441.0,15.189
868,29.0139,Evening 21:00,0.3,1,-0.00149,0.00164,2.99381,0.99381,-0.00149,-0.99836,2.91599,0.00026,0.36368,462.0,15.189
869,29.0474,Evening 21:00,0.3,1,0.00044,0.00167,2.99526,0.99526,0.00044,-0.99833,2.94542,0.01695,0.20313,473.0,15.189
870,29.0808,Evening 21:00,0.3,1,0.0,0.0,3.0021,1.0021,0.0,-1.0,3.14159,0.0,0.0,484.0,15.187
871,29.1142,Evening 21:00,0.3,1,0.0,0.0,3.0021,1.0021,0.0,-1.0,3.14159,0.0,0.0,484.0,15.196
872,29.1476,Evening 21:00,0.3,1,0.0,0.0,3.0021,1.0021,0.0,-1.0,3.14159,0.0,0.0,484.0,15.196
873,29.1811,Evening 21:00,0.3,1,0.0,0.0,3.0021,1.0021,0.0,-1.0,3.14159,0.0,0.0,484.0,15.204
874,29.2145,Evening 21:00,0.3,1,0.0,0.0,3.0021,1.0021,0.0,-1.0,3.14159,0.0,0.0,484.0,15.193
875,29.2479,Evening 21:00,0.3,1,-0.00473,0.00435,2.86099,0.86099,-0.00473,-0.99565,3.13464,-0.00014,-0.18798,529.0,15.185
876,29.2813,Evening 21:00,0.3,1,-0.00473,0.00435,2.86099,0.86099,-0.00473,-0.99565,3.13464,-0.00014,-0.18798,529.0,15.196
877,29.3148,Evening 21:00,0.3,1,-0.00473,0.00435,2.86099,0.86099,-0.00473,-0.99565,3.13464,-0.00014,-0.18798,529.0,15.206
878,29.3482,Evening 21:00,0.3,1,-0.00473,0.00435,2.86099,0.86099,-0.00473,-0.99565,3.13464,-0.00014,-0.18798,529.0,15.223
879,29.3816,Evening 21:00,0.3,1,-0.00473,0.00435,2.86099,0.86099,-0.00473,-0.99565,3.13464,-0.00014,-0.18798,529.0,15.233
880,29.415,Evening 21:00,0.3,1,-0.00473,0.00435,2.86099,0.86099,-0.00473,-0.99565,3.13464,-0.00014,-0.18798,529.0,15.23
881,29.4485,Evening 21:00,0.3,1,-0.0,-0.0,2.75193,0.75193,-0.0,-1.0,3.14159,0.0,-0.0,576.0,15.228
882,29.4819,Evening 21:00,0.3,1,-0.0,-0.0,2.75193,0.75193,-0.0,-1.0,3.14159,0.0,-0.0,576.0,15.211
883,29.5153,Evening 21:00,0.3,1,-0.0,-0.0,2.75193,0.75193,-0.0,-1.0,3.14159,0.0,-0.0,576.0,15.211
884,29.5487,Evening 21:00,0.3,1,-0.00138,0.00221,2.67329,0.67329,-0.00138,-0.99779,-3.07921,0.03145,-0.26588,600.5,15.202
885,29.5822,Evening 21:00,0.3,1,-0.0044,0.004,2.63269,0.63269,-0.0044,-0.996,3.13501,-0.00014,-0.18233,625.0,15.204
886,29.6156,Evening 21:00,0.3,1,-0.0044,0.004,2.63269,0.63269,-0.0044,-0.996,3.13501,-0.00014,-0.18233,625.0,15.229
887,29.649,Evening 21:00,0.3,1,-0.0044,0.004,2.63269,0.63269,-0.0044,-0.996,3.13501,-0.00014,-0.18233,625.0,15.229
888,29.6825,Evening 21:00,0.3,1,-0.0044,0.004,2.63269,0.63269,-0.0044,-0.996,3.13501,-0.00014,-0.18233,625.0,15.229
889,29.7159,Evening 21:00,0.3,1,-0.0044,0.004,2.63269,0.63269,-0.0044,-0.996,3.13501,-0.00014,-0.18233,625.0,15.229
890,29.7493,Evening 21:00,0.3,1,-0.0044,0.004,2.63269,0.63269,-0.0044,-0.996,3.13501,-0.00014,-0.18233,625.0,15.229
891,29.7827,Evening 21:00,0.3,1,-0.0044,0.004,2.63269,0.63269,-0.0044,-0.996,3.13501,-0.00014,-0.18233,625.0,15.229
892,29.8162,Evening 21:00,0.3,1,-0.0044,0.004,2.63269,0.63269,-0.0044,-0.996,3.13501,-0.00014,-0.18233,625.0,15.229
893,29.8496,Evening 21:00,0.3,1,-0.0044,0.004,2.63269,0.63269,-0.0044,-0.996,3.13501,-0.00014,-0.18233,625.0,15.229
894,29.883,Evening 21:00,0.3,1,-0.0044,0.004,2.63269,0.63269,-0.0044,-0.996,3.13501,-0.00014,-0.18233,625.0,15.229
895,29.9164,Evening 21:00,0.3,1,-0.0044,0.004,2.63269,0.63269,-0.0044,-0.996,3.13501,-0.00014,-0.18233,625.0,15.229
896,29.9499,Evening 21:00,0.3,1,-0.0044,0.004,2.63269,0.63269,-0.0044,-0.996,3.13501,-0.00014,-0.18233,625.0,15.229
897,29.9833,Evening 21:00,0.3,1,-0.0044,0.004,2.63269,0.63269,-0.0044,-0.996,3.13501,-0.00014,-0.18233,625.0,15.229
898,30.0167,Evening 21:00,0.3,1,-0.0044,0.004,2.63269,0.63269,-0.0044,-0.996,3.13501,-0.00014,-0.18233,625.0,15.229
899,30.0501,Evening 21:00,0.3,1,-0.0044,0.004,2.63269,0.63269,-0.0044,-0.996,3.13501,-0.00014,-0.18233,625.0,15.229
900,30.0836,Evening 21:00,0.3,1,-0.0044,0.004,2.63269,0.63269,-0.0044,-0.996,3.13501,-0.00014,-0.18233,625.0,15.229
901,30.117,Evening 21:00,0.3,1,-0.0044,0.004,2.63269,0.63269,-0.0044,-0.996,3.13501,-0.00014,-0.18233,625.0,15.229
902,30.1504,Evening 21:00,0.3,1,-0.0044,0.004,2.63269,0.63269,-0.0044,-0.996,3.13501,-0.00014,-0.18233,625.0,15.229
903,30.1838,Evening 21:00,0.3,1,-0.0044,0.004,2.63269,0.63269,-0.0044,-0.996,3.13501,-0.00014,-0.18233,625.0,15.229
904,30.2173,Evening 21:00,0.3,1,-0.0044,0.004,2.63269,0.63269,-0.0044,-0.996,3.13501,-0.00014,-0.18233,625.0,15.229
905,30.2507,Evening 21:00,0.3,1,-0.0044,0.004,2.63269,0.63269,-0.0044,-0.996,3.13501,-0.00014,-0.18233,625.0,15.229
906,30.2841,Evening 21:00,0.3,1,-0.0044,0.004,2.63269,0.63269,-0.0044,-0.996,3.13501,-0.00014,-0.18233,625.0,15.229
