frame,time_s,scenario,target_lux,detected,est_x,est_y,est_z,err_x,err_y,err_z,rot_x,rot_y,rot_z,marker_area_px,frame_brightness
0,0.0,Midnight 00:00,0.1,1,0.00444,0.012,2.55005,0.55005,0.00444,-0.988,3.13183,0.00045,0.19014,625.0,15.669
1,0.0334,Midnight 00:00,0.1,1,0.00444,0.012,2.55005,0.55005,0.00444,-0.988,3.13183,0.00045,0.19014,625.0,15.669
2,0.0667,Midnight 00:00,0.1,1,0.00444,0.012,2.55005,0.55005,0.00444,-0.988,3.13183,0.00045,0.19014,625.0,15.669
3,0.1001,Midnight 00:00,0.1,1,0.00444,0.012,2.55005,0.55005,0.00444,-0.988,3.13183,0.00045,0.19014,625.0,15.669
4,0.1335,Midnight 00:00,0.1,1,0.00444,0.012,2.55005,0.55005,0.00444,-0.988,3.13183,0.00045,0.19014,625.0,15.669
5,0.1668,Midnight 00:00,0.1,1,0.00444,0.012,2.55005,0.55005,0.00444,-0.988,3.13183,0.00045,0.19014,625.0,15.669
6,0.2002,Midnight 00:00,0.1,1,0.00444,0.012,2.55005,0.55005,0.00444,-0.988,3.13183,0.00045,0.19014,625.0,15.669
7,0.2336,Midnight 00:00,0.1,1,0.00444,0.012,2.55005,0.55005,0.00444,-0.988,3.13183,0.00045,0.19014,625.0,15.669
8,0.2669,Midnight 00:00,0.1,1,0.00444,0.012,2.55005,0.55005,0.00444,-0.988,3.13183,0.00045,0.19014,625.0,15.669
9,0.3003,Midnight 00:00,0.1,1,0.00444,0.012,2.55005,0.55005,0.00444,-0.988,3.13183,0.00045,0.19014,625.0,15.669
10,0.3337,Midnight 00:00,0.1,1,0.00444,0.012,2.55005,0.55005,0.00444,-0.988,3.13183,0.00045,0.19014,625.0,15.67
11,0.367,Midnight 00:00,0.1,1,0.00444,0.012,2.55005,0.55005,0.00444,-0.988,3.13183,0.00045,0.19014,625.0,15.67
12,0.4004,Midnight 00:00,0.1,1,0.00444,0.012,2.55005,0.55005,0.00444,-0.988,3.13183,0.00045,0.19014,625.0,15.67
13,0.4338,Midnight 00:00,0.1,1,0.00444,0.012,2.55005,0.55005,0.00444,-0.988,3.13183,0.00045,0.19014,625.0,15.67
14,0.4671,Midnight 00:00,0.1,1,0.00444,0.012,2.55005,0.55005,0.00444,-0.988,3.13183,0.00045,0.19014,625.0,15.67
15,0.5005,Midnight 00:00,0.1,1,0.00444,0.012,2.55005,0.55005,0.00444,-0.988,3.13183,0.00045,0.19014,625.0,15.67
16,0.5339,Midnight 00:00,0.1,1,0.00444,0.012,2.55005,0.55005,0.00444,-0.988,3.13183,0.00045,0.19014,625.0,15.67
17,0.5672,Midnight 00:00,0.1,1,0.00444,0.012,2.55005,0.55005,0.00444,-0.988,3.13183,0.00045,0.19014,625.0,15.67
18,0.6006,Midnight 00:00,0.1,1,0.00444,0.012,2.55005,0.55005,0.00444,-0.988,3.13183,0.00045,0.19014,625.0,15.67
19,0.634,Midnight 00:00,0.1,1,0.00444,0.012,2.55005,0.55005,0.00444,-0.988,3.13183,0.00045,0.19014,625.0,15.67
20,0.6673,Midnight 00:00,0.1,1,0.00444,0.012,2.55005,0.55005,0.00444,-0.988,3.13183,0.00045,0.19014,625.0,15.67
21,0.7007,Midnight 00:00,0.1,1,0.00444,0.012,2.55005,0.55005,0.00444,-0.988,3.13183,0.00045,0.19014,625.0,15.67
22,0.7341,Midnight 00:00,0.1,1,0.00444,0.012,2.55005,0.55005,0.00444,-0.988,3.13183,0.00045,0.19014,625.0,15.67
23,0.7674,Midnight 00:00,0.1,1,0.00444,0.012,2.55005,0.55005,0.00444,-0.988,3.13183,0.00045,0.19014,625.0,15.67
24,0.8008,Midnight 00:00,0.1,1,0.00444,0.012,2.55005,0.55005,0.00444,-0.988,3.13183,0.00045,0.19014,625.0,15.67
25,0.8342,Midnight 00:00,0.1,1,0.00444,0.012,2.55005,0.55005,0.00444,-0.988,3.13183,0.00045,0.19014,625.0,15.67
26,0.8675,Midnight 00:00,0.1,1,0.00444,0.012,2.55005,0.55005,0.00444,-0.988,3.13183,0.00045,0.19014,625.0,15.67
27,0.9009,Midnight 00:00,0.1,1,0.00444,0.012,2.55005,0.55005,0.00444,-0.988,3.13183,0.00045,0.19014,625.0,15.67
28,0.9343,Midnight 00:00,0.1,1,0.00444,0.012,2.55005,0.55005,0.00444,-0.988,3.13183,0.00045,0.19014,625.0,15.67
29,0.9676,Midnight 00:00,0.1,1,0.00444,0.012,2.55005,0.55005,0.00444,-0.988,3.13183,0.00045,0.19014,625.0,15.67
30,1.001,Midnight 00:00,0.1,1,0.00444,0.012,2.55005,0.55005,0.00444,-0.988,3.13183,0.00045,0.19014,625.0,15.67
31,1.0344,Midnight 00:00,0.1,1,0.00444,0.012,2.55005,0.55005,0.00444,-0.988,3.13183,0.00045,0.19014,625.0,15.67
32,1.0677,Midnight 00:00,0.1,1,0.00444,0.012,2.55005,0.55005,0.00444,-0.988,3.13183,0.00045,0.19014,625.0,15.67
33,1.1011,Midnight 00:00,0.1,1,-0.00444,0.012,2.55005,0.55005,-0.00444,-0.988,3.13183,-0.00045,-0.19014,625.0,15.683
34,1.1345,Midnight 00:00,0.1,1,-0.02027,0.012,2.54985,0.54985,-0.02027,-0.988,3.13244,-0.00045,-0.1827,625.0,15.679
35,1.1678,Midnight 00:00,0.1,1,-0.03281,0.012,2.5505,0.5505,-0.03281,-0.988,3.10293,-0.00113,-0.46252,600.0,15.695
36,1.2012,Midnight 00:00,0.1,1,-0.04402,0.012,2.54956,0.54956,-0.04402,-0.988,3.13327,-0.00045,-0.17229,625.0,15.676
37,1.2346,Midnight 00:00,0.1,1,-0.05656,0.012,2.55035,0.55035,-0.05656,-0.988,3.105,-0.00113,-0.44933,600.0,15.691
38,1.2679,Midnight 00:00,0.1,1,-0.0724,0.012,2.55025,0.55025,-0.0724,-0.988,3.10632,-0.00113,-0.44076,600.0,15.692
39,1.3013,Midnight 00:00,0.1,1,-0.0836,0.012,2.5491,0.5491,-0.0836,-0.988,3.13448,-0.00045,-0.15672,625.0,15.677
40,1.3347,Midnight 00:00,0.1,1,-0.09615,0.012,2.5501,0.5501,-0.09615,-0.988,3.1082,-0.00113,-0.42825,600.0,15.693
41,1.368,Midnight 00:00,0.1,1,-0.10735,0.012,2.54886,0.54886,-0.10735,-0.988,3.13511,-0.00045,-0.14833,625.0,15.68
42,1.4014,Midnight 00:00,0.1,1,-0.12317,0.012,2.5487,0.5487,-0.12317,-0.988,3.1355,-0.00044,-0.1431,625.0,15.685
43,1.4348,Midnight 00:00,0.1,1,-0.13573,0.012,2.54986,0.54986,-0.13573,-0.988,3.11111,-0.00112,-0.4083,600.0,15.697
44,1.4681,Midnight 00:00,0.1,1,-0.14691,0.012,2.54849,0.54849,-0.14691,-0.988,3.13603,-0.00044,-0.13575,625.0,15.678
45,1.5015,Midnight 00:00,0.1,1,-0.15948,0.012,2.54972,0.54972,-0.15948,-0.988,3.11271,-0.00112,-0.39686,600.0,15.692
46,1.5349,Midnight 00:00,0.1,1,-0.17531,0.012,2.54963,0.54963,-0.17531,-0.988,3.11373,-0.00112,-0.38945,600.0,15.69
47,1.5682,Midnight 00:00,0.1,1,-0.18648,0.012,2.54816,0.54816,-0.18648,-0.988,3.1368,-0.00043,-0.12469,625.0,15.676
48,1.6016,Midnight 00:00,0.1,1,-0.19905,0.012,2.5495,0.5495,-0.19905,-0.988,3.11519,-0.00111,-0.37866,600.0,15.694
49,1.635,Midnight 00:00,0.1,1,-0.21022,0.012,2.54799,0.54799,-0.21022,-0.988,3.13721,-0.00042,-0.1187,625.0,15.679
50,1.6683,Midnight 00:00,0.1,1,-0.2228,0.012,2.54937,0.54937,-0.2228,-0.988,3.11656,-0.0011,-0.36824,600.0,15.689
51,1.7017,Midnight 00:00,0.1,1,-0.23862,0.012,2.54929,0.54929,-0.23862,-0.988,3.11743,-0.0011,-0.3615,600.0,15.697
52,1.7351,Midnight 00:00,0.1,1,-0.24978,0.012,2.54774,0.54774,-0.24978,-0.988,3.13779,-0.0004,-0.10965,625.0,15.673
53,1.7684,Midnight 00:00,0.1,1,-0.26236,0.012,2.54916,0.54916,-0.26236,-0.988,3.11867,-0.00109,-0.35169,600.0,15.691
54,1.8018,Midnight 00:00,0.1,1,-0.27546,0.01178,2.54399,0.54399,-0.27546,-0.98822,-3.18445,-0.01085,0.26069,612.5,15.684
55,1.8352,Midnight 00:00,0.1,1,-0.2861,0.012,2.54905,0.54905,-0.2861,-0.988,3.11984,-0.00108,-0.34223,600.0,15.68
56,1.8685,Midnight 00:00,0.1,1,-0.30193,0.012,2.54897,0.54897,-0.30193,-0.988,3.12058,-0.00107,-0.33612,600.0,15.692
57,1.9019,Midnight 00:00,0.1,1,-0.31307,0.012,2.54741,0.54741,-0.31307,-0.988,3.13855,-0.00038,-0.09727,625.0,15.674
58,1.9353,Midnight 00:00,0.1,1,-0.32567,0.012,2.54886,0.54886,-0.32567,-0.988,3.12163,-0.00106,-0.32722,600.0,15.688
59,1.9686,Midnight 00:00,0.1,1,-0.34149,0.012,2.54878,0.54878,-0.34149,-0.988,3.1223,-0.00106,-0.32148,600.0,15.688
60,2.002,Midnight 00:00,0.1,1,-0.36523,0.012,2.54868,0.54868,-0.36523,-0.988,3.12325,-0.00105,-0.31312,600.0,15.689
61,2.0354,Midnight 00:00,0.1,1,-0.36523,0.012,2.54868,0.54868,-0.36523,-0.988,3.12325,-0.00105,-0.31312,600.0,15.689
62,2.0687,Midnight 00:00,0.1,1,-0.3782,0.01179,2.54405,0.54405,-0.3782,-0.98821,-3.18481,-0.00944,0.22568,612.5,15.679
63,2.1021,Midnight 00:00,0.1,1,-0.38956,0.01228,2.54079,0.54079,-0.38956,-0.98772,-3.05594,0.00641,0.21364,612.5,15.68
64,2.1355,Midnight 00:00,0.1,1,-0.40479,0.012,2.54851,0.54851,-0.40479,-0.988,3.12472,-0.00103,-0.29987,600.0,15.686
65,2.1688,Midnight 00:00,0.1,1,-0.41593,0.012,2.54703,0.54703,-0.41593,-0.988,3.13942,-0.00034,-0.08149,625.0,15.671
66,2.2022,Midnight 00:00,0.1,1,-0.42853,0.012,2.54841,0.54841,-0.42853,-0.988,3.12553,-0.00102,-0.29231,600.0,15.685
67,2.2356,Midnight 00:00,0.1,1,-0.43966,0.012,2.54696,0.54696,-0.43966,-0.988,3.13957,-0.00033,-0.07845,625.0,15.682
68,2.2689,Midnight 00:00,0.1,1,-0.45277,0.01227,2.54114,0.54114,-0.45277,-0.98773,-3.06055,0.00537,0.19684,612.5,15.674
69,2.3023,Midnight 00:00,0.1,1,-0.46809,0.012,2.54826,0.54826,-0.46809,-0.988,3.12677,-0.001,-0.28033,600.0,15.688
70,2.3357,Midnight 00:00,0.1,1,-0.47923,0.012,2.54686,0.54686,-0.47923,-0.988,3.1398,-0.00031,-0.0738,625.0,15.671
71,2.369,Midnight 00:00,0.1,1,-0.49182,0.012,2.54818,0.54818,-0.49182,-0.988,3.12746,-0.00098,-0.27349,600.0,15.682
72,2.4024,Midnight 00:00,0.1,1,-0.48215,0.00721,2.42502,0.42502,-0.48215,-0.99279,-3.105,0.00369,-1.02821,636.5,15.684
73,2.4358,Midnight 00:00,0.1,1,-0.51879,0.012,2.54678,0.54678,-0.51879,-0.988,3.13999,-0.0003,-0.06961,625.0,15.673
74,2.4691,Midnight 00:00,0.1,1,-0.53138,0.012,2.54804,0.54804,-0.53138,-0.988,3.12853,-0.00096,-0.26265,600.0,15.683
75,2.5025,Midnight 00:00,0.1,1,-0.54425,0.01181,2.5443,0.5443,-0.54425,-0.98819,-3.18339,-0.00753,0.18205,612.5,15.675
76,2.5359,Midnight 00:00,0.1,1,-0.55554,0.01225,2.54172,0.54172,-0.55554,-0.98775,-3.06773,0.00397,0.17358,612.5,15.672
77,2.5692,Midnight 00:00,0.1,1,-0.57094,0.012,2.54792,0.54792,-0.57094,-0.988,3.12949,-0.00094,-0.25246,600.0,15.682
78,2.6026,Midnight 00:00,0.1,1,-0.58209,0.012,2.54666,0.54666,-0.58209,-0.988,3.14024,-0.00028,-0.06372,625.0,15.666
79,2.636,Midnight 00:00,0.1,1,-0.59467,0.012,2.54785,0.54785,-0.59467,-0.988,3.13003,-0.00093,-0.24665,600.0,15.679
80,2.6693,Midnight 00:00,0.1,1,-0.61049,0.012,2.5478,0.5478,-0.61049,-0.988,3.13037,-0.00092,-0.24289,600.0,15.676
81,2.7027,Midnight 00:00,0.1,1,-0.62165,0.012,2.54661,0.54661,-0.62165,-0.988,3.14037,-0.00027,-0.06047,625.0,15.665
82,2.7361,Midnight 00:00,0.1,1,-0.63423,0.012,2.54774,0.54774,-0.63423,-0.988,3.13086,-0.00091,-0.23742,600.0,15.681
83,2.7694,Midnight 00:00,0.1,1,-0.64539,0.012,2.54657,0.54657,-0.64539,-0.988,3.14044,-0.00026,-0.05867,625.0,15.663
84,2.8028,Midnight 00:00,0.1,1,-0.65862,0.01173,2.54327,0.54327,-0.65862,-0.98827,3.07156,0.0016,-0.15285,612.5,15.674
85,2.8362,Midnight 00:00,0.1,1,-0.67378,0.012,2.54763,0.54763,-0.67378,-0.988,3.13161,-0.00089,-0.22874,600.0,15.674
86,2.8695,Midnight 00:00,0.1,1,-0.68496,0.012,2.54653,0.54653,-0.68496,-0.988,3.14055,-0.00025,-0.05587,625.0,15.658
87,2.9029,Midnight 00:00,0.1,1,-0.71038,0.01182,2.54462,0.54462,-0.71038,-0.98818,-3.18075,-0.00607,0.15043,612.5,15.667
88,2.9363,Midnight 00:00,0.1,1,-0.72166,0.01222,2.54259,0.54259,-0.72166,-0.98778,-3.07809,0.00238,0.14437,612.5,15.661
89,2.9696,Midnight 00:00,0.1,1,-0.72166,0.01222,2.54259,0.54259,-0.72166,-0.98778,-3.07809,0.00238,0.14437,612.5,15.661
90,3.003,Midnight 00:00,0.1,1,-0.73707,0.012,2.54748,0.54748,-0.73707,-0.988,3.13267,-0.00086,-0.21589,600.0,15.669
91,3.0364,Midnight 00:00,0.1,1,-0.74827,0.012,2.54646,0.54646,-0.74827,-0.988,3.14069,-0.00023,-0.05186,625.0,15.657
92,3.0697,Midnight 00:00,0.1,1,-0.76081,0.012,2.54743,0.54743,-0.76081,-0.988,3.13303,-0.00084,-0.21138,600.0,15.668
93,3.1031,Midnight 00:00,0.1,1,-0.77663,0.012,2.5474,0.5474,-0.77663,-0.988,3.13326,-0.00084,-0.20846,600.0,15.668
94,3.1365,Midnight 00:00,0.1,1,-0.78784,0.012,2.54643,0.54643,-0.78784,-0.988,3.14077,-0.00022,-0.04962,625.0,15.652
95,3.1698,Midnight 00:00,0.1,1,-0.80036,0.012,2.54735,0.54735,-0.80036,-0.988,3.13359,-0.00082,-0.20421,600.0,15.668
96,3.2032,Midnight 00:00,0.1,1,-0.81324,0.01184,2.5448,0.5448,-0.81324,-0.98816,-3.17891,-0.00535,0.13522,612.5,15.656
97,3.2366,Midnight 00:00,0.1,1,-0.82454,0.0122,2.54305,0.54305,-0.82454,-0.9878,-3.08363,0.0017,0.13024,612.5,15.658
98,3.2699,Midnight 00:00,0.1,1,-0.83992,0.012,2.54728,0.54728,-0.83992,-0.988,3.1341,-0.0008,-0.19744,600.0,15.664
99,3.3033,Midnight 00:00,0.1,1,-0.85115,0.012,2.54638,0.54638,-0.85115,-0.988,3.14087,-0.00021,-0.04639,625.0,15.649
100,3.3367,Midnight 00:00,0.1,1,-0.89896,0.00833,2.65245,0.65245,-0.89896,-0.99167,3.14101,-0.00014,-0.04592,576.0,15.671
101,3.37,Midnight 00:00,0.1,1,-0.86365,-0.004,2.54722,0.54722,-0.86365,-1.004,3.13603,0.00026,-0.19368,600.0,15.65
102,3.4034,Midnight 00:00,0.1,1,-0.89896,-0.01667,2.65245,0.65245,-0.89896,-1.01667,3.14175,0.00028,-0.04592,576.0,15.658
103,3.4368,Midnight 00:00,0.1,1,-0.89897,-0.03333,2.65247,0.65247,-0.89897,-1.03333,3.14225,0.00055,-0.04589,576.0,15.634
104,3.4701,Midnight 00:00,0.1,1,-0.86371,-0.04401,2.54739,0.54739,-0.86371,-1.04401,3.14014,0.00291,-0.19372,600.0,15.636
105,3.5035,Midnight 00:00,0.1,1,-0.89899,-0.05834,2.65254,0.65254,-0.89899,-1.05834,3.14299,0.00097,-0.0458,576.0,15.627
106,3.5369,Midnight 00:00,0.1,1,-0.86379,-0.06801,2.54763,0.54763,-0.86379,-1.06801,3.14261,0.00449,-0.19357,600.0,15.612
107,3.5702,Midnight 00:00,0.1,1,-0.89902,-0.08334,2.65264,0.65264,-0.89902,-1.08334,3.14373,0.00138,-0.04565,576.0,15.624
108,3.6036,Midnight 00:00,0.1,1,-0.8639,-0.09203,2.54797,0.54797,-0.8639,-1.09203,3.14507,0.00607,-0.19328,600.0,15.623
109,3.637,Midnight 00:00,0.1,1,-0.864,-0.10805,2.54825,0.54825,-0.864,-1.10805,3.14671,0.00712,-0.19302,600.0,15.62
110,3.6703,Midnight 00:00,0.1,1,-0.8991,-0.12502,2.65288,0.65288,-0.8991,-1.12502,3.14494,0.00205,-0.04529,576.0,15.634
111,3.7037,Midnight 00:00,0.1,1,-0.86417,-0.13209,2.54876,0.54876,-0.86417,-1.13209,3.14916,0.00868,-0.19253,600.0,15.626
112,3.7371,Midnight 00:00,0.1,1,-0.89917,-0.15004,2.65307,0.65307,-0.89917,-1.15004,3.14565,0.00244,-0.045,576.0,15.639
113,3.7704,Midnight 00:00,0.1,1,-0.89921,-0.16672,2.65321,0.65321,-0.89921,-1.16672,3.14611,0.0027,-0.04478,576.0,15.644
114,3.8038,Midnight 00:00,0.1,1,-0.86452,-0.17218,2.54982,0.54982,-0.86452,-1.17218,3.15321,0.01125,-0.19141,600.0,15.634
115,3.8372,Midnight 00:00,0.1,1,-0.89929,-0.19174,2.65345,0.65345,-0.89929,-1.19174,3.1468,0.00308,-0.04441,576.0,15.65
116,3.8705,Midnight 00:00,0.1,1,-0.86478,-0.19627,2.55059,0.55059,-0.86478,-1.19627,3.15562,0.01277,-0.19057,600.0,15.646
117,3.9039,Midnight 00:00,0.1,1,-0.86497,-0.21234,2.55115,0.55115,-0.86497,-1.21234,3.15721,0.01377,-0.18994,600.0,15.65
118,3.9373,Midnight 00:00,0.1,1,-0.89945,-0.23346,2.65392,0.65392,-0.89945,-1.23346,3.14791,0.0037,-0.04369,576.0,15.656
119,3.9706,Midnight 00:00,0.1,1,-0.86528,-0.23646,2.55207,0.55207,-0.86528,-1.23646,3.15958,0.01525,-0.1889,600.0,15.646
120,4.004,Midnight 00:00,0.1,1,-0.89955,-0.25851,2.65423,0.65423,-0.89955,-1.25851,3.14855,0.00405,-0.0432,576.0,15.664
121,4.0374,Midnight 00:00,0.1,1,-0.89963,-0.27521,2.65445,0.65445,-0.89963,-1.27521,3.14896,0.00427,-0.04285,576.0,15.665
122,4.0707,Midnight 00:00,0.1,1,-0.86586,-0.27673,2.5538,0.5538,-0.86586,-1.27673,3.16345,0.01766,-0.18689,600.0,15.656
123,4.1041,Midnight 00:00,0.1,1,-0.89975,-0.30027,2.65481,0.65481,-0.89975,-1.30027,3.14956,0.0046,-0.04229,576.0,15.67
124,4.1375,Midnight 00:00,0.1,1,-0.86625,-0.30093,2.55496,0.55496,-0.86625,-1.30093,3.16574,0.01907,-0.18553,600.0,15.658
125,4.1708,Midnight 00:00,0.1,1,-0.89987,-0.32534,2.65518,0.65518,-0.89987,-1.32534,3.15014,0.00492,-0.0417,576.0,15.671
126,4.2042,Midnight 00:00,0.1,1,-0.89996,-0.34206,2.65544,0.65544,-0.89996,-1.34206,3.15051,0.00512,-0.04129,576.0,15.677
127,4.2376,Midnight 00:00,0.1,1,-0.86695,-0.34134,2.55706,0.55706,-0.86695,-1.34134,3.16945,0.02134,-0.183,600.0,15.661
128,4.2709,Midnight 00:00,0.1,1,-0.9001,-0.36714,2.65585,0.65585,-0.9001,-1.36714,3.15105,0.00542,-0.04065,576.0,15.683
129,4.3043,Midnight 00:00,0.1,1,-0.90019,-0.38387,2.65613,0.65613,-0.90019,-1.38387,3.15139,0.0056,-0.0402,576.0,15.677
130,4.3377,Midnight 00:00,0.1,1,-0.86773,-0.38184,2.55938,0.55938,-0.86773,-1.38184,3.17304,0.02351,-0.18017,600.0,15.673
131,4.371,Midnight 00:00,0.1,1,-0.90034,-0.40897,2.65656,0.65656,-0.90034,-1.40897,3.15189,0.00587,-0.03952,576.0,15.681
132,4.4044,Midnight 00:00,0.1,1,-0.86823,-0.4062,2.56086,0.56086,-0.86823,-1.4062,3.17514,0.02476,-0.17834,600.0,15.666
133,4.4378,Midnight 00:00,0.1,1,-0.90049,-0.43409,2.65701,0.65701,-0.90049,-1.43409,3.15235,0.00612,-0.03881,576.0,15.681
134,4.4711,Midnight 00:00,0.1,1,-0.90059,-0.45083,2.65731,0.65731,-0.90059,-1.45083,3.15265,0.00628,-0.03833,576.0,15.684
135,4.5045,Midnight 00:00,0.1,1,-0.86911,-0.44687,2.56349,0.56349,-0.86911,-1.44687,3.17851,0.02675,-0.17506,600.0,15.666
136,4.5379,Midnight 00:00,0.1,1,-0.90074,-0.47596,2.65777,0.65777,-0.90074,-1.47596,3.15307,0.0065,-0.03759,576.0,15.689
137,4.5712,Midnight 00:00,0.1,1,-0.86967,-0.47133,2.56514,0.56514,-0.86967,-1.47133,3.18045,0.02789,-0.17297,600.0,15.68
138,4.6046,Midnight 00:00,0.1,1,-0.9009,-0.5011,2.65824,0.65824,-0.9009,-1.5011,3.15346,0.00671,-0.03685,576.0,15.684
139,4.638,Midnight 00:00,0.1,1,-0.901,-0.51787,2.65856,0.65856,-0.901,-1.51787,3.15371,0.00684,-0.03634,576.0,15.693
140,4.6713,Midnight 00:00,0.1,1,-0.87063,-0.5122,2.56802,0.56802,-0.87063,-1.5122,3.18356,0.02968,-0.16931,600.0,15.676
141,4.7047,Midnight 00:00,0.1,1,-0.90116,-0.54303,2.65903,0.65903,-0.90116,-1.54303,3.15406,0.00703,-0.03558,576.0,15.692
142,4.7381,Midnight 00:00,0.1,1,-0.90127,-0.5598,2.65935,0.65935,-0.90127,-1.5598,3.15428,0.00714,-0.03506,576.0,15.686
143,4.7714,Midnight 00:00,0.1,1,-0.87164,-0.55318,2.57103,0.57103,-0.87164,-1.55318,3.1865,0.03134,-0.16542,600.0,15.679
144,4.8048,Midnight 00:00,0.1,1,-0.90143,-0.58498,2.65983,0.65983,-0.90143,-1.58498,3.15458,0.0073,-0.03429,576.0,15.694
145,4.8382,Midnight 00:00,0.1,1,-0.87227,-0.57783,2.5729,0.5729,-0.87227,-1.57783,3.18817,0.03227,-0.163,600.0,15.677
146,4.8715,Midnight 00:00,0.1,1,-0.90159,-0.61016,2.66031,0.66031,-0.90159,-1.61016,3.15486,0.00745,-0.03352,576.0,15.691
147,4.9049,Midnight 00:00,0.1,1,-0.9017,-0.62695,2.66063,0.66063,-0.9017,-1.62695,3.15504,0.00754,-0.033,576.0,15.69
148,4.9383,Midnight 00:00,0.1,1,-0.87334,-0.619,2.57608,0.57608,-0.87334,-1.619,3.19081,0.03371,-0.15882,600.0,15.673
149,4.9716,Midnight 00:00,0.1,1,-0.90186,-0.65215,2.66111,0.66111,-0.90186,-1.65215,3.15528,0.00766,-0.03223,576.0,15.696
150,5.005,Midnight 00:00,0.1,1,-0.87286,-0.64139,2.56826,0.56826,-0.87286,-1.64139,-3.09427,-0.05517,0.23118,587.5,15.684
151,5.0384,Midnight 00:00,0.1,1,-0.87443,-0.6603,2.57934,0.57934,-0.87443,-1.6603,3.19325,0.03501,-0.1545,600.0,15.684
152,5.0717,Midnight 00:00,0.1,1,-0.90212,-0.69416,2.6619,0.6619,-0.90212,-1.69416,3.15562,0.00784,-0.03095,576.0,15.697
153,5.1051,Midnight 00:00,0.1,1,-0.8751,-0.68514,2.58132,0.58132,-0.8751,-1.68514,3.19462,0.03572,-0.15184,600.0,15.675
154,5.1385,Midnight 00:00,0.1,1,-0.90228,-0.71938,2.66237,0.66237,-0.90228,-1.71938,3.1558,0.00793,-0.0302,576.0,15.693
155,5.1718,Midnight 00:00,0.1,1,-0.90238,-0.73619,2.66267,0.66267,-0.90238,-1.73619,3.15591,0.00798,-0.02969,576.0,15.688
156,5.2052,Midnight 00:00,0.1,1,-0.87622,-0.72662,2.58466,0.58466,-0.87622,-1.72662,3.19674,0.03679,-0.14734,600.0,15.678
157,5.2386,Midnight 00:00,0.1,1,-0.90254,-0.76142,2.66313,0.66313,-0.90254,-1.76142,3.15605,0.00805,-0.02895,576.0,15.693
158,5.2719,Midnight 00:00,0.1,1,-0.87689,-0.75157,2.58668,0.58668,-0.87689,-1.75157,3.19792,0.03737,-0.1446,600.0,15.678
159,5.3053,Midnight 00:00,0.1,1,-0.90279,-0.80348,2.66387,0.66387,-0.90279,-1.80348,3.15625,0.00814,-0.02774,576.0,15.69
160,5.3387,Midnight 00:00,0.1,1,-0.90279,-0.80348,2.66387,0.66387,-0.90279,-1.80348,3.15625,0.00814,-0.02774,576.0,15.69
161,5.372,Midnight 00:00,0.1,1,-0.90293,-0.82873,2.66431,0.66431,-0.90293,-1.82873,3.15635,0.00819,-0.02703,576.0,15.694
162,5.4054,Midnight 00:00,0.1,1,-0.90293,-0.82873,2.66431,0.66431,-0.90293,-1.82873,3.15635,0.00819,-0.02703,576.0,15.694
163,5.4388,Midnight 00:00,0.1,1,-0.87915,-0.835,2.5934,0.5934,-0.87915,-1.835,3.20131,0.03894,-0.13536,600.0,15.68
164,5.4721,Midnight 00:00,0.1,1,-0.90317,-0.87082,2.66501,0.66501,-0.90317,-1.87082,3.15647,0.00824,-0.02587,576.0,15.692
165,5.5055,Midnight 00:00,0.1,1,-0.87982,-0.86011,2.5954,0.5954,-0.87982,-1.86011,3.20217,0.03931,-0.13257,600.0,15.673
166,5.5389,Midnight 00:00,0.1,1,-0.90331,-0.89608,2.66543,0.66543,-0.90331,-1.89608,3.15653,0.00826,-0.0252,576.0,15.687
167,5.5722,Midnight 00:00,0.1,0,0.0,0.0,0.0,0.0,0.0,0.0,0.0,0.0,0.0,0.0,15.648
168,5.6056,Midnight 00:00,0.1,0,0.0,0.0,0.0,0.0,0.0,0.0,0.0,0.0,0.0,0.0,15.664
169,5.639,Midnight 00:00,0.1,0,0.0,0.0,0.0,0.0,0.0,0.0,0.0,0.0,0.0,0.0,15.655
170,5.6723,Midnight 00:00,0.1,0,0.0,0.0,0.0,0.0,0.0,0.0,0.0,0.0,0.0,0.0,15.655
171,5.7057,Midnight 00:00,0.1,0,0.0,0.0,0.0,0.0,0.0,0.0,0.0,0.0,0.0,0.0,15.661
172,5.7391,Midnight 00:00,0.1,0,0.0,0.0,0.0,0.0,0.0,0.0,0.0,0.0,0.0,0.0,15.667
173,5.7724,Midnight 00:00,0.1,0,0.0,0.0,0.0,0.0,0.0,0.0,0.0,0.0,0.0,0.0,15.657
174,5.8058,Midnight 00:00,0.1,0,0.0,0.0,0.0,0.0,0.0,0.0,0.0,0.0,0.0,0.0,15.675
175,5.8392,Midnight 00:00,0.1,0,0.0,0.0,0.0,0.0,0.0,0.0,0.0,0.0,0.0,0.0,15.67
176,5.8725,Midnight 00:00,0.1,0,0.0,0.0,0.0,0.0,0.0,0.0,0.0,0.0,0.0,0.0,15.667
177,5.9059,Midnight 00:00,0.1,0,0.0,0.0,0.0,0.0,0.0,0.0,0.0,0.0,0.0,0.0,15.681
178,5.9393,Midnight 00:00,0.1,0,0.0,0.0,0.0,0.0,0.0,0.0,0.0,0.0,0.0,0.0,15.668
179,5.9726,Midnight 00:00,0.1,0,0.0,0.0,0.0,0.0,0.0,0.0,0.0,0.0,0.0,0.0,15.68
180,6.006,Midnight 00:00,0.1,0,0.0,0.0,0.0,0.0,0.0,0.0,0.0,0.0,0.0,0.0,15.682
181,6.0394,Midnight 00:00,0.1,0,0.0,0.0,0.0,0.0,0.0,0.0,0.0,0.0,0.0,0.0,15.67
182,6.0727,Midnight 00:00,0.1,0,0.0,0.0,0.0,0.0,0.0,0.0,0.0,0.0,0.0,0.0,15.687
183,6.1061,Midnight 00:00,0.1,0,0.0,0.0,0.0,0.0,0.0,0.0,0.0,0.0,0.0,0.0,15.678
184,6.1395,Midnight 00:00,0.1,0,0.0,0.0,0.0,0.0,0.0,0.0,0.0,0.0,0.0,0.0,15.682
185,6.1728,Midnight 00:00,0.1,0,0.0,0.0,0.0,0.0,0.0,0.0,0.0,0.0,0.0,0.0,15.69
186,6.2062,Midnight 00:00,0.1,0,0.0,0.0,0.0,0.0,0.0,0.0,0.0,0.0,0.0,0.0,15.675
187,6.2396,Midnight 00:00,0.1,0,0.0,0.0,0.0,0.0,0.0,0.0,0.0,0.0,0.0,0.0,15.694
188,6.2729,Midnight 00:00,0.1,0,0.0,0.0,0.0,0.0,0.0,0.0,0.0,0.0,0.0,0.0,15.691
189,6.3063,Midnight 00:00,0.1,0,0.0,0.0,0.0,0.0,0.0,0.0,0.0,0.0,0.0,0.0,15.685
190,6.3397,Midnight 00:00,0.1,0,0.0,0.0,0.0,0.0,0.0,0.0,0.0,0.0,0.0,0.0,15.701
191,6.373,Midnight 00:00,0.1,0,0.0,0.0,0.0,0.0,0.0,0.0,0.0,0.0,0.0,0.0,15.686
192,6.4064,Midnight 00:00,0.1,0,0.0,0.0,0.0,0.0,0.0,0.0,0.0,0.0,0.0,0.0,15.697
193,6.4398,Midnight 00:00,0.1,0,0.0,0.0,0.0,0.0,0.0,0.0,0.0,0.0,0.0,0.0,15.702
194,6.4731,Midnight 00:00,0.1,0,0.0,0.0,0.0,0.0,0.0,0.0,0.0,0.0,0.0,0.0,15.687
195,6.5065,Midnight 00:00,0.1,0,0.0,0.0,0.0,0.0,0.0,0.0,0.0,0.0,0.0,0.0,15.705
196,6.5399,Midnight 00:00,0.1,0,0.0,0.0,0.0,0.0,0.0,0.0,0.0,0.0,0.0,0.0,15.696
197,6.5732,Midnight 00:00,0.1,0,0.0,0.0,0.0,0.0,0.0,0.0,0.0,0.0,0.0,0.0,15.696
198,6.6066,Midnight 00:00,0.1,0,0.0,0.0,0.0,0.0,0.0,0.0,0.0,0.0,0.0,0.0,15.707
199,6.64,Midnight 00:00,0.1,0,0.0,0.0,0.0,0.0,0.0,0.0,0.0,0.0,0.0,0.0,15.691
200,6.6733,Midnight 00:00,0.1,0,0.0,0.0,0.0,0.0,0.0,0.0,0.0,0.0,0.0,0.0,15.707
201,6.7067,Midnight 00:00,0.1,0,0.0,0.0,0.0,0.0,0.0,0.0,0.0,0.0,0.0,0.0,15.695
202,6.7401,Midnight 00:00,0.1,0,0.0,0.0,0.0,0.0,0.0,0.0,0.0,0.0,0.0,0.0,15.695
203,6.7734,Midnight 00:00,0.1,0,0.0,0.0,0.0,0.0,0.0,0.0,0.0,0.0,0.0,0.0,15.713
204,6.8068,Midnight 00:00,0.1,0,0.0,0.0,0.0,0.0,0.0,0.0,0.0,0.0,0.0,0.0,15.698
205,6.8402,Midnight 00:00,0.1,0,0.0,0.0,0.0,0.0,0.0,0.0,0.0,0.0,0.0,0.0,15.705
206,6.8735,Midnight 00:00,0.1,0,0.0,0.0,0.0,0.0,0.0,0.0,0.0,0.0,0.0,0.0,15.693
207,6.9069,Midnight 00:00,0.1,0,0.0,0.0,0.0,0.0,0.0,0.0,0.0,0.0,0.0,0.0,15.713
208,6.9403,Midnight 00:00,0.1,0,0.0,0.0,0.0,0.0,0.0,0.0,0.0,0.0,0.0,0.0,15.713
209,6.9736,Midnight 00:00,0.1,0,0.0,0.0,0.0,0.0,0.0,0.0,0.0,0.0,0.0,0.0,15.704
210,7.007,Midnight 00:00,0.1,0,0.0,0.0,0.0,0.0,0.0,0.0,0.0,0.0,0.0,0.0,15.7
211,7.0404,Midnight 00:00,0.1,0,0.0,0.0,0.0,0.0,0.0,0.0,0.0,0.0,0.0,0.0,15.714
212,7.0737,Midnight 00:00,0.1,0,0.0,0.0,0.0,0.0,0.0,0.0,0.0,0.0,0.0,0.0,15.695
213,7.1071,Midnight 00:00,0.1,0,0.0,0.0,0.0,0.0,0.0,0.0,0.0,0.0,0.0,0.0,15.711
214,7.1405,Midnight 00:00,0.1,0,0.0,0.0,0.0,0.0,0.0,0.0,0.0,0.0,0.0,0.0,15.697
215,7.1738,Midnight 00:00,0.1,0,0.0,0.0,0.0,0.0,0.0,0.0,0.0,0.0,0.0,0.0,15.697
216,7.2072,Midnight 00:00,0.1,0,0.0,0.0,0.0,0.0,0.0,0.0,0.0,0.0,0.0,0.0,15.702
217,7.2406,Midnight 00:00,0.1,0,0.0,0.0,0.0,0.0,0.0,0.0,0.0,0.0,0.0,0.0,15.702
218,7.2739,Midnight 00:00,0.1,0,0.0,0.0,0.0,0.0,0.0,0.0,0.0,0.0,0.0,0.0,15.704
219,7.3073,Midnight 00:00,0.1,0,0.0,0.0,0.0,0.0,0.0,0.0,0.0,0.0,0.0,0.0,15.714
220,7.3407,Midnight 00:00,0.1,0,0.0,0.0,0.0,0.0,0.0,0.0,0.0,0.0,0.0,0.0,15.693
221,7.374,Midnight 00:00,0.1,0,0.0,0.0,0.0,0.0,0.0,0.0,0.0,0.0,0.0,0.0,15.714
222,7.4074,Midnight 00:00,0.1,0,0.0,0.0,0.0,0.0,0.0,0.0,0.0,0.0,0.0,0.0,15.709
223,7.4408,Midnight 00:00,0.1,0,0.0,0.0,0.0,0.0,0.0,0.0,0.0,0.0,0.0,0.0,15.699
224,7.4741,Midnight 00:00,0.1,0,0.0,0.0,0.0,0.0,0.0,0.0,0.0,0.0,0.0,0.0,15.715
225,7.5075,Midnight 00:00,0.1,0,0.0,0.0,0.0,0.0,0.0,0.0,0.0,0.0,0.0,0.0,15.697
226,7.5409,Midnight 00:00,0.1,0,0.0,0.0,0.0,0.0,0.0,0.0,0.0,0.0,0.0,0.0,15.711
227,7.5742,Midnight 00:00,0.1,0,0.0,0.0,0.0,0.0,0.0,0.0,0.0,0.0,0.0,0.0,15.714
228,7.6076,Midnight 00:00,0.1,0,0.0,0.0,0.0,0.0,0.0,0.0,0.0,0.0,0.0,0.0,15.716
229,7.641,Midnight 00:00,0.1,0,0.0,0.0,0.0,0.0,0.0,0.0,0.0,0.0,0.0,0.0,15.716
230,7.6743,Midnight 00:00,0.1,0,0.0,0.0,0.0,0.0,0.0,0.0,0.0,0.0,0.0,0.0,15.705
231,7.7077,Midnight 00:00,0.1,0,0.0,0.0,0.0,0.0,0.0,0.0,0.0,0.0,0.0,0.0,15.701
232,7.7411,Midnight 00:00,0.1,0,0.0,0.0,0.0,0.0,0.0,0.0,0.0,0.0,0.0,0.0,15.715
233,7.7744,Midnight 00:00,0.1,0,0.0,0.0,0.0,0.0,0.0,0.0,0.0,0.0,0.0,0.0,15.697
234,7.8078,Midnight 00:00,0.1,1,-0.02501,-0.90234,2.67378,0.67378,-0.02501,-1.90234,3.34748,0.00724,-0.03401,600.0,15.735
235,7.8412,Midnight 00:00,0.1,1,-0.02502,-0.88517,2.67272,0.67272,-0.02502,-1.88517,3.35281,0.00856,-0.04248,600.0,15.739
236,7.8745,Midnight 00:00,0.1,1,-0.025,-0.87564,2.67999,0.67999,-0.025,-1.87564,3.17495,0.00052,-0.0017,576.0,15.75
237,7.9079,Midnight 00:00,0.1,1,-0.025,-0.85037,2.67996,0.67996,-0.025,-1.85037,3.17598,0.00054,-0.00182,576.0,15.749
238,7.9413,Midnight 00:00,0.1,1,-0.025,-0.85037,2.67996,0.67996,-0.025,-1.85037,3.17598,0.00054,-0.00182,576.0,15.749
239,7.9746,Midnight 00:00,0.1,1,-0.025,-0.83352,2.67994,0.67994,-0.025,-1.83352,3.1767,0.00055,-0.0019,576.0,15.745
240,8.008,Midnight 00:00,0.1,1,-0.02514,-0.81511,2.66361,0.66361,-0.02514,-1.81511,3.37071,0.02212,-0.13469,600.0,15.731
241,8.0414,Midnight 00:00,0.1,1,-0.025,-0.80824,2.6799,0.6799,-0.025,-1.80824,3.17784,0.00058,-0.00205,576.0,15.752
242,8.0747,Midnight 00:00,0.1,1,-0.025,-0.78296,2.67986,0.67986,-0.025,-1.78296,3.17906,0.0006,-0.00221,576.0,15.745
243,8.1081,Midnight 00:00,0.1,1,-0.025,-0.78296,2.67986,0.67986,-0.025,-1.78296,3.17906,0.0006,-0.00221,576.0,15.745
244,8.1415,Midnight 00:00,0.1,1,-0.025,-0.76611,2.67983,0.67983,-0.025,-1.76611,3.17992,0.00061,-0.00232,576.0,15.749
245,8.1748,Midnight 00:00,0.1,1,-0.02519,-0.74365,2.64763,0.64763,-0.02519,-1.74365,3.36864,0.03379,-0.23065,600.0,15.727
246,8.2082,Midnight 00:00,0.1,1,-0.025,-0.74083,2.67978,0.67978,-0.025,-1.74083,3.18128,0.00064,-0.00252,576.0,15.749
247,8.2416,Midnight 00:00,0.1,1,-0.02519,-0.71704,2.64152,0.64152,-0.02519,-1.71704,3.36336,0.0362,-0.25665,600.0,15.738
248,8.2749,Midnight 00:00,0.1,1,-0.02519,-0.69939,2.63751,0.63751,-0.02519,-1.69939,3.35912,0.03742,-0.27211,600.0,15.738
249,8.3083,Midnight 00:00,0.1,1,-0.025,-0.69869,2.67968,0.67968,-0.025,-1.69869,3.18378,0.00069,-0.00291,576.0,15.751
250,8.3417,Midnight 00:00,0.1,1,-0.02506,-0.68112,2.66274,0.66274,-0.02506,-1.68112,3.33365,0.01437,-0.10451,600.0,15.729
251,8.375,Midnight 00:00,0.1,1,-0.025,-0.67341,2.67961,0.67961,-0.025,-1.67341,3.18544,0.00073,-0.0032,576.0,15.749
252,8.4084,Midnight 00:00,0.1,1,-0.025,-0.65655,2.67955,0.67955,-0.025,-1.65655,3.18661,0.00075,-0.00341,576.0,15.747
253,8.4418,Midnight 00:00,0.1,1,-0.02516,-0.62947,2.62219,0.62219,-0.02516,-1.62947,3.33881,0.04006,-0.32321,600.0,15.728
254,8.4751,Midnight 00:00,0.1,1,-0.025,-0.63126,2.67946,0.67946,-0.025,-1.63126,3.18849,0.00079,-0.00378,576.0,15.75
255,8.5085,Midnight 00:00,0.1,1,-0.02514,-0.60352,2.61678,0.61678,-0.02514,-1.60352,3.33036,0.04034,-0.33902,600.0,15.737
256,8.5419,Midnight 00:00,0.1,1,-0.02513,-0.58631,2.61328,0.61328,-0.02513,-1.58631,3.32458,0.04035,-0.34875,600.0,15.743
257,8.5752,Midnight 00:00,0.1,1,-0.025,-0.58911,2.67926,0.67926,-0.025,-1.58911,3.19196,0.00087,-0.00457,576.0,15.75
258,8.6086,Midnight 00:00,0.1,1,-0.02497,-0.57251,2.66253,0.66253,-0.02497,-1.57251,3.32719,0.00771,-0.06495,600.0,15.723
259,8.642,Midnight 00:00,0.1,1,-0.025,-0.56381,2.67912,0.67912,-0.025,-1.56381,3.19427,0.00093,-0.00518,576.0,15.749
260,8.6753,Midnight 00:00,0.1,1,-0.02516,-0.54458,2.64792,0.64792,-0.02516,-1.54458,3.27171,0.02197,-0.20997,600.0,15.742
261,8.7087,Midnight 00:00,0.1,1,-0.02522,-0.52278,2.62235,0.62235,-0.02522,-1.52278,3.24856,0.03432,-0.33744,600.0,15.737
262,8.7421,Midnight 00:00,0.1,1,-0.025,-0.52165,2.67879,0.67879,-0.025,-1.52165,3.19851,0.00106,-0.00654,576.0,15.752
263,8.7754,Midnight 00:00,0.1,1,-0.02508,-0.49275,2.59565,0.59565,-0.02508,-1.49275,3.29146,0.03842,-0.3929,600.0,15.73
264,8.8088,Midnight 00:00,0.1,1,-0.025,-0.49634,2.67854,0.67854,-0.025,-1.49634,3.20129,0.00116,-0.00769,576.0,15.747
265,8.8422,Midnight 00:00,0.1,1,-0.025,-0.47946,2.67833,0.67833,-0.025,-1.47946,3.20322,0.00123,-0.00866,576.0,15.745
266,8.8755,Midnight 00:00,0.1,1,-0.02505,-0.45078,2.58856,0.58856,-0.02505,-1.45078,3.27601,0.03666,-0.40866,600.0,15.728
267,8.9089,Midnight 00:00,0.1,1,-0.025,-0.45414,2.67796,0.67796,-0.025,-1.45414,3.20616,0.00137,-0.01056,576.0,15.745
268,8.9423,Midnight 00:00,0.1,1,-0.02504,-0.42576,2.58459,0.58459,-0.02504,-1.42576,3.26669,0.03539,-0.41703,600.0,15.73
269,8.9756,Midnight 00:00,0.1,1,-0.02503,-0.40914,2.58206,0.58206,-0.02503,-1.40914,3.26047,0.03446,-0.42219,600.0,15.732
270,9.009,Midnight 00:00,0.1,1,-0.02501,-0.41191,2.67708,0.67708,-0.02501,-1.41191,3.21081,0.00174,-0.01593,576.0,15.735
271,9.0424,Midnight 00:00,0.1,1,-0.02501,-0.38429,2.57845,0.57845,-0.02501,-1.38429,3.25112,0.03297,-0.42933,600.0,15.715
272,9.0757,Midnight 00:00,0.1,1,-0.02501,-0.38656,2.67634,0.67634,-0.02501,-1.38656,3.21306,0.00211,-0.02189,576.0,15.733
273,9.1091,Midnight 00:00,0.1,1,-0.02343,-0.36255,2.60906,0.60906,-0.02343,-1.36255,-3.06799,0.01003,-0.38065,588.0,15.726
274,9.1425,Midnight 00:00,0.1,1,-0.02499,-0.3431,2.5729,0.5729,-0.02499,-1.3431,3.23553,0.03022,-0.43974,600.0,15.717
275,9.1758,Midnight 00:00,0.1,1,-0.02505,-0.34427,2.67448,0.67448,-0.02505,-1.34427,3.21503,0.00334,-0.04347,576.0,15.73
276,9.2092,Midnight 00:00,0.1,1,-0.02498,-0.3185,2.56987,0.56987,-0.02498,-1.3185,3.2262,0.02843,-0.44515,600.0,15.709
277,9.2426,Midnight 00:00,0.1,1,-0.02508,-0.31885,2.67276,0.67276,-0.02508,-1.31885,3.215,0.00451,-0.06642,576.0,15.715
278,9.2759,Midnight 00:00,0.1,1,-0.02511,-0.3019,2.67136,0.67136,-0.02511,-1.3019,3.21422,0.00522,-0.08281,576.0,15.716
279,9.3093,Midnight 00:00,0.1,1,-0.02496,-0.27769,2.56529,0.56529,-0.02496,-1.27769,3.21068,0.02527,-0.45285,600.0,15.696
280,9.3427,Midnight 00:00,0.1,1,-0.02514,-0.27649,2.66913,0.66913,-0.02514,-1.27649,3.21158,0.00595,-0.10463,576.0,15.708
281,9.376,Midnight 00:00,0.1,1,-0.02494,-0.2533,2.56284,0.56284,-0.02494,-1.2533,3.2014,0.02328,-0.45672,600.0,15.697
282,9.4094,Midnight 00:00,0.1,1,-0.02494,-0.23707,2.56133,0.56133,-0.02494,-1.23707,3.19524,0.02191,-0.459,600.0,15.692
283,9.4428,Midnight 00:00,0.1,1,-0.02517,-0.23427,2.66554,0.66554,-0.02517,-1.23427,3.20389,0.00629,-0.13231,576.0,15.697
284,9.4761,Midnight 00:00,0.1,1,-0.02493,-0.21279,2.55925,0.55925,-0.02493,-1.21279,3.18601,0.01981,-0.46199,600.0,15.674
285,9.5095,Midnight 00:00,0.1,1,-0.02518,-0.20901,2.66359,0.66359,-0.02518,-1.20901,3.19794,0.00612,-0.14486,576.0,15.684
286,9.5429,Midnight 00:00,0.1,1,-0.02519,-0.1922,2.6624,0.6624,-0.02519,-1.1922,3.1936,0.0059,-0.15192,576.0,15.686
287,9.5762,Midnight 00:00,0.1,1,-0.02492,-0.17244,2.55627,0.55627,-0.02492,-1.17244,3.17073,0.01621,-0.46585,600.0,15.667
288,9.6096,Midnight 00:00,0.1,1,-0.02519,-0.16702,2.66079,0.66079,-0.02519,-1.16702,3.18671,0.00541,-0.16086,576.0,15.681
289,9.643,Midnight 00:00,0.1,1,-0.02491,-0.14829,2.55478,0.55478,-0.02491,-1.14829,3.16162,0.014,-0.46752,600.0,15.663
290,9.6763,Midnight 00:00,0.1,1,-0.0251,-0.13586,2.59031,0.59031,-0.0251,-1.13586,-2.99148,-0.02644,0.38657,588.0,15.669
291,9.7097,Midnight 00:00,0.1,1,-0.0252,-0.12516,2.65858,0.65858,-0.0252,-1.12516,3.17454,0.00433,-0.17205,576.0,15.673
292,9.7431,Midnight 00:00,0.1,1,-0.0249,-0.10813,2.55279,0.55279,-0.0249,-1.10813,3.14654,0.01026,-0.46925,600.0,15.649
293,9.7764,Midnight 00:00,0.1,1,-0.0252,-0.10009,2.65755,0.65755,-0.0252,-1.10009,3.16699,0.00356,-0.17685,576.0,15.659
294,9.8098,Midnight 00:00,0.1,1,-0.0249,-0.08407,2.55189,0.55189,-0.0249,-1.08407,3.13757,0.00799,-0.46969,600.0,15.651
295,9.8432,Midnight 00:00,0.1,1,-0.02489,-0.06804,2.55142,0.55142,-0.02489,-1.06804,3.13161,0.00646,-0.46972,600.0,15.641
296,9.8765,Midnight 00:00,0.1,1,-0.02521,-0.05836,2.65634,0.65634,-0.02521,-1.05836,3.15419,0.00213,-0.18205,576.0,15.662
297,9.9099,Midnight 00:00,0.1,1,-0.02489,-0.04402,2.5509,0.5509,-0.02489,-1.04402,3.12272,0.00418,-0.46942,600.0,15.655
298,9.9433,Midnight 00:00,0.1,1,-0.02521,-0.03334,2.65592,0.65592,-0.02521,-1.03334,3.14647,0.00123,-0.18361,576.0,15.672
299,9.9766,Midnight 00:00,0.1,1,-0.02489,-0.02001,2.5506,0.5506,-0.02489,-1.02001,3.11389,0.0019,-0.46867,600.0,15.674
300,10.01,Midnight 00:00,0.1,1,-0.02489,-0.02001,2.5506,0.5506,-0.02489,-1.02001,3.11389,0.0019,-0.46867,600.0,15.674
301,10.0434,Midnight 00:00,0.1,1,-0.02489,-0.02001,2.5506,0.5506,-0.02489,-1.02001,3.11389,0.0019,-0.46867,600.0,15.674
302,10.0767,Midnight 00:00,0.1,1,-0.02489,-0.02001,2.5506,0.5506,-0.02489,-1.02001,3.11389,0.0019,-0.46867,600.0,15.674
303,10.1101,Midnight 00:00,0.1,1,-0.02489,-0.02001,2.5506,0.5506,-0.02489,-1.02001,3.11389,0.0019,-0.46867,600.0,15.674
304,10.1435,Midnight 00:00,0.1,1,-0.02489,-0.02001,2.5506,0.5506,-0.02489,-1.02001,3.11389,0.0019,-0.46867,600.0,15.674
305,10.1768,Midnight 00:00,0.1,1,-0.02489,-0.02001,2.5506,0.5506,-0.02489,-1.02001,3.11389,0.0019,-0.46867,600.0,15.674
306,10.2102,Midnight 00:00,0.1,1,-0.02489,-0.02001,2.5506,0.5506,-0.02489,-1.02001,3.11389,0.0019,-0.46867,600.0,15.674
307,10.2436,Midnight 00:00,0.1,1,-0.02489,-0.02001,2.5506,0.5506,-0.02489,-1.02001,3.11389,0.0019,-0.46867,600.0,15.674
308,10.2769,Midnight 00:00,0.1,1,-0.02489,-0.02001,2.5506,0.5506,-0.02489,-1.02001,3.11389,0.0019,-0.46867,600.0,15.674
309,10.3103,Midnight 00:00,0.1,1,-0.02489,-0.02001,2.5506,0.5506,-0.02489,-1.02001,3.11389,0.0019,-0.46867,600.0,15.674
310,10.3437,Midnight 00:00,0.1,1,-0.02489,-0.02001,2.5506,0.5506,-0.02489,-1.02001,3.11389,0.0019,-0.46867,600.0,15.674
311,10.377,Midnight 00:00,0.1,1,-0.02489,-0.02001,2.5506,0.5506,-0.02489,-1.02001,3.11389,0.0019,-0.46867,600.0,15.674
312,10.4104,Midnight 00:00,0.1,1,-0.02489,-0.02001,2.5506,0.5506,-0.02489,-1.02001,3.11389,0.0019,-0.46867,600.0,15.674
313,10.4438,Midnight 00:00,0.1,1,-0.02489,-0.02001,2.5506,0.5506,-0.02489,-1.02001,3.11389,0.0019,-0.46867,600.0,15.674
314,10.4771,Midnight 00:00,0.1,1,-0.02489,-0.02001,2.5506,0.5506,-0.02489,-1.02001,3.11389,0.0019,-0.46867,600.0,15.674
315,10.5105,Midnight 00:00,0.1,1,-0.02489,-0.02001,2.5506,0.5506,-0.02489,-1.02001,3.11389,0.0019,-0.46867,600.0,15.674
316,10.5439,Midnight 00:00,0.1,1,-0.02489,-0.02001,2.5506,0.5506,-0.02489,-1.02001,3.11389,0.0019,-0.46867,600.0,15.674
317,10.5772,Midnight 00:00,0.1,1,-0.02489,-0.02001,2.5506,0.5506,-0.02489,-1.02001,3.11389,0.0019,-0.46867,600.0,15.674
318,10.6106,Midnight 00:00,0.1,1,-0.02489,-0.02001,2.5506,0.5506,-0.02489,-1.02001,3.11389,0.0019,-0.46867,600.0,15.674
319,10.644,Midnight 00:00,0.1,1,-0.02489,-0.02001,2.5506,0.5506,-0.02489,-1.02001,3.11389,0.0019,-0.46867,600.0,15.674
320,10.6773,Midnight 00:00,0.1,1,-0.02489,-0.02001,2.5506,0.5506,-0.02489,-1.02001,3.11389,0.0019,-0.46867,600.0,15.674
321,10.7107,Midnight 00:00,0.1,1,-0.02489,-0.02001,2.5506,0.5506,-0.02489,-1.02001,3.11389,0.0019,-0.46867,600.0,15.674
322,10.7441,Midnight 00:00,0.1,1,-0.02489,-0.02001,2.5506,0.5506,-0.02489,-1.02001,3.11389,0.0019,-0.46867,600.0,15.674
323,10.7774,Midnight 00:00,0.1,1,-0.02489,-0.02001,2.5506,0.5506,-0.02489,-1.02001,3.11389,0.0019,-0.46867,600.0,15.674
324,10.8108,Midnight 00:00,0.1,1,-0.02489,-0.02001,2.5506,0.5506,-0.02489,-1.02001,3.11389,0.0019,-0.46867,600.0,15.674
325,10.8442,Midnight 00:00,0.1,1,-0.02489,-0.02001,2.5506,0.5506,-0.02489,-1.02001,3.11389,0.0019,-0.46867,600.0,15.674
326,10.8775,Midnight 00:00,0.1,1,-0.02489,-0.02001,2.5506,0.5506,-0.02489,-1.02001,3.11389,0.0019,-0.46867,600.0,15.674
327,10.9109,Midnight 00:00,0.1,1,-0.02489,-0.02001,2.5506,0.5506,-0.02489,-1.02001,3.11389,0.0019,-0.46867,600.0,15.674
328,10.9443,Midnight 00:00,0.1,1,-0.02489,-0.02001,2.5506,0.5506,-0.02489,-1.02001,3.11389,0.0019,-0.46867,600.0,15.674
329,10.9776,Midnight 00:00,0.1,1,-0.02489,-0.02001,2.5506,0.5506,-0.02489,-1.02001,3.11389,0.0019,-0.46867,600.0,15.674
330,11.011,Midnight 00:00,0.1,1,-0.02489,-0.02001,2.5506,0.5506,-0.02489,-1.02001,3.11389,0.0019,-0.46867,600.0,15.674
331,11.0444,Midnight 00:00,0.1,1,-0.02489,-0.02001,2.5506,0.5506,-0.02489,-1.02001,3.11389,0.0019,-0.46867,600.0,15.674
332,11.0777,Midnight 00:00,0.1,1,-0.02489,-0.02001,2.5506,0.5506,-0.02489,-1.02001,3.11389,0.0019,-0.46867,600.0,15.674
333,11.1111,Midnight 00:00,0.1,1,-0.02489,-0.02001,2.5506,0.5506,-0.02489,-1.02001,3.11389,0.0019,-0.46867,600.0,15.674
334,11.1445,Midnight 00:00,0.1,1,-0.02489,-0.02001,2.5506,0.5506,-0.02489,-1.02001,3.11389,0.0019,-0.46867,600.0,15.674
335,11.1778,Midnight 00:00,0.1,1,-0.02489,-0.02001,2.5506,0.5506,-0.02489,-1.02001,3.11389,0.0019,-0.46867,600.0,15.674
336,11.2112,Midnight 00:00,0.1,1,-0.02489,-0.02001,2.5506,0.5506,-0.02489,-1.02001,3.11389,0.0019,-0.46867,600.0,15.674
337,11.2446,Midnight 00:00,0.1,1,-0.02489,-0.02001,2.5506,0.5506,-0.02489,-1.02001,3.11389,0.0019,-0.46867,600.0,15.674
338,11.2779,Midnight 00:00,0.1,1,-0.02489,-0.02001,2.5506,0.5506,-0.02489,-1.02001,3.11389,0.0019,-0.46867,600.0,15.674
339,11.3113,Midnight 00:00,0.1,1,-0.02489,-0.02001,2.5506,0.5506,-0.02489,-1.02001,3.11389,0.0019,-0.46867,600.0,15.674
340,11.3447,Midnight 00:00,0.1,1,-0.02489,-0.02001,2.5506,0.5506,-0.02489,-1.02001,3.11389,0.0019,-0.46867,600.0,15.674
341,11.378,Midnight 00:00,0.1,1,-0.02489,-0.02001,2.5506,0.5506,-0.02489,-1.02001,3.11389,0.0019,-0.46867,600.0,15.674
342,11.4114,Midnight 00:00,0.1,1,-0.02489,-0.02001,2.5506,0.5506,-0.02489,-1.02001,3.11389,0.0019,-0.46867,600.0,15.674
343,11.4448,Midnight 00:00,0.1,1,-0.02489,-0.02001,2.5506,0.5506,-0.02489,-1.02001,3.11389,0.0019,-0.46867,600.0,15.674
344,11.4781,Midnight 00:00,0.1,1,-0.02489,-0.02001,2.5506,0.5506,-0.02489,-1.02001,3.11389,0.0019,-0.46867,600.0,15.674
345,11.5115,Midnight 00:00,0.1,1,-0.02489,-0.02001,2.5506,0.5506,-0.02489,-1.02001,3.11389,0.0019,-0.46867,600.0,15.674
346,11.5449,Midnight 00:00,0.1,1,-0.02489,-0.02001,2.5506,0.5506,-0.02489,-1.02001,3.11389,0.0019,-0.46867,600.0,15.674
347,11.5782,Midnight 00:00,0.1,1,-0.02489,-0.02001,2.5506,0.5506,-0.02489,-1.02001,3.11389,0.0019,-0.46867,600.0,15.674
348,11.6116,Midnight 00:00,0.1,1,-0.02489,-0.02001,2.5506,0.5506,-0.02489,-1.02001,3.11389,0.0019,-0.46867,600.0,15.674
349,11.645,Midnight 00:00,0.1,1,-0.02489,-0.02001,2.5506,0.5506,-0.02489,-1.02001,3.11389,0.0019,-0.46867,600.0,15.674
350,11.6783,Midnight 00:00,0.1,1,-0.02489,-0.02001,2.5506,0.5506,-0.02489,-1.02001,3.11389,0.0019,-0.46867,600.0,15.674
351,11.7117,Midnight 00:00,0.1,1,-0.02489,-0.02001,2.5506,0.5506,-0.02489,-1.02001,3.11389,0.0019,-0.46867,600.0,15.674
352,11.7451,Midnight 00:00,0.1,1,-0.02489,-0.02001,2.5506,0.5506,-0.02489,-1.02001,3.11389,0.0019,-0.46867,600.0,15.674
353,11.7784,Midnight 00:00,0.1,1,-0.02489,-0.02001,2.5506,0.5506,-0.02489,-1.02001,3.11389,0.0019,-0.46867,600.0,15.674
354,11.8118,Midnight 00:00,0.1,1,-0.02489,-0.02001,2.5506,0.5506,-0.02489,-1.02001,3.11389,0.0019,-0.46867,600.0,15.674
355,11.8452,Midnight 00:00,0.1,1,-0.02489,-0.02001,2.5506,0.5506,-0.02489,-1.02001,3.11389,0.0019,-0.46867,600.0,15.674
356,11.8785,Midnight 00:00,0.1,1,-0.02489,-0.02001,2.5506,0.5506,-0.02489,-1.02001,3.11389,0.0019,-0.46867,600.0,15.674
357,11.9119,Midnight 00:00,0.1,1,-0.02489,-0.02001,2.5506,0.5506,-0.02489,-1.02001,3.11389,0.0019,-0.46867,600.0,15.674
358,11.9453,Midnight 00:00,0.1,1,-0.02489,-0.02001,2.5506,0.5506,-0.02489,-1.02001,3.11389,0.0019,-0.46867,600.0,15.674
359,11.9786,Midnight 00:00,0.1,1,-0.02489,-0.02001,2.5506,0.5506,-0.02489,-1.02001,3.11389,0.0019,-0.46867,600.0,15.674
360,12.012,Midnight 00:00,0.1,1,-0.02489,-0.02001,2.5506,0.5506,-0.02489,-1.02001,3.11389,0.0019,-0.46867,600.0,15.674
361,12.0454,Midnight 00:00,0.1,1,-0.02489,-0.02001,2.5506,0.5506,-0.02489,-1.02001,3.11389,0.0019,-0.46867,600.0,15.674
362,12.0787,Midnight 00:00,0.1,1,-0.02489,-0.02001,2.5506,0.5506,-0.02489,-1.02001,3.11389,0.0019,-0.46867,600.0,15.674
363,12.1121,Midnight 00:00,0.1,1,-0.02489,-0.02001,2.5506,0.5506,-0.02489,-1.02001,3.11389,0.0019,-0.46867,600.0,15.674
364,12.1455,Midnight 00:00,0.1,1,-0.02489,-0.02001,2.5506,0.5506,-0.02489,-1.02001,3.11389,0.0019,-0.46867,600.0,15.674
365,12.1788,Midnight 00:00,0.1,1,-0.0231,-0.01853,2.58692,0.58692,-0.0231,-1.01853,3.04311,0.01371,0.42803,588.0,15.678
366,12.2122,Midnight 00:00,0.1,1,-0.02521,-0.01667,2.65577,0.65577,-0.02521,-1.01667,3.14132,0.00062,-0.18403,576.0,15.677
367,12.2456,Midnight 00:00,0.1,1,-0.02521,-0.01667,2.65577,0.65577,-0.02521,-1.01667,3.14132,0.00062,-0.18403,576.0,15.666
368,12.2789,Midnight 00:00,0.1,1,-0.02521,-0.01667,2.65577,0.65577,-0.02521,-1.01667,3.14132,0.00062,-0.18403,576.0,15.65
369,12.3123,Midnight 00:00,0.1,1,-0.02521,-0.01667,2.65577,0.65577,-0.02521,-1.01667,3.14132,0.00062,-0.18403,576.0,15.644
370,12.3457,Midnight 00:00,0.1,1,-0.02349,-0.01626,2.6459,0.6459,-0.02349,-1.01626,-3.01739,0.01372,0.36826,564.0,15.654
371,12.379,Midnight 00:00,0.1,1,-0.02197,-0.02174,2.77101,0.77101,-0.02197,-1.02174,3.14249,0.00078,-0.18847,529.0,15.666
372,12.4124,Midnight 00:00,0.1,1,-0.02197,-0.02174,2.77101,0.77101,-0.02197,-1.02174,3.14249,0.00078,-0.18847,529.0,15.674
373,12.4458,Midnight 00:00,0.1,1,-0.02174,-0.01843,2.80094,0.80094,-0.02174,-1.01843,2.89947,-0.00141,0.01066,506.0,15.686
374,12.4791,Midnight 00:00,0.1,1,-0.02743,-0.01818,2.89659,0.89659,-0.02743,-1.01818,3.14115,0.00063,-0.18908,484.0,15.683
375,12.5125,Midnight 00:00,0.1,1,-0.02743,-0.01818,2.89659,0.89659,-0.02743,-1.01818,3.14115,0.00063,-0.18908,484.0,15.681
376,12.5459,Midnight 00:00,0.1,1,-0.02743,-0.01818,2.89659,0.89659,-0.02743,-1.01818,3.14115,0.00063,-0.18908,484.0,15.674
377,12.5792,Midnight 00:00,0.1,1,-0.02743,-0.01818,2.89659,0.89659,-0.02743,-1.01818,3.14115,0.00063,-0.18908,484.0,15.669
378,12.6126,Midnight 00:00,0.1,1,-0.02743,-0.01818,2.89659,0.89659,-0.02743,-1.01818,3.14115,0.00063,-0.18908,484.0,15.664
379,12.646,Midnight 00:00,0.1,1,-0.02743,-0.01818,2.89659,0.89659,-0.02743,-1.01818,3.14115,0.00063,-0.18908,484.0,15.666
380,12.6793,Midnight 00:00,0.1,1,-0.02549,-0.01778,2.88478,0.88478,-0.02549,-1.01778,-3.01187,0.01506,0.38333,473.0,15.667
381,12.7127,Midnight 00:00,0.1,1,-0.02144,-0.01836,2.89232,0.89232,-0.02144,-1.01836,3.02548,0.01886,-0.59414,451.0,15.665
382,12.7461,Midnight 00:00,0.1,1,-0.02398,-0.01429,3.03424,1.03424,-0.02398,-1.01429,3.13966,0.00048,-0.19341,441.0,15.664
383,12.7794,Midnight 00:00,0.1,1,-0.02398,-0.01429,3.03424,1.03424,-0.02398,-1.01429,3.13966,0.00048,-0.19341,441.0,15.662
384,12.8128,Midnight 00:00,0.1,1,-0.02398,-0.01429,3.03424,1.03424,-0.02398,-1.01429,3.13966,0.00048,-0.19341,441.0,15.664
385,12.8462,Midnight 00:00,0.1,1,-0.02398,-0.01429,3.03424,1.03424,-0.02398,-1.01429,3.13966,0.00048,-0.19341,441.0,15.661
386,12.8795,Midnight 00:00,0.1,1,-0.02398,-0.01429,3.03424,1.03424,-0.02398,-1.01429,3.13966,0.00048,-0.19341,441.0,15.661
387,12.9129,Midnight 00:00,0.1,1,-0.02316,-0.01609,3.04021,1.04021,-0.02316,-1.01609,-2.93577,0.0171,-0.21896,430.5,15.658
388,12.9463,Midnight 00:00,0.1,1,-0.02316,-0.01609,3.04021,1.04021,-0.02316,-1.01609,-2.93577,0.0171,-0.21896,430.5,15.658
389,12.9796,Midnight 00:00,0.1,1,-0.02381,-0.02008,3.06706,1.06706,-0.02381,-1.02008,2.8814,-0.0015,0.0107,420.0,15.655
390,13.013,Midnight 00:00,0.1,1,-0.0222,-0.01771,3.25236,1.25236,-0.0222,-1.01771,-3.07114,-0.03871,-0.28314,380.5,15.659
391,13.0464,Midnight 00:00,0.1,1,-0.0202,-0.02,3.18571,1.18571,-0.0202,-1.02,3.14085,0.00065,-0.19767,400.0,15.657
392,13.0797,Midnight 00:00,0.1,1,-0.02435,-0.01808,3.24555,1.24555,-0.02435,-1.01808,3.02382,0.01792,0.46045,370.5,15.66
393,13.1131,Midnight 00:00,0.1,1,-0.02643,-0.01579,3.353,1.353,-0.02643,-1.01579,3.13947,0.00049,-0.19775,361.0,15.664
394,13.1465,Midnight 00:00,0.1,1,-0.02643,-0.01579,3.353,1.353,-0.02643,-1.01579,3.13947,0.00049,-0.19775,361.0,15.663
395,13.1798,Midnight 00:00,0.1,1,-0.02643,-0.01579,3.353,1.353,-0.02643,-1.01579,3.13947,0.00049,-0.19775,361.0,15.663
396,13.2132,Midnight 00:00,0.1,1,-0.02643,-0.01579,3.353,1.353,-0.02643,-1.01579,3.13947,0.00049,-0.19775,361.0,15.664
397,13.2466,Midnight 00:00,0.1,1,-0.02643,-0.01579,3.353,1.353,-0.02643,-1.01579,3.13947,0.00049,-0.19775,361.0,15.663
398,13.2799,Midnight 00:00,0.1,1,-0.02643,-0.01579,3.353,1.353,-0.02643,-1.01579,3.13947,0.00049,-0.19775,361.0,15.667
399,13.3133,Midnight 00:00,0.1,1,-0.02643,-0.01579,3.353,1.353,-0.02643,-1.01579,3.13947,0.00049,-0.19775,361.0,15.662
400,13.3467,Midnight 00:00,0.1,1,-0.02643,-0.01579,3.353,1.353,-0.02643,-1.01579,3.13947,0.00049,-0.19775,361.0,15.661
401,13.38,Midnight 00:00,0.1,1,-0.02411,-0.01602,3.33691,1.33691,-0.02411,-1.01602,3.01204,0.02012,-0.41269,351.5,15.66
402,13.4134,Midnight 00:00,0.1,1,-0.0218,-0.01579,3.35371,1.35371,-0.0218,-1.01579,3.09959,0.00129,-0.53904,342.0,15.66
403,13.4468,Midnight 00:00,0.1,1,-0.02236,-0.01111,3.53898,1.53898,-0.02236,-1.01111,3.13789,0.00033,-0.20182,324.0,15.664
404,13.4801,Midnight 00:00,0.1,1,-0.02236,-0.01111,3.53898,1.53898,-0.02236,-1.01111,3.13789,0.00033,-0.20182,324.0,15.664
405,13.5135,Midnight 00:00,0.1,1,-0.02236,-0.01111,3.53898,1.53898,-0.02236,-1.01111,3.13789,0.00033,-0.20182,324.0,15.656
406,13.5469,Midnight 00:00,0.1,1,-0.02236,-0.01111,3.53898,1.53898,-0.02236,-1.01111,3.13789,0.00033,-0.20182,324.0,15.656
407,13.5802,Midnight 00:00,0.1,1,-0.02236,-0.01111,3.53898,1.53898,-0.02236,-1.01111,3.13789,0.00033,-0.20182,324.0,15.659
408,13.6136,Midnight 00:00,0.1,1,-0.02236,-0.01111,3.53898,1.53898,-0.02236,-1.01111,3.13789,0.00033,-0.20182,324.0,15.655
409,13.647,Midnight 00:00,0.1,1,-0.02223,-0.01763,3.5772,1.5772,-0.02223,-1.01763,2.84902,-0.00133,0.00861,306.0,15.653
410,13.6803,Midnight 00:00,0.1,1,-0.02223,-0.01763,3.5772,1.5772,-0.02223,-1.01763,2.84902,-0.00133,0.00861,306.0,15.653
411,13.7137,Midnight 00:00,0.1,1,-0.02223,-0.01763,3.5772,1.5772,-0.02223,-1.01763,2.84902,-0.00133,0.00861,306.0,15.654
412,13.7471,Midnight 00:00,0.1,1,-0.02223,-0.01763,3.5772,1.5772,-0.02223,-1.01763,2.84902,-0.00133,0.00861,306.0,15.654
413,13.7804,Midnight 00:00,0.1,1,-0.02223,-0.01763,3.5772,1.5772,-0.02223,-1.01763,2.84902,-0.00133,0.00861,306.0,15.654
414,13.8138,Midnight 00:00,0.1,1,-0.01953,-0.01727,3.72674,1.72674,-0.01953,-1.01727,-2.99219,-0.02134,-0.4502,280.5,15.66
415,13.8472,Midnight 00:00,0.1,1,-0.01953,-0.01727,3.72674,1.72674,-0.01953,-1.01727,-2.99219,-0.02134,-0.4502,280.5,15.662
416,13.8805,Midnight 00:00,0.1,1,-0.02068,-0.01274,3.85981,1.85981,-0.02068,-1.01274,2.88577,-0.02324,0.1883,264.0,15.673
417,13.9139,Midnight 00:00,0.1,1,-0.02508,-0.0125,3.98071,1.98071,-0.02508,-1.0125,3.1377,0.00034,-0.20549,256.0,15.674
418,13.9473,Midnight 00:00,0.1,1,-0.02508,-0.0125,3.98071,1.98071,-0.02508,-1.0125,3.1377,0.00034,-0.20549,256.0,15.674
419,13.9806,Midnight 00:00,0.1,1,-0.02508,-0.0125,3.98071,1.98071,-0.02508,-1.0125,3.1377,0.00034,-0.20549,256.0,15.673
420,14.014,Midnight 00:00,0.1,1,-0.02508,-0.0125,3.98071,1.98071,-0.02508,-1.0125,3.1377,0.00034,-0.20549,256.0,15.672
421,14.0474,Midnight 00:00,0.1,1,-0.02508,-0.0125,3.98071,1.98071,-0.02508,-1.0125,3.1377,0.00034,-0.20549,256.0,15.672
422,14.0807,Midnight 00:00,0.1,1,-0.02508,-0.0125,3.98071,1.98071,-0.02508,-1.0125,3.1377,0.00034,-0.20549,256.0,15.661
423,14.1141,Midnight 00:00,0.1,1,-0.02508,-0.0125,3.98071,1.98071,-0.02508,-1.0125,3.1377,0.00034,-0.20549,256.0,15.654
424,14.1475,Midnight 00:00,0.1,1,-0.02508,-0.0125,3.98071,1.98071,-0.02508,-1.0125,3.1377,0.00034,-0.20549,256.0,15.654
425,14.1808,Midnight 00:00,0.1,1,-0.02508,-0.0125,3.98071,1.98071,-0.02508,-1.0125,3.1377,0.00034,-0.20549,256.0,15.653
426,14.2142,Midnight 00:00,0.1,1,-0.02508,-0.0125,3.98071,1.98071,-0.02508,-1.0125,3.1377,0.00034,-0.20549,256.0,15.65
427,14.2476,Midnight 00:00,0.1,1,-0.02508,-0.0125,3.98071,1.98071,-0.02508,-1.0125,3.1377,0.00034,-0.20549,256.0,15.645
428,14.2809,Midnight 00:00,0.1,1,-0.02508,-0.0125,3.98071,1.98071,-0.02508,-1.0125,3.1377,0.00034,-0.20549,256.0,15.643
429,14.3143,Midnight 00:00,0.1,1,-0.01942,-0.0125,3.98138,1.98138,-0.01942,-1.0125,3.0896,0.00093,-0.58572,240.0,15.65
430,14.3477,Midnight 00:00,0.1,1,-0.01942,-0.0125,3.98138,1.98138,-0.01942,-1.0125,3.0896,0.00093,-0.58572,240.0,15.65
431,14.381,Midnight 00:00,0.1,1,-0.01942,-0.0125,3.98138,1.98138,-0.01942,-1.0125,3.0896,0.00093,-0.58572,240.0,15.65
432,14.4144,Midnight 00:00,0.1,1,-0.01942,-0.0125,3.98138,1.98138,-0.01942,-1.0125,3.0896,0.00093,-0.58572,240.0,15.65
433,14.4478,Midnight 00:00,0.1,1,-0.01942,-0.0125,3.98138,1.98138,-0.01942,-1.0125,3.0896,0.00093,-0.58572,240.0,15.65
434,14.4811,Midnight 00:00,0.1,1,-0.01942,-0.0125,3.98138,1.98138,-0.01942,-1.0125,3.0896,0.00093,-0.58572,240.0,15.65
435,14.5145,Midnight 00:00,0.1,1,-0.01942,-0.0125,3.98138,1.98138,-0.01942,-1.0125,3.0896,0.00093,-0.58572,240.0,15.65
436,14.5479,Midnight 00:00,0.1,1,-0.01942,-0.0125,3.98138,1.98138,-0.01942,-1.0125,3.0896,0.00093,-0.58572,240.0,15.65
437,14.5812,Midnight 00:00,0.1,1,-0.01942,-0.0125,3.98138,1.98138,-0.01942,-1.0125,3.0896,0.00093,-0.58572,240.0,15.65
438,14.6146,Midnight 00:00,0.1,1,-0.01942,-0.0125,3.98138,1.98138,-0.01942,-1.0125,3.0896,0.00093,-0.58572,240.0,15.65
439,14.648,Midnight 00:00,0.1,1,-0.01942,-0.0125,3.98138,1.98138,-0.01942,-1.0125,3.0896,0.00093,-0.58572,240.0,15.65
440,14.6813,Midnight 00:00,0.1,1,-0.01942,-0.0125,3.98138,1.98138,-0.01942,-1.0125,3.0896,0.00093,-0.58572,240.0,15.65
441,14.7147,Midnight 00:00,0.1,1,-0.01942,-0.0125,3.98138,1.98138,-0.01942,-1.0125,3.0896,0.00093,-0.58572,240.0,15.65
442,14.7481,Midnight 00:00,0.1,1,-0.01942,-0.0125,3.98138,1.98138,-0.01942,-1.0125,3.0896,0.00093,-0.58572,240.0,15.65
443,14.7814,Midnight 00:00,0.1,1,-0.01942,-0.0125,3.98138,1.98138,-0.01942,-1.0125,3.0896,0.00093,-0.58572,240.0,15.65
444,14.8148,Midnight 00:00,0.1,1,-0.01942,-0.0125,3.98138,1.98138,-0.01942,-1.0125,3.0896,0.00093,-0.58572,240.0,15.65
445,14.8482,Midnight 00:00,0.1,1,-0.01942,-0.0125,3.98138,1.98138,-0.01942,-1.0125,3.0896,0.00093,-0.58572,240.0,15.65
446,14.8815,Midnight 00:00,0.1,1,-0.01942,-0.0125,3.98138,1.98138,-0.01942,-1.0125,3.0896,0.00093,-0.58572,240.0,15.65
447,14.9149,Midnight 00:00,0.1,1,-0.01942,-0.0125,3.98138,1.98138,-0.01942,-1.0125,3.0896,0.00093,-0.58572,240.0,15.65
448,14.9483,Midnight 00:00,0.1,1,-0.01942,-0.0125,3.98138,1.98138,-0.01942,-1.0125,3.0896,0.00093,-0.58572,240.0,15.65
449,14.9816,Midnight 00:00,0.1,1,-0.01942,-0.0125,3.98138,1.98138,-0.01942,-1.0125,3.0896,0.00093,-0.58572,240.0,15.65
450,15.015,Midnight 00:00,0.1,1,-0.01942,-0.0125,3.98138,1.98138,-0.01942,-1.0125,3.0896,0.00093,-0.58572,240.0,15.65
451,15.0484,Midnight 00:00,0.1,1,-0.01942,-0.0125,3.98138,1.98138,-0.01942,-1.0125,3.0896,0.00093,-0.58572,240.0,15.65
452,15.0817,Midnight 00:00,0.1,1,-0.01942,-0.0125,3.98138,1.98138,-0.01942,-1.0125,3.0896,0.00093,-0.58572,240.0,15.65
453,15.1151,Midnight 00:00,0.1,1,-0.01942,-0.0125,3.98138,1.98138,-0.01942,-1.0125,3.0896,0.00093,-0.58572,240.0,15.65
454,15.1485,Midnight 00:00,0.1,1,-0.01942,-0.0125,3.98138,1.98138,-0.01942,-1.0125,3.0896,0.00093,-0.58572,240.0,15.65
455,15.1818,Midnight 00:00,0.1,1,-0.01942,-0.0125,3.98138,1.98138,-0.01942,-1.0125,3.0896,0.00093,-0.58572,240.0,15.65
456,15.2152,Midnight 00:00,0.1,1,-0.01942,-0.0125,3.98138,1.98138,-0.01942,-1.0125,3.0896,0.00093,-0.58572,240.0,15.65
457,15.2486,Midnight 00:00,0.1,1,-0.01942,-0.0125,3.98138,1.98138,-0.01942,-1.0125,3.0896,0.00093,-0.58572,240.0,15.65
458,15.2819,Midnight 00:00,0.1,1,-0.01942,-0.0125,3.98138,1.98138,-0.01942,-1.0125,3.0896,0.00093,-0.58572,240.0,15.65
459,15.3153,Midnight 00:00,0.1,1,-0.01942,-0.0125,3.98138,1.98138,-0.01942,-1.0125,3.0896,0.00093,-0.58572,240.0,15.65
460,15.3487,Midnight 00:00,0.1,1,-0.01942,-0.0125,3.98138,1.98138,-0.01942,-1.0125,3.0896,0.00093,-0.58572,240.0,15.65
461,15.382,Midnight 00:00,0.1,1,-0.01942,-0.0125,3.98138,1.98138,-0.01942,-1.0125,3.0896,0.00093,-0.58572,240.0,15.65
462,15.4154,Midnight 00:00,0.1,1,-0.01942,-0.0125,3.98138,1.98138,-0.01942,-1.0125,3.0896,0.00093,-0.58572,240.0,15.65
463,15.4488,Midnight 00:00,0.1,1,-0.01942,-0.0125,3.98138,1.98138,-0.01942,-1.0125,3.0896,0.00093,-0.58572,240.0,15.65
464,15.4821,Midnight 00:00,0.1,1,-0.01942,-0.0125,3.98138,1.98138,-0.01942,-1.0125,3.0896,0.00093,-0.58572,240.0,15.65
465,15.5155,Midnight 00:00,0.1,1,-0.01942,-0.0125,3.98138,1.98138,-0.01942,-1.0125,3.0896,0.00093,-0.58572,240.0,15.65
466,15.5489,Midnight 00:00,0.1,1,-0.01942,-0.0125,3.98138,1.98138,-0.01942,-1.0125,3.0896,0.00093,-0.58572,240.0,15.65
467,15.5822,Midnight 00:00,0.1,1,-0.01942,-0.0125,3.98138,1.98138,-0.01942,-1.0125,3.0896,0.00093,-0.58572,240.0,15.65
468,15.6156,Midnight 00:00,0.1,1,-0.01942,-0.0125,3.98138,1.98138,-0.01942,-1.0125,3.0896,0.00093,-0.58572,240.0,15.65
469,15.649,Midnight 00:00,0.1,1,-0.01942,-0.0125,3.98138,1.98138,-0.01942,-1.0125,3.0896,0.00093,-0.58572,240.0,15.65
470,15.6823,Midnight 00:00,0.1,1,-0.01942,-0.0125,3.98138,1.98138,-0.01942,-1.0125,3.0896,0.00093,-0.58572,240.0,15.65
471,15.7157,Midnight 00:00,0.1,1,-0.01942,-0.0125,3.98138,1.98138,-0.01942,-1.0125,3.0896,0.00093,-0.58572,240.0,15.65
472,15.7491,Midnight 00:00,0.1,1,-0.01942,-0.0125,3.98138,1.98138,-0.01942,-1.0125,3.0896,0.00093,-0.58572,240.0,15.65
473,15.7824,Midnight 00:00,0.1,1,-0.01942,-0.0125,3.98138,1.98138,-0.01942,-1.0125,3.0896,0.00093,-0.58572,240.0,15.65
474,15.8158,Midnight 00:00,0.1,1,-0.01942,-0.0125,3.98138,1.98138,-0.01942,-1.0125,3.0896,0.00093,-0.58572,240.0,15.65
475,15.8492,Midnight 00:00,0.1,1,-0.01942,-0.0125,3.98138,1.98138,-0.01942,-1.0125,3.0896,0.00093,-0.58572,240.0,15.65
476,15.8825,Midnight 00:00,0.1,1,-0.01942,-0.0125,3.98138,1.98138,-0.01942,-1.0125,3.0896,0.00093,-0.58572,240.0,15.65
477,15.9159,Midnight 00:00,0.1,1,-0.01942,-0.0125,3.98138,1.98138,-0.01942,-1.0125,3.0896,0.00093,-0.58572,240.0,15.65
478,15.9493,Midnight 00:00,0.1,1,-0.01942,-0.0125,3.98138,1.98138,-0.01942,-1.0125,3.0896,0.00093,-0.58572,240.0,15.65
479,15.9826,Midnight 00:00,0.1,1,-0.01942,-0.0125,3.98138,1.98138,-0.01942,-1.0125,3.0896,0.00093,-0.58572,240.0,15.65
480,16.016,Midnight 00:00,0.1,1,-0.01942,-0.0125,3.98138,1.98138,-0.01942,-1.0125,3.0896,0.00093,-0.58572,240.0,15.65
481,16.0494,Midnight 00:00,0.1,1,-0.01942,-0.0125,3.98138,1.98138,-0.01942,-1.0125,3.0896,0.00093,-0.58572,240.0,15.65
482,16.0827,Midnight 00:00,0.1,1,-0.01942,-0.0125,3.98138,1.98138,-0.01942,-1.0125,3.0896,0.00093,-0.58572,240.0,15.65
483,16.1161,Midnight 00:00,0.1,1,-0.01942,-0.0125,3.98138,1.98138,-0.01942,-1.0125,3.0896,0.00093,-0.58572,240.0,15.65
484,16.1495,Midnight 00:00,0.1,1,-0.01942,-0.0125,3.98138,1.98138,-0.01942,-1.0125,3.0896,0.00093,-0.58572,240.0,15.65
485,16.1828,Midnight 00:00,0.1,1,-0.01942,-0.0125,3.98138,1.98138,-0.01942,-1.0125,3.0896,0.00093,-0.58572,240.0,15.65
486,16.2162,Midnight 00:00,0.1,1,-0.01942,-0.0125,3.98138,1.98138,-0.01942,-1.0125,3.0896,0.00093,-0.58572,240.0,15.65
487,16.2496,Midnight 00:00,0.1,1,-0.01942,-0.0125,3.98138,1.98138,-0.01942,-1.0125,3.0896,0.00093,-0.58572,240.0,15.65
488,16.2829,Midnight 00:00,0.1,1,-0.01942,-0.0125,3.98138,1.98138,-0.01942,-1.0125,3.0896,0.00093,-0.58572,240.0,15.65
489,16.3163,Midnight 00:00,0.1,1,-0.01942,-0.0125,3.98138,1.98138,-0.01942,-1.0125,3.0896,0.00093,-0.58572,240.0,15.65
490,16.3497,Midnight 00:00,0.1,1,-0.01942,-0.0125,3.98138,1.98138,-0.01942,-1.0125,3.0896,0.00093,-0.58572,240.0,15.65
491,16.383,Midnight 00:00,0.1,1,-0.01942,-0.0125,3.98138,1.98138,-0.01942,-1.0125,3.0896,0.00093,-0.58572,240.0,15.65
492,16.4164,Midnight 00:00,0.1,1,-0.01942,-0.0125,3.98138,1.98138,-0.01942,-1.0125,3.0896,0.00093,-0.58572,240.0,15.65
493,16.4498,Midnight 00:00,0.1,1,-0.01942,-0.0125,3.98138,1.98138,-0.01942,-1.0125,3.0896,0.00093,-0.58572,240.0,15.65
494,16.4831,Midnight 00:00,0.1,1,-0.01942,-0.0125,3.98138,1.98138,-0.01942,-1.0125,3.0896,0.00093,-0.58572,240.0,15.65
495,16.5165,Midnight 00:00,0.1,1,-0.01942,-0.0125,3.98138,1.98138,-0.01942,-1.0125,3.0896,0.00093,-0.58572,240.0,15.65
496,16.5499,Midnight 00:00,0.1,1,-0.01942,-0.0125,3.98138,1.98138,-0.01942,-1.0125,3.0896,0.00093,-0.58572,240.0,15.65
497,16.5832,Midnight 00:00,0.1,1,-0.02223,-0.01215,3.95782,1.95782,-0.02223,-1.01215,-2.99142,0.02213,0.44567,248.0,15.649
498,16.6166,Midnight 00:00,0.1,1,-0.04416,-0.0125,3.98132,1.98132,-0.04416,-1.0125,3.0913,0.00093,-0.57638,240.0,15.654
499,16.65,Midnight 00:00,0.1,1,-0.0689,-0.0125,3.98126,1.98126,-0.0689,-1.0125,3.09295,0.00093,-0.56718,240.0,15.655
500,16.6833,Midnight 00:00,0.1,1,-0.08692,-0.0125,3.98041,1.98041,-0.08692,-1.0125,3.13866,0.00033,-0.18512,256.0,15.649
501,16.7167,Midnight 00:00,0.1,1,-0.11165,-0.0125,3.9803,1.9803,-0.11165,-1.0125,3.13897,0.00033,-0.17767,256.0,15.645
502,16.7501,Midnight 00:00,0.1,1,-0.13076,-0.0125,3.98111,1.98111,-0.13076,-1.0125,3.09684,0.00093,-0.54484,240.0,15.649
503,16.7834,Midnight 00:00,0.1,1,-0.1555,-0.0125,3.98105,1.98105,-0.1555,-1.0125,3.09831,0.00093,-0.53616,240.0,15.652
504,16.8168,Midnight 00:00,0.1,1,-0.17349,-0.0125,3.98004,1.98004,-0.17349,-1.0125,3.1396,0.00033,-0.16071,256.0,15.641
505,16.8502,Midnight 00:00,0.1,1,-0.19822,-0.0125,3.97994,1.97994,-0.19822,-1.0125,3.1398,0.00032,-0.15454,256.0,15.642
506,16.8835,Midnight 00:00,0.1,1,-0.21734,-0.0125,3.98091,1.98091,-0.21734,-1.0125,3.10175,0.00093,-0.51511,240.0,15.649
507,16.9169,Midnight 00:00,0.1,1,-0.24208,-0.0125,3.98086,1.98086,-0.24208,-1.0125,3.10305,0.00092,-0.50694,240.0,15.65
508,16.9503,Midnight 00:00,0.1,1,-0.26005,-0.0125,3.97971,1.97971,-0.26005,-1.0125,3.14021,0.00031,-0.14051,256.0,15.641
509,16.9836,Midnight 00:00,0.1,1,-0.28054,-0.01216,3.95856,1.95856,-0.28054,-1.01216,-3.00596,0.01669,0.36,248.0,15.642
510,17.017,Midnight 00:00,0.1,1,-0.30392,-0.0125,3.98072,1.98072,-0.30392,-1.0125,3.10609,0.00092,-0.48716,240.0,15.65
511,17.0504,Midnight 00:00,0.1,1,-0.32866,-0.0125,3.98067,1.98067,-0.32866,-1.0125,3.10724,0.00092,-0.4795,240.0,15.648
512,17.0837,Midnight 00:00,0.1,1,-0.36671,-0.01217,3.95919,1.95919,-0.36671,-1.01217,-3.01083,0.015,0.3355,248.0,15.64
513,17.1171,Midnight 00:00,0.1,1,-0.36671,-0.01217,3.95919,1.95919,-0.36671,-1.01217,-3.01083,0.015,0.3355,248.0,15.64
514,17.1505,Midnight 00:00,0.1,1,-0.3905,-0.0125,3.98054,1.98054,-0.3905,-1.0125,3.10992,0.00091,-0.46098,240.0,15.647
515,17.1838,Midnight 00:00,0.1,1,-0.41523,-0.0125,3.98049,1.98049,-0.41523,-1.0125,3.11093,0.00091,-0.45381,240.0,15.646
516,17.2172,Midnight 00:00,0.1,1,-0.43317,-0.0125,3.97923,1.97923,-0.43317,-1.0125,3.14088,0.00028,-0.11,256.0,15.638
517,17.2506,Midnight 00:00,0.1,1,-0.45234,-0.0125,3.98042,1.98042,-0.45234,-1.0125,3.11237,0.0009,-0.44333,240.0,15.642
518,17.2839,Midnight 00:00,0.1,1,-0.47707,-0.0125,3.98037,1.98037,-0.47707,-1.0125,3.11329,0.0009,-0.4365,240.0,15.65
519,17.3173,Midnight 00:00,0.1,1,-0.5018,-0.0125,3.98033,1.98033,-0.5018,-1.0125,3.11418,0.00089,-0.42982,240.0,15.649
520,17.3507,Midnight 00:00,0.1,1,-0.51972,-0.0125,3.97905,1.97905,-0.51972,-1.0125,3.14105,0.00026,-0.09851,256.0,15.639
521,17.384,Midnight 00:00,0.1,1,-0.54445,-0.0125,3.97901,1.97901,-0.54445,-1.0125,3.14109,0.00025,-0.09559,256.0,15.64
522,17.4174,Midnight 00:00,0.1,1,-0.56364,-0.0125,3.98021,1.98021,-0.56364,-1.0125,3.11626,0.00088,-0.41367,240.0,15.648
523,17.4508,Midnight 00:00,0.1,1,-0.58837,-0.0125,3.98017,1.98017,-0.58837,-1.0125,3.11704,0.00088,-0.40744,240.0,15.645
524,17.4841,Midnight 00:00,0.1,1,-0.60628,-0.0125,3.97891,1.97891,-0.60628,-1.0125,3.14118,0.00024,-0.08889,256.0,15.637
525,17.5175,Midnight 00:00,0.1,1,-0.62547,-0.0125,3.9801,1.9801,-0.62547,-1.0125,3.11815,0.00087,-0.39833,240.0,15.639
526,17.5509,Midnight 00:00,0.1,1,-0.6502,-0.0125,3.98006,1.98006,-0.6502,-1.0125,3.11886,0.00086,-0.39241,240.0,15.651
527,17.5842,Midnight 00:00,0.1,1,-0.67493,-0.0125,3.98002,1.98002,-0.67493,-1.0125,3.11955,0.00086,-0.38662,240.0,15.647
528,17.6176,Midnight 00:00,0.1,1,-0.69284,-0.0125,3.9788,1.9788,-0.69284,-1.0125,3.14126,0.00022,-0.08078,256.0,15.641
529,17.651,Midnight 00:00,0.1,1,-0.71203,-0.0125,3.97996,1.97996,-0.71203,-1.0125,3.12053,0.00085,-0.37814,240.0,15.637
530,17.6843,Midnight 00:00,0.1,1,-0.73676,-0.0125,3.97992,1.97992,-0.73676,-1.0125,3.12115,0.00085,-0.37264,240.0,15.644
531,17.7177,Midnight 00:00,0.1,1,-0.75423,-0.01266,3.96724,1.96724,-0.75423,-1.01266,2.94343,-0.03714,0.80727,248.0,15.641
532,17.7511,Midnight 00:00,0.1,1,-0.7794,-0.0125,3.97871,1.97871,-0.7794,-1.0125,3.14133,0.00021,-0.07388,256.0,15.634
533,17.7844,Midnight 00:00,0.1,1,-0.80413,-0.0125,3.97869,1.97869,-0.80413,-1.0125,3.14134,0.00021,-0.0721,256.0,15.637
534,17.8178,Midnight 00:00,0.1,1,-0.82332,-0.0125,3.97979,1.97979,-0.82332,-1.0125,3.12317,0.00083,-0.35426,240.0,15.639
535,17.8512,Midnight 00:00,0.1,1,-0.84806,-0.0125,3.97976,1.97976,-0.84806,-1.0125,3.1237,0.00082,-0.34925,240.0,15.639
536,17.8845,Midnight 00:00,0.1,1,-0.86596,-0.0125,3.97864,1.97864,-0.86596,-1.0125,3.14137,0.0002,-0.06796,256.0,15.632
537,17.9179,Midnight 00:00,0.1,1,-0.88515,-0.0125,3.97971,1.97971,-0.88515,-1.0125,3.12446,0.00081,-0.34193,240.0,15.636
538,17.9513,Midnight 00:00,0.1,1,-0.90988,-0.0125,3.97968,1.97968,-0.90988,-1.0125,3.12494,0.00081,-0.33718,240.0,15.637
539,17.9846,Midnight 00:00,0.1,1,-0.95747,-0.00961,4.09767,2.09767,-0.95747,-1.00961,-3.0255,-0.05119,-0.79072,240.5,15.631
540,18.018,Midnight 00:00,0.1,1,-0.95253,-0.0125,3.97858,1.97858,-0.95253,-1.0125,3.14141,0.00018,-0.06286,256.0,15.628
541,18.0514,Midnight 00:00,0.1,1,-0.97171,-0.0125,3.9796,1.9796,-0.97171,-1.0125,3.12608,0.00079,-0.32573,240.0,15.632
542,18.0847,Midnight 00:00,0.1,1,-0.99644,-0.0125,3.97957,1.97957,-0.99644,-1.0125,3.12651,0.00079,-0.32132,240.0,15.639
543,18.1181,Midnight 00:00,0.1,1,-1.04674,-0.00962,4.09834,2.09834,-1.04674,-1.00962,-3.01337,-0.05079,-0.84657,240.5,15.632
544,18.1515,Midnight 00:00,0.1,1,-1.03909,-0.0125,3.97853,1.97853,-1.03909,-1.0125,3.14144,0.00017,-0.05842,256.0,15.631
545,18.1848,Midnight 00:00,0.1,1,-1.05827,-0.0125,3.97949,1.97949,-1.05827,-1.0125,3.12751,0.00077,-0.31068,240.0,15.637
546,18.2182,Midnight 00:00,0.1,1,-1.083,-0.0125,3.97947,1.97947,-1.083,-1.0125,3.12789,0.00077,-0.30658,240.0,15.642
547,18.2516,Midnight 00:00,0.1,1,-1.10037,-0.0123,3.97104,1.97104,-1.10037,-1.0123,-2.88961,-0.03866,-0.99875,248.0,15.633
548,18.2849,Midnight 00:00,0.1,1,-1.12566,-0.0125,3.97849,1.97849,-1.12566,-1.0125,3.14146,0.00016,-0.05452,256.0,15.627
549,18.3183,Midnight 00:00,0.1,1,-1.14482,-0.0125,3.9794,1.9794,-1.14482,-1.0125,3.12877,0.00075,-0.29669,240.0,15.632
550,18.3517,Midnight 00:00,0.1,1,-1.16955,-0.0125,3.97937,1.97937,-1.16955,-1.0125,3.12911,0.00075,-0.29288,240.0,15.636
551,18.385,Midnight 00:00,0.1,1,-1.18749,-0.0125,3.97847,1.97847,-1.18749,-1.0125,3.14147,0.00016,-0.05203,256.0,15.631
552,18.4184,Midnight 00:00,0.1,1,-1.21222,-0.0125,3.97846,1.97846,-1.21222,-1.0125,3.14148,0.00015,-0.05109,256.0,15.623
553,18.4518,Midnight 00:00,0.1,1,-1.23138,-0.0125,3.97931,1.97931,-1.23138,-1.0125,3.12989,0.00073,-0.28368,240.0,15.627
554,18.4851,Midnight 00:00,0.1,1,-1.25611,-0.0125,3.97929,1.97929,-1.25611,-1.0125,3.13019,0.00072,-0.28014,240.0,15.632
555,18.5185,Midnight 00:00,0.1,1,-1.27406,-0.0125,3.97844,1.97844,-1.27406,-1.0125,3.14149,0.00015,-0.04888,256.0,15.626
556,18.5519,Midnight 00:00,0.1,1,-1.29879,-0.0125,3.97843,1.97843,-1.29879,-1.0125,3.14149,0.00014,-0.04804,256.0,15.621
557,18.5852,Midnight 00:00,0.1,1,-1.31794,-0.0125,3.97923,1.97923,-1.31794,-1.0125,3.13089,0.00071,-0.27158,240.0,15.625
558,18.6186,Midnight 00:00,0.1,1,-1.34267,-0.0125,3.97921,1.97921,-1.34267,-1.0125,3.13115,0.0007,-0.26828,240.0,15.628
559,18.652,Midnight 00:00,0.1,1,-1.36063,-0.0125,3.97841,1.97841,-1.36063,-1.0125,3.1415,0.00014,-0.04607,256.0,15.62
560,18.6853,Midnight 00:00,0.1,1,-1.38536,-0.0125,3.97841,1.97841,-1.38536,-1.0125,3.1415,0.00014,-0.04532,256.0,15.617
561,18.7187,Midnight 00:00,0.1,1,-1.40449,-0.0125,3.97916,1.97916,-1.40449,-1.0125,3.13177,0.00069,-0.26031,240.0,15.623
562,18.7521,Midnight 00:00,0.1,1,-1.42922,-0.0125,3.97914,1.97914,-1.42922,-1.0125,3.13201,0.00068,-0.25723,240.0,15.626
563,18.7854,Midnight 00:00,0.1,1,-1.53706,-0.02,4.2436,2.2436,-1.53706,-1.02,3.14162,0.0002,-0.04377,225.0,15.629
564,18.8188,Midnight 00:00,0.1,1,-1.53707,-0.04667,4.24363,2.24363,-1.53707,-1.04667,3.14207,0.00046,-0.04375,225.0,15.629
565,18.8522,Midnight 00:00,0.1,1,-1.44168,-0.06251,3.97937,1.97937,-1.44168,-1.06251,3.13591,0.00341,-0.25585,240.0,15.625
566,18.8855,Midnight 00:00,0.1,1,-1.44176,-0.08751,3.97962,1.97962,-1.44176,-1.08751,3.13781,0.00478,-0.25584,240.0,15.626
567,18.9189,Midnight 00:00,0.1,1,-1.53713,-0.11334,4.2438,2.2438,-1.53713,-1.11334,3.14318,0.00112,-0.0436,225.0,15.63
568,18.9523,Midnight 00:00,0.1,1,-1.53717,-0.14001,4.24391,2.24391,-1.53717,-1.14001,3.14362,0.00138,-0.04351,225.0,15.634
569,18.9856,Midnight 00:00,0.1,1,-1.44211,-0.15006,3.98057,1.98057,-1.44211,-1.15006,3.14256,0.00818,-0.25555,240.0,15.629
570,19.019,Midnight 00:00,0.1,1,-1.4423,-0.17509,3.98109,1.98109,-1.4423,-1.17509,3.14446,0.00953,-0.25533,240.0,15.629
571,19.0524,Midnight 00:00,0.1,1,-1.53731,-0.2067,4.24427,2.24427,-1.53731,-1.2067,3.14471,0.00203,-0.04318,225.0,15.635
572,19.0857,Midnight 00:00,0.1,1,-1.53737,-0.23338,4.24445,2.24445,-1.53737,-1.23338,3.14514,0.00228,-0.04301,225.0,15.634
573,19.1191,Midnight 00:00,0.1,1,-1.44289,-0.23772,3.98274,1.98274,-1.44289,-1.23772,3.14919,0.0129,-0.25455,240.0,15.628
574,19.1525,Midnight 00:00,0.1,1,-1.44318,-0.2628,3.98353,1.98353,-1.44318,-1.2628,3.15108,0.01424,-0.25413,240.0,15.629
575,19.1858,Midnight 00:00,0.1,1,-1.53766,-0.3268,4.24525,2.24525,-1.53766,-1.3268,3.1466,0.00314,-0.04228,225.0,15.634
576,19.2192,Midnight 00:00,0.1,1,-1.53766,-0.3268,4.24525,2.24525,-1.53766,-1.3268,3.1466,0.00314,-0.04228,225.0,15.634
577,19.2526,Midnight 00:00,0.1,1,-1.44402,-0.32556,3.98586,1.98586,-1.44402,-1.32556,3.15577,0.01755,-0.25285,240.0,15.631
578,19.2859,Midnight 00:00,0.1,1,-1.4444,-0.3507,3.98692,1.98692,-1.4444,-1.3507,3.15763,0.01886,-0.25224,240.0,15.63
579,19.3193,Midnight 00:00,0.1,1,-1.53792,-0.39355,4.24597,2.24597,-1.53792,-1.39355,3.14759,0.00373,-0.04162,225.0,15.636
580,19.3527,Midnight 00:00,0.1,1,-1.53803,-0.42027,4.24628,2.24628,-1.53803,-1.42027,3.14797,0.00395,-0.04133,225.0,15.637
581,19.386,Midnight 00:00,0.1,1,-1.44548,-0.41363,3.9899,1.9899,-1.44548,-1.41363,3.16225,0.02209,-0.25047,240.0,15.631
582,19.4194,Midnight 00:00,0.1,1,-1.44595,-0.43885,3.99121,1.99121,-1.44595,-1.43885,3.16408,0.02336,-0.24966,240.0,15.632
583,19.4528,Midnight 00:00,0.1,1,-1.53834,-0.48708,4.24714,2.24714,-1.53834,-1.48708,3.1489,0.00449,-0.04053,225.0,15.636
584,19.4861,Midnight 00:00,0.1,1,-1.53847,-0.51381,4.24751,2.24751,-1.53847,-1.51381,3.14925,0.0047,-0.04019,225.0,15.637
585,19.5195,Midnight 00:00,0.1,1,-1.44725,-0.50199,3.99482,1.99482,-1.44725,-1.50199,3.1686,0.02647,-0.24742,240.0,15.631
586,19.5529,Midnight 00:00,0.1,1,-1.44782,-0.5273,3.99638,1.99638,-1.44782,-1.5273,3.17038,0.0277,-0.24643,240.0,15.632
587,19.5862,Midnight 00:00,0.1,1,-1.53883,-0.58067,4.24849,2.24849,-1.53883,-1.58067,3.1501,0.00519,-0.03927,225.0,15.637
588,19.6196,Midnight 00:00,0.1,1,-1.53898,-0.60743,4.2489,2.2489,-1.53898,-1.60743,3.15042,0.00538,-0.03889,225.0,15.636
589,19.653,Midnight 00:00,0.1,1,-1.44933,-0.59069,4.00057,2.00057,-1.44933,-1.59069,3.17478,0.03068,-0.24373,240.0,15.632
590,19.6863,Midnight 00:00,0.1,1,-1.44998,-0.6161,4.00236,2.00236,-1.44998,-1.6161,3.1765,0.03185,-0.24255,240.0,15.632
591,19.7197,Midnight 00:00,0.1,1,-1.53937,-0.67435,4.24998,2.24998,-1.53937,-1.67435,3.15118,0.00582,-0.03788,225.0,15.637
592,19.7531,Midnight 00:00,0.1,1,-1.53953,-0.70113,4.25043,2.25043,-1.53953,-1.70113,3.15147,0.00598,-0.03746,225.0,15.636
593,19.7864,Midnight 00:00,0.1,1,-1.45169,-0.67978,4.00709,2.00709,-1.45169,-1.67978,3.18074,0.03468,-0.23941,240.0,15.632
594,19.8198,Midnight 00:00,0.1,1,-1.45241,-0.70531,4.00909,2.00909,-1.45241,-1.70531,3.1824,0.03578,-0.23807,240.0,15.632
595,19.8532,Midnight 00:00,0.1,0,0.0,0.0,0.0,0.0,0.0,0.0,0.0,0.0,0.0,0.0,15.636
596,19.8865,Midnight 00:00,0.1,1,-1.54011,-0.79492,4.25204,2.25204,-1.54011,-1.79492,3.15239,0.00651,-0.03593,225.0,15.636
597,19.9199,Midnight 00:00,0.1,1,-1.4543,-0.76928,4.01433,2.01433,-1.4543,-1.76928,3.18646,0.03844,-0.23452,240.0,15.631
598,19.9533,Midnight 00:00,0.1,1,-1.45509,-0.79494,4.01651,2.01651,-1.45509,-1.79494,3.18805,0.03946,-0.23302,240.0,15.632
599,19.9866,Midnight 00:00,0.1,0,0.0,0.0,0.0,0.0,0.0,0.0,0.0,0.0,0.0,0.0,15.636
600,20.02,Midnight 00:00,0.1,1,-1.54071,-0.88879,4.25372,2.25372,-1.54071,-1.88879,3.15319,0.00696,-0.03434,225.0,15.634
601,20.0534,Midnight 00:00,0.1,1,-1.45714,-0.85925,4.02219,2.02219,-1.45714,-1.85925,3.1919,0.04193,-0.22908,240.0,15.63
602,20.0867,Midnight 00:00,0.1,1,-1.45799,-0.88504,4.02455,2.02455,-1.45799,-1.88504,3.1934,0.04288,-0.22743,240.0,15.631
603,20.1201,Midnight 00:00,0.1,0,0.0,0.0,0.0,0.0,0.0,0.0,0.0,0.0,0.0,0.0,15.635
604,20.1535,Midnight 00:00,0.1,1,-1.54133,-0.98274,4.25542,2.25542,-1.54133,-1.98274,3.15386,0.00734,-0.03272,225.0,15.632
605,20.1868,Midnight 00:00,0.1,1,-1.46018,-0.94969,4.03061,2.03061,-1.46018,-1.94969,3.19703,0.04514,-0.22314,240.0,15.63
606,20.2202,Midnight 00:00,0.1,1,-1.46108,-0.97562,4.03311,2.03311,-1.46108,-1.97562,3.19844,0.046,-0.22136,240.0,15.629
607,20.2536,Midnight 00:00,0.1,0,0.0,0.0,0.0,0.0,0.0,0.0,0.0,0.0,0.0,0.0,15.636
608,20.2869,Midnight 00:00,0.1,1,-1.54194,-1.07677,4.25713,2.25713,-1.54194,-2.07677,3.15442,0.00765,-0.03109,225.0,15.632
609,20.3203,Midnight 00:00,0.1,1,-1.46339,-1.04062,4.0395,2.0395,-1.46339,-2.04062,3.20182,0.04805,-0.21677,240.0,15.628
610,20.3537,Midnight 00:00,0.1,1,-1.46433,-1.06669,4.04211,2.04211,-1.46433,-2.06669,3.20312,0.04883,-0.21487,240.0,15.627
611,20.387,Midnight 00:00,0.1,0,0.0,0.0,0.0,0.0,0.0,0.0,0.0,0.0,0.0,0.0,15.633
612,20.4204,Midnight 00:00,0.1,1,-1.46576,-1.10587,4.04608,2.04608,-1.46576,-2.10587,3.20502,0.04994,-0.21198,240.0,15.632
613,20.4538,Midnight 00:00,0.1,1,-1.46673,-1.13204,4.04876,2.04876,-1.46673,-2.13204,3.20625,0.05065,-0.21001,240.0,15.627
614,20.4871,Midnight 00:00,0.1,1,-1.54281,-1.21121,4.25952,2.25952,-1.54281,-2.21121,3.15502,0.00798,-0.0288,225.0,15.628
615,20.5205,Midnight 00:00,0.1,0,0.0,0.0,0.0,0.0,0.0,0.0,0.0,0.0,0.0,0.0,15.633
616,20.5539,Midnight 00:00,0.1,1,-1.54314,-1.26503,4.26045,2.26045,-1.54314,-2.26503,3.15521,0.00807,-0.0279,225.0,15.63
617,20.5872,Midnight 00:00,0.1,1,-1.47018,-1.22397,4.0583,2.0583,-1.47018,-2.22397,3.21029,0.05293,-0.20293,240.0,15.626
618,20.6206,Midnight 00:00,0.1,1,-1.54339,-1.3054,4.26114,2.26114,-1.54339,-2.3054,3.15533,0.00814,-0.02723,225.0,15.626
619,20.654,Midnight 00:00,0.1,0,0.0,0.0,0.0,0.0,0.0,0.0,0.0,0.0,0.0,0.0,15.631
620,20.6873,Midnight 00:00,0.1,1,-1.48561,-1.30504,4.10589,2.10589,-1.48561,-2.30504,-2.36051,0.03952,-0.99849,232.5,15.629
621,20.7207,Midnight 00:00,0.1,1,-1.47369,-1.31637,4.06803,2.06803,-1.47369,-2.31637,3.21394,0.05489,-0.1956,240.0,15.626
622,20.7541,Midnight 00:00,0.1,1,-1.54396,-1.39963,4.26271,2.26271,-1.54396,-2.39963,3.15555,0.00825,-0.02572,225.0,15.626
623,20.7874,Midnight 00:00,0.1,1,-1.54411,-1.42657,4.26314,2.26314,-1.54411,-2.42657,3.15559,0.00827,-0.0253,225.0,15.63
624,20.8208,Midnight 00:00,0.1,1,-1.54411,-1.42657,4.26314,2.26314,-1.54411,-2.42657,3.15559,0.00827,-0.0253,225.0,15.63
625,20.8542,Midnight 00:00,0.1,1,-1.47724,-1.40923,4.07786,2.07786,-1.47724,-2.40923,3.21718,0.05652,-0.18808,240.0,15.621
626,20.8875,Midnight 00:00,0.1,1,-1.48878,-1.44306,4.10981,2.10981,-1.48878,-2.44306,-3.13211,-0.00463,0.16203,232.5,15.625
627,20.9209,Midnight 00:00,0.1,0,0.0,0.0,0.0,0.0,0.0,0.0,0.0,0.0,0.0,0.0,15.627
628,20.9543,Midnight 00:00,0.1,0,0.0,0.0,0.0,0.0,0.0,0.0,0.0,0.0,0.0,0.0,15.613
629,20.9876,Midnight 00:00,0.1,0,0.0,0.0,0.0,0.0,0.0,0.0,0.0,0.0,0.0,0.0,15.616
630,21.021,Midnight 00:00,0.1,0,0.0,0.0,0.0,0.0,0.0,0.0,0.0,0.0,0.0,0.0,15.612
631,21.0544,Midnight 00:00,0.1,0,0.0,0.0,0.0,0.0,0.0,0.0,0.0,0.0,0.0,0.0,15.61
632,21.0877,Midnight 00:00,0.1,0,0.0,0.0,0.0,0.0,0.0,0.0,0.0,0.0,0.0,0.0,15.615
633,21.1211,Midnight 00:00,0.1,0,0.0,0.0,0.0,0.0,0.0,0.0,0.0,0.0,0.0,0.0,15.619
634,21.1545,Midnight 00:00,0.1,0,0.0,0.0,0.0,0.0,0.0,0.0,0.0,0.0,0.0,0.0,15.614
635,21.1878,Midnight 00:00,0.1,0,0.0,0.0,0.0,0.0,0.0,0.0,0.0,0.0,0.0,0.0,15.614
636,21.2212,Midnight 00:00,0.1,0,0.0,0.0,0.0,0.0,0.0,0.0,0.0,0.0,0.0,0.0,15.618
637,21.2546,Midnight 00:00,0.1,0,0.0,0.0,0.0,0.0,0.0,0.0,0.0,0.0,0.0,0.0,15.623
638,21.2879,Midnight 00:00,0.1,0,0.0,0.0,0.0,0.0,0.0,0.0,0.0,0.0,0.0,0.0,15.616
639,21.3213,Midnight 00:00,0.1,0,0.0,0.0,0.0,0.0,0.0,0.0,0.0,0.0,0.0,0.0,15.616
640,21.3547,Midnight 00:00,0.1,0,0.0,0.0,0.0,0.0,0.0,0.0,0.0,0.0,0.0,0.0,15.621
641,21.388,Midnight 00:00,0.1,0,0.0,0.0,0.0,0.0,0.0,0.0,0.0,0.0,0.0,0.0,15.624
642,21.4214,Midnight 00:00,0.1,0,0.0,0.0,0.0,0.0,0.0,0.0,0.0,0.0,0.0,0.0,15.619
643,21.4548,Midnight 00:00,0.1,0,0.0,0.0,0.0,0.0,0.0,0.0,0.0,0.0,0.0,0.0,15.619
644,21.4881,Midnight 00:00,0.1,0,0.0,0.0,0.0,0.0,0.0,0.0,0.0,0.0,0.0,0.0,15.625
645,21.5215,Midnight 00:00,0.1,0,0.0,0.0,0.0,0.0,0.0,0.0,0.0,0.0,0.0,0.0,15.628
646,21.5549,Midnight 00:00,0.1,0,0.0,0.0,0.0,0.0,0.0,0.0,0.0,0.0,0.0,0.0,15.621
647,21.5882,Midnight 00:00,0.1,0,0.0,0.0,0.0,0.0,0.0,0.0,0.0,0.0,0.0,0.0,15.621
648,21.6216,Midnight 00:00,0.1,0,0.0,0.0,0.0,0.0,0.0,0.0,0.0,0.0,0.0,0.0,15.627
649,21.655,Midnight 00:00,0.1,0,0.0,0.0,0.0,0.0,0.0,0.0,0.0,0.0,0.0,0.0,15.628
650,21.6883,Midnight 00:00,0.1,0,0.0,0.0,0.0,0.0,0.0,0.0,0.0,0.0,0.0,0.0,15.622
651,21.7217,Midnight 00:00,0.1,0,0.0,0.0,0.0,0.0,0.0,0.0,0.0,0.0,0.0,0.0,15.623
652,21.7551,Midnight 00:00,0.1,0,0.0,0.0,0.0,0.0,0.0,0.0,0.0,0.0,0.0,0.0,15.629
653,21.7884,Midnight 00:00,0.1,0,0.0,0.0,0.0,0.0,0.0,0.0,0.0,0.0,0.0,0.0,15.63
654,21.8218,Midnight 00:00,0.1,0,0.0,0.0,0.0,0.0,0.0,0.0,0.0,0.0,0.0,0.0,15.625
655,21.8552,Midnight 00:00,0.1,0,0.0,0.0,0.0,0.0,0.0,0.0,0.0,0.0,0.0,0.0,15.626
656,21.8885,Midnight 00:00,0.1,0,0.0,0.0,0.0,0.0,0.0,0.0,0.0,0.0,0.0,0.0,15.631
657,21.9219,Midnight 00:00,0.1,0,0.0,0.0,0.0,0.0,0.0,0.0,0.0,0.0,0.0,0.0,15.632
658,21.9553,Midnight 00:00,0.1,0,0.0,0.0,0.0,0.0,0.0,0.0,0.0,0.0,0.0,0.0,15.626
659,21.9886,Midnight 00:00,0.1,0,0.0,0.0,0.0,0.0,0.0,0.0,0.0,0.0,0.0,0.0,15.627
660,22.022,Midnight 00:00,0.1,0,0.0,0.0,0.0,0.0,0.0,0.0,0.0,0.0,0.0,0.0,15.635
661,22.0554,Midnight 00:00,0.1,0,0.0,0.0,0.0,0.0,0.0,0.0,0.0,0.0,0.0,0.0,15.634
662,22.0887,Midnight 00:00,0.1,0,0.0,0.0,0.0,0.0,0.0,0.0,0.0,0.0,0.0,0.0,15.628
663,22.1221,Midnight 00:00,0.1,0,0.0,0.0,0.0,0.0,0.0,0.0,0.0,0.0,0.0,0.0,15.631
664,22.1555,Midnight 00:00,0.1,0,0.0,0.0,0.0,0.0,0.0,0.0,0.0,0.0,0.0,0.0,15.635
665,22.1888,Midnight 00:00,0.1,0,0.0,0.0,0.0,0.0,0.0,0.0,0.0,0.0,0.0,0.0,15.635
666,22.2222,Midnight 00:00,0.1,0,0.0,0.0,0.0,0.0,0.0,0.0,0.0,0.0,0.0,0.0,15.629
667,22.2556,Midnight 00:00,0.1,0,0.0,0.0,0.0,0.0,0.0,0.0,0.0,0.0,0.0,0.0,15.631
668,22.2889,Midnight 00:00,0.1,0,0.0,0.0,0.0,0.0,0.0,0.0,0.0,0.0,0.0,0.0,15.638
669,22.3223,Midnight 00:00,0.1,0,0.0,0.0,0.0,0.0,0.0,0.0,0.0,0.0,0.0,0.0,15.636
670,22.3557,Midnight 00:00,0.1,0,0.0,0.0,0.0,0.0,0.0,0.0,0.0,0.0,0.0,0.0,15.631
671,22.389,Midnight 00:00,0.1,0,0.0,0.0,0.0,0.0,0.0,0.0,0.0,0.0,0.0,0.0,15.633
672,22.4224,Midnight 00:00,0.1,0,0.0,0.0,0.0,0.0,0.0,0.0,0.0,0.0,0.0,0.0,15.641
673,22.4558,Midnight 00:00,0.1,0,0.0,0.0,0.0,0.0,0.0,0.0,0.0,0.0,0.0,0.0,15.637
674,22.4891,Midnight 00:00,0.1,0,0.0,0.0,0.0,0.0,0.0,0.0,0.0,0.0,0.0,0.0,15.631
675,22.5225,Midnight 00:00,0.1,0,0.0,0.0,0.0,0.0,0.0,0.0,0.0,0.0,0.0,0.0,15.634
676,22.5559,Midnight 00:00,0.1,0,0.0,0.0,0.0,0.0,0.0,0.0,0.0,0.0,0.0,0.0,15.641
677,22.5892,Midnight 00:00,0.1,0,0.0,0.0,0.0,0.0,0.0,0.0,0.0,0.0,0.0,0.0,15.638
678,22.6226,Midnight 00:00,0.1,0,0.0,0.0,0.0,0.0,0.0,0.0,0.0,0.0,0.0,0.0,15.638
679,22.656,Midnight 00:00,0.1,0,0.0,0.0,0.0,0.0,0.0,0.0,0.0,0.0,0.0,0.0,15.636
680,22.6893,Midnight 00:00,0.1,0,0.0,0.0,0.0,0.0,0.0,0.0,0.0,0.0,0.0,0.0,15.641
681,22.7227,Midnight 00:00,0.1,0,0.0,0.0,0.0,0.0,0.0,0.0,0.0,0.0,0.0,0.0,15.637
682,22.7561,Midnight 00:00,0.1,0,0.0,0.0,0.0,0.0,0.0,0.0,0.0,0.0,0.0,0.0,15.633
683,22.7894,Midnight 00:00,0.1,0,0.0,0.0,0.0,0.0,0.0,0.0,0.0,0.0,0.0,0.0,15.636
684,22.8228,Midnight 00:00,0.1,0,0.0,0.0,0.0,0.0,0.0,0.0,0.0,0.0,0.0,0.0,15.643
685,22.8562,Midnight 00:00,0.1,0,0.0,0.0,0.0,0.0,0.0,0.0,0.0,0.0,0.0,0.0,15.639
686,22.8895,Midnight 00:00,0.1,0,0.0,0.0,0.0,0.0,0.0,0.0,0.0,0.0,0.0,0.0,15.634
687,22.9229,Midnight 00:00,0.1,0,0.0,0.0,0.0,0.0,0.0,0.0,0.0,0.0,0.0,0.0,15.639
688,22.9563,Midnight 00:00,0.1,0,0.0,0.0,0.0,0.0,0.0,0.0,0.0,0.0,0.0,0.0,15.644
689,22.9896,Midnight 00:00,0.1,0,0.0,0.0,0.0,0.0,0.0,0.0,0.0,0.0,0.0,0.0,15.639
690,23.023,Midnight 00:00,0.1,0,0.0,0.0,0.0,0.0,0.0,0.0,0.0,0.0,0.0,0.0,15.634
691,23.0564,Midnight 00:00,0.1,0,0.0,0.0,0.0,0.0,0.0,0.0,0.0,0.0,0.0,0.0,15.64
692,23.0897,Midnight 00:00,0.1,0,0.0,0.0,0.0,0.0,0.0,0.0,0.0,0.0,0.0,0.0,15.646
693,23.1231,Midnight 00:00,0.1,0,0.0,0.0,0.0,0.0,0.0,0.0,0.0,0.0,0.0,0.0,15.639
694,23.1565,Midnight 00:00,0.1,0,0.0,0.0,0.0,0.0,0.0,0.0,0.0,0.0,0.0,0.0,15.655
695,23.1898,Midnight 00:00,0.1,0,0.0,0.0,0.0,0.0,0.0,0.0,0.0,0.0,0.0,0.0,15.658
696,23.2232,Midnight 00:00,0.1,1,-0.01999,-1.49184,4.27944,2.27944,-0.01999,-2.49184,3.46614,0.00626,-0.03013,240.0,15.655
697,23.2566,Midnight 00:00,0.1,1,-0.01942,-1.45372,4.23847,2.23847,-0.01942,-2.45372,-2.59406,0.05752,-0.22757,232.5,15.658
698,23.2899,Midnight 00:00,0.1,0,0.0,0.0,0.0,0.0,0.0,0.0,0.0,0.0,0.0,0.0,15.664
699,23.3233,Midnight 00:00,0.1,1,-0.01999,-1.42028,4.26636,2.26636,-0.01999,-2.42028,3.45267,0.01348,-0.07819,240.0,15.657
700,23.3567,Midnight 00:00,0.1,1,-0.02,-1.38716,4.2471,2.2471,-0.02,-2.38716,3.45403,0.0253,-0.158,240.0,15.653
701,23.39,Midnight 00:00,0.1,1,-0.02,-1.38108,4.28841,2.28841,-0.02,-2.38108,3.17617,0.00027,-0.0009,225.0,15.658
702,23.4234,Midnight 00:00,0.1,0,0.0,0.0,0.0,0.0,0.0,0.0,0.0,0.0,0.0,0.0,15.665
703,23.4568,Midnight 00:00,0.1,1,-0.01981,-1.31924,4.24308,2.24308,-0.01981,-2.31924,3.4346,0.00373,-0.01989,240.0,15.656
704,23.4901,Midnight 00:00,0.1,1,-0.01981,-1.29293,4.24421,2.24421,-0.01981,-2.29293,3.42888,0.00307,-0.01551,240.0,15.655
705,23.5235,Midnight 00:00,0.1,1,-0.02,-1.28673,4.28836,2.28836,-0.02,-2.28673,3.17896,0.0003,-0.00106,225.0,15.66
706,23.5569,Midnight 00:00,0.1,1,-0.02,-1.28673,4.28836,2.28836,-0.02,-2.28673,3.17896,0.0003,-0.00106,225.0,15.66
707,23.5902,Midnight 00:00,0.1,1,-0.01982,-1.22709,4.2469,2.2469,-0.01982,-2.22709,3.41237,0.00218,-0.00986,240.0,15.655
708,23.6236,Midnight 00:00,0.1,1,-0.01982,-1.20068,4.24782,2.24782,-0.01982,-2.20068,3.41544,0.00223,-0.01057,240.0,15.655
709,23.657,Midnight 00:00,0.1,1,-0.02,-1.19238,4.28829,2.28829,-0.02,-2.19238,3.18226,0.00033,-0.00128,225.0,15.661
710,23.6903,Midnight 00:00,0.1,0,0.0,0.0,0.0,0.0,0.0,0.0,0.0,0.0,0.0,0.0,15.663
711,23.7237,Midnight 00:00,0.1,1,-0.01983,-1.13465,4.25029,2.25029,-0.01983,-2.13465,3.40253,0.00217,-0.0108,240.0,15.656
712,23.7571,Midnight 00:00,0.1,1,-0.01984,-1.10819,4.25124,2.25124,-0.01984,-2.10819,3.39426,0.00217,-0.01114,240.0,15.654
713,23.7904,Midnight 00:00,0.1,1,-0.02,-1.09803,4.28819,2.28819,-0.02,-2.09803,3.18625,0.00037,-0.00159,225.0,15.661
714,23.8238,Midnight 00:00,0.1,0,0.0,0.0,0.0,0.0,0.0,0.0,0.0,0.0,0.0,0.0,15.664
715,23.8572,Midnight 00:00,0.1,1,-0.01985,-1.04197,4.2534,2.2534,-0.01985,-2.04197,3.38102,0.00226,-0.0128,240.0,15.657
716,23.8905,Midnight 00:00,0.1,1,-0.01986,-1.01544,4.25411,2.25411,-0.01986,-2.01544,3.36733,0.0023,-0.01387,240.0,15.655
717,23.9239,Midnight 00:00,0.1,1,-0.02,-1.00367,4.28806,2.28806,-0.02,-2.00367,3.19116,0.00042,-0.00203,225.0,15.662
718,23.9573,Midnight 00:00,0.1,0,0.0,0.0,0.0,0.0,0.0,0.0,0.0,0.0,0.0,0.0,15.663
719,23.9906,Midnight 00:00,0.1,1,-0.01987,-0.94907,4.25607,2.25607,-0.01987,-1.94907,3.35449,0.00237,-0.01538,240.0,15.656
720,24.024,Midnight 00:00,0.1,1,-0.01987,-0.92245,4.25636,2.25636,-0.01987,-1.92245,3.34593,0.00246,-0.01756,240.0,15.656
721,24.0574,Midnight 00:00,0.1,1,-0.02,-0.90929,4.28784,2.28784,-0.02,-1.90929,3.19738,0.0005,-0.00272,225.0,15.663
722,24.0907,Midnight 00:00,0.1,0,0.0,0.0,0.0,0.0,0.0,0.0,0.0,0.0,0.0,0.0,15.663
723,24.1241,Midnight 00:00,0.1,1,-0.01964,-0.84225,4.19044,2.19044,-0.01964,-1.84225,3.33568,0.0077,-0.10069,240.0,15.657
724,24.1575,Midnight 00:00,0.1,1,-0.01965,-0.8163,4.19234,2.19234,-0.01965,-1.8163,3.35884,0.00768,-0.1033,240.0,15.656
725,24.1908,Midnight 00:00,0.1,0,0.0,0.0,0.0,0.0,0.0,0.0,0.0,0.0,0.0,0.0,15.663
726,24.2242,Midnight 00:00,0.1,0,0.0,0.0,0.0,0.0,0.0,0.0,0.0,0.0,0.0,0.0,15.664
727,24.2576,Midnight 00:00,0.1,1,-0.01966,-0.72606,4.05613,2.05613,-0.01966,-1.72606,3.25812,0.04863,-0.53971,240.0,15.657
728,24.2909,Midnight 00:00,0.1,1,-0.0196,-0.69778,4.04011,2.04011,-0.0196,-1.69778,3.26006,0.04809,-0.55276,240.0,15.658
729,24.3243,Midnight 00:00,0.1,0,0.0,0.0,0.0,0.0,0.0,0.0,0.0,0.0,0.0,0.0,15.665
730,24.3577,Midnight 00:00,0.1,0,0.0,0.0,0.0,0.0,0.0,0.0,0.0,0.0,0.0,0.0,15.663
731,24.391,Midnight 00:00,0.1,1,-0.01957,-0.63275,4.02998,2.02998,-0.01957,-1.63275,3.24359,0.04446,-0.56164,240.0,15.658
732,24.4244,Midnight 00:00,0.1,1,-0.01956,-0.60687,4.02619,2.02619,-0.01956,-1.60687,3.23704,0.04294,-0.56481,240.0,15.659
733,24.4578,Midnight 00:00,0.1,0,0.0,0.0,0.0,0.0,0.0,0.0,0.0,0.0,0.0,0.0,15.665
734,24.4911,Midnight 00:00,0.1,0,0.0,0.0,0.0,0.0,0.0,0.0,0.0,0.0,0.0,0.0,15.663
735,24.5245,Midnight 00:00,0.1,1,-0.01953,-0.54246,4.01737,2.01737,-0.01953,-1.54246,3.22075,0.03898,-0.57181,240.0,15.656
736,24.5579,Midnight 00:00,0.1,1,-0.01953,-0.54246,4.01737,2.01737,-0.01953,-1.54246,3.22075,0.03898,-0.57181,240.0,15.656
737,24.5912,Midnight 00:00,0.1,1,-0.01952,-0.51681,4.01411,2.01411,-0.01952,-1.51681,3.21426,0.03734,-0.57425,240.0,15.658
738,24.6246,Midnight 00:00,0.1,0,0.0,0.0,0.0,0.0,0.0,0.0,0.0,0.0,0.0,0.0,15.664
739,24.658,Midnight 00:00,0.1,1,-0.0195,-0.45294,4.00663,2.00663,-0.0195,-1.45294,3.19816,0.03311,-0.57951,240.0,15.654
740,24.6913,Midnight 00:00,0.1,0,0.0,0.0,0.0,0.0,0.0,0.0,0.0,0.0,0.0,0.0,15.658
741,24.7247,Midnight 00:00,0.1,0,0.0,0.0,0.0,0.0,0.0,0.0,0.0,0.0,0.0,0.0,15.658
742,24.7581,Midnight 00:00,0.1,0,0.0,0.0,0.0,0.0,0.0,0.0,0.0,0.0,0.0,0.0,15.664
743,24.7914,Midnight 00:00,0.1,0,0.0,0.0,0.0,0.0,0.0,0.0,0.0,0.0,0.0,0.0,15.661
744,24.8248,Midnight 00:00,0.1,1,-0.01947,-0.36406,3.99778,1.99778,-0.01947,-1.36406,3.17584,0.02695,-0.58491,240.0,15.654
745,24.8582,Midnight 00:00,0.1,0,0.0,0.0,0.0,0.0,0.0,0.0,0.0,0.0,0.0,0.0,15.662
746,24.8915,Midnight 00:00,0.1,0,0.0,0.0,0.0,0.0,0.0,0.0,0.0,0.0,0.0,0.0,15.662
747,24.9249,Midnight 00:00,0.1,1,-0.01945,-0.2757,3.99082,1.99082,-0.01945,-1.2757,3.15382,0.02057,-0.58814,240.0,15.653
748,24.9583,Midnight 00:00,0.1,1,-0.01945,-0.25053,3.98917,1.98917,-0.01945,-1.25053,3.14758,0.01872,-0.58868,240.0,15.653
749,24.9916,Midnight 00:00,0.1,0,0.0,0.0,0.0,0.0,0.0,0.0,0.0,0.0,0.0,0.0,15.658
750,25.025,Midnight 00:00,0.1,0,0.0,0.0,0.0,0.0,0.0,0.0,0.0,0.0,0.0,0.0,15.654
751,25.0584,Midnight 00:00,0.1,1,-0.01943,-0.18774,3.98576,1.98576,-0.01943,-1.18774,3.13209,0.01406,-0.58929,240.0,15.647
752,25.0917,Midnight 00:00,0.1,1,-0.01974,-0.16954,4.08018,2.08018,-0.01974,-1.16954,-2.96152,-0.03454,0.46894,232.5,15.65
753,25.1251,Midnight 00:00,0.1,0,0.0,0.0,0.0,0.0,0.0,0.0,0.0,0.0,0.0,0.0,15.653
754,25.1585,Midnight 00:00,0.1,0,0.0,0.0,0.0,0.0,0.0,0.0,0.0,0.0,0.0,0.0,15.648
755,25.1918,Midnight 00:00,0.1,1,-0.01943,-0.10005,3.98261,1.98261,-0.01943,-1.10005,3.11068,0.00749,-0.58846,240.0,15.642
756,25.2252,Midnight 00:00,0.1,1,-0.01942,-0.07503,3.98206,1.98206,-0.01942,-1.07503,3.10462,0.00561,-0.58787,240.0,15.642
757,25.2586,Midnight 00:00,0.1,0,0.0,0.0,0.0,0.0,0.0,0.0,0.0,0.0,0.0,0.0,15.645
758,25.2919,Midnight 00:00,0.1,0,0.0,0.0,0.0,0.0,0.0,0.0,0.0,0.0,0.0,0.0,15.638
759,25.3253,Midnight 00:00,0.1,1,-0.01942,-0.0125,3.98138,1.98138,-0.01942,-1.0125,3.0896,0.00093,-0.58572,240.0,15.639
760,25.3587,Midnight 00:00,0.1,0,0.0,0.0,0.0,0.0,0.0,0.0,0.0,0.0,0.0,0.0,15.644
761,25.392,Midnight 00:00,0.1,0,0.0,0.0,0.0,0.0,0.0,0.0,0.0,0.0,0.0,0.0,15.644
762,25.4254,Midnight 00:00,0.1,0,0.0,0.0,0.0,0.0,0.0,0.0,0.0,0.0,0.0,0.0,15.644
763,25.4588,Midnight 00:00,0.1,0,0.0,0.0,0.0,0.0,0.0,0.0,0.0,0.0,0.0,0.0,15.644
764,25.4921,Midnight 00:00,0.1,0,0.0,0.0,0.0,0.0,0.0,0.0,0.0,0.0,0.0,0.0,15.644
765,25.5255,Midnight 00:00,0.1,0,0.0,0.0,0.0,0.0,0.0,0.0,0.0,0.0,0.0,0.0,15.644
766,25.5589,Midnight 00:00,0.1,0,0.0,0.0,0.0,0.0,0.0,0.0,0.0,0.0,0.0,0.0,15.644
767,25.5922,Midnight 00:00,0.1,0,0.0,0.0,0.0,0.0,0.0,0.0,0.0,0.0,0.0,0.0,15.644
768,25.6256,Midnight 00:00,0.1,0,0.0,0.0,0.0,0.0,0.0,0.0,0.0,0.0,0.0,0.0,15.644
769,25.659,Midnight 00:00,0.1,0,0.0,0.0,0.0,0.0,0.0,0.0,0.0,0.0,0.0,0.0,15.644
770,25.6923,Midnight 00:00,0.1,0,0.0,0.0,0.0,0.0,0.0,0.0,0.0,0.0,0.0,0.0,15.644
771,25.7257,Midnight 00:00,0.1,0,0.0,0.0,0.0,0.0,0.0,0.0,0.0,0.0,0.0,0.0,15.644
772,25.7591,Midnight 00:00,0.1,0,0.0,0.0,0.0,0.0,0.0,0.0,0.0,0.0,0.0,0.0,15.644
773,25.7924,Midnight 00:00,0.1,0,0.0,0.0,0.0,0.0,0.0,0.0,0.0,0.0,0.0,0.0,15.644
774,25.8258,Midnight 00:00,0.1,0,0.0,0.0,0.0,0.0,0.0,0.0,0.0,0.0,0.0,0.0,15.644
775,25.8592,Midnight 00:00,0.1,0,0.0,0.0,0.0,0.0,0.0,0.0,0.0,0.0,0.0,0.0,15.644
776,25.8925,Midnight 00:00,0.1,0,0.0,0.0,0.0,0.0,0.0,0.0,0.0,0.0,0.0,0.0,15.644
777,25.9259,Midnight 00:00,0.1,0,0.0,0.0,0.0,0.0,0.0,0.0,0.0,0.0,0.0,0.0,15.644
778,25.9593,Midnight 00:00,0.1,0,0.0,0.0,0.0,0.0,0.0,0.0,0.0,0.0,0.0,0.0,15.644
779,25.9926,Midnight 00:00,0.1,0,0.0,0.0,0.0,0.0,0.0,0.0,0.0,0.0,0.0,0.0,15.644
780,26.026,Midnight 00:00,0.1,0,0.0,0.0,0.0,0.0,0.0,0.0,0.0,0.0,0.0,0.0,15.644
781,26.0594,Midnight 00:00,0.1,0,0.0,0.0,0.0,0.0,0.0,0.0,0.0,0.0,0.0,0.0,15.644
782,26.0927,Midnight 00:00,0.1,0,0.0,0.0,0.0,0.0,0.0,0.0,0.0,0.0,0.0,0.0,15.644
783,26.1261,Midnight 00:00,0.1,0,0.0,0.0,0.0,0.0,0.0,0.0,0.0,0.0,0.0,0.0,15.644
784,26.1595,Midnight 00:00,0.1,0,0.0,0.0,0.0,0.0,0.0,0.0,0.0,0.0,0.0,0.0,15.644
785,26.1928,Midnight 00:00,0.1,0,0.0,0.0,0.0,0.0,0.0,0.0,0.0,0.0,0.0,0.0,15.644
786,26.2262,Midnight 00:00,0.1,0,0.0,0.0,0.0,0.0,0.0,0.0,0.0,0.0,0.0,0.0,15.644
787,26.2596,Midnight 00:00,0.1,0,0.0,0.0,0.0,0.0,0.0,0.0,0.0,0.0,0.0,0.0,15.644
788,26.2929,Midnight 00:00,0.1,0,0.0,0.0,0.0,0.0,0.0,0.0,0.0,0.0,0.0,0.0,15.644
789,26.3263,Midnight 00:00,0.1,0,0.0,0.0,0.0,0.0,0.0,0.0,0.0,0.0,0.0,0.0,15.644
790,26.3597,Midnight 00:00,0.1,0,0.0,0.0,0.0,0.0,0.0,0.0,0.0,0.0,0.0,0.0,15.644
791,26.393,Midnight 00:00,0.1,0,0.0,0.0,0.0,0.0,0.0,0.0,0.0,0.0,0.0,0.0,15.644
792,26.4264,Midnight 00:00,0.1,0,0.0,0.0,0.0,0.0,0.0,0.0,0.0,0.0,0.0,0.0,15.644
793,26.4598,Midnight 00:00,0.1,0,0.0,0.0,0.0,0.0,0.0,0.0,0.0,0.0,0.0,0.0,15.644
794,26.4931,Midnight 00:00,0.1,0,0.0,0.0,0.0,0.0,0.0,0.0,0.0,0.0,0.0,0.0,15.644
795,26.5265,Midnight 00:00,0.1,0,0.0,0.0,0.0,0.0,0.0,0.0,0.0,0.0,0.0,0.0,15.644
796,26.5599,Midnight 00:00,0.1,0,0.0,0.0,0.0,0.0,0.0,0.0,0.0,0.0,0.0,0.0,15.644
797,26.5932,Midnight 00:00,0.1,0,0.0,0.0,0.0,0.0,0.0,0.0,0.0,0.0,0.0,0.0,15.644
798,26.6266,Midnight 00:00,0.1,0,0.0,0.0,0.0,0.0,0.0,0.0,0.0,0.0,0.0,0.0,15.644
799,26.66,Midnight 00:00,0.1,0,0.0,0.0,0.0,0.0,0.0,0.0,0.0,0.0,0.0,0.0,15.644
800,26.6933,Midnight 00:00,0.1,0,0.0,0.0,0.0,0.0,0.0,0.0,0.0,0.0,0.0,0.0,15.644
801,26.7267,Midnight 00:00,0.1,0,0.0,0.0,0.0,0.0,0.0,0.0,0.0,0.0,0.0,0.0,15.644
802,26.7601,Midnight 00:00,0.1,0,0.0,0.0,0.0,0.0,0.0,0.0,0.0,0.0,0.0,0.0,15.644
803,26.7934,Midnight 00:00,0.1,0,0.0,0.0,0.0,0.0,0.0,0.0,0.0,0.0,0.0,0.0,15.644
804,26.8268,Midnight 00:00,0.1,0,0.0,0.0,0.0,0.0,0.0,0.0,0.0,0.0,0.0,0.0,15.644
805,26.8602,Midnight 00:00,0.1,0,0.0,0.0,0.0,0.0,0.0,0.0,0.0,0.0,0.0,0.0,15.644
806,26.8935,Midnight 00:00,0.1,0,0.0,0.0,0.0,0.0,0.0,0.0,0.0,0.0,0.0,0.0,15.644
807,26.9269,Midnight 00:00,0.1,0,0.0,0.0,0.0,0.0,0.0,0.0,0.0,0.0,0.0,0.0,15.644
808,26.9603,Midnight 00:00,0.1,0,0.0,0.0,0.0,0.0,0.0,0.0,0.0,0.0,0.0,0.0,15.644
809,26.9936,Midnight 00:00,0.1,0,0.0,0.0,0.0,0.0,0.0,0.0,0.0,0.0,0.0,0.0,15.644
810,27.027,Midnight 00:00,0.1,0,0.0,0.0,0.0,0.0,0.0,0.0,0.0,0.0,0.0,0.0,15.644
811,27.0604,Midnight 00:00,0.1,0,0.0,0.0,0.0,0.0,0.0,0.0,0.0,0.0,0.0,0.0,15.644
812,27.0937,Midnight 00:00,0.1,0,0.0,0.0,0.0,0.0,0.0,0.0,0.0,0.0,0.0,0.0,15.644
813,27.1271,Midnight 00:00,0.1,0,0.0,0.0,0.0,0.0,0.0,0.0,0.0,0.0,0.0,0.0,15.644
814,27.1605,Midnight 00:00,0.1,0,0.0,0.0,0.0,0.0,0.0,0.0,0.0,0.0,0.0,0.0,15.644
815,27.1938,Midnight 00:00,0.1,0,0.0,0.0,0.0,0.0,0.0,0.0,0.0,0.0,0.0,0.0,15.644
816,27.2272,Midnight 00:00,0.1,0,0.0,0.0,0.0,0.0,0.0,0.0,0.0,0.0,0.0,0.0,15.644
817,27.2606,Midnight 00:00,0.1,0,0.0,0.0,0.0,0.0,0.0,0.0,0.0,0.0,0.0,0.0,15.644
818,27.2939,Midnight 00:00,0.1,0,0.0,0.0,0.0,0.0,0.0,0.0,0.0,0.0,0.0,0.0,15.644
819,27.3273,Midnight 00:00,0.1,0,0.0,0.0,0.0,0.0,0.0,0.0,0.0,0.0,0.0,0.0,15.644
820,27.3607,Midnight 00:00,0.1,0,0.0,0.0,0.0,0.0,0.0,0.0,0.0,0.0,0.0,0.0,15.644
821,27.394,Midnight 00:00,0.1,0,0.0,0.0,0.0,0.0,0.0,0.0,0.0,0.0,0.0,0.0,15.644
822,27.4274,Midnight 00:00,0.1,0,0.0,0.0,0.0,0.0,0.0,0.0,0.0,0.0,0.0,0.0,15.644
823,27.4608,Midnight 00:00,0.1,0,0.0,0.0,0.0,0.0,0.0,0.0,0.0,0.0,0.0,0.0,15.644
824,27.4941,Midnight 00:00,0.1,0,0.0,0.0,0.0,0.0,0.0,0.0,0.0,0.0,0.0,0.0,15.644
825,27.5275,Midnight 00:00,0.1,0,0.0,0.0,0.0,0.0,0.0,0.0,0.0,0.0,0.0,0.0,15.644
826,27.5609,Midnight 00:00,0.1,0,0.0,0.0,0.0,0.0,0.0,0.0,0.0,0.0,0.0,0.0,15.644
827,27.5942,Midnight 00:00,0.1,0,0.0,0.0,0.0,0.0,0.0,0.0,0.0,0.0,0.0,0.0,15.647
828,27.6276,Midnight 00:00,0.1,1,-0.01942,-0.0125,3.98138,1.98138,-0.01942,-1.0125,3.0896,0.00093,-0.58572,240.0,15.652
829,27.661,Midnight 00:00,0.1,1,-0.01942,-0.0125,3.98138,1.98138,-0.01942,-1.0125,3.0896,0.00093,-0.58572,240.0,15.65
830,27.6943,Midnight 00:00,0.1,1,-0.01942,-0.0125,3.98138,1.98138,-0.01942,-1.0125,3.0896,0.00093,-0.58572,240.0,15.651
831,27.7277,Midnight 00:00,0.1,1,-0.01942,-0.0125,3.98138,1.98138,-0.01942,-1.0125,3.0896,0.00093,-0.58572,240.0,15.65
832,27.7611,Midnight 00:00,0.1,1,-0.01942,-0.0125,3.98138,1.98138,-0.01942,-1.0125,3.0896,0.00093,-0.58572,240.0,15.647
833,27.7944,Midnight 00:00,0.1,1,-0.01942,-0.0125,3.98138,1.98138,-0.01942,-1.0125,3.0896,0.00093,-0.58572,240.0,15.646
834,27.8278,Midnight 00:00,0.1,1,-0.02223,-0.01215,3.95782,1.95782,-0.02223,-1.01215,-2.99142,0.02213,0.44567,248.0,15.643
835,27.8612,Midnight 00:00,0.1,1,-0.02069,-0.0115,3.85979,1.85979,-0.02069,-1.0115,-2.87955,-0.02263,-0.18823,264.0,15.643
836,27.8945,Midnight 00:00,0.1,1,-0.02069,-0.0115,3.85979,1.85979,-0.02069,-1.0115,-2.87955,-0.02263,-0.18823,264.0,15.643
837,27.9279,Midnight 00:00,0.1,1,-0.02069,-0.0115,3.85979,1.85979,-0.02069,-1.0115,-2.87955,-0.02263,-0.18823,264.0,15.644
838,27.9613,Midnight 00:00,0.1,1,-0.01765,-0.01266,3.78728,1.78728,-0.01765,-1.01266,2.83584,-0.00103,0.00648,272.0,15.643
839,27.9946,Midnight 00:00,0.1,1,-0.01711,-0.00826,3.7512,1.7512,-0.01711,-1.00826,-2.90466,0.0211,-0.21962,280.5,15.646
840,28.028,Midnight 00:00,0.1,1,-0.01711,-0.00826,3.7512,1.7512,-0.01711,-1.00826,-2.90466,0.0211,-0.21962,280.5,15.643
841,28.0614,Midnight 00:00,0.1,1,-0.01782,-0.00588,3.74686,1.74686,-0.01782,-1.00588,3.13627,0.00017,-0.20582,289.0,15.642
842,28.0947,Midnight 00:00,0.1,1,-0.01782,-0.00588,3.74686,1.74686,-0.01782,-1.00588,3.13627,0.00017,-0.20582,289.0,15.644
843,28.1281,Midnight 00:00,0.1,1,-0.01782,-0.00588,3.74686,1.74686,-0.01782,-1.00588,3.13627,0.00017,-0.20582,289.0,15.643
844,28.1615,Midnight 00:00,0.1,1,-0.01782,-0.00588,3.74686,1.74686,-0.01782,-1.00588,3.13627,0.00017,-0.20582,289.0,15.643
845,28.1948,Midnight 00:00,0.1,1,-0.01743,-0.01111,3.53966,1.53966,-0.01743,-1.01111,3.09529,0.00088,-0.55485,306.0,15.642
846,28.2282,Midnight 00:00,0.1,1,-0.01743,-0.01111,3.53966,1.53966,-0.01743,-1.01111,3.09529,0.00088,-0.55485,306.0,15.647
847,28.2616,Midnight 00:00,0.1,1,-0.02236,-0.01111,3.53898,1.53898,-0.02236,-1.01111,3.13789,0.00033,-0.20182,324.0,15.644
848,28.2949,Midnight 00:00,0.1,1,-0.02236,-0.01111,3.53898,1.53898,-0.02236,-1.01111,3.13789,0.00033,-0.20182,324.0,15.646
849,28.3283,Midnight 00:00,0.1,1,-0.02236,-0.01111,3.53898,1.53898,-0.02236,-1.01111,3.13789,0.00033,-0.20182,324.0,15.649
850,28.3617,Midnight 00:00,0.1,1,-0.02236,-0.01111,3.53898,1.53898,-0.02236,-1.01111,3.13789,0.00033,-0.20182,324.0,15.654
851,28.395,Midnight 00:00,0.1,1,-0.02236,-0.01111,3.53898,1.53898,-0.02236,-1.01111,3.13789,0.00033,-0.20182,324.0,15.658
852,28.4284,Midnight 00:00,0.1,1,-0.02236,-0.01111,3.53898,1.53898,-0.02236,-1.01111,3.13789,0.00033,-0.20182,324.0,15.658
853,28.4618,Midnight 00:00,0.1,1,-0.02236,-0.01111,3.53898,1.53898,-0.02236,-1.01111,3.13789,0.00033,-0.20182,324.0,15.661
854,28.4951,Midnight 00:00,0.1,1,-0.02236,-0.01111,3.53898,1.53898,-0.02236,-1.01111,3.13789,0.00033,-0.20182,324.0,15.659
855,28.5285,Midnight 00:00,0.1,1,-0.02236,-0.01111,3.53898,1.53898,-0.02236,-1.01111,3.13789,0.00033,-0.20182,324.0,15.659
856,28.5619,Midnight 00:00,0.1,1,-0.02236,-0.01111,3.53898,1.53898,-0.02236,-1.01111,3.13789,0.00033,-0.20182,324.0,15.656
857,28.5952,Midnight 00:00,0.1,1,-0.02236,-0.01111,3.53898,1.53898,-0.02236,-1.01111,3.13789,0.00033,-0.20182,324.0,15.655
858,28.6286,Midnight 00:00,0.1,1,-0.0218,-0.01579,3.35371,1.35371,-0.0218,-1.01579,3.09959,0.00129,-0.53904,342.0,15.652
859,28.662,Midnight 00:00,0.1,1,-0.01736,-0.01541,3.33707,1.33707,-0.01736,-1.01541,-3.00045,-0.01906,-0.42989,351.5,15.651
860,28.6953,Midnight 00:00,0.1,1,-0.02,-0.01598,3.22008,1.22008,-0.02,-1.01598,2.87017,-0.00124,0.00861,380.0,15.646
861,28.7287,Midnight 00:00,0.1,1,-0.02,-0.01598,3.22008,1.22008,-0.02,-1.01598,2.87017,-0.00124,0.00861,380.0,15.647
862,28.7621,Midnight 00:00,0.1,1,-0.02,-0.01598,3.22008,1.22008,-0.02,-1.01598,2.87017,-0.00124,0.00861,380.0,15.651
863,28.7954,Midnight 00:00,0.1,1,-0.0194,-0.01192,3.19141,1.19141,-0.0194,-1.01192,-2.9296,0.01798,-0.21774,390.0,15.651
864,28.8288,Midnight 00:00,0.1,1,-0.02,-0.01598,3.22008,1.22008,-0.02,-1.01598,2.87017,-0.00124,0.00861,380.0,15.655
865,28.8622,Midnight 00:00,0.1,1,-0.0202,-0.01,3.18566,1.18566,-0.0202,-1.01,3.13811,0.00032,-0.19767,400.0,15.656
866,28.8955,Midnight 00:00,0.1,1,-0.0202,-0.01,3.18566,1.18566,-0.0202,-1.01,3.13811,0.00032,-0.19767,400.0,15.657
867,28.9289,Midnight 00:00,0.1,1,-0.0202,-0.01,3.18566,1.18566,-0.0202,-1.01,3.13811,0.00032,-0.19767,400.0,15.658
868,28.9623,Midnight 00:00,0.1,1,-0.0202,-0.01,3.18566,1.18566,-0.0202,-1.01,3.13811,0.00032,-0.19767,400.0,15.66
869,28.9956,Midnight 00:00,0.1,1,-0.01988,-0.01429,3.03496,1.03496,-0.01988,-1.01429,3.10377,0.00124,-0.51435,420.0,15.657
870,29.029,Midnight 00:00,0.1,1,-0.01988,-0.01429,3.03496,1.03496,-0.01988,-1.01429,3.10377,0.00124,-0.51435,420.0,15.663
871,29.0624,Midnight 00:00,0.1,1,-0.02398,-0.01429,3.03424,1.03424,-0.02398,-1.01429,3.13966,0.00048,-0.19341,441.0,15.658
872,29.0957,Midnight 00:00,0.1,1,-0.01988,-0.01429,3.03496,1.03496,-0.01988,-1.01429,3.10377,0.00124,-0.51435,420.0,15.654
873,29.1291,Midnight 00:00,0.1,1,-0.02195,-0.01455,3.02114,1.02114,-0.02195,-1.01455,3.01887,0.01823,-0.39491,430.5,15.653
874,29.1625,Midnight 00:00,0.1,1,-0.02398,-0.01429,3.03424,1.03424,-0.02398,-1.01429,3.13966,0.00048,-0.19341,441.0,15.658
875,29.1958,Midnight 00:00,0.1,1,-0.02398,-0.01429,3.03424,1.03424,-0.02398,-1.01429,3.13966,0.00048,-0.19341,441.0,15.657
876,29.2292,Midnight 00:00,0.1,1,-0.02398,-0.01429,3.03424,1.03424,-0.02398,-1.01429,3.13966,0.00048,-0.19341,441.0,15.666
877,29.2626,Midnight 00:00,0.1,1,-0.02037,-0.01467,2.96666,0.96666,-0.02037,-1.01467,2.92415,-0.0185,0.17366,451.5,15.674
878,29.2959,Midnight 00:00,0.1,1,-0.01819,-0.01463,2.92794,0.92794,-0.01819,-1.01463,2.88912,-0.00116,0.00859,462.0,15.673
879,29.3293,Midnight 00:00,0.1,1,-0.01843,-0.01818,2.89668,0.89668,-0.01843,-1.01818,3.14102,0.00063,-0.19299,484.0,15.662
880,29.3627,Midnight 00:00,0.1,1,-0.01843,-0.01818,2.89668,0.89668,-0.01843,-1.01818,3.14102,0.00063,-0.19299,484.0,15.662
881,29.396,Midnight 00:00,0.1,1,-0.01829,-0.01305,2.77169,0.77169,-0.01829,-1.01305,3.10729,0.00118,-0.49252,506.0,15.656
882,29.4294,Midnight 00:00,0.1,1,-0.02197,-0.01305,2.77096,0.77096,-0.02197,-1.01305,3.13986,0.00047,-0.18855,529.0,15.647
883,29.4628,Midnight 00:00,0.1,1,-0.02197,-0.01305,2.77096,0.77096,-0.02197,-1.01305,3.13986,0.00047,-0.18855,529.0,15.645
884,29.4961,Midnight 00:00,0.1,1,-0.02197,-0.01305,2.77096,0.77096,-0.02197,-1.01305,3.13986,0.00047,-0.18855,529.0,15.65
885,29.5295,Midnight 00:00,0.1,1,-0.02197,-0.01305,2.77096,0.77096,-0.02197,-1.01305,3.13986,0.00047,-0.18855,529.0,15.671
886,29.5629,Midnight 00:00,0.1,1,-0.02197,-0.01305,2.77096,0.77096,-0.02197,-1.01305,3.13986,0.00047,-0.18855,529.0,15.671
887,29.5962,Midnight 00:00,0.1,1,-0.02197,-0.01305,2.77096,0.77096,-0.02197,-1.01305,3.13986,0.00047,-0.18855,529.0,15.683
888,29.6296,Midnight 00:00,0.1,1,-0.02189,-0.01507,2.696,0.696,-0.02189,-1.01507,3.04169,-0.01567,-0.40904,540.5,15.681
889,29.663,Midnight 00:00,0.1,1,-0.02521,-0.01667,2.65577,0.65577,-0.02521,-1.01667,3.14132,0.00062,-0.18403,576.0,15.665
890,29.6963,Midnight 00:00,0.1,1,-0.02521,-0.01667,2.65577,0.65577,-0.02521,-1.01667,3.14132,0.00062,-0.18403,576.0,15.665
891,29.7297,Midnight 00:00,0.1,1,-0.02185,-0.01561,2.60523,0.60523,-0.02185,-1.01561,-2.93058,-0.0157,-0.16776,588.0,15.664
892,29.7631,Midnight 00:00,0.1,1,-0.02,-0.01704,2.57744,0.57744,-0.02,-1.01704,2.91614,-0.00132,0.01058,600.0,15.661
893,29.7964,Midnight 00:00,0.1,1,-0.02,-0.01704,2.57744,0.57744,-0.02,-1.01704,2.91614,-0.00132,0.01058,600.0,15.663
894,29.8298,Midnight 00:00,0.1,1,-0.02,-0.01704,2.57744,0.57744,-0.02,-1.01704,2.91614,-0.00132,0.01058,600.0,15.663
895,29.8632,Midnight 00:00,0.1,1,-0.02,-0.01704,2.57744,0.57744,-0.02,-1.01704,2.91614,-0.00132,0.01058,600.0,15.663
896,29.8965,Midnight 00:00,0.1,1,-0.02,-0.01704,2.57744,0.57744,-0.02,-1.01704,2.91614,-0.00132,0.01058,600.0,15.663
897,29.9299,Midnight 00:00,0.1,1,-0.02,-0.01704,2.57744,0.57744,-0.02,-1.01704,2.91614,-0.00132,0.01058,600.0,15.663
898,29.9633,Midnight 00:00,0.1,1,-0.02,-0.01704,2.57744,0.57744,-0.02,-1.01704,2.91614,-0.00132,0.01058,600.0,15.663
899,29.9966,Midnight 00:00,0.1,1,-0.02,-0.01704,2.57744,0.57744,-0.02,-1.01704,2.91614,-0.00132,0.01058,600.0,15.663
900,30.03,Midnight 00:00,0.1,1,-0.02,-0.01704,2.57744,0.57744,-0.02,-1.01704,2.91614,-0.00132,0.01058,600.0,15.663
901,30.0634,Midnight 00:00,0.1,1,-0.02,-0.01704,2.57744,0.57744,-0.02,-1.01704,2.91614,-0.00132,0.01058,600.0,15.663
902,30.0967,Midnight 00:00,0.1,1,-0.02,-0.01704,2.57744,0.57744,-0.02,-1.01704,2.91614,-0.00132,0.01058,600.0,15.663
903,30.1301,Midnight 00:00,0.1,1,-0.02,-0.01704,2.57744,0.57744,-0.02,-1.01704,2.91614,-0.00132,0.01058,600.0,15.663
904,30.1635,Midnight 00:00,0.1,1,-0.02,-0.01704,2.57744,0.57744,-0.02,-1.01704,2.91614,-0.00132,0.01058,600.0,15.663
905,30.1968,Midnight 00:00,0.1,1,-0.02,-0.01704,2.57744,0.57744,-0.02,-1.01704,2.91614,-0.00132,0.01058,600.0,15.663
906,30.2302,Midnight 00:00,0.1,1,-0.02,-0.01704,2.57744,0.57744,-0.02,-1.01704,2.91614,-0.00132,0.01058,600.0,15.663
907,30.2636,Midnight 00:00,0.1,1,-0.02,-0.01704,2.57744,0.57744,-0.02,-1.01704,2.91614,-0.00132,0.01058,600.0,15.663
908,30.2969,Midnight 00:00,0.1,1,-0.02,-0.01704,2.57744,0.57744,-0.02,-1.01704,2.91614,-0.00132,0.01058,600.0,15.663
909,30.3303,Midnight 00:00,0.1,1,-0.02,-0.01704,2.57744,0.57744,-0.02,-1.01704,2.91614,-0.00132,0.01058,600.0,15.663
910,30.3637,Midnight 00:00,0.1,1,-0.02,-0.01704,2.57744,0.57744,-0.02,-1.01704,2.91614,-0.00132,0.01058,600.0,15.663
911,30.397,Midnight 00:00,0.1,1,-0.02,-0.01704,2.57744,0.57744,-0.02,-1.01704,2.91614,-0.00132,0.01058,600.0,15.663
912,30.4304,Midnight 00:00,0.1,1,-0.02,-0.01704,2.57744,0.57744,-0.02,-1.01704,2.91614,-0.00132,0.01058,600.0,15.663
913,30.4638,Midnight 00:00,0.1,1,-0.02,-0.01704,2.57744,0.57744,-0.02,-1.01704,2.91614,-0.00132,0.01058,600.0,15.663
914,30.4971,Midnight 00:00,0.1,1,-0.02,-0.01704,2.57744,0.57744,-0.02,-1.01704,2.91614,-0.00132,0.01058,600.0,15.663
915,30.5305,Midnight 00:00,0.1,1,-0.02,-0.01704,2.57744,0.57744,-0.02,-1.01704,2.91614,-0.00132,0.01058,600.0,15.663
916,30.5639,Midnight 00:00,0.1,1,-0.02,-0.01704,2.57744,0.57744,-0.02,-1.01704,2.91614,-0.00132,0.01058,600.0,15.663
917,30.5972,Midnight 00:00,0.1,1,-0.02,-0.01704,2.57744,0.57744,-0.02,-1.01704,2.91614,-0.00132,0.01058,600.0,15.663
918,30.6306,Midnight 00:00,0.1,1,-0.02,-0.01704,2.57744,0.57744,-0.02,-1.01704,2.91614,-0.00132,0.01058,600.0,15.663
