frame,time_s,scenario,source,target_lux,detected,est_x,est_y,est_z,err_x,err_y,err_z,rot_x,rot_y,rot_z,marker_area_px,frame_brightness
0,0.0,Evening 21:00,simulation,0.3,1,-0.04402,0.00872,2.61308,0.61308,-0.04402,-0.99128,3.46615,0.00483,0.02844,625.0,11.985
1,0.0335,Evening 21:00,simulation,0.3,1,-0.04402,0.00872,2.61308,0.61308,-0.04402,-0.99128,3.46615,0.00483,0.02844,625.0,11.985
2,0.067,Evening 21:00,simulation,0.3,1,-0.04402,0.00872,2.61308,0.61308,-0.04402,-0.99128,3.46615,0.00483,0.02844,625.0,11.985
3,0.1006,Evening 21:00,simulation,0.3,1,-0.04402,0.00872,2.61308,0.61308,-0.04402,-0.99128,3.46615,0.00483,0.02844,625.0,11.985
4,0.1341,Evening 21:00,simulation,0.3,1,-0.04402,0.00872,2.61308,0.61308,-0.04402,-0.99128,3.46615,0.00483,0.02844,625.0,11.985
5,0.1676,Evening 21:00,simulation,0.3,1,-0.04402,0.00872,2.61308,0.61308,-0.04402,-0.99128,3.46615,0.00483,0.02844,625.0,11.985
6,0.2011,Evening 21:00,simulation,0.3,1,-0.04402,0.00872,2.61308,0.61308,-0.04402,-0.99128,3.46615,0.00483,0.02844,625.0,11.985
7,0.2346,Evening 21:00,simulation,0.3,1,-0.04402,0.00872,2.61308,0.61308,-0.04402,-0.99128,3.46615,0.00483,0.02844,625.0,11.985
8,0.2682,Evening 21:00,simulation,0.3,1,-0.04402,0.00872,2.61308,0.61308,-0.04402,-0.99128,3.46615,0.00483,0.02844,625.0,11.985
9,0.3017,Evening 21:00,simulation,0.3,1,-0.04402,0.00872,2.61308,0.61308,-0.04402,-0.99128,3.46615,0.00483,0.02844,625.0,11.985
10,0.3352,Evening 21:00,simulation,0.3,1,-0.04402,0.00872,2.61308,0.61308,-0.04402,-0.99128,3.46615,0.00483,0.02844,625.0,11.985
11,0.3687,Evening 21:00,simulation,0.3,1,-0.04402,0.00872,2.61308,0.61308,-0.04402,-0.99128,3.46615,0.00483,0.02844,625.0,11.985
12,0.4022,Evening 21:00,simulation,0.3,1,-0.04402,0.00872,2.61308,0.61308,-0.04402,-0.99128,3.46615,0.00483,0.02844,625.0,11.985
13,0.4358,Evening 21:00,simulation,0.3,1,-0.04402,0.00872,2.61308,0.61308,-0.04402,-0.99128,3.46615,0.00483,0.02844,625.0,11.985
14,0.4693,Evening 21:00,simulation,0.3,1,-0.04402,0.00872,2.61308,0.61308,-0.04402,-0.99128,3.46615,0.00483,0.02844,625.0,11.985
15,0.5028,Evening 21:00,simulation,0.3,1,-0.04402,0.00872,2.61308,0.61308,-0.04402,-0.99128,3.46615,0.00483,0.02844,625.0,11.985
16,0.5363,Evening 21:00,simulation,0.3,1,-0.04402,0.00872,2.61308,0.61308,-0.04402,-0.99128,3.46615,0.00483,0.02844,625.0,11.985
17,0.5698,Evening 21:00,simulation,0.3,1,-0.04402,0.00872,2.61308,0.61308,-0.04402,-0.99128,3.46615,0.00483,0.02844,625.0,11.985
18,0.6034,Evening 21:00,simulation,0.3,1,-0.04402,0.00872,2.61308,0.61308,-0.04402,-0.99128,3.46615,0.00483,0.02844,625.0,11.985
19,0.6369,Evening 21:00,simulation,0.3,1,-0.04402,0.00872,2.61308,0.61308,-0.04402,-0.99128,3.46615,0.00483,0.02844,625.0,11.985
20,0.6704,Evening 21:00,simulation,0.3,1,-0.04402,0.00872,2.61308,0.61308,-0.04402,-0.99128,3.46615,0.00483,0.02844,625.0,11.985
21,0.7039,Evening 21:00,simulation,0.3,1,-0.04402,0.00872,2.61308,0.61308,-0.04402,-0.99128,3.46615,0.00483,0.02844,625.0,11.985
22,0.7374,Evening 21:00,simulation,0.3,1,-0.04402,0.00872,2.61308,0.61308,-0.04402,-0.99128,3.46615,0.00483,0.02844,625.0,11.985
23,0.7709,Evening 21:00,simulation,0.3,1,-0.04402,0.00872,2.61308,0.61308,-0.04402,-0.99128,3.46615,0.00483,0.02844,625.0,11.985
24,0.8045,Evening 21:00,simulation,0.3,1,-0.04402,0.00872,2.61308,0.61308,-0.04402,-0.99128,3.46615,0.00483,0.02844,625.0,11.985
25,0.838,Evening 21:00,simulation,0.3,1,-0.04402,0.00872,2.61308,0.61308,-0.04402,-0.99128,3.46615,0.00483,0.02844,625.0,11.985
26,0.8715,Evening 21:00,simulation,0.3,1,-0.04402,0.00872,2.61308,0.61308,-0.04402,-0.99128,3.46615,0.00483,0.02844,625.0,11.985
27,0.905,Evening 21:00,simulation,0.3,1,-0.04402,0.00872,2.61308,0.61308,-0.04402,-0.99128,3.46615,0.00483,0.02844,625.0,11.985
28,0.9385,Evening 21:00,simulation,0.3,1,-0.04402,0.00872,2.61308,0.61308,-0.04402,-0.99128,3.46615,0.00483,0.02844,625.0,11.985
29,0.9721,Evening 21:00,simulation,0.3,1,-0.04402,0.00872,2.61308,0.61308,-0.04402,-0.99128,3.46615,0.00483,0.02844,625.0,11.985
30,1.0056,Evening 21:00,simulation,0.3,1,-0.04402,0.00872,2.61308,0.61308,-0.04402,-0.99128,3.46615,0.00483,0.02844,625.0,11.985
31,1.0391,Evening 21:00,simulation,0.3,1,-0.04402,0.00872,2.61308,0.61308,-0.04402,-0.99128,3.46615,0.00483,0.02844,625.0,11.985
32,1.0726,Evening 21:00,simulation,0.3,1,-0.04402,0.00872,2.61308,0.61308,-0.04402,-0.99128,3.46615,0.00483,0.02844,625.0,11.985
33,1.1061,Evening 21:00,simulation,0.3,1,-0.04402,0.00872,2.61308,0.61308,-0.04402,-0.99128,3.46615,0.00483,0.02844,625.0,11.985
34,1.1397,Evening 21:00,simulation,0.3,1,-0.05002,0.00848,2.72108,0.72108,-0.05002,-0.99152,3.30702,0.00255,0.0276,600.0,12.009
35,1.1732,Evening 21:00,simulation,0.3,1,-0.0667,0.00847,2.72144,0.72144,-0.0667,-0.99153,3.30616,0.00339,0.03676,600.0,12.013
36,1.2067,Evening 21:00,simulation,0.3,1,-0.09173,0.00847,2.72216,0.72216,-0.09173,-0.99153,3.30439,0.00461,0.05043,600.0,12.015
37,1.2402,Evening 21:00,simulation,0.3,1,-0.09173,0.00847,2.72216,0.72216,-0.09173,-0.99153,3.30439,0.00461,0.05043,600.0,12.015
38,1.2737,Evening 21:00,simulation,0.3,1,-0.11615,0.00872,2.61527,0.61527,-0.11615,-0.99128,3.46292,0.01261,0.07485,625.0,12.005
39,1.3073,Evening 21:00,simulation,0.3,1,-0.11615,0.00872,2.61527,0.61527,-0.11615,-0.99128,3.46292,0.01261,0.07485,625.0,12.005
40,1.3408,Evening 21:00,simulation,0.3,1,-0.11615,0.00872,2.61527,0.61527,-0.11615,-0.99128,3.46292,0.01261,0.07485,625.0,12.005
41,1.3743,Evening 21:00,simulation,0.3,1,-0.13352,0.00846,2.72387,0.72387,-0.13352,-0.99154,3.30014,0.00654,0.07295,600.0,12.015
42,1.4078,Evening 21:00,simulation,0.3,1,-0.14024,0.00872,2.61643,0.61643,-0.14024,-0.99128,3.46119,0.01515,0.09025,625.0,11.989
43,1.4413,Evening 21:00,simulation,0.3,1,-0.17539,0.00845,2.72621,0.72621,-0.17539,-0.99155,3.29419,0.00828,0.09498,600.0,12.009
44,1.4749,Evening 21:00,simulation,0.3,1,-0.17539,0.00845,2.72621,0.72621,-0.17539,-0.99155,3.29419,0.00828,0.09498,600.0,12.009
45,1.5084,Evening 21:00,simulation,0.3,1,-0.18048,0.00871,2.61887,0.61887,-0.18048,-0.99129,3.45757,0.01928,0.11581,625.0,11.99
46,1.5419,Evening 21:00,simulation,0.3,1,-0.20058,0.00844,2.72792,0.72792,-0.20058,-0.99156,3.28974,0.0092,0.10785,600.0,12.013
47,1.5754,Evening 21:00,simulation,0.3,1,-0.20058,0.00844,2.72792,0.72792,-0.20058,-0.99156,3.28974,0.0092,0.10785,600.0,12.013
48,1.6089,Evening 21:00,simulation,0.3,1,-0.20468,0.00871,2.62062,0.62062,-0.20468,-0.99129,3.45496,0.02169,0.13106,625.0,11.994
49,1.6425,Evening 21:00,simulation,0.3,1,-0.22581,0.00843,2.72985,0.72985,-0.22581,-0.99157,3.28457,0.01001,0.12039,600.0,12.006
50,1.676,Evening 21:00,simulation,0.3,1,-0.24266,0.00842,2.73126,0.73126,-0.24266,-0.99158,3.2807,0.01047,0.12851,600.0,12.011
51,1.7095,Evening 21:00,simulation,0.3,1,-0.268,0.0084,2.73357,0.73357,-0.268,-0.9916,3.27419,0.01104,0.14025,600.0,12.01
52,1.743,Evening 21:00,simulation,0.3,1,-0.268,0.0084,2.73357,0.73357,-0.268,-0.9916,3.27419,0.01104,0.14025,600.0,12.011
53,1.7765,Evening 21:00,simulation,0.3,1,-0.26949,0.0087,2.62634,0.62634,-0.26949,-0.9913,3.44635,0.02779,0.17136,625.0,12.0
54,1.8101,Evening 21:00,simulation,0.3,1,-0.28576,0.0087,2.62801,0.62801,-0.28576,-0.9913,3.44381,0.02923,0.18133,625.0,11.998
55,1.8436,Evening 21:00,simulation,0.3,1,-0.31037,0.00837,2.73791,0.73791,-0.31037,-0.99163,3.26116,0.01157,0.15822,600.0,12.012
56,1.8771,Evening 21:00,simulation,0.3,1,-0.31023,0.0087,2.6307,0.6307,-0.31023,-0.9913,3.43972,0.03131,0.1962,625.0,11.99
57,1.9106,Evening 21:00,simulation,0.3,1,-0.3359,0.00835,2.74081,0.74081,-0.3359,-0.99165,3.25174,0.01157,0.16758,600.0,12.007
58,1.9441,Evening 21:00,simulation,0.3,1,-0.3359,0.00835,2.74081,0.74081,-0.3359,-0.99165,3.25174,0.01157,0.16758,600.0,12.007
59,1.9777,Evening 21:00,simulation,0.3,1,-0.35296,0.00833,2.74286,0.74286,-0.35296,-0.99167,3.24459,0.0114,0.17296,600.0,12.006
60,2.0112,Evening 21:00,simulation,0.3,1,-0.35118,0.00869,2.63565,0.63565,-0.35118,-0.99131,3.43211,0.03457,0.22072,625.0,11.987
61,2.0447,Evening 21:00,simulation,0.3,1,-0.37863,0.0083,2.7461,0.7461,-0.37863,-0.9917,3.23213,0.01081,0.17918,600.0,12.011
62,2.0782,Evening 21:00,simulation,0.3,1,-0.37586,0.00868,2.63891,0.63891,-0.37586,-0.99132,3.42706,0.03639,0.23526,625.0,11.995
63,2.1117,Evening 21:00,simulation,0.3,1,-0.39237,0.00868,2.6412,0.6412,-0.39237,-0.99132,3.42348,0.03753,0.24486,625.0,11.999
64,2.1453,Evening 21:00,simulation,0.3,1,-0.42163,0.00821,2.75189,0.75189,-0.42163,-0.99179,3.20328,0.00836,0.18115,600.0,12.003
65,2.1788,Evening 21:00,simulation,0.3,1,-0.42163,0.00821,2.75189,0.75189,-0.42163,-0.99179,3.20328,0.00836,0.18115,600.0,12.003
66,2.2123,Evening 21:00,simulation,0.3,1,-0.41721,0.00867,2.64481,0.64481,-0.41721,-0.99133,3.4178,0.03914,0.25914,625.0,11.978
67,2.2458,Evening 21:00,simulation,0.3,1,-0.44216,0.00867,2.64864,0.64864,-0.44216,-0.99133,3.41173,0.04061,0.27324,625.0,11.995
68,2.2793,Evening 21:00,simulation,0.3,1,-0.44216,0.00867,2.64864,0.64864,-0.44216,-0.99133,3.41173,0.04061,0.27324,625.0,11.995
69,2.3128,Evening 21:00,simulation,0.3,1,-0.45885,0.00866,2.6513,0.6513,-0.45885,-0.99134,3.40746,0.04151,0.28254,625.0,11.989
70,2.3464,Evening 21:00,simulation,0.3,1,-0.4903,0.00802,2.75812,0.75812,-0.4903,-0.99198,3.14609,0.00145,0.16469,600.0,12.003
71,2.3799,Evening 21:00,simulation,0.3,1,-0.48397,0.00865,2.65548,0.65548,-0.48397,-0.99135,3.40071,0.04274,0.29631,625.0,11.979
72,2.4134,Evening 21:00,simulation,0.3,1,-0.51587,0.00801,2.75907,0.75907,-0.51587,-0.99199,3.14294,0.00101,0.15949,600.0,11.995
73,2.4469,Evening 21:00,simulation,0.3,1,-0.51587,0.00801,2.75907,0.75907,-0.51587,-0.99199,3.14294,0.00101,0.15949,600.0,11.995
74,2.4804,Evening 21:00,simulation,0.3,1,-0.5329,0.008,2.75958,0.75958,-0.5329,-0.992,3.14199,0.00086,0.15546,600.0,11.999
75,2.514,Evening 21:00,simulation,0.3,1,-0.53821,0.00842,2.72422,0.72422,-0.53821,-0.99158,3.27384,0.02488,0.41853,625.0,11.981
76,2.5475,Evening 21:00,simulation,0.3,1,-0.55844,0.008,2.76021,0.76021,-0.55844,-0.992,3.14125,0.00072,0.14897,600.0,11.999
77,2.581,Evening 21:00,simulation,0.3,1,-0.56548,0.00826,2.73406,0.73406,-0.56548,-0.99174,3.2276,0.01621,0.36305,625.0,11.984
78,2.6145,Evening 21:00,simulation,0.3,1,-0.5809,0.00839,2.72876,0.72876,-0.5809,-0.99161,3.25878,0.02456,0.43214,625.0,11.984
79,2.648,Evening 21:00,simulation,0.3,1,-0.60096,0.008,2.76096,0.76096,-0.60096,-0.992,3.14078,0.00058,0.13804,600.0,11.996
80,2.6816,Evening 21:00,simulation,0.3,1,-0.60968,0.00806,2.74434,0.74434,-0.60968,-0.99194,3.15894,0.00612,0.33241,625.0,11.977
81,2.7151,Evening 21:00,simulation,0.3,1,-0.62645,0.008,2.76129,0.76129,-0.62645,-0.992,3.14069,0.00052,0.13183,600.0,11.994
82,2.7486,Evening 21:00,simulation,0.3,1,-0.64344,0.008,2.76147,0.76147,-0.64344,-0.992,3.14067,0.00049,0.1279,600.0,11.986
83,2.7821,Evening 21:00,simulation,0.3,1,-0.63739,0.00858,2.68486,0.68486,-0.63739,-0.99142,3.35036,0.04613,0.37312,625.0,11.978
84,2.8156,Evening 21:00,simulation,0.3,1,-0.63739,0.00858,2.68486,0.68486,-0.63739,-0.99142,3.35036,0.04613,0.37312,625.0,11.978
85,2.8492,Evening 21:00,simulation,0.3,1,-0.66345,0.00857,2.69047,0.69047,-0.66345,-0.99143,3.34004,0.04588,0.38454,625.0,11.978
86,2.8827,Evening 21:00,simulation,0.3,1,-0.69439,0.008,2.76189,0.76189,-0.69439,-0.992,3.14069,0.00042,0.11723,600.0,11.98
87,2.9162,Evening 21:00,simulation,0.3,1,-0.69439,0.008,2.76189,0.76189,-0.69439,-0.992,3.14069,0.00042,0.11723,600.0,11.98
88,2.9497,Evening 21:00,simulation,0.3,1,-0.71137,0.008,2.762,0.762,-0.71137,-0.992,3.14071,0.0004,0.11402,600.0,11.987
89,2.9832,Evening 21:00,simulation,0.3,1,-0.7199,0.00805,2.74813,0.74813,-0.7199,-0.99195,3.14608,0.00614,0.4045,625.0,11.964
90,3.0168,Evening 21:00,simulation,0.3,1,-0.7199,0.00805,2.74813,0.74813,-0.7199,-0.99195,3.14608,0.00614,0.4045,625.0,11.964
91,3.0503,Evening 21:00,simulation,0.3,1,-0.73684,0.008,2.76214,0.76214,-0.73684,-0.992,3.14075,0.00038,0.10951,600.0,11.982
92,3.0838,Evening 21:00,simulation,0.3,1,-0.74519,0.00806,2.74829,0.74829,-0.74519,-0.99194,3.14693,0.00672,0.41294,625.0,11.976
93,3.1173,Evening 21:00,simulation,0.3,1,-0.76191,0.00808,2.74786,0.74786,-0.76191,-0.99192,3.15236,0.00806,0.41585,625.0,11.969
94,3.1508,Evening 21:00,simulation,0.3,1,-0.77927,0.008,2.76232,0.76232,-0.77927,-0.992,3.14081,0.00035,0.10274,600.0,11.981
95,3.1844,Evening 21:00,simulation,0.3,1,-0.77927,0.008,2.76232,0.76232,-0.77927,-0.992,3.14081,0.00035,0.10274,600.0,11.981
96,3.2179,Evening 21:00,simulation,0.3,1,-0.77826,0.00847,2.71705,0.71705,-0.77826,-0.99153,3.28608,0.04078,0.42499,625.0,11.965
97,3.2514,Evening 21:00,simulation,0.3,1,-0.82169,0.008,2.76247,0.76247,-0.82169,-0.992,3.14088,0.00032,0.09676,600.0,11.979
98,3.2849,Evening 21:00,simulation,0.3,1,-0.82169,0.008,2.76247,0.76247,-0.82169,-0.992,3.14088,0.00032,0.09676,600.0,11.979
99,3.3184,Evening 21:00,simulation,0.3,1,-0.82327,0.00842,2.7282,0.7282,-0.82327,-0.99158,3.25932,0.03628,0.43288,625.0,11.962
100,3.352,Evening 21:00,simulation,0.3,1,-0.84714,0.008,2.76254,0.76254,-0.84714,-0.992,3.14091,0.00031,0.0935,600.0,11.978
101,3.3855,Evening 21:00,simulation,0.3,1,-0.84155,-0.00292,2.73358,0.73358,-0.84155,-1.00292,3.41658,0.08194,0.5083,600.0,11.985
102,3.419,Evening 21:00,simulation,0.3,1,-0.8413,-0.01629,2.73237,0.73237,-0.8413,-1.01629,2.98321,-0.03123,0.39163,625.0,11.967
103,3.4525,Evening 21:00,simulation,0.3,1,-0.8413,-0.01629,2.73237,0.73237,-0.8413,-1.01629,2.98321,-0.03123,0.39163,625.0,11.967
104,3.486,Evening 21:00,simulation,0.3,1,-0.84085,-0.03998,2.73076,0.73076,-0.84085,-1.03998,2.98924,-0.03201,0.37356,625.0,11.967
105,3.5196,Evening 21:00,simulation,0.3,1,-0.84048,-0.05576,2.72947,0.72947,-0.84048,-1.05576,2.99223,-0.03265,0.36211,625.0,11.971
106,3.5531,Evening 21:00,simulation,0.3,1,-0.84048,-0.05576,2.72947,0.72947,-0.84048,-1.05576,2.99223,-0.03265,0.36211,625.0,11.971
107,3.5866,Evening 21:00,simulation,0.3,1,-0.84127,-0.0682,2.73241,0.73241,-0.84127,-1.0682,2.8241,-0.06772,0.38612,600.0,11.978
108,3.6201,Evening 21:00,simulation,0.3,1,-0.83986,-0.0794,2.7273,0.7273,-0.83986,-1.0794,2.99568,-0.03367,0.34577,625.0,11.957
109,3.6536,Evening 21:00,simulation,0.3,1,-0.84106,-0.09189,2.73164,0.73164,-0.84106,-1.09189,2.83233,-0.06793,0.37605,600.0,11.985
110,3.6872,Evening 21:00,simulation,0.3,1,-0.8409,-0.10767,2.73106,0.73106,-0.8409,-1.10767,2.83761,-0.06805,0.36942,600.0,11.983
111,3.7207,Evening 21:00,simulation,0.3,1,-0.83868,-0.1187,2.7233,0.7233,-0.83868,-1.1187,2.99977,-0.03538,0.32077,625.0,11.976
112,3.7542,Evening 21:00,simulation,0.3,1,-0.83868,-0.1187,2.7233,0.7233,-0.83868,-1.1187,2.99977,-0.03538,0.32077,625.0,11.976
113,3.7877,Evening 21:00,simulation,0.3,1,-0.84063,-0.13132,2.73007,0.73007,-0.84063,-1.13132,2.84517,-0.06822,0.35956,600.0,12.0
114,3.8212,Evening 21:00,simulation,0.3,1,-0.83794,-0.14222,2.72077,0.72077,-0.83794,-1.14222,3.00166,-0.03634,0.30703,625.0,11.976
115,3.8547,Evening 21:00,simulation,0.3,1,-0.84031,-0.15495,2.72896,0.72896,-0.84031,-1.15495,2.85231,-0.06837,0.34982,600.0,11.992
116,3.8883,Evening 21:00,simulation,0.3,1,-0.84007,-0.17069,2.72814,0.72814,-0.84007,-1.17069,2.85686,-0.06847,0.34342,600.0,11.999
117,3.9218,Evening 21:00,simulation,0.3,1,-0.83667,-0.18131,2.71649,0.71649,-0.83667,-1.18131,3.00431,-0.03778,0.28605,625.0,11.98
118,3.9553,Evening 21:00,simulation,0.3,1,-0.83969,-0.19427,2.72683,0.72683,-0.83969,-1.19427,2.86337,-0.06859,0.33396,600.0,12.002
119,3.9888,Evening 21:00,simulation,0.3,1,-0.83591,-0.20471,2.71391,0.71391,-0.83591,-1.20471,3.00573,-0.03853,0.27451,625.0,12.0
120,4.0223,Evening 21:00,simulation,0.3,1,-0.8354,-0.22029,2.7122,0.7122,-0.8354,-1.22029,3.00663,-0.03899,0.26721,625.0,11.999
121,4.0559,Evening 21:00,simulation,0.3,1,-0.8354,-0.22029,2.7122,0.7122,-0.8354,-1.22029,3.00663,-0.03899,0.26721,625.0,11.999
122,4.0894,Evening 21:00,simulation,0.3,1,-0.83899,-0.23351,2.72442,0.72442,-0.83899,-1.23351,2.87346,-0.06875,0.31863,600.0,12.015
123,4.1229,Evening 21:00,simulation,0.3,1,-0.83854,-0.25701,2.72287,0.72287,-0.83854,-1.25701,2.87908,-0.06882,0.30972,600.0,12.022
124,4.1564,Evening 21:00,simulation,0.3,1,-0.83854,-0.25701,2.72287,0.72287,-0.83854,-1.25701,2.87908,-0.06882,0.30972,600.0,12.022
125,4.1899,Evening 21:00,simulation,0.3,1,-0.83823,-0.27266,2.7218,0.7218,-0.83823,-1.27266,2.88267,-0.06885,0.3039,600.0,12.022
126,4.2235,Evening 21:00,simulation,0.3,1,-0.8334,-0.2824,2.70551,0.70551,-0.8334,-1.2824,3.01005,-0.04051,0.2408,625.0,12.012
127,4.257,Evening 21:00,simulation,0.3,1,-0.83774,-0.2961,2.72014,0.72014,-0.83774,-1.2961,2.88783,-0.06889,0.29538,600.0,12.034
128,4.2905,Evening 21:00,simulation,0.3,1,-0.83267,-0.30562,2.70307,0.70307,-0.83267,-1.30562,3.01129,-0.04096,0.23191,625.0,12.022
129,4.324,Evening 21:00,simulation,0.3,1,-0.82893,-0.31811,2.69054,0.69054,-0.82893,-1.31811,-3.33512,0.07938,-0.19773,612.5,12.028
130,4.3575,Evening 21:00,simulation,0.3,1,-0.83689,-0.3351,2.71728,0.71728,-0.83689,-1.3351,2.89587,-0.06889,0.28171,600.0,12.037
131,4.3911,Evening 21:00,simulation,0.3,1,-0.83149,-0.34424,2.69913,0.69913,-0.83149,-1.34424,3.01333,-0.04158,0.21815,625.0,12.02
132,4.4246,Evening 21:00,simulation,0.3,1,-0.83637,-0.35846,2.71552,0.71552,-0.83637,-1.35846,2.9004,-0.06887,0.27383,600.0,12.043
133,4.4581,Evening 21:00,simulation,0.3,1,-0.83637,-0.35846,2.71552,0.71552,-0.83637,-1.35846,2.9004,-0.06887,0.27383,600.0,12.043
134,4.4916,Evening 21:00,simulation,0.3,1,-0.83035,-0.38277,2.69532,0.69532,-0.83035,-1.38277,3.01536,-0.04205,0.20556,625.0,12.032
135,4.5251,Evening 21:00,simulation,0.3,1,-0.83035,-0.38277,2.69532,0.69532,-0.83035,-1.38277,3.01536,-0.04205,0.20556,625.0,12.032
136,4.5587,Evening 21:00,simulation,0.3,1,-0.83548,-0.39731,2.71253,0.71253,-0.83548,-1.39731,2.90749,-0.06878,0.26123,600.0,12.051
137,4.5922,Evening 21:00,simulation,0.3,1,-0.82968,-0.40584,2.69311,0.69311,-0.82968,-1.40584,3.01657,-0.04227,0.19851,625.0,12.029
138,4.6257,Evening 21:00,simulation,0.3,1,-0.83494,-0.42058,2.71071,0.71071,-0.83494,-1.42058,2.91151,-0.0687,0.25398,600.0,12.051
139,4.6592,Evening 21:00,simulation,0.3,1,-0.83458,-0.43607,2.7095,0.7095,-0.83458,-1.43607,2.91409,-0.06863,0.24928,600.0,12.055
140,4.6927,Evening 21:00,simulation,0.3,1,-0.82861,-0.44423,2.68955,0.68955,-0.82861,-1.44423,3.01858,-0.04254,0.18751,625.0,12.034
141,4.7263,Evening 21:00,simulation,0.3,1,-0.82861,-0.44423,2.68955,0.68955,-0.82861,-1.44423,3.01858,-0.04254,0.18751,625.0,12.034
142,4.7598,Evening 21:00,simulation,0.3,1,-0.83404,-0.45928,2.70768,0.70768,-0.83404,-1.45928,2.91784,-0.06851,0.24243,600.0,12.059
143,4.7933,Evening 21:00,simulation,0.3,1,-0.82799,-0.46723,2.68748,0.68748,-0.82799,-1.46723,3.01979,-0.04266,0.18132,625.0,12.049
144,4.8268,Evening 21:00,simulation,0.3,1,-0.82759,-0.48254,2.68614,0.68614,-0.82759,-1.48254,3.02059,-0.04271,0.17735,625.0,12.053
145,4.8603,Evening 21:00,simulation,0.3,1,-0.82759,-0.48254,2.68614,0.68614,-0.82759,-1.48254,3.02059,-0.04271,0.17735,625.0,12.053
146,4.8939,Evening 21:00,simulation,0.3,1,-0.83313,-0.4979,2.70465,0.70465,-0.83313,-1.4979,2.92377,-0.06828,0.23149,600.0,12.065
147,4.9274,Evening 21:00,simulation,0.3,1,-0.83259,-0.52104,2.70285,0.70285,-0.83259,-1.52104,2.92715,-0.06811,0.22521,600.0,12.063
148,4.9609,Evening 21:00,simulation,0.3,1,-0.83506,-0.53613,2.71102,0.71102,-0.83506,-1.53613,-3.27016,0.04658,-0.28009,612.5,12.061
149,4.9944,Evening 21:00,simulation,0.3,1,-0.83506,-0.53613,2.71102,0.71102,-0.83506,-1.53613,-3.27016,0.04658,-0.28009,612.5,12.061
150,5.0279,Evening 21:00,simulation,0.3,1,-0.82604,-0.5437,2.68099,0.68099,-0.82604,-1.5437,3.02377,-0.0428,0.16265,625.0,12.047
151,5.0615,Evening 21:00,simulation,0.3,1,-0.8317,-0.55953,2.69987,0.69987,-0.8317,-1.55953,2.93253,-0.0678,0.21521,600.0,12.067
152,5.095,Evening 21:00,simulation,0.3,1,-0.82548,-0.5666,2.67915,0.67915,-0.82548,-1.5666,3.02496,-0.04279,0.15758,625.0,12.045
153,5.1285,Evening 21:00,simulation,0.3,1,-0.82548,-0.5666,2.67915,0.67915,-0.82548,-1.5666,3.02496,-0.04279,0.15758,625.0,12.045
154,5.162,Evening 21:00,simulation,0.3,1,-0.83117,-0.58259,2.6981,0.6981,-0.83117,-1.58259,2.93561,-0.06758,0.20947,600.0,12.06
155,5.1955,Evening 21:00,simulation,0.3,1,-0.82459,-0.6047,2.6762,0.6762,-0.82459,-1.6047,3.02693,-0.04271,0.1496,625.0,12.043
156,5.2291,Evening 21:00,simulation,0.3,1,-0.82459,-0.6047,2.6762,0.6762,-0.82459,-1.6047,3.02693,-0.04271,0.1496,625.0,12.043
157,5.2626,Evening 21:00,simulation,0.3,1,-0.83031,-0.62096,2.69521,0.69521,-0.83031,-1.62096,2.94054,-0.0672,0.20033,600.0,12.067
158,5.2961,Evening 21:00,simulation,0.3,1,-0.83285,-0.6364,2.70363,0.70363,-0.83285,-1.6364,-3.26576,0.04659,-0.24896,612.5,12.058
159,5.3296,Evening 21:00,simulation,0.3,1,-0.83285,-0.6364,2.70363,0.70363,-0.83285,-1.6364,-3.26576,0.04659,-0.24896,612.5,12.058
160,5.3631,Evening 21:00,simulation,0.3,1,-0.82375,-0.64276,2.67339,0.67339,-0.82375,-1.64276,3.02887,-0.04257,0.14216,625.0,12.051
161,5.3966,Evening 21:00,simulation,0.3,1,-0.82946,-0.65927,2.69237,0.69237,-0.82946,-1.65927,2.94522,-0.06678,0.19168,600.0,12.067
162,5.4302,Evening 21:00,simulation,0.3,1,-0.82326,-0.66557,2.67176,0.67176,-0.82326,-1.66557,3.03003,-0.04246,0.13794,625.0,12.044
163,5.4637,Evening 21:00,simulation,0.3,1,-0.82863,-0.69751,2.68961,0.68961,-0.82863,-1.69751,2.94967,-0.06632,0.1835,600.0,12.062
164,5.4972,Evening 21:00,simulation,0.3,1,-0.82863,-0.69751,2.68961,0.68961,-0.82863,-1.69751,2.94967,-0.06632,0.1835,600.0,12.062
165,5.5307,Evening 21:00,simulation,0.3,1,-0.82247,-0.70355,2.66916,0.66916,-0.82247,-1.70355,3.03194,-0.04224,0.13127,625.0,12.038
166,5.5642,Evening 21:00,simulation,0.3,1,-0.82814,-0.72043,2.68799,0.68799,-0.82814,-1.72043,2.95225,-0.06603,0.17881,600.0,12.067
167,5.5978,Evening 21:00,simulation,0.3,1,-0.832,-0.73787,2.74023,0.74023,-0.832,-1.73787,3.11214,-0.01301,0.04562,600.0,12.047
168,5.6313,Evening 21:00,simulation,0.3,1,-0.79683,-0.71803,2.66552,0.66552,-0.79683,-1.71803,3.03025,-0.04174,0.12693,625.0,12.036
169,5.6648,Evening 21:00,simulation,0.3,1,-0.80656,-0.73766,2.73946,0.73946,-0.80656,-1.73766,3.11121,-0.013,0.04549,600.0,12.055
170,5.6983,Evening 21:00,simulation,0.3,1,-0.77154,-0.71733,2.66287,0.66287,-0.77154,-1.71733,3.02781,-0.04127,0.12498,625.0,12.04
171,5.7318,Evening 21:00,simulation,0.3,1,-0.77154,-0.71733,2.66287,0.66287,-0.77154,-1.71733,3.02781,-0.04127,0.12498,625.0,12.04
172,5.7654,Evening 21:00,simulation,0.3,1,-0.76417,-0.73731,2.73812,0.73812,-0.76417,-1.73731,3.10962,-0.01294,0.04515,600.0,12.058
173,5.7989,Evening 21:00,simulation,0.3,1,-0.76417,-0.73731,2.73812,0.73812,-0.76417,-1.73731,3.10962,-0.01294,0.04515,600.0,12.058
174,5.8324,Evening 21:00,simulation,0.3,1,-0.7295,-0.71616,2.65846,0.65846,-0.7295,-1.71616,3.0238,-0.04036,0.12136,625.0,12.039
175,5.8659,Evening 21:00,simulation,0.3,1,-0.73875,-0.73709,2.73729,0.73729,-0.73875,-1.73709,3.10863,-0.01288,0.04486,600.0,12.065
176,5.8994,Evening 21:00,simulation,0.3,1,-0.73875,-0.73709,2.73729,0.73729,-0.73875,-1.73709,3.10863,-0.01288,0.04486,600.0,12.065
177,5.933,Evening 21:00,simulation,0.3,1,-0.70434,-0.71546,2.65583,0.65583,-0.70434,-1.71546,3.02142,-0.03973,0.11898,625.0,12.058
178,5.9665,Evening 21:00,simulation,0.3,1,-0.6876,-0.715,2.65408,0.65408,-0.6876,-1.715,3.01986,-0.03928,0.1173,625.0,12.055
179,6.0,Evening 21:00,simulation,0.3,1,-0.66254,-0.7143,2.65148,0.65148,-0.66254,-1.7143,3.01755,-0.03855,0.11465,625.0,12.051
180,6.0335,Evening 21:00,simulation,0.3,1,-0.67102,-0.73648,2.73498,0.73498,-0.67102,-1.73648,3.10593,-0.01263,0.04374,600.0,12.067
181,6.067,Evening 21:00,simulation,0.3,1,-0.67102,-0.73648,2.73498,0.73498,-0.67102,-1.73648,3.10593,-0.01263,0.04374,600.0,12.067
182,6.1006,Evening 21:00,simulation,0.3,1,-0.62088,-0.71317,2.6472,0.6472,-0.62088,-1.71317,3.01379,-0.03719,0.1099,625.0,12.053
183,6.1341,Evening 21:00,simulation,0.3,1,-0.62088,-0.71317,2.6472,0.6472,-0.62088,-1.71317,3.01379,-0.03719,0.1099,625.0,12.053
184,6.1676,Evening 21:00,simulation,0.3,1,-0.62873,-0.73608,2.73349,0.73349,-0.62873,-1.73608,3.1042,-0.01239,0.04276,600.0,12.076
185,6.2011,Evening 21:00,simulation,0.3,1,-0.59596,-0.7125,2.64468,0.64468,-0.59596,-1.7125,3.0116,-0.0363,0.10685,625.0,12.064
186,6.2346,Evening 21:00,simulation,0.3,1,-0.57938,-0.71206,2.64303,0.64303,-0.57938,-1.71206,3.01017,-0.03567,0.10474,625.0,12.065
187,6.2682,Evening 21:00,simulation,0.3,1,-0.57938,-0.71206,2.64303,0.64303,-0.57938,-1.71206,3.01017,-0.03567,0.10474,625.0,12.065
188,6.3017,Evening 21:00,simulation,0.3,1,-0.55455,-0.71141,2.64059,0.64059,-0.55455,-1.71141,3.00808,-0.03468,0.10145,625.0,12.055
189,6.3352,Evening 21:00,simulation,0.3,1,-0.55455,-0.71141,2.64059,0.64059,-0.55455,-1.71141,3.00808,-0.03468,0.10145,625.0,12.055
190,6.3687,Evening 21:00,simulation,0.3,1,-0.56116,-0.73544,2.73105,0.73105,-0.56116,-1.73544,3.10139,-0.01186,0.0407,600.0,12.08
191,6.4022,Evening 21:00,simulation,0.3,1,-0.54429,-0.73527,2.73044,0.73044,-0.54429,-1.73527,3.10068,-0.01169,0.04009,600.0,12.072
192,6.4358,Evening 21:00,simulation,0.3,1,-0.5133,-0.71036,2.63665,0.63665,-0.5133,-1.71036,3.00473,-0.03289,0.09566,625.0,12.059
193,6.4693,Evening 21:00,simulation,0.3,1,-0.51899,-0.73503,2.72952,0.72952,-0.51899,-1.73503,3.09963,-0.01142,0.03909,600.0,12.083
194,6.5028,Evening 21:00,simulation,0.3,1,-0.48863,-0.70975,2.63437,0.63437,-0.48863,-1.70975,3.00282,-0.03174,0.09201,625.0,12.064
195,6.5363,Evening 21:00,simulation,0.3,1,-0.49371,-0.73479,2.7286,0.7286,-0.49371,-1.73479,3.09859,-0.01113,0.03799,600.0,12.074
196,6.5698,Evening 21:00,simulation,0.3,1,-0.49371,-0.73479,2.7286,0.7286,-0.49371,-1.73479,3.09859,-0.01113,0.03799,600.0,12.074
197,6.6034,Evening 21:00,simulation,0.3,1,-0.47686,-0.73463,2.728,0.728,-0.47686,-1.73463,3.09791,-0.01091,0.03721,600.0,12.081
198,6.6369,Evening 21:00,simulation,0.3,1,-0.44762,-0.70879,2.63074,0.63074,-0.44762,-1.70879,2.99979,-0.02971,0.08566,625.0,12.057
199,6.6704,Evening 21:00,simulation,0.3,1,-0.45162,-0.73439,2.7271,0.7271,-0.45162,-1.73439,3.09689,-0.01056,0.03596,600.0,12.082
200,6.7039,Evening 21:00,simulation,0.3,1,-0.42309,-0.70824,2.62867,0.62867,-0.42309,-1.70824,2.99807,-0.02841,0.08169,625.0,12.068
201,6.7374,Evening 21:00,simulation,0.3,1,-0.40677,-0.70788,2.62733,0.62733,-0.40677,-1.70788,2.99697,-0.02753,0.07899,625.0,12.066
202,6.7709,Evening 21:00,simulation,0.3,1,-0.40958,-0.734,2.72563,0.72563,-0.40958,-1.734,3.09525,-0.00992,0.03365,600.0,12.081
203,6.8045,Evening 21:00,simulation,0.3,1,-0.40958,-0.734,2.72563,0.72563,-0.40958,-1.734,3.09525,-0.00992,0.03365,600.0,12.081
204,6.838,Evening 21:00,simulation,0.3,1,-0.38232,-0.70737,2.6254,0.6254,-0.38232,-1.70737,2.99539,-0.02615,0.07484,625.0,12.059
205,6.8715,Evening 21:00,simulation,0.3,1,-0.36759,-0.73363,2.72423,0.72423,-0.36759,-1.73363,3.09368,-0.00919,0.03108,600.0,12.076
206,6.905,Evening 21:00,simulation,0.3,1,-0.36759,-0.73363,2.72423,0.72423,-0.36759,-1.73363,3.09368,-0.00919,0.03108,600.0,12.076
207,6.9385,Evening 21:00,simulation,0.3,1,-0.36759,-0.73363,2.72423,0.72423,-0.36759,-1.73363,3.09368,-0.00919,0.03108,600.0,12.076
208,6.9721,Evening 21:00,simulation,0.3,1,-0.34168,-0.70657,2.62241,0.62241,-0.34168,-1.70657,2.99296,-0.02376,0.06771,625.0,12.061
209,7.0056,Evening 21:00,simulation,0.3,1,-0.34243,-0.73341,2.72343,0.72343,-0.34243,-1.73341,3.09279,-0.00871,0.02942,600.0,12.086
210,7.0391,Evening 21:00,simulation,0.3,1,-0.31736,-0.70613,2.62074,0.62074,-0.31736,-1.70613,2.99161,-0.02227,0.06331,625.0,12.066
211,7.0726,Evening 21:00,simulation,0.3,1,-0.30117,-0.70585,2.61969,0.61969,-0.30117,-1.70585,2.99076,-0.02125,0.06033,625.0,12.073
212,7.1061,Evening 21:00,simulation,0.3,1,-0.27692,-0.70545,2.6182,0.6182,-0.27692,-1.70545,2.98957,-0.01969,0.05579,625.0,12.058
213,7.1397,Evening 21:00,simulation,0.3,1,-0.27692,-0.70545,2.6182,0.6182,-0.27692,-1.70545,2.98957,-0.01969,0.05579,625.0,12.058
214,7.1732,Evening 21:00,simulation,0.3,1,-0.27541,-0.73289,2.72147,0.72147,-0.27541,-1.73289,3.09063,-0.00731,0.02457,600.0,12.084
215,7.2067,Evening 21:00,simulation,0.3,1,-0.2527,-0.70509,2.61683,0.61683,-0.2527,-1.70509,2.98847,-0.0181,0.05119,625.0,12.074
216,7.2402,Evening 21:00,simulation,0.3,1,-0.23658,-0.70486,2.61598,0.61598,-0.23658,-1.70486,2.98779,-0.01702,0.04808,625.0,12.067
217,7.2737,Evening 21:00,simulation,0.3,1,-0.23359,-0.73261,2.7204,0.7204,-0.23359,-1.73261,3.08946,-0.00633,0.02125,600.0,12.084
218,7.3073,Evening 21:00,simulation,0.3,1,-0.21243,-0.70455,2.6148,0.6148,-0.21243,-1.70455,2.98686,-0.01538,0.04336,625.0,12.061
219,7.3408,Evening 21:00,simulation,0.3,1,-0.20852,-0.73246,2.71983,0.71983,-0.20852,-1.73246,3.08884,-0.00572,0.01916,600.0,12.077
220,7.3743,Evening 21:00,simulation,0.3,1,-0.20852,-0.73246,2.71983,0.71983,-0.20852,-1.73246,3.08884,-0.00572,0.01916,600.0,12.077
221,7.4078,Evening 21:00,simulation,0.3,1,-0.19181,-0.73237,2.71948,0.71948,-0.19181,-1.73237,3.08846,-0.0053,0.01773,600.0,12.082
222,7.4413,Evening 21:00,simulation,0.3,1,-0.17223,-0.7041,2.61309,0.61309,-0.17223,-1.7041,2.98551,-0.01258,0.03538,625.0,12.061
223,7.4749,Evening 21:00,simulation,0.3,1,-0.16676,-0.73224,2.719,0.719,-0.16676,-1.73224,3.08794,-0.00465,0.01555,600.0,12.088
224,7.5084,Evening 21:00,simulation,0.3,1,-0.14815,-0.70387,2.61224,0.61224,-0.14815,-1.70387,2.98483,-0.01087,0.03053,625.0,12.073
225,7.5419,Evening 21:00,simulation,0.3,1,-0.14815,-0.70387,2.61224,0.61224,-0.14815,-1.70387,2.98483,-0.01087,0.03053,625.0,12.073
226,7.5754,Evening 21:00,simulation,0.3,1,-0.12504,-0.73207,2.71834,0.71834,-0.12504,-1.73207,3.08722,-0.00353,0.01179,600.0,12.087
227,7.6089,Evening 21:00,simulation,0.3,1,-0.10806,-0.70356,2.61109,0.61109,-0.10806,-1.70356,2.98393,-0.00797,0.02236,625.0,12.057
228,7.6425,Evening 21:00,simulation,0.3,1,-0.10806,-0.70356,2.61109,0.61109,-0.10806,-1.70356,2.98393,-0.00797,0.02236,625.0,12.057
229,7.676,Evening 21:00,simulation,0.3,1,-0.10002,-0.73198,2.71803,0.71803,-0.10002,-1.73198,3.08688,-0.00284,0.00948,600.0,12.084
230,7.7095,Evening 21:00,simulation,0.3,1,-0.06802,-0.70335,2.61029,0.61029,-0.06802,-1.70335,2.98331,-0.00504,0.01412,625.0,12.063
231,7.743,Evening 21:00,simulation,0.3,1,-0.06802,-0.70335,2.61029,0.61029,-0.06802,-1.70335,2.98331,-0.00504,0.01412,625.0,12.063
232,7.7765,Evening 21:00,simulation,0.3,1,-0.05834,-0.73189,2.71766,0.71766,-0.05834,-1.73189,3.08649,-0.00167,0.00556,600.0,12.086
233,7.8101,Evening 21:00,simulation,0.3,1,-0.04401,-0.70327,2.60999,0.60999,-0.04401,-1.70327,2.98307,-0.00326,0.00914,625.0,12.063
234,7.8436,Evening 21:00,simulation,0.3,1,-0.028,-0.70323,2.60986,0.60986,-0.028,-1.70323,2.98297,-0.00208,0.00582,625.0,12.077
235,7.8771,Evening 21:00,simulation,0.3,1,-0.01667,-0.73184,2.71749,0.71749,-0.01667,-1.73184,3.0863,-0.00048,0.00159,600.0,12.085
236,7.9106,Evening 21:00,simulation,0.3,1,-0.004,-0.70321,2.60977,0.60977,-0.004,-1.70321,2.9829,-0.0003,0.00083,625.0,12.059
237,7.9441,Evening 21:00,simulation,0.3,1,-0.004,-0.70321,2.60977,0.60977,-0.004,-1.70321,2.9829,-0.0003,0.00083,625.0,12.059
238,7.9777,Evening 21:00,simulation,0.3,1,0.00833,-0.73184,2.71748,0.71748,0.00833,-1.73184,3.08629,0.00024,-0.0008,600.0,12.089
239,8.0112,Evening 21:00,simulation,0.3,1,0.02222,-0.71362,2.65859,0.65859,0.02222,-1.71362,-2.4985,0.0053,0.08942,612.5,12.075
240,8.0447,Evening 21:00,simulation,0.3,1,0.036,-0.70325,2.60991,0.60991,0.036,-1.70325,2.98301,0.00267,-0.00748,625.0,12.07
241,8.0782,Evening 21:00,simulation,0.3,1,0.05,-0.73187,2.71761,0.71761,0.05,-1.73187,3.08643,0.00143,-0.00477,600.0,12.089
242,8.1117,Evening 21:00,simulation,0.3,1,0.05,-0.73187,2.71761,0.71761,0.05,-1.73187,3.08643,0.00143,-0.00477,600.0,12.089
243,8.1453,Evening 21:00,simulation,0.3,1,0.06001,-0.70332,2.61018,0.61018,0.06001,-1.70332,2.98321,0.00445,-0.01246,625.0,12.066
244,8.1788,Evening 21:00,simulation,0.3,1,0.07501,-0.73192,2.71779,0.71779,0.07501,-1.73192,3.08662,0.00214,-0.00714,600.0,12.083
245,8.2123,Evening 21:00,simulation,0.3,1,0.09168,-0.73196,2.71794,0.71794,0.09168,-1.73196,3.08679,0.00261,-0.0087,600.0,12.082
246,8.2458,Evening 21:00,simulation,0.3,1,0.10005,-0.70351,2.6109,0.6109,0.10005,-1.70351,2.98378,0.00739,-0.02072,625.0,12.064
247,8.2793,Evening 21:00,simulation,0.3,1,0.1167,-0.73204,2.71823,0.71823,0.1167,-1.73204,3.0871,0.0033,-0.01102,600.0,12.087
248,8.3128,Evening 21:00,simulation,0.3,1,0.12409,-0.70367,2.6115,0.6115,0.12409,-1.70367,2.98426,0.00913,-0.02564,625.0,12.067
249,8.3464,Evening 21:00,simulation,0.3,1,0.14013,-0.7038,2.61198,0.61198,0.14013,-1.7038,2.98463,0.01029,-0.02891,625.0,12.074
250,8.3799,Evening 21:00,simulation,0.3,1,0.14013,-0.7038,2.61198,0.61198,0.14013,-1.7038,2.98463,0.01029,-0.02891,625.0,12.074
251,8.4134,Evening 21:00,simulation,0.3,1,0.15842,-0.7322,2.71885,0.71885,0.15842,-1.7322,3.08778,0.00443,-0.01481,600.0,12.086
252,8.4469,Evening 21:00,simulation,0.3,1,0.1642,-0.70402,2.61279,0.61279,0.1642,-1.70402,2.98527,0.01201,-0.03377,625.0,12.059
253,8.4804,Evening 21:00,simulation,0.3,1,0.18346,-0.73232,2.71931,0.71931,0.18346,-1.73232,3.08827,0.00508,-0.01701,600.0,12.086
254,8.514,Evening 21:00,simulation,0.3,1,0.20016,-0.73241,2.71965,0.71965,0.20016,-1.73241,3.08864,0.00551,-0.01845,600.0,12.077
255,8.5475,Evening 21:00,simulation,0.3,1,0.20016,-0.73241,2.71965,0.71965,0.20016,-1.73241,3.08864,0.00551,-0.01845,600.0,12.077
256,8.581,Evening 21:00,simulation,0.3,1,0.22523,-0.73256,2.7202,0.7202,0.22523,-1.73256,3.08925,0.00613,-0.02056,600.0,12.085
257,8.6145,Evening 21:00,simulation,0.3,1,0.22853,-0.70475,2.61557,0.61557,0.22853,-1.70475,2.98747,0.01648,-0.04651,625.0,12.063
258,8.648,Evening 21:00,simulation,0.3,1,0.24464,-0.70497,2.6164,0.6164,0.24464,-1.70497,2.98813,0.01756,-0.04963,625.0,12.078
259,8.6816,Evening 21:00,simulation,0.3,1,0.24464,-0.70497,2.6164,0.6164,0.24464,-1.70497,2.98813,0.01756,-0.04963,625.0,12.078
260,8.7151,Evening 21:00,simulation,0.3,1,0.26704,-0.73284,2.72124,0.72124,0.26704,-1.73284,3.09038,0.00712,-0.02392,600.0,12.081
261,8.7486,Evening 21:00,simulation,0.3,1,0.29215,-0.73302,2.72193,0.72193,0.29215,-1.73302,3.09114,0.00768,-0.02584,600.0,12.085
262,8.7821,Evening 21:00,simulation,0.3,1,0.29215,-0.73302,2.72193,0.72193,0.29215,-1.73302,3.09114,0.00768,-0.02584,600.0,12.085
263,8.8156,Evening 21:00,simulation,0.3,1,0.30926,-0.70599,2.62021,0.62021,0.30926,-1.70599,2.99118,0.02176,-0.06182,625.0,12.07
264,8.8492,Evening 21:00,simulation,0.3,1,0.30926,-0.70599,2.62021,0.62021,0.30926,-1.70599,2.99118,0.02176,-0.06182,625.0,12.07
265,8.8827,Evening 21:00,simulation,0.3,1,0.33357,-0.70642,2.62184,0.62184,0.33357,-1.70642,2.9925,0.02327,-0.06625,625.0,12.057
266,8.9162,Evening 21:00,simulation,0.3,1,0.33357,-0.70642,2.62184,0.62184,0.33357,-1.70642,2.9925,0.02327,-0.06625,625.0,12.057
267,8.9497,Evening 21:00,simulation,0.3,1,0.3592,-0.73356,2.72396,0.72396,0.3592,-1.73356,3.09338,0.00904,-0.03054,600.0,12.081
268,8.9832,Evening 21:00,simulation,0.3,1,0.37598,-0.7337,2.7245,0.7245,0.37598,-1.7337,3.09399,0.00934,-0.03162,600.0,12.075
269,9.0168,Evening 21:00,simulation,0.3,1,0.37418,-0.7072,2.62478,0.62478,0.37418,-1.7072,2.99489,0.02568,-0.07343,625.0,12.061
270,9.0503,Evening 21:00,simulation,0.3,1,0.40118,-0.73392,2.72535,0.72535,0.40118,-1.73392,3.09493,0.00978,-0.03316,600.0,12.083
271,9.0838,Evening 21:00,simulation,0.3,1,0.40118,-0.73392,2.72535,0.72535,0.40118,-1.73392,3.09493,0.00978,-0.03316,600.0,12.083
272,9.1173,Evening 21:00,simulation,0.3,1,0.39861,-0.70771,2.62668,0.62668,0.39861,-1.70771,2.99644,0.02707,-0.07762,625.0,12.066
273,9.1508,Evening 21:00,simulation,0.3,1,0.41493,-0.70806,2.62799,0.62799,0.41493,-1.70806,2.99752,0.02797,-0.08035,625.0,12.073
274,9.1844,Evening 21:00,simulation,0.3,1,0.41493,-0.70806,2.62799,0.62799,0.41493,-1.70806,2.99752,0.02797,-0.08035,625.0,12.073
275,9.2179,Evening 21:00,simulation,0.3,1,0.43944,-0.7086,2.63004,0.63004,0.43944,-1.7086,2.99921,0.02928,-0.08435,625.0,12.059
276,9.2514,Evening 21:00,simulation,0.3,1,0.43944,-0.7086,2.63004,0.63004,0.43944,-1.7086,2.99921,0.02928,-0.08435,625.0,12.059
277,9.2849,Evening 21:00,simulation,0.3,1,0.46845,-0.73455,2.7277,0.7277,0.46845,-1.73455,3.09757,0.0108,-0.0368,600.0,12.082
278,9.3184,Evening 21:00,simulation,0.3,1,0.46401,-0.70917,2.63217,0.63217,0.46401,-1.70917,3.00097,0.03054,-0.08824,625.0,12.068
279,9.352,Evening 21:00,simulation,0.3,1,0.48041,-0.70956,2.63363,0.63363,0.48041,-1.70956,3.00219,0.03135,-0.09077,625.0,12.064
280,9.3855,Evening 21:00,simulation,0.3,1,0.51056,-0.73495,2.72921,0.72921,0.51056,-1.73495,3.09929,0.01133,-0.03873,600.0,12.081
281,9.419,Evening 21:00,simulation,0.3,1,0.50507,-0.71016,2.63588,0.63588,0.50507,-1.71016,3.00409,0.03251,-0.09446,625.0,12.057
282,9.4525,Evening 21:00,simulation,0.3,1,0.50507,-0.71016,2.63588,0.63588,0.50507,-1.71016,3.00409,0.03251,-0.09446,625.0,12.057
283,9.486,Evening 21:00,simulation,0.3,1,0.55272,-0.73535,2.73075,0.73075,0.55272,-1.73535,3.10104,0.01178,-0.0404,600.0,12.071
284,9.5196,Evening 21:00,simulation,0.3,1,0.54629,-0.71119,2.63979,0.63979,0.54629,-1.71119,3.0074,0.03433,-0.10032,625.0,12.053
285,9.5531,Evening 21:00,simulation,0.3,1,0.54629,-0.71119,2.63979,0.63979,0.54629,-1.71119,3.0074,0.03433,-0.10032,625.0,12.053
286,9.5866,Evening 21:00,simulation,0.3,1,0.57804,-0.7356,2.73167,0.73167,0.57804,-1.7356,3.10209,0.01201,-0.04127,600.0,12.073
287,9.6201,Evening 21:00,simulation,0.3,1,0.5711,-0.71184,2.64221,0.64221,0.5711,-1.71184,3.00947,0.03535,-0.10366,625.0,12.056
288,9.6536,Evening 21:00,simulation,0.3,1,0.58767,-0.71228,2.64385,0.64385,0.58767,-1.71228,3.01088,0.03599,-0.1058,625.0,12.058
289,9.6872,Evening 21:00,simulation,0.3,1,0.62028,-0.736,2.73319,0.73319,0.62028,-1.736,3.10385,0.01233,-0.04254,600.0,12.066
290,9.7207,Evening 21:00,simulation,0.3,1,0.61257,-0.71294,2.64635,0.64635,0.61257,-1.71294,3.01305,0.0369,-0.1089,625.0,12.046
291,9.7542,Evening 21:00,simulation,0.3,1,0.61257,-0.71294,2.64635,0.64635,0.61257,-1.71294,3.01305,0.0369,-0.1089,625.0,12.046
292,9.7877,Evening 21:00,simulation,0.3,1,0.64564,-0.73624,2.73409,0.73409,0.64564,-1.73624,3.10489,0.01249,-0.04318,600.0,12.064
293,9.8212,Evening 21:00,simulation,0.3,1,0.65419,-0.71407,2.65061,0.65061,0.65419,-1.71407,3.01679,0.03829,-0.11374,625.0,12.046
294,9.8547,Evening 21:00,simulation,0.3,1,0.65419,-0.71407,2.65061,0.65061,0.65419,-1.71407,3.01679,0.03829,-0.11374,625.0,12.046
295,9.8883,Evening 21:00,simulation,0.3,1,0.68794,-0.73663,2.73557,0.73557,0.68794,-1.73663,3.10662,0.01271,-0.04407,600.0,12.063
296,9.9218,Evening 21:00,simulation,0.3,1,0.67924,-0.71476,2.65321,0.65321,0.67924,-1.71476,3.01908,0.03904,-0.11643,625.0,12.04
297,9.9553,Evening 21:00,simulation,0.3,1,0.71334,-0.73686,2.73644,0.73644,0.71334,-1.73686,3.10763,0.0128,-0.0445,600.0,12.05
298,9.9888,Evening 21:00,simulation,0.3,1,0.73028,-0.73701,2.73701,0.73701,0.73028,-1.73701,3.1083,0.01286,-0.04474,600.0,12.052
299,10.0223,Evening 21:00,simulation,0.3,1,0.71272,-0.71569,2.65671,0.65671,0.71272,-1.71569,3.02221,0.03995,-0.11979,625.0,12.036
300,10.0559,Evening 21:00,simulation,0.3,1,0.71272,-0.71569,2.65671,0.65671,0.71272,-1.71569,3.02221,0.03995,-0.11979,625.0,12.036
301,10.0894,Evening 21:00,simulation,0.3,1,0.71272,-0.71569,2.65671,0.65671,0.71272,-1.71569,3.02221,0.03995,-0.11979,625.0,12.036
302,10.1229,Evening 21:00,simulation,0.3,1,0.71272,-0.71569,2.65671,0.65671,0.71272,-1.71569,3.02221,0.03995,-0.11979,625.0,12.036
303,10.1564,Evening 21:00,simulation,0.3,1,0.71272,-0.71569,2.65671,0.65671,0.71272,-1.71569,3.02221,0.03995,-0.11979,625.0,12.036
304,10.1899,Evening 21:00,simulation,0.3,1,0.71272,-0.71569,2.65671,0.65671,0.71272,-1.71569,3.02221,0.03995,-0.11979,625.0,12.036
305,10.2235,Evening 21:00,simulation,0.3,1,0.71272,-0.71569,2.65671,0.65671,0.71272,-1.71569,3.02221,0.03995,-0.11979,625.0,12.036
306,10.257,Evening 21:00,simulation,0.3,1,0.71272,-0.71569,2.65671,0.65671,0.71272,-1.71569,3.02221,0.03995,-0.11979,625.0,12.036
307,10.2905,Evening 21:00,simulation,0.3,1,0.71272,-0.71569,2.65671,0.65671,0.71272,-1.71569,3.02221,0.03995,-0.11979,625.0,12.036
308,10.324,Evening 21:00,simulation,0.3,1,0.71272,-0.71569,2.65671,0.65671,0.71272,-1.71569,3.02221,0.03995,-0.11979,625.0,12.036
309,10.3575,Evening 21:00,simulation,0.3,1,0.71272,-0.71569,2.65671,0.65671,0.71272,-1.71569,3.02221,0.03995,-0.11979,625.0,12.036
310,10.3911,Evening 21:00,simulation,0.3,1,0.71272,-0.71569,2.65671,0.65671,0.71272,-1.71569,3.02221,0.03995,-0.11979,625.0,12.036
311,10.4246,Evening 21:00,simulation,0.3,1,0.71272,-0.71569,2.65671,0.65671,0.71272,-1.71569,3.02221,0.03995,-0.11979,625.0,12.036
312,10.4581,Evening 21:00,simulation,0.3,1,0.71272,-0.71569,2.65671,0.65671,0.71272,-1.71569,3.02221,0.03995,-0.11979,625.0,12.036
313,10.4916,Evening 21:00,simulation,0.3,1,0.71272,-0.71569,2.65671,0.65671,0.71272,-1.71569,3.02221,0.03995,-0.11979,625.0,12.036
314,10.5251,Evening 21:00,simulation,0.3,1,0.71272,-0.71569,2.65671,0.65671,0.71272,-1.71569,3.02221,0.03995,-0.11979,625.0,12.036
315,10.5587,Evening 21:00,simulation,0.3,1,0.71272,-0.71569,2.65671,0.65671,0.71272,-1.71569,3.02221,0.03995,-0.11979,625.0,12.036
316,10.5922,Evening 21:00,simulation,0.3,1,0.71272,-0.71569,2.65671,0.65671,0.71272,-1.71569,3.02221,0.03995,-0.11979,625.0,12.036
317,10.6257,Evening 21:00,simulation,0.3,1,0.71272,-0.71569,2.65671,0.65671,0.71272,-1.71569,3.02221,0.03995,-0.11979,625.0,12.036
318,10.6592,Evening 21:00,simulation,0.3,1,0.71272,-0.71569,2.65671,0.65671,0.71272,-1.71569,3.02221,0.03995,-0.11979,625.0,12.036
319,10.6927,Evening 21:00,simulation,0.3,1,0.71272,-0.71569,2.65671,0.65671,0.71272,-1.71569,3.02221,0.03995,-0.11979,625.0,12.036
320,10.7263,Evening 21:00,simulation,0.3,1,0.71272,-0.71569,2.65671,0.65671,0.71272,-1.71569,3.02221,0.03995,-0.11979,625.0,12.036
321,10.7598,Evening 21:00,simulation,0.3,1,0.71272,-0.71569,2.65671,0.65671,0.71272,-1.71569,3.02221,0.03995,-0.11979,625.0,12.036
322,10.7933,Evening 21:00,simulation,0.3,1,0.71272,-0.71569,2.65671,0.65671,0.71272,-1.71569,3.02221,0.03995,-0.11979,625.0,12.036
323,10.8268,Evening 21:00,simulation,0.3,1,0.71272,-0.71569,2.65671,0.65671,0.71272,-1.71569,3.02221,0.03995,-0.11979,625.0,12.036
324,10.8603,Evening 21:00,simulation,0.3,1,0.71272,-0.71569,2.65671,0.65671,0.71272,-1.71569,3.02221,0.03995,-0.11979,625.0,12.036
325,10.8939,Evening 21:00,simulation,0.3,1,0.71272,-0.71569,2.65671,0.65671,0.71272,-1.71569,3.02221,0.03995,-0.11979,625.0,12.036
326,10.9274,Evening 21:00,simulation,0.3,1,0.71272,-0.71569,2.65671,0.65671,0.71272,-1.71569,3.02221,0.03995,-0.11979,625.0,12.036
327,10.9609,Evening 21:00,simulation,0.3,1,0.71272,-0.71569,2.65671,0.65671,0.71272,-1.71569,3.02221,0.03995,-0.11979,625.0,12.036
328,10.9944,Evening 21:00,simulation,0.3,1,0.71272,-0.71569,2.65671,0.65671,0.71272,-1.71569,3.02221,0.03995,-0.11979,625.0,12.036
329,11.0279,Evening 21:00,simulation,0.3,1,0.71272,-0.71569,2.65671,0.65671,0.71272,-1.71569,3.02221,0.03995,-0.11979,625.0,12.036
330,11.0615,Evening 21:00,simulation,0.3,1,0.71272,-0.71569,2.65671,0.65671,0.71272,-1.71569,3.02221,0.03995,-0.11979,625.0,12.036
331,11.095,Evening 21:00,simulation,0.3,1,0.71272,-0.71569,2.65671,0.65671,0.71272,-1.71569,3.02221,0.03995,-0.11979,625.0,12.036
332,11.1285,Evening 21:00,simulation,0.3,1,0.71272,-0.71569,2.65671,0.65671,0.71272,-1.71569,3.02221,0.03995,-0.11979,625.0,12.036
333,11.162,Evening 21:00,simulation,0.3,1,0.71272,-0.71569,2.65671,0.65671,0.71272,-1.71569,3.02221,0.03995,-0.11979,625.0,12.036
334,11.1955,Evening 21:00,simulation,0.3,1,0.71272,-0.71569,2.65671,0.65671,0.71272,-1.71569,3.02221,0.03995,-0.11979,625.0,12.036
335,11.2291,Evening 21:00,simulation,0.3,1,0.71272,-0.71569,2.65671,0.65671,0.71272,-1.71569,3.02221,0.03995,-0.11979,625.0,12.036
336,11.2626,Evening 21:00,simulation,0.3,1,0.71272,-0.71569,2.65671,0.65671,0.71272,-1.71569,3.02221,0.03995,-0.11979,625.0,12.036
337,11.2961,Evening 21:00,simulation,0.3,1,0.71272,-0.71569,2.65671,0.65671,0.71272,-1.71569,3.02221,0.03995,-0.11979,625.0,12.036
338,11.3296,Evening 21:00,simulation,0.3,1,0.71272,-0.71569,2.65671,0.65671,0.71272,-1.71569,3.02221,0.03995,-0.11979,625.0,12.036
339,11.3631,Evening 21:00,simulation,0.3,1,0.71272,-0.71569,2.65671,0.65671,0.71272,-1.71569,3.02221,0.03995,-0.11979,625.0,12.036
340,11.3966,Evening 21:00,simulation,0.3,1,0.71272,-0.71569,2.65671,0.65671,0.71272,-1.71569,3.02221,0.03995,-0.11979,625.0,12.036
341,11.4302,Evening 21:00,simulation,0.3,1,0.71272,-0.71569,2.65671,0.65671,0.71272,-1.71569,3.02221,0.03995,-0.11979,625.0,12.036
342,11.4637,Evening 21:00,simulation,0.3,1,0.71272,-0.71569,2.65671,0.65671,0.71272,-1.71569,3.02221,0.03995,-0.11979,625.0,12.036
343,11.4972,Evening 21:00,simulation,0.3,1,0.71272,-0.71569,2.65671,0.65671,0.71272,-1.71569,3.02221,0.03995,-0.11979,625.0,12.036
344,11.5307,Evening 21:00,simulation,0.3,1,0.71272,-0.71569,2.65671,0.65671,0.71272,-1.71569,3.02221,0.03995,-0.11979,625.0,12.036
345,11.5642,Evening 21:00,simulation,0.3,1,0.71272,-0.71569,2.65671,0.65671,0.71272,-1.71569,3.02221,0.03995,-0.11979,625.0,12.036
346,11.5978,Evening 21:00,simulation,0.3,1,0.71272,-0.71569,2.65671,0.65671,0.71272,-1.71569,3.02221,0.03995,-0.11979,625.0,12.036
347,11.6313,Evening 21:00,simulation,0.3,1,0.71272,-0.71569,2.65671,0.65671,0.71272,-1.71569,3.02221,0.03995,-0.11979,625.0,12.036
348,11.6648,Evening 21:00,simulation,0.3,1,0.71272,-0.71569,2.65671,0.65671,0.71272,-1.71569,3.02221,0.03995,-0.11979,625.0,12.036
349,11.6983,Evening 21:00,simulation,0.3,1,0.71272,-0.71569,2.65671,0.65671,0.71272,-1.71569,3.02221,0.03995,-0.11979,625.0,12.036
350,11.7318,Evening 21:00,simulation,0.3,1,0.71272,-0.71569,2.65671,0.65671,0.71272,-1.71569,3.02221,0.03995,-0.11979,625.0,12.036
351,11.7654,Evening 21:00,simulation,0.3,1,0.71272,-0.71569,2.65671,0.65671,0.71272,-1.71569,3.02221,0.03995,-0.11979,625.0,12.036
352,11.7989,Evening 21:00,simulation,0.3,1,0.71272,-0.71569,2.65671,0.65671,0.71272,-1.71569,3.02221,0.03995,-0.11979,625.0,12.036
353,11.8324,Evening 21:00,simulation,0.3,1,0.71272,-0.71569,2.65671,0.65671,0.71272,-1.71569,3.02221,0.03995,-0.11979,625.0,12.036
354,11.8659,Evening 21:00,simulation,0.3,1,0.71272,-0.71569,2.65671,0.65671,0.71272,-1.71569,3.02221,0.03995,-0.11979,625.0,12.036
355,11.8994,Evening 21:00,simulation,0.3,1,0.71272,-0.71569,2.65671,0.65671,0.71272,-1.71569,3.02221,0.03995,-0.11979,625.0,12.036
356,11.933,Evening 21:00,simulation,0.3,1,0.71272,-0.71569,2.65671,0.65671,0.71272,-1.71569,3.02221,0.03995,-0.11979,625.0,12.036
357,11.9665,Evening 21:00,simulation,0.3,1,0.71272,-0.71569,2.65671,0.65671,0.71272,-1.71569,3.02221,0.03995,-0.11979,625.0,12.036
358,12.0,Evening 21:00,simulation,0.3,1,0.71272,-0.71569,2.65671,0.65671,0.71272,-1.71569,3.02221,0.03995,-0.11979,625.0,12.036
359,12.0335,Evening 21:00,simulation,0.3,1,0.71272,-0.71569,2.65671,0.65671,0.71272,-1.71569,3.02221,0.03995,-0.11979,625.0,12.036
360,12.067,Evening 21:00,simulation,0.3,1,0.71272,-0.71569,2.65671,0.65671,0.71272,-1.71569,3.02221,0.03995,-0.11979,625.0,12.036
361,12.1006,Evening 21:00,simulation,0.3,1,0.71272,-0.71569,2.65671,0.65671,0.71272,-1.71569,3.02221,0.03995,-0.11979,625.0,12.036
362,12.1341,Evening 21:00,simulation,0.3,1,0.71272,-0.71569,2.65671,0.65671,0.71272,-1.71569,3.02221,0.03995,-0.11979,625.0,12.036
363,12.1676,Evening 21:00,simulation,0.3,1,0.71272,-0.71569,2.65671,0.65671,0.71272,-1.71569,3.02221,0.03995,-0.11979,625.0,12.036
364,12.2011,Evening 21:00,simulation,0.3,1,0.71272,-0.71569,2.65671,0.65671,0.71272,-1.71569,3.02221,0.03995,-0.11979,625.0,12.036
365,12.2346,Evening 21:00,simulation,0.3,1,0.71272,-0.71569,2.65671,0.65671,0.71272,-1.71569,3.02221,0.03995,-0.11979,625.0,12.036
366,12.2682,Evening 21:00,simulation,0.3,1,0.71272,-0.71569,2.65671,0.65671,0.71272,-1.71569,3.02221,0.03995,-0.11979,625.0,12.036
367,12.3017,Evening 21:00,simulation,0.3,1,0.71272,-0.71569,2.65671,0.65671,0.71272,-1.71569,3.02221,0.03995,-0.11979,625.0,12.036
368,12.3352,Evening 21:00,simulation,0.3,1,0.72123,-0.72252,2.69582,0.69582,0.72123,-1.72252,2.95991,0.03193,-0.08497,588.0,12.066
369,12.3687,Evening 21:00,simulation,0.3,1,0.70445,-0.70788,2.65624,0.65624,0.70445,-1.70788,3.02089,0.03981,-0.12019,625.0,12.047
370,12.4022,Evening 21:00,simulation,0.3,1,0.70445,-0.70788,2.65624,0.65624,0.70445,-1.70788,3.02089,0.03981,-0.12019,625.0,12.047
371,12.4358,Evening 21:00,simulation,0.3,1,0.7295,-0.73326,2.7666,0.7666,0.7295,-1.73326,3.02007,0.03979,-0.12051,576.0,12.053
372,12.4693,Evening 21:00,simulation,0.3,1,0.72088,-0.72512,2.7661,0.7661,0.72088,-1.72512,3.0187,0.03964,-0.1209,576.0,12.03
373,12.5028,Evening 21:00,simulation,0.3,1,0.70963,-0.71646,2.75512,0.75512,0.70963,-1.71646,-3.31862,-0.06952,0.10428,564.0,12.055
374,12.5363,Evening 21:00,simulation,0.3,1,0.73875,-0.74386,2.88549,0.88549,0.73875,-1.74386,3.01647,0.03946,-0.12157,529.0,12.069
375,12.5698,Evening 21:00,simulation,0.3,1,0.70331,-0.70849,2.77089,0.77089,0.70331,-1.70849,2.97218,0.03013,0.00825,552.0,12.037
376,12.6034,Evening 21:00,simulation,0.3,1,0.72976,-0.73537,2.88495,0.88495,0.72976,-1.73537,3.01504,0.03931,-0.12192,529.0,12.046
377,12.6369,Evening 21:00,simulation,0.3,1,0.72077,-0.72689,2.88439,0.88439,0.72077,-1.72689,3.0136,0.03915,-0.12226,529.0,12.012
378,12.6704,Evening 21:00,simulation,0.3,1,0.71555,-0.72097,2.89485,0.89485,0.71555,-1.72097,-2.41864,0.02584,0.61472,506.0,12.047
379,12.7039,Evening 21:00,simulation,0.3,1,0.71555,-0.72097,2.89485,0.89485,0.71555,-1.72097,-2.41864,0.02584,0.61472,506.0,12.047
380,12.7374,Evening 21:00,simulation,0.3,1,0.73944,-0.74656,3.01453,1.01453,0.73944,-1.74656,3.01122,0.03894,-0.12285,484.0,12.044
381,12.7709,Evening 21:00,simulation,0.3,1,0.70279,-0.70992,2.88325,0.88325,0.70279,-1.70992,3.01063,0.03881,-0.12288,529.0,12.019
382,12.8045,Evening 21:00,simulation,0.3,1,0.73005,-0.73769,3.01392,1.01392,0.73005,-1.73769,3.00971,0.03877,-0.12315,484.0,12.026
383,12.838,Evening 21:00,simulation,0.3,1,0.72375,-0.72794,3.02669,1.02669,0.72375,-1.72794,2.91028,0.0597,-0.16389,462.0,12.037
384,12.8715,Evening 21:00,simulation,0.3,1,0.72375,-0.72794,3.02669,1.02669,0.72375,-1.72794,2.91028,0.0597,-0.16389,462.0,12.037
385,12.905,Evening 21:00,simulation,0.3,1,0.71126,-0.71995,3.01268,1.01268,0.71126,-1.71995,3.00661,0.03841,-0.12368,484.0,11.999
386,12.9385,Evening 21:00,simulation,0.3,1,0.74022,-0.74953,3.15572,1.15572,0.74022,-1.74953,3.00566,0.03836,-0.12392,441.0,12.022
387,12.9721,Evening 21:00,simulation,0.3,1,0.73038,-0.74024,3.15504,1.15504,0.73038,-1.74024,3.00405,0.03816,-0.12414,441.0,12.016
388,13.0056,Evening 21:00,simulation,0.3,1,0.73038,-0.74024,3.15504,1.15504,0.73038,-1.74024,3.00405,0.03816,-0.12414,441.0,12.016
389,13.0391,Evening 21:00,simulation,0.3,1,0.72055,-0.73096,3.15436,1.15436,0.72055,-1.73096,3.00243,0.03796,-0.12434,441.0,11.999
390,13.0726,Evening 21:00,simulation,0.3,1,0.72055,-0.73096,3.15436,1.15436,0.72055,-1.73096,3.00243,0.03796,-0.12434,441.0,11.999
391,13.1061,Evening 21:00,simulation,0.3,1,0.72336,-0.72959,3.1671,1.1671,0.72336,-1.72959,2.8983,0.05895,-0.16365,420.0,12.011
392,13.1397,Evening 21:00,simulation,0.3,1,0.71071,-0.72167,3.15367,1.15367,0.71071,-1.72167,3.00077,0.03776,-0.12452,441.0,11.995
393,13.1732,Evening 21:00,simulation,0.3,1,0.74109,-0.75282,3.31088,1.31088,0.74109,-1.75282,2.99976,0.03769,-0.12472,400.0,12.0
394,13.2067,Evening 21:00,simulation,0.3,1,0.70584,-0.71547,3.17634,1.17634,0.70584,-1.71547,-3.31292,-0.04491,0.26754,430.5,11.995
395,13.2402,Evening 21:00,simulation,0.3,1,0.70584,-0.71547,3.17634,1.17634,0.70584,-1.71547,-3.31292,-0.04491,0.26754,430.5,11.995
396,13.2737,Evening 21:00,simulation,0.3,1,0.73077,-0.74307,3.31014,1.31014,0.73077,-1.74307,2.99806,0.03748,-0.12486,400.0,11.993
397,13.3073,Evening 21:00,simulation,0.3,1,0.72045,-0.73333,3.30938,1.30938,0.72045,-1.73333,2.99634,0.03726,-0.12497,400.0,11.991
398,13.3408,Evening 21:00,simulation,0.3,1,0.72045,-0.73333,3.30938,1.30938,0.72045,-1.73333,2.99634,0.03726,-0.12497,400.0,11.987
399,13.3743,Evening 21:00,simulation,0.3,1,0.71014,-0.72358,3.30862,1.30862,0.71014,-1.72358,2.99459,0.03703,-0.12506,400.0,11.988
400,13.4078,Evening 21:00,simulation,0.3,1,0.71014,-0.72358,3.30862,1.30862,0.71014,-1.72358,2.99459,0.03703,-0.12506,400.0,11.983
401,13.4413,Evening 21:00,simulation,0.3,1,0.73373,-0.74242,3.44206,1.44206,0.73373,-1.74242,3.12597,0.00499,-0.02227,380.0,11.983
402,13.4749,Evening 21:00,simulation,0.3,1,0.70208,-0.7117,3.31894,1.31894,0.70208,-1.7117,2.88108,0.05696,-0.16141,380.0,11.983
403,13.5084,Evening 21:00,simulation,0.3,1,0.73123,-0.74622,3.48141,1.48141,0.73123,-1.74622,2.99174,0.03671,-0.12525,361.0,11.981
404,13.5419,Evening 21:00,simulation,0.3,1,0.73123,-0.74622,3.48141,1.48141,0.73123,-1.74622,2.99174,0.03671,-0.12525,361.0,11.981
405,13.5754,Evening 21:00,simulation,0.3,1,0.72038,-0.73597,3.48058,1.48058,0.72038,-1.73597,2.98992,0.03646,-0.12526,361.0,11.977
406,13.6089,Evening 21:00,simulation,0.3,1,0.72038,-0.73597,3.48058,1.48058,0.72038,-1.73597,2.98992,0.03646,-0.12526,361.0,11.977
407,13.6425,Evening 21:00,simulation,0.3,1,0.71915,-0.73187,3.51758,1.51758,0.71915,-1.73187,-2.56056,0.03331,0.53675,351.5,11.972
408,13.676,Evening 21:00,simulation,0.3,1,0.70953,-0.72572,3.47974,1.47974,0.70953,-1.72572,2.98808,0.0362,-0.12524,361.0,11.966
409,13.7095,Evening 21:00,simulation,0.3,1,0.74632,-0.76089,3.68824,1.68824,0.74632,-1.76089,-3.1858,-0.00626,0.19233,333.0,11.968
410,13.743,Evening 21:00,simulation,0.3,1,0.69869,-0.71548,3.47888,1.47888,0.69869,-1.71548,2.9862,0.03594,-0.12518,361.0,11.959
411,13.7765,Evening 21:00,simulation,0.3,1,0.69869,-0.71548,3.47888,1.47888,0.69869,-1.71548,2.9862,0.03594,-0.12518,361.0,11.959
412,13.8101,Evening 21:00,simulation,0.3,1,0.73179,-0.74975,3.67158,1.67158,0.73179,-1.74975,2.98507,0.03584,-0.12525,324.0,11.972
413,13.8436,Evening 21:00,simulation,0.3,1,0.72347,-0.7354,3.62881,1.62881,0.72347,-1.7354,3.13211,0.00288,-0.01385,342.0,11.947
414,13.8771,Evening 21:00,simulation,0.3,1,0.72034,-0.73894,3.67066,1.67066,0.72034,-1.73894,2.98316,0.03557,-0.12515,324.0,11.969
415,13.9106,Evening 21:00,simulation,0.3,1,0.72034,-0.73894,3.67066,1.67066,0.72034,-1.73894,2.98316,0.03557,-0.12515,324.0,11.969
416,13.9441,Evening 21:00,simulation,0.3,1,0.70891,-0.72814,3.66974,1.66974,0.70891,-1.72814,2.98122,0.03528,-0.125,324.0,11.957
417,13.9777,Evening 21:00,simulation,0.3,1,0.70891,-0.72814,3.66974,1.66974,0.70891,-1.72814,2.98122,0.03528,-0.125,324.0,11.955
418,14.0112,Evening 21:00,simulation,0.3,1,0.73553,-0.74975,3.83675,1.83675,0.73553,-1.74975,3.13989,0.00051,-0.00259,306.0,11.955
419,14.0447,Evening 21:00,simulation,0.3,1,0.69747,-0.71734,3.6688,1.6688,0.69747,-1.71734,2.97925,0.03499,-0.12481,324.0,11.943
420,14.0782,Evening 21:00,simulation,0.3,1,0.73245,-0.75374,3.88398,1.88398,0.73245,-1.75374,2.97807,0.03488,-0.12482,289.0,11.956
421,14.1117,Evening 21:00,simulation,0.3,1,0.72376,-0.73864,3.83675,1.83675,0.72376,-1.73864,3.13986,0.00051,-0.00263,306.0,11.945
422,14.1453,Evening 21:00,simulation,0.3,1,0.72376,-0.73864,3.83675,1.83675,0.72376,-1.73864,3.13986,0.00051,-0.00263,306.0,11.945
423,14.1788,Evening 21:00,simulation,0.3,1,0.72035,-0.74231,3.88298,1.88298,0.72035,-1.74231,2.97606,0.03457,-0.12457,289.0,11.944
424,14.2123,Evening 21:00,simulation,0.3,1,0.72035,-0.74231,3.88298,1.88298,0.72035,-1.74231,2.97606,0.03457,-0.12457,289.0,11.944
425,14.2458,Evening 21:00,simulation,0.3,1,0.72042,-0.73115,3.88337,1.88337,0.72042,-1.73115,2.97494,0.03466,-0.12599,289.0,11.942
426,14.2793,Evening 21:00,simulation,0.3,1,0.70826,-0.73089,3.88196,1.88196,0.70826,-1.73089,2.97402,0.03426,-0.12429,289.0,11.937
427,14.3128,Evening 21:00,simulation,0.3,1,0.70826,-0.73089,3.88196,1.88196,0.70826,-1.73089,2.97402,0.03426,-0.12429,289.0,11.94
428,14.3464,Evening 21:00,simulation,0.3,1,0.73647,-0.75396,4.06942,2.06942,0.73647,-1.75396,3.14902,-0.00217,0.01194,272.0,11.945
429,14.3799,Evening 21:00,simulation,0.3,1,0.73647,-0.75396,4.06942,2.06942,0.73647,-1.75396,3.14902,-0.00217,0.01194,272.0,11.945
430,14.4134,Evening 21:00,simulation,0.3,1,0.69764,-0.7157,3.88956,1.88956,0.69764,-1.7157,2.83774,0.05308,-0.15402,272.0,11.941
431,14.4469,Evening 21:00,simulation,0.3,1,0.72398,-0.74218,4.06942,2.06942,0.72398,-1.74218,3.14914,-0.00217,0.01214,272.0,11.936
432,14.4804,Evening 21:00,simulation,0.3,1,0.72398,-0.74218,4.06942,2.06942,0.72398,-1.74218,3.14914,-0.00217,0.01214,272.0,11.936
433,14.514,Evening 21:00,simulation,0.3,1,0.68546,-0.70418,3.88809,1.88809,0.68546,-1.70418,2.83528,0.05236,-0.15271,272.0,11.926
434,14.5475,Evening 21:00,simulation,0.3,1,0.72042,-0.74616,4.12172,2.12172,0.72042,-1.74616,2.96863,0.03347,-0.12349,256.0,11.933
435,14.581,Evening 21:00,simulation,0.3,1,0.72042,-0.74616,4.12172,2.12172,0.72042,-1.74616,2.96863,0.03347,-0.12349,256.0,11.93
436,14.6145,Evening 21:00,simulation,0.3,1,0.75065,-0.77108,4.33115,2.33115,0.75065,-1.77108,3.15939,-0.0052,0.03079,240.0,11.929
437,14.648,Evening 21:00,simulation,0.3,1,0.70759,-0.73404,4.12061,2.12061,0.70759,-1.73404,2.9665,0.03312,-0.12305,256.0,11.915
438,14.6816,Evening 21:00,simulation,0.3,1,0.70893,-0.72979,4.1288,2.1288,0.70893,-1.72979,2.824,0.05221,-0.15157,240.0,11.929
439,14.7151,Evening 21:00,simulation,0.3,1,0.73736,-0.75854,4.33112,2.33112,0.73736,-1.75854,3.15966,-0.0052,0.03133,240.0,11.932
440,14.7486,Evening 21:00,simulation,0.3,1,0.69476,-0.72192,4.1195,2.1195,0.69476,-1.72192,2.96435,0.03276,-0.12256,256.0,11.91
441,14.7821,Evening 21:00,simulation,0.3,1,0.69476,-0.72192,4.1195,2.1195,0.69476,-1.72192,2.96435,0.03276,-0.12256,256.0,11.91
442,14.8156,Evening 21:00,simulation,0.3,1,0.69601,-0.71757,4.12725,2.12725,0.69601,-1.71757,2.8215,0.05146,-0.15012,240.0,11.925
443,14.8492,Evening 21:00,simulation,0.3,1,0.72407,-0.74599,4.33109,2.33109,0.72407,-1.74599,3.15994,-0.00519,0.0319,240.0,11.925
444,14.8827,Evening 21:00,simulation,0.3,1,0.72407,-0.74599,4.33109,2.33109,0.72407,-1.74599,3.15994,-0.00519,0.0319,240.0,11.914
445,14.9162,Evening 21:00,simulation,0.3,1,0.72407,-0.74599,4.33109,2.33109,0.72407,-1.74599,3.15994,-0.00519,0.0319,240.0,11.914
446,14.9497,Evening 21:00,simulation,0.3,1,0.6831,-0.70536,4.12571,2.12571,0.6831,-1.70536,2.81899,0.05069,-0.14862,240.0,11.918
447,14.9832,Evening 21:00,simulation,0.3,1,0.72057,-0.75059,4.3922,2.3922,0.72057,-1.75059,2.96088,0.03224,-0.12183,225.0,11.919
448,15.0168,Evening 21:00,simulation,0.3,1,0.67019,-0.69317,4.12418,2.12418,0.67019,-1.69317,2.81646,0.04992,-0.14708,240.0,11.915
449,15.0503,Evening 21:00,simulation,0.3,1,0.67019,-0.69317,4.12418,2.12418,0.67019,-1.69317,2.81646,0.04992,-0.14708,240.0,11.915
450,15.0838,Evening 21:00,simulation,0.3,1,0.70691,-0.73768,4.391,2.391,0.70691,-1.73768,2.95867,0.03186,-0.12122,225.0,11.908
451,15.1173,Evening 21:00,simulation,0.3,1,0.70803,-0.7328,4.3983,2.3983,0.70803,-1.7328,2.80675,0.05049,-0.1471,210.0,11.915
452,15.1508,Evening 21:00,simulation,0.3,1,0.73809,-0.76346,4.62702,2.62702,0.73809,-1.76346,3.17141,-0.00858,0.0574,210.0,11.911
453,15.1844,Evening 21:00,simulation,0.3,1,0.69325,-0.72477,4.3898,2.3898,0.69325,-1.72477,2.95644,0.03147,-0.12056,225.0,11.905
454,15.2179,Evening 21:00,simulation,0.3,1,0.69428,-0.71981,4.39668,2.39668,0.69428,-1.71981,2.8042,0.04968,-0.14545,210.0,11.906
455,15.2514,Evening 21:00,simulation,0.3,1,0.69428,-0.71981,4.39668,2.39668,0.69428,-1.71981,2.8042,0.04968,-0.14545,210.0,11.906
456,15.2849,Evening 21:00,simulation,0.3,1,0.73545,-0.76955,4.70255,2.70255,0.73545,-1.76955,2.95511,0.0313,-0.1203,196.0,11.912
457,15.3184,Evening 21:00,simulation,0.3,1,0.72387,-0.75004,4.62688,2.62688,0.72387,-1.75004,3.17181,-0.00856,0.05853,210.0,11.907
458,15.352,Evening 21:00,simulation,0.3,1,0.68055,-0.70683,4.39507,2.39507,0.68055,-1.70683,2.80165,0.04886,-0.14376,210.0,11.909
459,15.3855,Evening 21:00,simulation,0.3,1,0.68055,-0.70683,4.39507,2.39507,0.68055,-1.70683,2.80165,0.04886,-0.14376,210.0,11.902
460,15.419,Evening 21:00,simulation,0.3,1,0.72083,-0.75573,4.70126,2.70126,0.72083,-1.75573,2.95284,0.0309,-0.11955,196.0,11.902
461,15.4525,Evening 21:00,simulation,0.3,1,0.72083,-0.75573,4.70126,2.70126,0.72083,-1.75573,2.95284,0.0309,-0.11955,196.0,11.902
462,15.486,Evening 21:00,simulation,0.3,1,0.70966,-0.73662,4.62674,2.62674,0.70966,-1.73662,3.17221,-0.00855,0.05971,210.0,11.907
463,15.5196,Evening 21:00,simulation,0.3,1,0.75378,-0.7831,4.96386,2.96386,0.75378,-1.7831,3.1828,-0.01226,0.09019,182.0,11.905
464,15.5531,Evening 21:00,simulation,0.3,1,0.70622,-0.74192,4.69997,2.69997,0.70622,-1.74192,2.95055,0.03048,-0.11875,196.0,11.894
465,15.5866,Evening 21:00,simulation,0.3,1,0.70622,-0.74192,4.69997,2.69997,0.70622,-1.74192,2.95055,0.03048,-0.11875,196.0,11.898
466,15.6201,Evening 21:00,simulation,0.3,1,0.70627,-0.72837,4.70029,2.70029,0.70627,-1.72837,2.9491,0.03056,-0.1201,196.0,11.9
467,15.6536,Evening 21:00,simulation,0.3,1,0.73851,-0.76867,4.96353,2.96353,0.73851,-1.76867,3.18321,-0.01222,0.09203,182.0,11.899
468,15.6872,Evening 21:00,simulation,0.3,1,0.69162,-0.72812,4.69868,2.69868,0.69162,-1.72812,2.94823,0.03005,-0.1179,196.0,11.894
469,15.7207,Evening 21:00,simulation,0.3,1,0.69162,-0.72812,4.69868,2.69868,0.69162,-1.72812,2.94823,0.03005,-0.1179,196.0,11.894
470,15.7542,Evening 21:00,simulation,0.3,1,0.71297,-0.74613,4.86965,2.86965,0.71297,-1.74613,-2.54669,0.01974,0.13579,175.5,11.898
471,15.7877,Evening 21:00,simulation,0.3,1,0.72324,-0.75425,4.96317,2.96317,0.72324,-1.75425,3.1836,-0.01218,0.09394,182.0,11.894
472,15.8212,Evening 21:00,simulation,0.3,1,0.6986,-0.73012,4.8242,2.8242,0.6986,-1.73012,2.88748,0.05678,-0.41714,182.0,11.895
473,15.8547,Evening 21:00,simulation,0.3,1,0.6986,-0.73012,4.8242,2.8242,0.6986,-1.73012,2.88748,0.05678,-0.41714,182.0,11.895
474,15.8883,Evening 21:00,simulation,0.3,1,0.67779,-0.70864,4.70304,2.70304,0.67779,-1.70864,2.78312,0.04687,-0.13813,182.0,11.891
475,15.9218,Evening 21:00,simulation,0.3,0,0.0,0.0,0.0,0.0,0.0,0.0,0.0,0.0,0.0,0.0,11.89
476,15.9553,Evening 21:00,simulation,0.3,1,0.70796,-0.73982,4.96281,2.96281,0.70796,-1.73982,3.184,-0.01214,0.09592,182.0,11.892
477,15.9888,Evening 21:00,simulation,0.3,1,0.70796,-0.73982,4.96281,2.96281,0.70796,-1.73982,3.184,-0.01214,0.09592,182.0,11.892
478,16.0223,Evening 21:00,simulation,0.3,1,0.66313,-0.69479,4.70139,2.70139,0.66313,-1.69479,2.78052,0.04599,-0.1362,182.0,11.888
479,16.0559,Evening 21:00,simulation,0.3,0,0.0,0.0,0.0,0.0,0.0,0.0,0.0,0.0,0.0,0.0,11.888
480,16.0894,Evening 21:00,simulation,0.3,0,0.0,0.0,0.0,0.0,0.0,0.0,0.0,0.0,0.0,0.0,11.888
481,16.1229,Evening 21:00,simulation,0.3,0,0.0,0.0,0.0,0.0,0.0,0.0,0.0,0.0,0.0,0.0,11.889
482,16.1564,Evening 21:00,simulation,0.3,0,0.0,0.0,0.0,0.0,0.0,0.0,0.0,0.0,0.0,0.0,11.888
483,16.1899,Evening 21:00,simulation,0.3,0,0.0,0.0,0.0,0.0,0.0,0.0,0.0,0.0,0.0,0.0,11.885
484,16.2235,Evening 21:00,simulation,0.3,1,0.68984,-0.73209,5.05508,3.05508,0.68984,-1.73209,2.93977,0.02851,-0.11454,169.0,11.885
485,16.257,Evening 21:00,simulation,0.3,1,0.68984,-0.73209,5.05508,3.05508,0.68984,-1.73209,2.93977,0.02851,-0.11454,169.0,11.885
486,16.2905,Evening 21:00,simulation,0.3,1,0.70916,-0.74058,5.22558,3.22558,0.70916,-1.74058,-2.76185,0.00348,0.05079,162.5,11.882
487,16.324,Evening 21:00,simulation,0.3,1,0.70916,-0.74058,5.22558,3.22558,0.70916,-1.74058,-2.76185,0.00348,0.05079,162.5,11.882
488,16.3575,Evening 21:00,simulation,0.3,0,0.0,0.0,0.0,0.0,0.0,0.0,0.0,0.0,0.0,0.0,11.881
489,16.3911,Evening 21:00,simulation,0.3,0,0.0,0.0,0.0,0.0,0.0,0.0,0.0,0.0,0.0,0.0,11.882
490,16.4246,Evening 21:00,simulation,0.3,0,0.0,0.0,0.0,0.0,0.0,0.0,0.0,0.0,0.0,0.0,11.882
491,16.4581,Evening 21:00,simulation,0.3,1,0.67476,-0.71089,5.05858,3.05858,0.67476,-1.71089,2.76321,0.04471,-0.13171,156.0,11.88
492,16.4916,Evening 21:00,simulation,0.3,1,0.7055,-0.74302,5.34776,3.34776,0.7055,-1.74302,3.19369,-0.01571,0.14193,156.0,11.878
493,16.5251,Evening 21:00,simulation,0.3,1,0.7055,-0.74302,5.34776,3.34776,0.7055,-1.74302,3.19369,-0.01571,0.14193,156.0,11.878
494,16.5587,Evening 21:00,simulation,0.3,1,0.75215,-0.78815,5.67175,3.67175,0.75215,-1.78815,3.2321,0.05075,-0.44046,149.5,11.877
495,16.5922,Evening 21:00,simulation,0.3,1,0.72187,-0.75312,5.47419,3.47419,0.72187,-1.75312,2.93432,0.02789,-0.11418,144.0,11.88
496,16.6257,Evening 21:00,simulation,0.3,0,0.0,0.0,0.0,0.0,0.0,0.0,0.0,0.0,0.0,0.0,11.877
497,16.6592,Evening 21:00,simulation,0.3,0,0.0,0.0,0.0,0.0,0.0,0.0,0.0,0.0,0.0,0.0,11.877
498,16.6927,Evening 21:00,simulation,0.3,0,0.0,0.0,0.0,0.0,0.0,0.0,0.0,0.0,0.0,0.0,11.881
499,16.7263,Evening 21:00,simulation,0.3,0,0.0,0.0,0.0,0.0,0.0,0.0,0.0,0.0,0.0,0.0,11.874
500,16.7598,Evening 21:00,simulation,0.3,0,0.0,0.0,0.0,0.0,0.0,0.0,0.0,0.0,0.0,0.0,11.874
501,16.7933,Evening 21:00,simulation,0.3,1,0.70489,-0.73707,5.4727,3.4727,0.70489,-1.73707,2.93186,0.0274,-0.11295,144.0,11.875
502,16.8268,Evening 21:00,simulation,0.3,0,0.0,0.0,0.0,0.0,0.0,0.0,0.0,0.0,0.0,0.0,11.877
503,16.8603,Evening 21:00,simulation,0.3,0,0.0,0.0,0.0,0.0,0.0,0.0,0.0,0.0,0.0,0.0,11.877
504,16.8939,Evening 21:00,simulation,0.3,0,0.0,0.0,0.0,0.0,0.0,0.0,0.0,0.0,0.0,0.0,11.871
505,16.9274,Evening 21:00,simulation,0.3,0,0.0,0.0,0.0,0.0,0.0,0.0,0.0,0.0,0.0,0.0,11.871
506,16.9609,Evening 21:00,simulation,0.3,0,0.0,0.0,0.0,0.0,0.0,0.0,0.0,0.0,0.0,0.0,11.873
507,16.9944,Evening 21:00,simulation,0.3,1,0.68792,-0.72104,5.47122,3.47122,0.68792,-1.72104,2.92938,0.0269,-0.11165,144.0,11.868
508,17.0279,Evening 21:00,simulation,0.3,0,0.0,0.0,0.0,0.0,0.0,0.0,0.0,0.0,0.0,0.0,11.872
509,17.0615,Evening 21:00,simulation,0.3,0,0.0,0.0,0.0,0.0,0.0,0.0,0.0,0.0,0.0,0.0,11.872
510,17.095,Evening 21:00,simulation,0.3,1,0.6714,-0.71369,5.47365,3.47365,0.6714,-1.71369,2.74167,0.0424,-0.12451,132.0,11.868
511,17.1285,Evening 21:00,simulation,0.3,1,0.6714,-0.71369,5.47365,3.47365,0.6714,-1.71369,2.74167,0.0424,-0.12451,132.0,11.869
512,17.162,Evening 21:00,simulation,0.3,0,0.0,0.0,0.0,0.0,0.0,0.0,0.0,0.0,0.0,0.0,11.869
513,17.1955,Evening 21:00,simulation,0.3,0,0.0,0.0,0.0,0.0,0.0,0.0,0.0,0.0,0.0,0.0,11.866
514,17.2291,Evening 21:00,simulation,0.3,0,0.0,0.0,0.0,0.0,0.0,0.0,0.0,0.0,0.0,0.0,11.866
515,17.2626,Evening 21:00,simulation,0.3,0,0.0,0.0,0.0,0.0,0.0,0.0,0.0,0.0,0.0,0.0,11.871
516,17.2961,Evening 21:00,simulation,0.3,0,0.0,0.0,0.0,0.0,0.0,0.0,0.0,0.0,0.0,0.0,11.871
517,17.3296,Evening 21:00,simulation,0.3,1,0.65441,-0.69762,5.4719,3.4719,0.65441,-1.69762,2.73901,0.04142,-0.12221,132.0,11.865
518,17.3631,Evening 21:00,simulation,0.3,0,0.0,0.0,0.0,0.0,0.0,0.0,0.0,0.0,0.0,0.0,11.866
519,17.3966,Evening 21:00,simulation,0.3,0,0.0,0.0,0.0,0.0,0.0,0.0,0.0,0.0,0.0,0.0,11.865
520,17.4302,Evening 21:00,simulation,0.3,0,0.0,0.0,0.0,0.0,0.0,0.0,0.0,0.0,0.0,0.0,11.865
521,17.4637,Evening 21:00,simulation,0.3,1,0.68428,-0.72937,5.79268,3.79268,0.68428,-1.72937,3.19923,-0.01872,0.20062,132.0,11.862
522,17.4972,Evening 21:00,simulation,0.3,0,0.0,0.0,0.0,0.0,0.0,0.0,0.0,0.0,0.0,0.0,11.864
523,17.5307,Evening 21:00,simulation,0.3,0,0.0,0.0,0.0,0.0,0.0,0.0,0.0,0.0,0.0,0.0,11.864
524,17.5642,Evening 21:00,simulation,0.3,0,0.0,0.0,0.0,0.0,0.0,0.0,0.0,0.0,0.0,0.0,11.864
525,17.5978,Evening 21:00,simulation,0.3,0,0.0,0.0,0.0,0.0,0.0,0.0,0.0,0.0,0.0,0.0,11.859
526,17.6313,Evening 21:00,simulation,0.3,0,0.0,0.0,0.0,0.0,0.0,0.0,0.0,0.0,0.0,0.0,11.859
527,17.6648,Evening 21:00,simulation,0.3,0,0.0,0.0,0.0,0.0,0.0,0.0,0.0,0.0,0.0,0.0,11.865
528,17.6983,Evening 21:00,simulation,0.3,1,0.75256,-0.80047,6.5409,4.5409,0.75256,-1.80047,-3.22592,-0.05302,0.16369,115.5,11.861
529,17.7318,Evening 21:00,simulation,0.3,1,0.68574,-0.72536,5.96283,3.96283,0.68574,-1.72536,2.92036,0.02509,-0.10669,121.0,11.857
530,17.7654,Evening 21:00,simulation,0.3,0,0.0,0.0,0.0,0.0,0.0,0.0,0.0,0.0,0.0,0.0,11.863
531,17.7989,Evening 21:00,simulation,0.3,0,0.0,0.0,0.0,0.0,0.0,0.0,0.0,0.0,0.0,0.0,11.862
532,17.8324,Evening 21:00,simulation,0.3,0,0.0,0.0,0.0,0.0,0.0,0.0,0.0,0.0,0.0,0.0,11.862
533,17.8659,Evening 21:00,simulation,0.3,0,0.0,0.0,0.0,0.0,0.0,0.0,0.0,0.0,0.0,0.0,11.859
534,17.8994,Evening 21:00,simulation,0.3,0,0.0,0.0,0.0,0.0,0.0,0.0,0.0,0.0,0.0,0.0,11.859
535,17.933,Evening 21:00,simulation,0.3,0,0.0,0.0,0.0,0.0,0.0,0.0,0.0,0.0,0.0,0.0,11.859
536,17.9665,Evening 21:00,simulation,0.3,0,0.0,0.0,0.0,0.0,0.0,0.0,0.0,0.0,0.0,0.0,11.86
537,18.0,Evening 21:00,simulation,0.3,0,0.0,0.0,0.0,0.0,0.0,0.0,0.0,0.0,0.0,0.0,11.857
538,18.0335,Evening 21:00,simulation,0.3,1,0.69792,-0.74982,6.31819,4.31819,0.69792,-1.74982,3.20056,-0.02162,0.25943,110.0,11.855
539,18.067,Evening 21:00,simulation,0.3,0,0.0,0.0,0.0,0.0,0.0,0.0,0.0,0.0,0.0,0.0,11.859
540,18.1006,Evening 21:00,simulation,0.3,0,0.0,0.0,0.0,0.0,0.0,0.0,0.0,0.0,0.0,0.0,11.858
541,18.1341,Evening 21:00,simulation,0.3,0,0.0,0.0,0.0,0.0,0.0,0.0,0.0,0.0,0.0,0.0,11.858
542,18.1676,Evening 21:00,simulation,0.3,0,0.0,0.0,0.0,0.0,0.0,0.0,0.0,0.0,0.0,0.0,11.857
543,18.2011,Evening 21:00,simulation,0.3,0,0.0,0.0,0.0,0.0,0.0,0.0,0.0,0.0,0.0,0.0,11.857
544,18.2346,Evening 21:00,simulation,0.3,0,0.0,0.0,0.0,0.0,0.0,0.0,0.0,0.0,0.0,0.0,11.855
545,18.2682,Evening 21:00,simulation,0.3,1,0.6784,-0.73137,6.3168,4.3168,0.6784,-1.73137,3.19974,-0.02127,0.26359,110.0,11.856
546,18.3017,Evening 21:00,simulation,0.3,0,0.0,0.0,0.0,0.0,0.0,0.0,0.0,0.0,0.0,0.0,11.857
547,18.3352,Evening 21:00,simulation,0.3,0,0.0,0.0,0.0,0.0,0.0,0.0,0.0,0.0,0.0,0.0,11.852
548,18.3687,Evening 21:00,simulation,0.3,0,0.0,0.0,0.0,0.0,0.0,0.0,0.0,0.0,0.0,0.0,11.855
549,18.4022,Evening 21:00,simulation,0.3,0,0.0,0.0,0.0,0.0,0.0,0.0,0.0,0.0,0.0,0.0,11.855
550,18.4358,Evening 21:00,simulation,0.3,0,0.0,0.0,0.0,0.0,0.0,0.0,0.0,0.0,0.0,0.0,11.854
551,18.4693,Evening 21:00,simulation,0.3,0,0.0,0.0,0.0,0.0,0.0,0.0,0.0,0.0,0.0,0.0,11.854
552,18.5028,Evening 21:00,simulation,0.3,0,0.0,0.0,0.0,0.0,0.0,0.0,0.0,0.0,0.0,0.0,11.854
553,18.5363,Evening 21:00,simulation,0.3,0,0.0,0.0,0.0,0.0,0.0,0.0,0.0,0.0,0.0,0.0,11.854
554,18.5698,Evening 21:00,simulation,0.3,0,0.0,0.0,0.0,0.0,0.0,0.0,0.0,0.0,0.0,0.0,11.852
555,18.6034,Evening 21:00,simulation,0.3,0,0.0,0.0,0.0,0.0,0.0,0.0,0.0,0.0,0.0,0.0,11.852
556,18.6369,Evening 21:00,simulation,0.3,1,0.6833,-0.73071,6.55302,4.55302,0.6833,-1.73071,2.91117,0.02317,-0.10091,100.0,11.852
557,18.6704,Evening 21:00,simulation,0.3,0,0.0,0.0,0.0,0.0,0.0,0.0,0.0,0.0,0.0,0.0,11.85
558,18.7039,Evening 21:00,simulation,0.3,0,0.0,0.0,0.0,0.0,0.0,0.0,0.0,0.0,0.0,0.0,11.852
559,18.7374,Evening 21:00,simulation,0.3,0,0.0,0.0,0.0,0.0,0.0,0.0,0.0,0.0,0.0,0.0,11.854
560,18.7709,Evening 21:00,simulation,0.3,0,0.0,0.0,0.0,0.0,0.0,0.0,0.0,0.0,0.0,0.0,11.853
561,18.8045,Evening 21:00,simulation,0.3,0,0.0,0.0,0.0,0.0,0.0,0.0,0.0,0.0,0.0,0.0,11.852
562,18.838,Evening 21:00,simulation,0.3,0,0.0,0.0,0.0,0.0,0.0,0.0,0.0,0.0,0.0,0.0,11.85
563,18.8715,Evening 21:00,simulation,0.3,0,0.0,0.0,0.0,0.0,0.0,0.0,0.0,0.0,0.0,0.0,11.849
564,18.905,Evening 21:00,simulation,0.3,0,0.0,0.0,0.0,0.0,0.0,0.0,0.0,0.0,0.0,0.0,11.849
565,18.9385,Evening 21:00,simulation,0.3,0,0.0,0.0,0.0,0.0,0.0,0.0,0.0,0.0,0.0,0.0,11.849
566,18.9721,Evening 21:00,simulation,0.3,0,0.0,0.0,0.0,0.0,0.0,0.0,0.0,0.0,0.0,0.0,11.85
567,19.0056,Evening 21:00,simulation,0.3,0,0.0,0.0,0.0,0.0,0.0,0.0,0.0,0.0,0.0,0.0,11.85
568,19.0391,Evening 21:00,simulation,0.3,0,0.0,0.0,0.0,0.0,0.0,0.0,0.0,0.0,0.0,0.0,11.853
569,19.0726,Evening 21:00,simulation,0.3,0,0.0,0.0,0.0,0.0,0.0,0.0,0.0,0.0,0.0,0.0,11.851
570,19.1061,Evening 21:00,simulation,0.3,0,0.0,0.0,0.0,0.0,0.0,0.0,0.0,0.0,0.0,0.0,11.851
571,19.1397,Evening 21:00,simulation,0.3,0,0.0,0.0,0.0,0.0,0.0,0.0,0.0,0.0,0.0,0.0,11.85
572,19.1732,Evening 21:00,simulation,0.3,0,0.0,0.0,0.0,0.0,0.0,0.0,0.0,0.0,0.0,0.0,11.85
573,19.2067,Evening 21:00,simulation,0.3,0,0.0,0.0,0.0,0.0,0.0,0.0,0.0,0.0,0.0,0.0,11.852
574,19.2402,Evening 21:00,simulation,0.3,0,0.0,0.0,0.0,0.0,0.0,0.0,0.0,0.0,0.0,0.0,11.853
575,19.2737,Evening 21:00,simulation,0.3,0,0.0,0.0,0.0,0.0,0.0,0.0,0.0,0.0,0.0,0.0,11.853
576,19.3073,Evening 21:00,simulation,0.3,0,0.0,0.0,0.0,0.0,0.0,0.0,0.0,0.0,0.0,0.0,11.857
577,19.3408,Evening 21:00,simulation,0.3,0,0.0,0.0,0.0,0.0,0.0,0.0,0.0,0.0,0.0,0.0,11.856
578,19.3743,Evening 21:00,simulation,0.3,0,0.0,0.0,0.0,0.0,0.0,0.0,0.0,0.0,0.0,0.0,11.856
579,19.4078,Evening 21:00,simulation,0.3,0,0.0,0.0,0.0,0.0,0.0,0.0,0.0,0.0,0.0,0.0,11.856
580,19.4413,Evening 21:00,simulation,0.3,0,0.0,0.0,0.0,0.0,0.0,0.0,0.0,0.0,0.0,0.0,11.853
581,19.4749,Evening 21:00,simulation,0.3,0,0.0,0.0,0.0,0.0,0.0,0.0,0.0,0.0,0.0,0.0,11.852
582,19.5084,Evening 21:00,simulation,0.3,0,0.0,0.0,0.0,0.0,0.0,0.0,0.0,0.0,0.0,0.0,11.849
583,19.5419,Evening 21:00,simulation,0.3,0,0.0,0.0,0.0,0.0,0.0,0.0,0.0,0.0,0.0,0.0,11.85
584,19.5754,Evening 21:00,simulation,0.3,0,0.0,0.0,0.0,0.0,0.0,0.0,0.0,0.0,0.0,0.0,11.851
585,19.6089,Evening 21:00,simulation,0.3,0,0.0,0.0,0.0,0.0,0.0,0.0,0.0,0.0,0.0,0.0,11.855
586,19.6425,Evening 21:00,simulation,0.3,0,0.0,0.0,0.0,0.0,0.0,0.0,0.0,0.0,0.0,0.0,11.855
587,19.676,Evening 21:00,simulation,0.3,0,0.0,0.0,0.0,0.0,0.0,0.0,0.0,0.0,0.0,0.0,11.858
588,19.7095,Evening 21:00,simulation,0.3,0,0.0,0.0,0.0,0.0,0.0,0.0,0.0,0.0,0.0,0.0,11.856
589,19.743,Evening 21:00,simulation,0.3,0,0.0,0.0,0.0,0.0,0.0,0.0,0.0,0.0,0.0,0.0,11.856
590,19.7765,Evening 21:00,simulation,0.3,0,0.0,0.0,0.0,0.0,0.0,0.0,0.0,0.0,0.0,0.0,11.856
591,19.8101,Evening 21:00,simulation,0.3,0,0.0,0.0,0.0,0.0,0.0,0.0,0.0,0.0,0.0,0.0,11.851
592,19.8436,Evening 21:00,simulation,0.3,0,0.0,0.0,0.0,0.0,0.0,0.0,0.0,0.0,0.0,0.0,11.852
593,19.8771,Evening 21:00,simulation,0.3,0,0.0,0.0,0.0,0.0,0.0,0.0,0.0,0.0,0.0,0.0,11.85
594,19.9106,Evening 21:00,simulation,0.3,0,0.0,0.0,0.0,0.0,0.0,0.0,0.0,0.0,0.0,0.0,11.851
595,19.9441,Evening 21:00,simulation,0.3,0,0.0,0.0,0.0,0.0,0.0,0.0,0.0,0.0,0.0,0.0,11.851
596,19.9777,Evening 21:00,simulation,0.3,0,0.0,0.0,0.0,0.0,0.0,0.0,0.0,0.0,0.0,0.0,11.851
597,20.0112,Evening 21:00,simulation,0.3,0,0.0,0.0,0.0,0.0,0.0,0.0,0.0,0.0,0.0,0.0,11.855
598,20.0447,Evening 21:00,simulation,0.3,0,0.0,0.0,0.0,0.0,0.0,0.0,0.0,0.0,0.0,0.0,11.856
599,20.0782,Evening 21:00,simulation,0.3,0,0.0,0.0,0.0,0.0,0.0,0.0,0.0,0.0,0.0,0.0,11.859
600,20.1117,Evening 21:00,simulation,0.3,0,0.0,0.0,0.0,0.0,0.0,0.0,0.0,0.0,0.0,0.0,11.857
601,20.1453,Evening 21:00,simulation,0.3,0,0.0,0.0,0.0,0.0,0.0,0.0,0.0,0.0,0.0,0.0,11.856
602,20.1788,Evening 21:00,simulation,0.3,0,0.0,0.0,0.0,0.0,0.0,0.0,0.0,0.0,0.0,0.0,11.856
603,20.2123,Evening 21:00,simulation,0.3,0,0.0,0.0,0.0,0.0,0.0,0.0,0.0,0.0,0.0,0.0,11.853
604,20.2458,Evening 21:00,simulation,0.3,0,0.0,0.0,0.0,0.0,0.0,0.0,0.0,0.0,0.0,0.0,11.85
605,20.2793,Evening 21:00,simulation,0.3,0,0.0,0.0,0.0,0.0,0.0,0.0,0.0,0.0,0.0,0.0,11.85
606,20.3128,Evening 21:00,simulation,0.3,0,0.0,0.0,0.0,0.0,0.0,0.0,0.0,0.0,0.0,0.0,11.851
607,20.3464,Evening 21:00,simulation,0.3,0,0.0,0.0,0.0,0.0,0.0,0.0,0.0,0.0,0.0,0.0,11.851
608,20.3799,Evening 21:00,simulation,0.3,0,0.0,0.0,0.0,0.0,0.0,0.0,0.0,0.0,0.0,0.0,11.854
609,20.4134,Evening 21:00,simulation,0.3,0,0.0,0.0,0.0,0.0,0.0,0.0,0.0,0.0,0.0,0.0,11.856
610,20.4469,Evening 21:00,simulation,0.3,0,0.0,0.0,0.0,0.0,0.0,0.0,0.0,0.0,0.0,0.0,11.856
611,20.4804,Evening 21:00,simulation,0.3,0,0.0,0.0,0.0,0.0,0.0,0.0,0.0,0.0,0.0,0.0,11.858
612,20.514,Evening 21:00,simulation,0.3,0,0.0,0.0,0.0,0.0,0.0,0.0,0.0,0.0,0.0,0.0,11.855
613,20.5475,Evening 21:00,simulation,0.3,0,0.0,0.0,0.0,0.0,0.0,0.0,0.0,0.0,0.0,0.0,11.855
614,20.581,Evening 21:00,simulation,0.3,0,0.0,0.0,0.0,0.0,0.0,0.0,0.0,0.0,0.0,0.0,11.855
615,20.6145,Evening 21:00,simulation,0.3,0,0.0,0.0,0.0,0.0,0.0,0.0,0.0,0.0,0.0,0.0,11.851
616,20.648,Evening 21:00,simulation,0.3,0,0.0,0.0,0.0,0.0,0.0,0.0,0.0,0.0,0.0,0.0,11.851
617,20.6816,Evening 21:00,simulation,0.3,0,0.0,0.0,0.0,0.0,0.0,0.0,0.0,0.0,0.0,0.0,11.851
618,20.7151,Evening 21:00,simulation,0.3,0,0.0,0.0,0.0,0.0,0.0,0.0,0.0,0.0,0.0,0.0,11.852
619,20.7486,Evening 21:00,simulation,0.3,0,0.0,0.0,0.0,0.0,0.0,0.0,0.0,0.0,0.0,0.0,11.853
620,20.7821,Evening 21:00,simulation,0.3,0,0.0,0.0,0.0,0.0,0.0,0.0,0.0,0.0,0.0,0.0,11.853
621,20.8156,Evening 21:00,simulation,0.3,0,0.0,0.0,0.0,0.0,0.0,0.0,0.0,0.0,0.0,0.0,11.856
622,20.8492,Evening 21:00,simulation,0.3,0,0.0,0.0,0.0,0.0,0.0,0.0,0.0,0.0,0.0,0.0,11.856
623,20.8827,Evening 21:00,simulation,0.3,0,0.0,0.0,0.0,0.0,0.0,0.0,0.0,0.0,0.0,0.0,11.857
624,20.9162,Evening 21:00,simulation,0.3,0,0.0,0.0,0.0,0.0,0.0,0.0,0.0,0.0,0.0,0.0,11.854
625,20.9497,Evening 21:00,simulation,0.3,0,0.0,0.0,0.0,0.0,0.0,0.0,0.0,0.0,0.0,0.0,11.854
626,20.9832,Evening 21:00,simulation,0.3,0,0.0,0.0,0.0,0.0,0.0,0.0,0.0,0.0,0.0,0.0,11.849
627,21.0168,Evening 21:00,simulation,0.3,0,0.0,0.0,0.0,0.0,0.0,0.0,0.0,0.0,0.0,0.0,11.849
628,21.0503,Evening 21:00,simulation,0.3,0,0.0,0.0,0.0,0.0,0.0,0.0,0.0,0.0,0.0,0.0,11.849
629,21.0838,Evening 21:00,simulation,0.3,0,0.0,0.0,0.0,0.0,0.0,0.0,0.0,0.0,0.0,0.0,11.849
630,21.1173,Evening 21:00,simulation,0.3,0,0.0,0.0,0.0,0.0,0.0,0.0,0.0,0.0,0.0,0.0,11.851
631,21.1508,Evening 21:00,simulation,0.3,0,0.0,0.0,0.0,0.0,0.0,0.0,0.0,0.0,0.0,0.0,11.85
632,21.1844,Evening 21:00,simulation,0.3,0,0.0,0.0,0.0,0.0,0.0,0.0,0.0,0.0,0.0,0.0,11.855
633,21.2179,Evening 21:00,simulation,0.3,0,0.0,0.0,0.0,0.0,0.0,0.0,0.0,0.0,0.0,0.0,11.855
634,21.2514,Evening 21:00,simulation,0.3,0,0.0,0.0,0.0,0.0,0.0,0.0,0.0,0.0,0.0,0.0,11.855
635,21.2849,Evening 21:00,simulation,0.3,0,0.0,0.0,0.0,0.0,0.0,0.0,0.0,0.0,0.0,0.0,11.855
636,21.3184,Evening 21:00,simulation,0.3,0,0.0,0.0,0.0,0.0,0.0,0.0,0.0,0.0,0.0,0.0,11.846
637,21.352,Evening 21:00,simulation,0.3,0,0.0,0.0,0.0,0.0,0.0,0.0,0.0,0.0,0.0,0.0,11.843
638,21.3855,Evening 21:00,simulation,0.3,0,0.0,0.0,0.0,0.0,0.0,0.0,0.0,0.0,0.0,0.0,11.843
639,21.419,Evening 21:00,simulation,0.3,0,0.0,0.0,0.0,0.0,0.0,0.0,0.0,0.0,0.0,0.0,11.847
640,21.4525,Evening 21:00,simulation,0.3,0,0.0,0.0,0.0,0.0,0.0,0.0,0.0,0.0,0.0,0.0,11.847
641,21.486,Evening 21:00,simulation,0.3,0,0.0,0.0,0.0,0.0,0.0,0.0,0.0,0.0,0.0,0.0,11.848
642,21.5196,Evening 21:00,simulation,0.3,0,0.0,0.0,0.0,0.0,0.0,0.0,0.0,0.0,0.0,0.0,11.848
643,21.5531,Evening 21:00,simulation,0.3,0,0.0,0.0,0.0,0.0,0.0,0.0,0.0,0.0,0.0,0.0,11.85
644,21.5866,Evening 21:00,simulation,0.3,0,0.0,0.0,0.0,0.0,0.0,0.0,0.0,0.0,0.0,0.0,11.85
645,21.6201,Evening 21:00,simulation,0.3,0,0.0,0.0,0.0,0.0,0.0,0.0,0.0,0.0,0.0,0.0,11.85
646,21.6536,Evening 21:00,simulation,0.3,0,0.0,0.0,0.0,0.0,0.0,0.0,0.0,0.0,0.0,0.0,11.846
647,21.6872,Evening 21:00,simulation,0.3,0,0.0,0.0,0.0,0.0,0.0,0.0,0.0,0.0,0.0,0.0,11.845
648,21.7207,Evening 21:00,simulation,0.3,0,0.0,0.0,0.0,0.0,0.0,0.0,0.0,0.0,0.0,0.0,11.843
649,21.7542,Evening 21:00,simulation,0.3,0,0.0,0.0,0.0,0.0,0.0,0.0,0.0,0.0,0.0,0.0,11.841
650,21.7877,Evening 21:00,simulation,0.3,0,0.0,0.0,0.0,0.0,0.0,0.0,0.0,0.0,0.0,0.0,11.842
651,21.8212,Evening 21:00,simulation,0.3,0,0.0,0.0,0.0,0.0,0.0,0.0,0.0,0.0,0.0,0.0,11.844
652,21.8547,Evening 21:00,simulation,0.3,0,0.0,0.0,0.0,0.0,0.0,0.0,0.0,0.0,0.0,0.0,11.847
653,21.8883,Evening 21:00,simulation,0.3,0,0.0,0.0,0.0,0.0,0.0,0.0,0.0,0.0,0.0,0.0,11.847
654,21.9218,Evening 21:00,simulation,0.3,0,0.0,0.0,0.0,0.0,0.0,0.0,0.0,0.0,0.0,0.0,11.849
655,21.9553,Evening 21:00,simulation,0.3,0,0.0,0.0,0.0,0.0,0.0,0.0,0.0,0.0,0.0,0.0,11.848
656,21.9888,Evening 21:00,simulation,0.3,0,0.0,0.0,0.0,0.0,0.0,0.0,0.0,0.0,0.0,0.0,11.846
657,22.0223,Evening 21:00,simulation,0.3,0,0.0,0.0,0.0,0.0,0.0,0.0,0.0,0.0,0.0,0.0,11.846
658,22.0559,Evening 21:00,simulation,0.3,0,0.0,0.0,0.0,0.0,0.0,0.0,0.0,0.0,0.0,0.0,11.843
659,22.0894,Evening 21:00,simulation,0.3,0,0.0,0.0,0.0,0.0,0.0,0.0,0.0,0.0,0.0,0.0,11.841
660,22.1229,Evening 21:00,simulation,0.3,0,0.0,0.0,0.0,0.0,0.0,0.0,0.0,0.0,0.0,0.0,11.84
661,22.1564,Evening 21:00,simulation,0.3,0,0.0,0.0,0.0,0.0,0.0,0.0,0.0,0.0,0.0,0.0,11.841
662,22.1899,Evening 21:00,simulation,0.3,0,0.0,0.0,0.0,0.0,0.0,0.0,0.0,0.0,0.0,0.0,11.841
663,22.2235,Evening 21:00,simulation,0.3,0,0.0,0.0,0.0,0.0,0.0,0.0,0.0,0.0,0.0,0.0,11.842
664,22.257,Evening 21:00,simulation,0.3,0,0.0,0.0,0.0,0.0,0.0,0.0,0.0,0.0,0.0,0.0,11.845
665,22.2905,Evening 21:00,simulation,0.3,0,0.0,0.0,0.0,0.0,0.0,0.0,0.0,0.0,0.0,0.0,11.846
666,22.324,Evening 21:00,simulation,0.3,0,0.0,0.0,0.0,0.0,0.0,0.0,0.0,0.0,0.0,0.0,11.846
667,22.3575,Evening 21:00,simulation,0.3,0,0.0,0.0,0.0,0.0,0.0,0.0,0.0,0.0,0.0,0.0,11.846
668,22.3911,Evening 21:00,simulation,0.3,0,0.0,0.0,0.0,0.0,0.0,0.0,0.0,0.0,0.0,0.0,11.845
669,22.4246,Evening 21:00,simulation,0.3,0,0.0,0.0,0.0,0.0,0.0,0.0,0.0,0.0,0.0,0.0,11.845
670,22.4581,Evening 21:00,simulation,0.3,0,0.0,0.0,0.0,0.0,0.0,0.0,0.0,0.0,0.0,0.0,11.84
671,22.4916,Evening 21:00,simulation,0.3,0,0.0,0.0,0.0,0.0,0.0,0.0,0.0,0.0,0.0,0.0,11.839
672,22.5251,Evening 21:00,simulation,0.3,0,0.0,0.0,0.0,0.0,0.0,0.0,0.0,0.0,0.0,0.0,11.84
673,22.5587,Evening 21:00,simulation,0.3,0,0.0,0.0,0.0,0.0,0.0,0.0,0.0,0.0,0.0,0.0,11.84
674,22.5922,Evening 21:00,simulation,0.3,0,0.0,0.0,0.0,0.0,0.0,0.0,0.0,0.0,0.0,0.0,11.84
675,22.6257,Evening 21:00,simulation,0.3,0,0.0,0.0,0.0,0.0,0.0,0.0,0.0,0.0,0.0,0.0,11.84
676,22.6592,Evening 21:00,simulation,0.3,0,0.0,0.0,0.0,0.0,0.0,0.0,0.0,0.0,0.0,0.0,11.844
677,22.6927,Evening 21:00,simulation,0.3,0,0.0,0.0,0.0,0.0,0.0,0.0,0.0,0.0,0.0,0.0,11.846
678,22.7263,Evening 21:00,simulation,0.3,0,0.0,0.0,0.0,0.0,0.0,0.0,0.0,0.0,0.0,0.0,11.844
679,22.7598,Evening 21:00,simulation,0.3,0,0.0,0.0,0.0,0.0,0.0,0.0,0.0,0.0,0.0,0.0,11.844
680,22.7933,Evening 21:00,simulation,0.3,0,0.0,0.0,0.0,0.0,0.0,0.0,0.0,0.0,0.0,0.0,11.843
681,22.8268,Evening 21:00,simulation,0.3,0,0.0,0.0,0.0,0.0,0.0,0.0,0.0,0.0,0.0,0.0,11.839
682,22.8603,Evening 21:00,simulation,0.3,0,0.0,0.0,0.0,0.0,0.0,0.0,0.0,0.0,0.0,0.0,11.839
683,22.8939,Evening 21:00,simulation,0.3,0,0.0,0.0,0.0,0.0,0.0,0.0,0.0,0.0,0.0,0.0,11.837
684,22.9274,Evening 21:00,simulation,0.3,0,0.0,0.0,0.0,0.0,0.0,0.0,0.0,0.0,0.0,0.0,11.837
685,22.9609,Evening 21:00,simulation,0.3,0,0.0,0.0,0.0,0.0,0.0,0.0,0.0,0.0,0.0,0.0,11.838
686,22.9944,Evening 21:00,simulation,0.3,0,0.0,0.0,0.0,0.0,0.0,0.0,0.0,0.0,0.0,0.0,11.838
687,23.0279,Evening 21:00,simulation,0.3,0,0.0,0.0,0.0,0.0,0.0,0.0,0.0,0.0,0.0,0.0,11.842
688,23.0615,Evening 21:00,simulation,0.3,0,0.0,0.0,0.0,0.0,0.0,0.0,0.0,0.0,0.0,0.0,11.843
689,23.095,Evening 21:00,simulation,0.3,0,0.0,0.0,0.0,0.0,0.0,0.0,0.0,0.0,0.0,0.0,11.843
690,23.1285,Evening 21:00,simulation,0.3,0,0.0,0.0,0.0,0.0,0.0,0.0,0.0,0.0,0.0,0.0,11.843
691,23.162,Evening 21:00,simulation,0.3,0,0.0,0.0,0.0,0.0,0.0,0.0,0.0,0.0,0.0,0.0,11.841
692,23.1955,Evening 21:00,simulation,0.3,0,0.0,0.0,0.0,0.0,0.0,0.0,0.0,0.0,0.0,0.0,11.838
693,23.2291,Evening 21:00,simulation,0.3,0,0.0,0.0,0.0,0.0,0.0,0.0,0.0,0.0,0.0,0.0,11.838
694,23.2626,Evening 21:00,simulation,0.3,0,0.0,0.0,0.0,0.0,0.0,0.0,0.0,0.0,0.0,0.0,11.835
695,23.2961,Evening 21:00,simulation,0.3,0,0.0,0.0,0.0,0.0,0.0,0.0,0.0,0.0,0.0,0.0,11.835
696,23.3296,Evening 21:00,simulation,0.3,0,0.0,0.0,0.0,0.0,0.0,0.0,0.0,0.0,0.0,0.0,11.836
697,23.3631,Evening 21:00,simulation,0.3,0,0.0,0.0,0.0,0.0,0.0,0.0,0.0,0.0,0.0,0.0,11.837
698,23.3966,Evening 21:00,simulation,0.3,0,0.0,0.0,0.0,0.0,0.0,0.0,0.0,0.0,0.0,0.0,11.837
699,23.4302,Evening 21:00,simulation,0.3,0,0.0,0.0,0.0,0.0,0.0,0.0,0.0,0.0,0.0,0.0,11.838
700,23.4637,Evening 21:00,simulation,0.3,0,0.0,0.0,0.0,0.0,0.0,0.0,0.0,0.0,0.0,0.0,11.841
701,23.4972,Evening 21:00,simulation,0.3,0,0.0,0.0,0.0,0.0,0.0,0.0,0.0,0.0,0.0,0.0,11.84
702,23.5307,Evening 21:00,simulation,0.3,0,0.0,0.0,0.0,0.0,0.0,0.0,0.0,0.0,0.0,0.0,11.836
703,23.5642,Evening 21:00,simulation,0.3,0,0.0,0.0,0.0,0.0,0.0,0.0,0.0,0.0,0.0,0.0,11.836
704,23.5978,Evening 21:00,simulation,0.3,0,0.0,0.0,0.0,0.0,0.0,0.0,0.0,0.0,0.0,0.0,11.837
705,23.6313,Evening 21:00,simulation,0.3,0,0.0,0.0,0.0,0.0,0.0,0.0,0.0,0.0,0.0,0.0,11.835
706,23.6648,Evening 21:00,simulation,0.3,0,0.0,0.0,0.0,0.0,0.0,0.0,0.0,0.0,0.0,0.0,11.835
707,23.6983,Evening 21:00,simulation,0.3,0,0.0,0.0,0.0,0.0,0.0,0.0,0.0,0.0,0.0,0.0,11.834
708,23.7318,Evening 21:00,simulation,0.3,1,1.95952,-1.85934,6.65502,4.65502,1.95952,-2.85934,3.02912,0.04175,-0.12294,100.0,11.831
709,23.7654,Evening 21:00,simulation,0.3,1,1.95952,-1.85934,6.65502,4.65502,1.95952,-2.85934,3.02912,0.04175,-0.12294,100.0,11.831
710,23.7989,Evening 21:00,simulation,0.3,1,1.95986,-1.84039,6.65616,4.65616,1.95986,-2.84039,3.02868,0.04182,-0.12416,100.0,11.832
711,23.8324,Evening 21:00,simulation,0.3,0,0.0,0.0,0.0,0.0,0.0,0.0,0.0,0.0,0.0,0.0,11.834
712,23.8659,Evening 21:00,simulation,0.3,0,0.0,0.0,0.0,0.0,0.0,0.0,0.0,0.0,0.0,0.0,11.834
713,23.8994,Evening 21:00,simulation,0.3,0,0.0,0.0,0.0,0.0,0.0,0.0,0.0,0.0,0.0,0.0,11.834
714,23.933,Evening 21:00,simulation,0.3,0,0.0,0.0,0.0,0.0,0.0,0.0,0.0,0.0,0.0,0.0,11.837
715,23.9665,Evening 21:00,simulation,0.3,0,0.0,0.0,0.0,0.0,0.0,0.0,0.0,0.0,0.0,0.0,11.838
716,24.0,Evening 21:00,simulation,0.3,0,0.0,0.0,0.0,0.0,0.0,0.0,0.0,0.0,0.0,0.0,11.839
717,24.0335,Evening 21:00,simulation,0.3,0,0.0,0.0,0.0,0.0,0.0,0.0,0.0,0.0,0.0,0.0,11.837
718,24.067,Evening 21:00,simulation,0.3,0,0.0,0.0,0.0,0.0,0.0,0.0,0.0,0.0,0.0,0.0,11.836
719,24.1006,Evening 21:00,simulation,0.3,1,1.96338,-1.65068,6.66816,4.66816,1.96338,-2.65068,3.0241,0.04247,-0.13737,100.0,11.833
720,24.1341,Evening 21:00,simulation,0.3,1,1.96338,-1.65068,6.66816,4.66816,1.96338,-2.65068,3.0241,0.04247,-0.13737,100.0,11.833
721,24.1676,Evening 21:00,simulation,0.3,1,1.96375,-1.63168,6.66943,4.66943,1.96375,-2.63168,3.02363,0.04253,-0.1388,100.0,11.833
722,24.2011,Evening 21:00,simulation,0.3,1,1.96412,-1.61268,6.67071,4.67071,1.96412,-2.61268,3.02316,0.04258,-0.14025,100.0,11.833
723,24.2346,Evening 21:00,simulation,0.3,0,0.0,0.0,0.0,0.0,0.0,0.0,0.0,0.0,0.0,0.0,11.836
724,24.2682,Evening 21:00,simulation,0.3,0,0.0,0.0,0.0,0.0,0.0,0.0,0.0,0.0,0.0,0.0,11.837
725,24.3017,Evening 21:00,simulation,0.3,0,0.0,0.0,0.0,0.0,0.0,0.0,0.0,0.0,0.0,0.0,11.838
726,24.3352,Evening 21:00,simulation,0.3,0,0.0,0.0,0.0,0.0,0.0,0.0,0.0,0.0,0.0,0.0,11.839
727,24.3687,Evening 21:00,simulation,0.3,0,0.0,0.0,0.0,0.0,0.0,0.0,0.0,0.0,0.0,0.0,11.84
728,24.4022,Evening 21:00,simulation,0.3,0,0.0,0.0,0.0,0.0,0.0,0.0,0.0,0.0,0.0,0.0,11.837
729,24.4358,Evening 21:00,simulation,0.3,0,0.0,0.0,0.0,0.0,0.0,0.0,0.0,0.0,0.0,0.0,11.837
730,24.4693,Evening 21:00,simulation,0.3,1,1.96766,-1.44148,6.68276,4.68276,1.96766,-2.44148,3.01876,0.04301,-0.15425,100.0,11.835
731,24.5028,Evening 21:00,simulation,0.3,1,1.96766,-1.44148,6.68276,4.68276,1.96766,-2.44148,3.01876,0.04301,-0.15425,100.0,11.835
732,24.5363,Evening 21:00,simulation,0.3,1,1.96807,-1.42244,6.68417,4.68417,1.96807,-2.42244,3.01825,0.04305,-0.15593,100.0,11.833
733,24.5698,Evening 21:00,simulation,0.3,1,1.96849,-1.40338,6.68558,4.68558,1.96849,-2.40338,3.01774,0.04308,-0.15763,100.0,11.833
734,24.6034,Evening 21:00,simulation,0.3,0,0.0,0.0,0.0,0.0,0.0,0.0,0.0,0.0,0.0,0.0,11.836
735,24.6369,Evening 21:00,simulation,0.3,0,0.0,0.0,0.0,0.0,0.0,0.0,0.0,0.0,0.0,0.0,11.837
736,24.6704,Evening 21:00,simulation,0.3,0,0.0,0.0,0.0,0.0,0.0,0.0,0.0,0.0,0.0,0.0,11.837
737,24.7039,Evening 21:00,simulation,0.3,0,0.0,0.0,0.0,0.0,0.0,0.0,0.0,0.0,0.0,0.0,11.839
738,24.7374,Evening 21:00,simulation,0.3,0,0.0,0.0,0.0,0.0,0.0,0.0,0.0,0.0,0.0,0.0,11.84
739,24.7709,Evening 21:00,simulation,0.3,0,0.0,0.0,0.0,0.0,0.0,0.0,0.0,0.0,0.0,0.0,11.841
740,24.8045,Evening 21:00,simulation,0.3,0,0.0,0.0,0.0,0.0,0.0,0.0,0.0,0.0,0.0,0.0,11.84
741,24.838,Evening 21:00,simulation,0.3,0,0.0,0.0,0.0,0.0,0.0,0.0,0.0,0.0,0.0,0.0,11.84
742,24.8715,Evening 21:00,simulation,0.3,0,0.0,0.0,0.0,0.0,0.0,0.0,0.0,0.0,0.0,0.0,11.838
743,24.905,Evening 21:00,simulation,0.3,1,1.9724,-1.23165,6.69893,4.69893,1.9724,-2.23165,3.01302,0.0433,-0.17418,100.0,11.836
744,24.9385,Evening 21:00,simulation,0.3,1,1.97285,-1.21254,6.70048,4.70048,1.97285,-2.21254,3.01248,0.04331,-0.17616,100.0,11.835
745,24.9721,Evening 21:00,simulation,0.3,1,1.97331,-1.19342,6.70204,4.70204,1.97331,-2.19342,3.01193,0.04332,-0.17819,100.0,11.835
746,25.0056,Evening 21:00,simulation,0.3,0,0.0,0.0,0.0,0.0,0.0,0.0,0.0,0.0,0.0,0.0,11.836
747,25.0391,Evening 21:00,simulation,0.3,0,0.0,0.0,0.0,0.0,0.0,0.0,0.0,0.0,0.0,0.0,11.838
748,25.0726,Evening 21:00,simulation,0.3,0,0.0,0.0,0.0,0.0,0.0,0.0,0.0,0.0,0.0,0.0,11.838
749,25.1061,Evening 21:00,simulation,0.3,0,0.0,0.0,0.0,0.0,0.0,0.0,0.0,0.0,0.0,0.0,11.842
750,25.1397,Evening 21:00,simulation,0.3,0,0.0,0.0,0.0,0.0,0.0,0.0,0.0,0.0,0.0,0.0,11.841
751,25.1732,Evening 21:00,simulation,0.3,0,0.0,0.0,0.0,0.0,0.0,0.0,0.0,0.0,0.0,0.0,11.841
752,25.2067,Evening 21:00,simulation,0.3,0,0.0,0.0,0.0,0.0,0.0,0.0,0.0,0.0,0.0,0.0,11.84
753,25.2402,Evening 21:00,simulation,0.3,0,0.0,0.0,0.0,0.0,0.0,0.0,0.0,0.0,0.0,0.0,11.837
754,25.2737,Evening 21:00,simulation,0.3,0,0.0,0.0,0.0,0.0,0.0,0.0,0.0,0.0,0.0,0.0,11.837
755,25.3073,Evening 21:00,simulation,0.3,1,1.9781,-1.00184,6.71839,4.71839,1.9781,-2.00184,3.00619,0.04324,-0.20037,100.0,11.835
756,25.3408,Evening 21:00,simulation,0.3,1,1.9786,-0.98264,6.7201,4.7201,1.9786,-1.98264,3.00558,0.04322,-0.20281,100.0,11.836
757,25.3743,Evening 21:00,simulation,0.3,0,0.0,0.0,0.0,0.0,0.0,0.0,0.0,0.0,0.0,0.0,11.835
758,25.4078,Evening 21:00,simulation,0.3,0,0.0,0.0,0.0,0.0,0.0,0.0,0.0,0.0,0.0,0.0,11.839
759,25.4413,Evening 21:00,simulation,0.3,0,0.0,0.0,0.0,0.0,0.0,0.0,0.0,0.0,0.0,0.0,11.839
760,25.4749,Evening 21:00,simulation,0.3,0,0.0,0.0,0.0,0.0,0.0,0.0,0.0,0.0,0.0,0.0,11.843
761,25.5084,Evening 21:00,simulation,0.3,0,0.0,0.0,0.0,0.0,0.0,0.0,0.0,0.0,0.0,0.0,11.841
762,25.5419,Evening 21:00,simulation,0.3,0,0.0,0.0,0.0,0.0,0.0,0.0,0.0,0.0,0.0,0.0,11.841
763,25.5754,Evening 21:00,simulation,0.3,0,0.0,0.0,0.0,0.0,0.0,0.0,0.0,0.0,0.0,0.0,11.841
764,25.6089,Evening 21:00,simulation,0.3,0,0.0,0.0,0.0,0.0,0.0,0.0,0.0,0.0,0.0,0.0,11.837
765,25.6425,Evening 21:00,simulation,0.3,0,0.0,0.0,0.0,0.0,0.0,0.0,0.0,0.0,0.0,0.0,11.837
766,25.676,Evening 21:00,simulation,0.3,1,1.98379,-0.79018,6.73782,4.73782,1.98379,-1.79018,2.99909,0.04274,-0.2298,100.0,11.835
767,25.7095,Evening 21:00,simulation,0.3,1,1.98379,-0.79018,6.73782,4.73782,1.98379,-1.79018,2.99909,0.04274,-0.2298,100.0,11.835
768,25.743,Evening 21:00,simulation,0.3,0,0.0,0.0,0.0,0.0,0.0,0.0,0.0,0.0,0.0,0.0,11.837
769,25.7765,Evening 21:00,simulation,0.3,0,0.0,0.0,0.0,0.0,0.0,0.0,0.0,0.0,0.0,0.0,11.837
770,25.8101,Evening 21:00,simulation,0.3,0,0.0,0.0,0.0,0.0,0.0,0.0,0.0,0.0,0.0,0.0,11.837
771,25.8436,Evening 21:00,simulation,0.3,0,0.0,0.0,0.0,0.0,0.0,0.0,0.0,0.0,0.0,0.0,11.837
772,25.8771,Evening 21:00,simulation,0.3,0,0.0,0.0,0.0,0.0,0.0,0.0,0.0,0.0,0.0,0.0,11.837
773,25.9106,Evening 21:00,simulation,0.3,0,0.0,0.0,0.0,0.0,0.0,0.0,0.0,0.0,0.0,0.0,11.837
774,25.9441,Evening 21:00,simulation,0.3,0,0.0,0.0,0.0,0.0,0.0,0.0,0.0,0.0,0.0,0.0,11.837
775,25.9777,Evening 21:00,simulation,0.3,0,0.0,0.0,0.0,0.0,0.0,0.0,0.0,0.0,0.0,0.0,11.837
776,26.0112,Evening 21:00,simulation,0.3,0,0.0,0.0,0.0,0.0,0.0,0.0,0.0,0.0,0.0,0.0,11.837
777,26.0447,Evening 21:00,simulation,0.3,0,0.0,0.0,0.0,0.0,0.0,0.0,0.0,0.0,0.0,0.0,11.837
778,26.0782,Evening 21:00,simulation,0.3,0,0.0,0.0,0.0,0.0,0.0,0.0,0.0,0.0,0.0,0.0,11.837
779,26.1117,Evening 21:00,simulation,0.3,0,0.0,0.0,0.0,0.0,0.0,0.0,0.0,0.0,0.0,0.0,11.837
780,26.1453,Evening 21:00,simulation,0.3,0,0.0,0.0,0.0,0.0,0.0,0.0,0.0,0.0,0.0,0.0,11.837
781,26.1788,Evening 21:00,simulation,0.3,0,0.0,0.0,0.0,0.0,0.0,0.0,0.0,0.0,0.0,0.0,11.837
782,26.2123,Evening 21:00,simulation,0.3,0,0.0,0.0,0.0,0.0,0.0,0.0,0.0,0.0,0.0,0.0,11.837
783,26.2458,Evening 21:00,simulation,0.3,0,0.0,0.0,0.0,0.0,0.0,0.0,0.0,0.0,0.0,0.0,11.837
784,26.2793,Evening 21:00,simulation,0.3,0,0.0,0.0,0.0,0.0,0.0,0.0,0.0,0.0,0.0,0.0,11.837
785,26.3128,Evening 21:00,simulation,0.3,0,0.0,0.0,0.0,0.0,0.0,0.0,0.0,0.0,0.0,0.0,11.837
786,26.3464,Evening 21:00,simulation,0.3,0,0.0,0.0,0.0,0.0,0.0,0.0,0.0,0.0,0.0,0.0,11.837
787,26.3799,Evening 21:00,simulation,0.3,0,0.0,0.0,0.0,0.0,0.0,0.0,0.0,0.0,0.0,0.0,11.837
788,26.4134,Evening 21:00,simulation,0.3,0,0.0,0.0,0.0,0.0,0.0,0.0,0.0,0.0,0.0,0.0,11.837
789,26.4469,Evening 21:00,simulation,0.3,0,0.0,0.0,0.0,0.0,0.0,0.0,0.0,0.0,0.0,0.0,11.837
790,26.4804,Evening 21:00,simulation,0.3,0,0.0,0.0,0.0,0.0,0.0,0.0,0.0,0.0,0.0,0.0,11.837
791,26.514,Evening 21:00,simulation,0.3,0,0.0,0.0,0.0,0.0,0.0,0.0,0.0,0.0,0.0,0.0,11.837
792,26.5475,Evening 21:00,simulation,0.3,0,0.0,0.0,0.0,0.0,0.0,0.0,0.0,0.0,0.0,0.0,11.837
793,26.581,Evening 21:00,simulation,0.3,0,0.0,0.0,0.0,0.0,0.0,0.0,0.0,0.0,0.0,0.0,11.837
794,26.6145,Evening 21:00,simulation,0.3,0,0.0,0.0,0.0,0.0,0.0,0.0,0.0,0.0,0.0,0.0,11.837
795,26.648,Evening 21:00,simulation,0.3,0,0.0,0.0,0.0,0.0,0.0,0.0,0.0,0.0,0.0,0.0,11.837
796,26.6816,Evening 21:00,simulation,0.3,0,0.0,0.0,0.0,0.0,0.0,0.0,0.0,0.0,0.0,0.0,11.837
797,26.7151,Evening 21:00,simulation,0.3,0,0.0,0.0,0.0,0.0,0.0,0.0,0.0,0.0,0.0,0.0,11.837
798,26.7486,Evening 21:00,simulation,0.3,0,0.0,0.0,0.0,0.0,0.0,0.0,0.0,0.0,0.0,0.0,11.837
799,26.7821,Evening 21:00,simulation,0.3,0,0.0,0.0,0.0,0.0,0.0,0.0,0.0,0.0,0.0,0.0,11.837
800,26.8156,Evening 21:00,simulation,0.3,0,0.0,0.0,0.0,0.0,0.0,0.0,0.0,0.0,0.0,0.0,11.837
801,26.8492,Evening 21:00,simulation,0.3,0,0.0,0.0,0.0,0.0,0.0,0.0,0.0,0.0,0.0,0.0,11.837
802,26.8827,Evening 21:00,simulation,0.3,0,0.0,0.0,0.0,0.0,0.0,0.0,0.0,0.0,0.0,0.0,11.837
803,26.9162,Evening 21:00,simulation,0.3,0,0.0,0.0,0.0,0.0,0.0,0.0,0.0,0.0,0.0,0.0,11.837
804,26.9497,Evening 21:00,simulation,0.3,0,0.0,0.0,0.0,0.0,0.0,0.0,0.0,0.0,0.0,0.0,11.837
805,26.9832,Evening 21:00,simulation,0.3,0,0.0,0.0,0.0,0.0,0.0,0.0,0.0,0.0,0.0,0.0,11.837
806,27.0168,Evening 21:00,simulation,0.3,0,0.0,0.0,0.0,0.0,0.0,0.0,0.0,0.0,0.0,0.0,11.837
807,27.0503,Evening 21:00,simulation,0.3,0,0.0,0.0,0.0,0.0,0.0,0.0,0.0,0.0,0.0,0.0,11.837
808,27.0838,Evening 21:00,simulation,0.3,0,0.0,0.0,0.0,0.0,0.0,0.0,0.0,0.0,0.0,0.0,11.837
809,27.1173,Evening 21:00,simulation,0.3,0,0.0,0.0,0.0,0.0,0.0,0.0,0.0,0.0,0.0,0.0,11.837
810,27.1508,Evening 21:00,simulation,0.3,0,0.0,0.0,0.0,0.0,0.0,0.0,0.0,0.0,0.0,0.0,11.837
811,27.1844,Evening 21:00,simulation,0.3,0,0.0,0.0,0.0,0.0,0.0,0.0,0.0,0.0,0.0,0.0,11.837
812,27.2179,Evening 21:00,simulation,0.3,0,0.0,0.0,0.0,0.0,0.0,0.0,0.0,0.0,0.0,0.0,11.837
813,27.2514,Evening 21:00,simulation,0.3,0,0.0,0.0,0.0,0.0,0.0,0.0,0.0,0.0,0.0,0.0,11.837
814,27.2849,Evening 21:00,simulation,0.3,0,0.0,0.0,0.0,0.0,0.0,0.0,0.0,0.0,0.0,0.0,11.837
815,27.3184,Evening 21:00,simulation,0.3,0,0.0,0.0,0.0,0.0,0.0,0.0,0.0,0.0,0.0,0.0,11.837
816,27.352,Evening 21:00,simulation,0.3,0,0.0,0.0,0.0,0.0,0.0,0.0,0.0,0.0,0.0,0.0,11.837
817,27.3855,Evening 21:00,simulation,0.3,0,0.0,0.0,0.0,0.0,0.0,0.0,0.0,0.0,0.0,0.0,11.837
818,27.419,Evening 21:00,simulation,0.3,0,0.0,0.0,0.0,0.0,0.0,0.0,0.0,0.0,0.0,0.0,11.837
819,27.4525,Evening 21:00,simulation,0.3,0,0.0,0.0,0.0,0.0,0.0,0.0,0.0,0.0,0.0,0.0,11.837
820,27.486,Evening 21:00,simulation,0.3,0,0.0,0.0,0.0,0.0,0.0,0.0,0.0,0.0,0.0,0.0,11.837
821,27.5196,Evening 21:00,simulation,0.3,0,0.0,0.0,0.0,0.0,0.0,0.0,0.0,0.0,0.0,0.0,11.837
822,27.5531,Evening 21:00,simulation,0.3,0,0.0,0.0,0.0,0.0,0.0,0.0,0.0,0.0,0.0,0.0,11.837
823,27.5866,Evening 21:00,simulation,0.3,0,0.0,0.0,0.0,0.0,0.0,0.0,0.0,0.0,0.0,0.0,11.837
824,27.6201,Evening 21:00,simulation,0.3,0,0.0,0.0,0.0,0.0,0.0,0.0,0.0,0.0,0.0,0.0,11.837
825,27.6536,Evening 21:00,simulation,0.3,0,0.0,0.0,0.0,0.0,0.0,0.0,0.0,0.0,0.0,0.0,11.837
826,27.6872,Evening 21:00,simulation,0.3,0,0.0,0.0,0.0,0.0,0.0,0.0,0.0,0.0,0.0,0.0,11.837
827,27.7207,Evening 21:00,simulation,0.3,0,0.0,0.0,0.0,0.0,0.0,0.0,0.0,0.0,0.0,0.0,11.837
828,27.7542,Evening 21:00,simulation,0.3,0,0.0,0.0,0.0,0.0,0.0,0.0,0.0,0.0,0.0,0.0,11.837
829,27.7877,Evening 21:00,simulation,0.3,0,0.0,0.0,0.0,0.0,0.0,0.0,0.0,0.0,0.0,0.0,11.837
830,27.8212,Evening 21:00,simulation,0.3,0,0.0,0.0,0.0,0.0,0.0,0.0,0.0,0.0,0.0,0.0,11.837
831,27.8547,Evening 21:00,simulation,0.3,0,0.0,0.0,0.0,0.0,0.0,0.0,0.0,0.0,0.0,0.0,11.837
832,27.8883,Evening 21:00,simulation,0.3,0,0.0,0.0,0.0,0.0,0.0,0.0,0.0,0.0,0.0,0.0,11.837
833,27.9218,Evening 21:00,simulation,0.3,0,0.0,0.0,0.0,0.0,0.0,0.0,0.0,0.0,0.0,0.0,11.837
834,27.9553,Evening 21:00,simulation,0.3,0,0.0,0.0,0.0,0.0,0.0,0.0,0.0,0.0,0.0,0.0,11.837
835,27.9888,Evening 21:00,simulation,0.3,0,0.0,0.0,0.0,0.0,0.0,0.0,0.0,0.0,0.0,0.0,11.846
836,28.0223,Evening 21:00,simulation,0.3,0,0.0,0.0,0.0,0.0,0.0,0.0,0.0,0.0,0.0,0.0,11.846
837,28.0559,Evening 21:00,simulation,0.3,0,0.0,0.0,0.0,0.0,0.0,0.0,0.0,0.0,0.0,0.0,11.849
838,28.0894,Evening 21:00,simulation,0.3,0,0.0,0.0,0.0,0.0,0.0,0.0,0.0,0.0,0.0,0.0,11.842
839,28.1229,Evening 21:00,simulation,0.3,0,0.0,0.0,0.0,0.0,0.0,0.0,0.0,0.0,0.0,0.0,11.846
840,28.1564,Evening 21:00,simulation,0.3,0,0.0,0.0,0.0,0.0,0.0,0.0,0.0,0.0,0.0,0.0,11.846
841,28.1899,Evening 21:00,simulation,0.3,0,0.0,0.0,0.0,0.0,0.0,0.0,0.0,0.0,0.0,0.0,11.841
842,28.2235,Evening 21:00,simulation,0.3,1,2.02777,-0.77167,6.74664,4.74664,2.02777,-1.77167,3.00239,0.04247,-0.23445,100.0,11.837
843,28.257,Evening 21:00,simulation,0.3,0,0.0,0.0,0.0,0.0,0.0,0.0,0.0,0.0,0.0,0.0,11.846
844,28.2905,Evening 21:00,simulation,0.3,0,0.0,0.0,0.0,0.0,0.0,0.0,0.0,0.0,0.0,0.0,11.846
845,28.324,Evening 21:00,simulation,0.3,0,0.0,0.0,0.0,0.0,0.0,0.0,0.0,0.0,0.0,0.0,11.843
846,28.3575,Evening 21:00,simulation,0.3,0,0.0,0.0,0.0,0.0,0.0,0.0,0.0,0.0,0.0,0.0,11.845
847,28.3911,Evening 21:00,simulation,0.3,0,0.0,0.0,0.0,0.0,0.0,0.0,0.0,0.0,0.0,0.0,11.849
848,28.4246,Evening 21:00,simulation,0.3,0,0.0,0.0,0.0,0.0,0.0,0.0,0.0,0.0,0.0,0.0,11.846
849,28.4581,Evening 21:00,simulation,0.3,0,0.0,0.0,0.0,0.0,0.0,0.0,0.0,0.0,0.0,0.0,11.843
850,28.4916,Evening 21:00,simulation,0.3,0,0.0,0.0,0.0,0.0,0.0,0.0,0.0,0.0,0.0,0.0,11.845
851,28.5251,Evening 21:00,simulation,0.3,1,2.09242,-0.79217,6.75492,4.75492,2.09242,-1.79217,3.00894,0.04219,-0.23342,100.0,11.848
852,28.5587,Evening 21:00,simulation,0.3,0,0.0,0.0,0.0,0.0,0.0,0.0,0.0,0.0,0.0,0.0,11.844
853,28.5922,Evening 21:00,simulation,0.3,0,0.0,0.0,0.0,0.0,0.0,0.0,0.0,0.0,0.0,0.0,11.843
854,28.6257,Evening 21:00,simulation,0.3,0,0.0,0.0,0.0,0.0,0.0,0.0,0.0,0.0,0.0,0.0,11.845
855,28.6592,Evening 21:00,simulation,0.3,0,0.0,0.0,0.0,0.0,0.0,0.0,0.0,0.0,0.0,0.0,11.845
856,28.6927,Evening 21:00,simulation,0.3,0,0.0,0.0,0.0,0.0,0.0,0.0,0.0,0.0,0.0,0.0,11.844
857,28.7263,Evening 21:00,simulation,0.3,0,0.0,0.0,0.0,0.0,0.0,0.0,0.0,0.0,0.0,0.0,11.851
858,28.7598,Evening 21:00,simulation,0.3,0,0.0,0.0,0.0,0.0,0.0,0.0,0.0,0.0,0.0,0.0,11.85
859,28.7933,Evening 21:00,simulation,0.3,0,0.0,0.0,0.0,0.0,0.0,0.0,0.0,0.0,0.0,0.0,11.848
860,28.8268,Evening 21:00,simulation,0.3,0,0.0,0.0,0.0,0.0,0.0,0.0,0.0,0.0,0.0,0.0,11.848
861,28.8603,Evening 21:00,simulation,0.3,0,0.0,0.0,0.0,0.0,0.0,0.0,0.0,0.0,0.0,0.0,11.848
862,28.8939,Evening 21:00,simulation,0.3,1,1.97054,-0.74777,6.14848,4.14848,1.97054,-1.74777,3.01654,0.04179,-0.23039,121.0,11.841
863,28.9274,Evening 21:00,simulation,0.3,0,0.0,0.0,0.0,0.0,0.0,0.0,0.0,0.0,0.0,0.0,11.85
864,28.9609,Evening 21:00,simulation,0.3,0,0.0,0.0,0.0,0.0,0.0,0.0,0.0,0.0,0.0,0.0,11.85
865,28.9944,Evening 21:00,simulation,0.3,0,0.0,0.0,0.0,0.0,0.0,0.0,0.0,0.0,0.0,0.0,11.851
866,29.0279,Evening 21:00,simulation,0.3,1,2.19994,-0.83274,6.76695,4.76695,2.19994,-1.83274,3.01941,0.04165,-0.22963,100.0,11.853
867,29.0615,Evening 21:00,simulation,0.3,1,2.00949,-0.76603,6.15225,4.15225,2.00949,-1.76603,3.02063,0.04159,-0.22813,121.0,11.844
868,29.095,Evening 21:00,simulation,0.3,1,2.00949,-0.76603,6.15225,4.15225,2.00949,-1.76603,3.02063,0.04159,-0.22813,121.0,11.844
869,29.1285,Evening 21:00,simulation,0.3,1,2.06761,-0.78413,6.29937,4.29937,2.06761,-1.78413,3.16484,-0.01594,0.14361,110.0,11.849
870,29.162,Evening 21:00,simulation,0.3,0,0.0,0.0,0.0,0.0,0.0,0.0,0.0,0.0,0.0,0.0,11.852
871,29.1955,Evening 21:00,simulation,0.3,0,0.0,0.0,0.0,0.0,0.0,0.0,0.0,0.0,0.0,0.0,11.852
872,29.2291,Evening 21:00,simulation,0.3,0,0.0,0.0,0.0,0.0,0.0,0.0,0.0,0.0,0.0,0.0,11.851
873,29.2626,Evening 21:00,simulation,0.3,0,0.0,0.0,0.0,0.0,0.0,0.0,0.0,0.0,0.0,0.0,11.851
874,29.2961,Evening 21:00,simulation,0.3,0,0.0,0.0,0.0,0.0,0.0,0.0,0.0,0.0,0.0,0.0,11.851
875,29.3296,Evening 21:00,simulation,0.3,0,0.0,0.0,0.0,0.0,0.0,0.0,0.0,0.0,0.0,0.0,11.85
876,29.3631,Evening 21:00,simulation,0.3,1,2.06819,-0.78463,6.15847,4.15847,2.06819,-1.78463,3.02635,0.04119,-0.22586,121.0,11.852
877,29.3966,Evening 21:00,simulation,0.3,0,0.0,0.0,0.0,0.0,0.0,0.0,0.0,0.0,0.0,0.0,11.852
878,29.4302,Evening 21:00,simulation,0.3,0,0.0,0.0,0.0,0.0,0.0,0.0,0.0,0.0,0.0,0.0,11.852
879,29.4637,Evening 21:00,simulation,0.3,0,0.0,0.0,0.0,0.0,0.0,0.0,0.0,0.0,0.0,0.0,11.849
880,29.4972,Evening 21:00,simulation,0.3,0,0.0,0.0,0.0,0.0,0.0,0.0,0.0,0.0,0.0,0.0,11.849
881,29.5307,Evening 21:00,simulation,0.3,0,0.0,0.0,0.0,0.0,0.0,0.0,0.0,0.0,0.0,0.0,11.852
882,29.5642,Evening 21:00,simulation,0.3,0,0.0,0.0,0.0,0.0,0.0,0.0,0.0,0.0,0.0,0.0,11.852
883,29.5978,Evening 21:00,simulation,0.3,1,2.12686,-0.8032,6.16425,4.16425,2.12686,-1.8032,3.03178,0.04076,-0.22324,121.0,11.856
884,29.6313,Evening 21:00,simulation,0.3,0,0.0,0.0,0.0,0.0,0.0,0.0,0.0,0.0,0.0,0.0,11.855
885,29.6648,Evening 21:00,simulation,0.3,0,0.0,0.0,0.0,0.0,0.0,0.0,0.0,0.0,0.0,0.0,11.848
886,29.6983,Evening 21:00,simulation,0.3,0,0.0,0.0,0.0,0.0,0.0,0.0,0.0,0.0,0.0,0.0,11.851
887,29.7318,Evening 21:00,simulation,0.3,0,0.0,0.0,0.0,0.0,0.0,0.0,0.0,0.0,0.0,0.0,11.853
888,29.7654,Evening 21:00,simulation,0.3,0,0.0,0.0,0.0,0.0,0.0,0.0,0.0,0.0,0.0,0.0,11.858
889,29.7989,Evening 21:00,simulation,0.3,1,2.02166,-0.76386,5.73254,3.73254,2.02166,-1.76386,2.81537,0.09802,-0.33319,132.0,11.855
890,29.8324,Evening 21:00,simulation,0.3,1,2.02166,-0.76386,5.73254,3.73254,2.02166,-1.76386,2.81537,0.09802,-0.33319,132.0,11.855
891,29.8659,Evening 21:00,simulation,0.3,1,2.01205,-0.7615,5.65562,3.65562,2.01205,-1.7615,3.03785,0.04027,-0.21881,144.0,11.848
892,29.8994,Evening 21:00,simulation,0.3,1,2.01205,-0.7615,5.65562,3.65562,2.01205,-1.7615,3.03785,0.04027,-0.21881,144.0,11.848
893,29.933,Evening 21:00,simulation,0.3,0,0.0,0.0,0.0,0.0,0.0,0.0,0.0,0.0,0.0,0.0,11.855
894,29.9665,Evening 21:00,simulation,0.3,0,0.0,0.0,0.0,0.0,0.0,0.0,0.0,0.0,0.0,0.0,11.855
895,30.0,Evening 21:00,simulation,0.3,0,0.0,0.0,0.0,0.0,0.0,0.0,0.0,0.0,0.0,0.0,11.857
896,30.0335,Evening 21:00,simulation,0.3,1,2.04761,-0.7782,5.65801,3.65801,2.04761,-1.7782,3.04102,0.04004,-0.21596,144.0,11.852
897,30.067,Evening 21:00,simulation,0.3,0,0.0,0.0,0.0,0.0,0.0,0.0,0.0,0.0,0.0,0.0,11.857
898,30.1006,Evening 21:00,simulation,0.3,1,2.06571,-0.77848,5.66006,3.66006,2.06571,-1.77848,3.04259,0.03982,-0.2157,144.0,11.854
899,30.1341,Evening 21:00,simulation,0.3,0,0.0,0.0,0.0,0.0,0.0,0.0,0.0,0.0,0.0,0.0,11.853
900,30.1676,Evening 21:00,simulation,0.3,0,0.0,0.0,0.0,0.0,0.0,0.0,0.0,0.0,0.0,0.0,11.853
901,30.2011,Evening 21:00,simulation,0.3,1,2.10124,-0.79516,5.6622,3.6622,2.10124,-1.79516,3.04554,0.0396,-0.21278,144.0,11.858
902,30.2346,Evening 21:00,simulation,0.3,0,0.0,0.0,0.0,0.0,0.0,0.0,0.0,0.0,0.0,0.0,11.859
903,30.2682,Evening 21:00,simulation,0.3,0,0.0,0.0,0.0,0.0,0.0,0.0,0.0,0.0,0.0,0.0,11.856
904,30.3017,Evening 21:00,simulation,0.3,0,0.0,0.0,0.0,0.0,0.0,0.0,0.0,0.0,0.0,0.0,11.856
905,30.3352,Evening 21:00,simulation,0.3,0,0.0,0.0,0.0,0.0,0.0,0.0,0.0,0.0,0.0,0.0,11.856
906,30.3687,Evening 21:00,simulation,0.3,0,0.0,0.0,0.0,0.0,0.0,0.0,0.0,0.0,0.0,0.0,11.856
907,30.4022,Evening 21:00,simulation,0.3,0,0.0,0.0,0.0,0.0,0.0,0.0,0.0,0.0,0.0,0.0,11.856
908,30.4358,Evening 21:00,simulation,0.3,0,0.0,0.0,0.0,0.0,0.0,0.0,0.0,0.0,0.0,0.0,11.856
909,30.4693,Evening 21:00,simulation,0.3,0,0.0,0.0,0.0,0.0,0.0,0.0,0.0,0.0,0.0,0.0,11.856
910,30.5028,Evening 21:00,simulation,0.3,0,0.0,0.0,0.0,0.0,0.0,0.0,0.0,0.0,0.0,0.0,11.856
911,30.5363,Evening 21:00,simulation,0.3,0,0.0,0.0,0.0,0.0,0.0,0.0,0.0,0.0,0.0,0.0,11.856
912,30.5698,Evening 21:00,simulation,0.3,0,0.0,0.0,0.0,0.0,0.0,0.0,0.0,0.0,0.0,0.0,11.856
913,30.6034,Evening 21:00,simulation,0.3,0,0.0,0.0,0.0,0.0,0.0,0.0,0.0,0.0,0.0,0.0,11.856
914,30.6369,Evening 21:00,simulation,0.3,0,0.0,0.0,0.0,0.0,0.0,0.0,0.0,0.0,0.0,0.0,11.856
915,30.6704,Evening 21:00,simulation,0.3,0,0.0,0.0,0.0,0.0,0.0,0.0,0.0,0.0,0.0,0.0,11.856
916,30.7039,Evening 21:00,simulation,0.3,0,0.0,0.0,0.0,0.0,0.0,0.0,0.0,0.0,0.0,0.0,11.856
917,30.7374,Evening 21:00,simulation,0.3,0,0.0,0.0,0.0,0.0,0.0,0.0,0.0,0.0,0.0,0.0,11.856
918,30.7709,Evening 21:00,simulation,0.3,0,0.0,0.0,0.0,0.0,0.0,0.0,0.0,0.0,0.0,0.0,11.856
919,30.8045,Evening 21:00,simulation,0.3,0,0.0,0.0,0.0,0.0,0.0,0.0,0.0,0.0,0.0,0.0,11.856
920,30.838,Evening 21:00,simulation,0.3,0,0.0,0.0,0.0,0.0,0.0,0.0,0.0,0.0,0.0,0.0,11.856
921,30.8715,Evening 21:00,simulation,0.3,0,0.0,0.0,0.0,0.0,0.0,0.0,0.0,0.0,0.0,0.0,11.856
922,30.905,Evening 21:00,simulation,0.3,0,0.0,0.0,0.0,0.0,0.0,0.0,0.0,0.0,0.0,0.0,11.856
923,30.9385,Evening 21:00,simulation,0.3,0,0.0,0.0,0.0,0.0,0.0,0.0,0.0,0.0,0.0,0.0,11.856
924,30.9721,Evening 21:00,simulation,0.3,0,0.0,0.0,0.0,0.0,0.0,0.0,0.0,0.0,0.0,0.0,11.856
925,31.0056,Evening 21:00,simulation,0.3,0,0.0,0.0,0.0,0.0,0.0,0.0,0.0,0.0,0.0,0.0,11.856
926,31.0391,Evening 21:00,simulation,0.3,0,0.0,0.0,0.0,0.0,0.0,0.0,0.0,0.0,0.0,0.0,11.856
927,31.0726,Evening 21:00,simulation,0.3,0,0.0,0.0,0.0,0.0,0.0,0.0,0.0,0.0,0.0,0.0,11.856
928,31.1061,Evening 21:00,simulation,0.3,0,0.0,0.0,0.0,0.0,0.0,0.0,0.0,0.0,0.0,0.0,11.856
929,31.1397,Evening 21:00,simulation,0.3,0,0.0,0.0,0.0,0.0,0.0,0.0,0.0,0.0,0.0,0.0,11.856
930,31.1732,Evening 21:00,simulation,0.3,0,0.0,0.0,0.0,0.0,0.0,0.0,0.0,0.0,0.0,0.0,11.856
931,31.2067,Evening 21:00,simulation,0.3,0,0.0,0.0,0.0,0.0,0.0,0.0,0.0,0.0,0.0,0.0,11.856
932,31.2402,Evening 21:00,simulation,0.3,0,0.0,0.0,0.0,0.0,0.0,0.0,0.0,0.0,0.0,0.0,11.856
933,31.2737,Evening 21:00,simulation,0.3,0,0.0,0.0,0.0,0.0,0.0,0.0,0.0,0.0,0.0,0.0,11.856
934,31.3073,Evening 21:00,simulation,0.3,0,0.0,0.0,0.0,0.0,0.0,0.0,0.0,0.0,0.0,0.0,11.856
935,31.3408,Evening 21:00,simulation,0.3,0,0.0,0.0,0.0,0.0,0.0,0.0,0.0,0.0,0.0,0.0,11.856
936,31.3743,Evening 21:00,simulation,0.3,0,0.0,0.0,0.0,0.0,0.0,0.0,0.0,0.0,0.0,0.0,11.856
937,31.4078,Evening 21:00,simulation,0.3,0,0.0,0.0,0.0,0.0,0.0,0.0,0.0,0.0,0.0,0.0,11.856
938,31.4413,Evening 21:00,simulation,0.3,0,0.0,0.0,0.0,0.0,0.0,0.0,0.0,0.0,0.0,0.0,11.856
939,31.4749,Evening 21:00,simulation,0.3,0,0.0,0.0,0.0,0.0,0.0,0.0,0.0,0.0,0.0,0.0,11.856
940,31.5084,Evening 21:00,simulation,0.3,0,0.0,0.0,0.0,0.0,0.0,0.0,0.0,0.0,0.0,0.0,11.856
941,31.5419,Evening 21:00,simulation,0.3,0,0.0,0.0,0.0,0.0,0.0,0.0,0.0,0.0,0.0,0.0,11.856
942,31.5754,Evening 21:00,simulation,0.3,0,0.0,0.0,0.0,0.0,0.0,0.0,0.0,0.0,0.0,0.0,11.856
943,31.6089,Evening 21:00,simulation,0.3,0,0.0,0.0,0.0,0.0,0.0,0.0,0.0,0.0,0.0,0.0,11.856
944,31.6425,Evening 21:00,simulation,0.3,0,0.0,0.0,0.0,0.0,0.0,0.0,0.0,0.0,0.0,0.0,11.856
945,31.676,Evening 21:00,simulation,0.3,0,0.0,0.0,0.0,0.0,0.0,0.0,0.0,0.0,0.0,0.0,11.856
946,31.7095,Evening 21:00,simulation,0.3,0,0.0,0.0,0.0,0.0,0.0,0.0,0.0,0.0,0.0,0.0,11.856
947,31.743,Evening 21:00,simulation,0.3,0,0.0,0.0,0.0,0.0,0.0,0.0,0.0,0.0,0.0,0.0,11.856
948,31.7765,Evening 21:00,simulation,0.3,0,0.0,0.0,0.0,0.0,0.0,0.0,0.0,0.0,0.0,0.0,11.856
949,31.8101,Evening 21:00,simulation,0.3,0,0.0,0.0,0.0,0.0,0.0,0.0,0.0,0.0,0.0,0.0,11.856
950,31.8436,Evening 21:00,simulation,0.3,0,0.0,0.0,0.0,0.0,0.0,0.0,0.0,0.0,0.0,0.0,11.856
951,31.8771,Evening 21:00,simulation,0.3,0,0.0,0.0,0.0,0.0,0.0,0.0,0.0,0.0,0.0,0.0,11.856
952,31.9106,Evening 21:00,simulation,0.3,0,0.0,0.0,0.0,0.0,0.0,0.0,0.0,0.0,0.0,0.0,11.856
953,31.9441,Evening 21:00,simulation,0.3,0,0.0,0.0,0.0,0.0,0.0,0.0,0.0,0.0,0.0,0.0,11.856
954,31.9777,Evening 21:00,simulation,0.3,0,0.0,0.0,0.0,0.0,0.0,0.0,0.0,0.0,0.0,0.0,11.856
955,32.0112,Evening 21:00,simulation,0.3,0,0.0,0.0,0.0,0.0,0.0,0.0,0.0,0.0,0.0,0.0,11.856
956,32.0447,Evening 21:00,simulation,0.3,0,0.0,0.0,0.0,0.0,0.0,0.0,0.0,0.0,0.0,0.0,11.856
957,32.0782,Evening 21:00,simulation,0.3,0,0.0,0.0,0.0,0.0,0.0,0.0,0.0,0.0,0.0,0.0,11.856
958,32.1117,Evening 21:00,simulation,0.3,0,0.0,0.0,0.0,0.0,0.0,0.0,0.0,0.0,0.0,0.0,11.856
959,32.1453,Evening 21:00,simulation,0.3,0,0.0,0.0,0.0,0.0,0.0,0.0,0.0,0.0,0.0,0.0,11.856
960,32.1788,Evening 21:00,simulation,0.3,0,0.0,0.0,0.0,0.0,0.0,0.0,0.0,0.0,0.0,0.0,11.856
961,32.2123,Evening 21:00,simulation,0.3,0,0.0,0.0,0.0,0.0,0.0,0.0,0.0,0.0,0.0,0.0,11.856
962,32.2458,Evening 21:00,simulation,0.3,0,0.0,0.0,0.0,0.0,0.0,0.0,0.0,0.0,0.0,0.0,11.856
963,32.2793,Evening 21:00,simulation,0.3,0,0.0,0.0,0.0,0.0,0.0,0.0,0.0,0.0,0.0,0.0,11.856
964,32.3128,Evening 21:00,simulation,0.3,0,0.0,0.0,0.0,0.0,0.0,0.0,0.0,0.0,0.0,0.0,11.856
965,32.3464,Evening 21:00,simulation,0.3,0,0.0,0.0,0.0,0.0,0.0,0.0,0.0,0.0,0.0,0.0,11.856
966,32.3799,Evening 21:00,simulation,0.3,0,0.0,0.0,0.0,0.0,0.0,0.0,0.0,0.0,0.0,0.0,11.856
967,32.4134,Evening 21:00,simulation,0.3,0,0.0,0.0,0.0,0.0,0.0,0.0,0.0,0.0,0.0,0.0,11.856
968,32.4469,Evening 21:00,simulation,0.3,0,0.0,0.0,0.0,0.0,0.0,0.0,0.0,0.0,0.0,0.0,11.856
969,32.4804,Evening 21:00,simulation,0.3,1,2.10124,-0.79516,5.6622,3.6622,2.10124,-1.79516,3.04554,0.0396,-0.21278,144.0,11.857
970,32.514,Evening 21:00,simulation,0.3,1,2.10124,-0.79516,5.6622,3.6622,2.10124,-1.79516,3.04554,0.0396,-0.21278,144.0,11.857
