frame,time_s,scenario,source,target_lux,detected,est_x,est_y,est_z,err_x,err_y,err_z,rot_x,rot_y,rot_z,marker_area_px,frame_brightness
0,0.0,Midnight 00:00,simulation,0.1,1,-0.07606,-0.01628,2.61376,0.61376,-0.07606,-1.01628,2.82024,-0.00677,0.03961,625.0,4.912
1,0.0336,Midnight 00:00,simulation,0.1,1,-0.07606,-0.01628,2.61376,0.61376,-0.07606,-1.01628,2.82024,-0.00677,0.03961,625.0,4.912
2,0.0672,Midnight 00:00,simulation,0.1,1,-0.07606,-0.01628,2.61376,0.61376,-0.07606,-1.01628,2.82024,-0.00677,0.03961,625.0,4.912
3,0.1008,Midnight 00:00,simulation,0.1,1,-0.07606,-0.01628,2.61376,0.61376,-0.07606,-1.01628,2.82024,-0.00677,0.03961,625.0,4.912
4,0.1345,Midnight 00:00,simulation,0.1,1,-0.07606,-0.01628,2.61376,0.61376,-0.07606,-1.01628,2.82024,-0.00677,0.03961,625.0,4.912
5,0.1681,Midnight 00:00,simulation,0.1,1,-0.07606,-0.01628,2.61376,0.61376,-0.07606,-1.01628,2.82024,-0.00677,0.03961,625.0,4.912
6,0.2017,Midnight 00:00,simulation,0.1,1,-0.07606,-0.01628,2.61376,0.61376,-0.07606,-1.01628,2.82024,-0.00677,0.03961,625.0,4.912
7,0.2353,Midnight 00:00,simulation,0.1,1,-0.07606,-0.01628,2.61376,0.61376,-0.07606,-1.01628,2.82024,-0.00677,0.03961,625.0,4.912
8,0.2689,Midnight 00:00,simulation,0.1,1,-0.07606,-0.01628,2.61376,0.61376,-0.07606,-1.01628,2.82024,-0.00677,0.03961,625.0,4.912
9,0.3025,Midnight 00:00,simulation,0.1,1,-0.07606,-0.01628,2.61376,0.61376,-0.07606,-1.01628,2.82024,-0.00677,0.03961,625.0,4.912
10,0.3361,Midnight 00:00,simulation,0.1,1,-0.07606,-0.01628,2.61376,0.61376,-0.07606,-1.01628,2.82024,-0.00677,0.03961,625.0,4.912
11,0.3697,Midnight 00:00,simulation,0.1,1,-0.07606,-0.01628,2.61376,0.61376,-0.07606,-1.01628,2.82024,-0.00677,0.03961,625.0,4.912
12,0.4034,Midnight 00:00,simulation,0.1,1,-0.07606,-0.01628,2.61376,0.61376,-0.07606,-1.01628,2.82024,-0.00677,0.03961,625.0,4.911
13,0.437,Midnight 00:00,simulation,0.1,1,-0.07606,-0.01628,2.61376,0.61376,-0.07606,-1.01628,2.82024,-0.00677,0.03961,625.0,4.911
14,0.4706,Midnight 00:00,simulation,0.1,1,-0.07606,-0.01628,2.61376,0.61376,-0.07606,-1.01628,2.82024,-0.00677,0.03961,625.0,4.911
15,0.5042,Midnight 00:00,simulation,0.1,1,-0.07606,-0.01628,2.61376,0.61376,-0.07606,-1.01628,2.82024,-0.00677,0.03961,625.0,4.911
16,0.5378,Midnight 00:00,simulation,0.1,1,-0.07606,-0.01628,2.61376,0.61376,-0.07606,-1.01628,2.82024,-0.00677,0.03961,625.0,4.911
17,0.5714,Midnight 00:00,simulation,0.1,1,-0.07606,-0.01628,2.61376,0.61376,-0.07606,-1.01628,2.82024,-0.00677,0.03961,625.0,4.911
18,0.605,Midnight 00:00,simulation,0.1,1,-0.07606,-0.01628,2.61376,0.61376,-0.07606,-1.01628,2.82024,-0.00677,0.03961,625.0,4.911
19,0.6387,Midnight 00:00,simulation,0.1,1,-0.07606,-0.01628,2.61376,0.61376,-0.07606,-1.01628,2.82024,-0.00677,0.03961,625.0,4.911
20,0.6723,Midnight 00:00,simulation,0.1,1,-0.07606,-0.01628,2.61376,0.61376,-0.07606,-1.01628,2.82024,-0.00677,0.03961,625.0,4.911
21,0.7059,Midnight 00:00,simulation,0.1,1,-0.07606,-0.01628,2.61376,0.61376,-0.07606,-1.01628,2.82024,-0.00677,0.03961,625.0,4.911
22,0.7395,Midnight 00:00,simulation,0.1,1,-0.07606,-0.01628,2.61376,0.61376,-0.07606,-1.01628,2.82024,-0.00677,0.03961,625.0,4.911
23,0.7731,Midnight 00:00,simulation,0.1,1,-0.07606,-0.01628,2.61376,0.61376,-0.07606,-1.01628,2.82024,-0.00677,0.03961,625.0,4.911
24,0.8067,Midnight 00:00,simulation,0.1,1,-0.07606,-0.01628,2.61376,0.61376,-0.07606,-1.01628,2.82024,-0.00677,0.03961,625.0,4.911
25,0.8403,Midnight 00:00,simulation,0.1,1,-0.07606,-0.01628,2.61376,0.61376,-0.07606,-1.01628,2.82024,-0.00677,0.03961,625.0,4.911
26,0.8739,Midnight 00:00,simulation,0.1,1,-0.07606,-0.01628,2.61376,0.61376,-0.07606,-1.01628,2.82024,-0.00677,0.03961,625.0,4.911
27,0.9076,Midnight 00:00,simulation,0.1,1,-0.07606,-0.01628,2.61376,0.61376,-0.07606,-1.01628,2.82024,-0.00677,0.03961,625.0,4.911
28,0.9412,Midnight 00:00,simulation,0.1,1,-0.07606,-0.01628,2.61376,0.61376,-0.07606,-1.01628,2.82024,-0.00677,0.03961,625.0,4.911
29,0.9748,Midnight 00:00,simulation,0.1,1,-0.07606,-0.01628,2.61376,0.61376,-0.07606,-1.01628,2.82024,-0.00677,0.03961,625.0,4.911
30,1.0084,Midnight 00:00,simulation,0.1,1,-0.07606,-0.01628,2.61376,0.61376,-0.07606,-1.01628,2.82024,-0.00677,0.03961,625.0,4.911
31,1.042,Midnight 00:00,simulation,0.1,1,-0.07606,-0.01628,2.61376,0.61376,-0.07606,-1.01628,2.82024,-0.00677,0.03961,625.0,4.911
32,1.0756,Midnight 00:00,simulation,0.1,1,-0.07606,-0.01628,2.61376,0.61376,-0.07606,-1.01628,2.82024,-0.00677,0.03961,625.0,4.911
33,1.1092,Midnight 00:00,simulation,0.1,1,-0.07606,-0.01628,2.61376,0.61376,-0.07606,-1.01628,2.82024,-0.00677,0.03961,625.0,4.911
34,1.1429,Midnight 00:00,simulation,0.1,1,-0.07606,-0.01628,2.61376,0.61376,-0.07606,-1.01628,2.82024,-0.00677,0.03961,625.0,4.911
35,1.1765,Midnight 00:00,simulation,0.1,1,-0.07606,-0.01628,2.61376,0.61376,-0.07606,-1.01628,2.82024,-0.00677,0.03961,625.0,4.911
36,1.2101,Midnight 00:00,simulation,0.1,1,-0.07606,-0.01628,2.61376,0.61376,-0.07606,-1.01628,2.82024,-0.00677,0.03961,625.0,4.911
37,1.2437,Midnight 00:00,simulation,0.1,1,-0.07606,-0.01628,2.61376,0.61376,-0.07606,-1.01628,2.82024,-0.00677,0.03961,625.0,4.911
38,1.2773,Midnight 00:00,simulation,0.1,1,-0.07606,-0.01628,2.61376,0.61376,-0.07606,-1.01628,2.82024,-0.00677,0.03961,625.0,4.911
39,1.3109,Midnight 00:00,simulation,0.1,1,-0.07606,-0.01628,2.61376,0.61376,-0.07606,-1.01628,2.82024,-0.00677,0.03961,625.0,4.911
40,1.3445,Midnight 00:00,simulation,0.1,1,-0.07606,-0.01628,2.61376,0.61376,-0.07606,-1.01628,2.82024,-0.00677,0.03961,625.0,4.911
41,1.3782,Midnight 00:00,simulation,0.1,1,-0.07606,-0.01628,2.61376,0.61376,-0.07606,-1.01628,2.82024,-0.00677,0.03961,625.0,4.911
42,1.4118,Midnight 00:00,simulation,0.1,1,-0.07606,-0.01628,2.61376,0.61376,-0.07606,-1.01628,2.82024,-0.00677,0.03961,625.0,4.911
43,1.4454,Midnight 00:00,simulation,0.1,1,-0.07606,-0.01628,2.61376,0.61376,-0.07606,-1.01628,2.82024,-0.00677,0.03961,625.0,4.911
44,1.479,Midnight 00:00,simulation,0.1,1,-0.07606,-0.01628,2.61376,0.61376,-0.07606,-1.01628,2.82024,-0.00677,0.03961,625.0,4.911
45,1.5126,Midnight 00:00,simulation,0.1,1,-0.07606,-0.01628,2.61376,0.61376,-0.07606,-1.01628,2.82024,-0.00677,0.03961,625.0,4.911
46,1.5462,Midnight 00:00,simulation,0.1,1,-0.07606,-0.01628,2.61376,0.61376,-0.07606,-1.01628,2.82024,-0.00677,0.03961,625.0,4.911
47,1.5798,Midnight 00:00,simulation,0.1,1,-0.07606,-0.01628,2.61376,0.61376,-0.07606,-1.01628,2.82024,-0.00677,0.03961,625.0,4.911
48,1.6134,Midnight 00:00,simulation,0.1,1,-0.07606,-0.01628,2.61376,0.61376,-0.07606,-1.01628,2.82024,-0.00677,0.03961,625.0,4.911
49,1.6471,Midnight 00:00,simulation,0.1,1,-0.07606,-0.01628,2.61376,0.61376,-0.07606,-1.01628,2.82024,-0.00677,0.03961,625.0,4.911
50,1.6807,Midnight 00:00,simulation,0.1,1,-0.07606,-0.01628,2.61376,0.61376,-0.07606,-1.01628,2.82024,-0.00677,0.03961,625.0,4.911
51,1.7143,Midnight 00:00,simulation,0.1,1,-0.07606,-0.01628,2.61376,0.61376,-0.07606,-1.01628,2.82024,-0.00677,0.03961,625.0,4.911
52,1.7479,Midnight 00:00,simulation,0.1,1,-0.07606,-0.01628,2.61376,0.61376,-0.07606,-1.01628,2.82024,-0.00677,0.03961,625.0,4.911
53,1.7815,Midnight 00:00,simulation,0.1,1,-0.07606,-0.01628,2.61376,0.61376,-0.07606,-1.01628,2.82024,-0.00677,0.03961,625.0,4.911
54,1.8151,Midnight 00:00,simulation,0.1,1,-0.07606,-0.01628,2.61376,0.61376,-0.07606,-1.01628,2.82024,-0.00677,0.03961,625.0,4.911
55,1.8487,Midnight 00:00,simulation,0.1,1,-0.07606,-0.01628,2.61376,0.61376,-0.07606,-1.01628,2.82024,-0.00677,0.03961,625.0,4.911
56,1.8824,Midnight 00:00,simulation,0.1,1,-0.07606,-0.01628,2.61376,0.61376,-0.07606,-1.01628,2.82024,-0.00677,0.03961,625.0,4.911
57,1.916,Midnight 00:00,simulation,0.1,1,-0.07606,-0.01628,2.61376,0.61376,-0.07606,-1.01628,2.82024,-0.00677,0.03961,625.0,4.911
58,1.9496,Midnight 00:00,simulation,0.1,1,-0.07606,-0.01628,2.61376,0.61376,-0.07606,-1.01628,2.82024,-0.00677,0.03961,625.0,4.911
59,1.9832,Midnight 00:00,simulation,0.1,1,-0.07606,-0.01628,2.61376,0.61376,-0.07606,-1.01628,2.82024,-0.00677,0.03961,625.0,4.911
60,2.0168,Midnight 00:00,simulation,0.1,1,-0.07606,-0.01628,2.61376,0.61376,-0.07606,-1.01628,2.82024,-0.00677,0.03961,625.0,4.911
61,2.0504,Midnight 00:00,simulation,0.1,1,-0.07606,-0.01628,2.61376,0.61376,-0.07606,-1.01628,2.82024,-0.00677,0.03961,625.0,4.911
62,2.084,Midnight 00:00,simulation,0.1,1,-0.07606,-0.01628,2.61376,0.61376,-0.07606,-1.01628,2.82024,-0.00677,0.03961,625.0,4.911
63,2.1176,Midnight 00:00,simulation,0.1,1,-0.07606,-0.01628,2.61376,0.61376,-0.07606,-1.01628,2.82024,-0.00677,0.03961,625.0,4.911
64,2.1513,Midnight 00:00,simulation,0.1,1,-0.07606,-0.01628,2.61376,0.61376,-0.07606,-1.01628,2.82024,-0.00677,0.03961,625.0,4.911
65,2.1849,Midnight 00:00,simulation,0.1,1,-0.07606,-0.01628,2.61376,0.61376,-0.07606,-1.01628,2.82024,-0.00677,0.03961,625.0,4.911
66,2.2185,Midnight 00:00,simulation,0.1,1,-0.07606,-0.01628,2.61376,0.61376,-0.07606,-1.01628,2.82024,-0.00677,0.03961,625.0,4.911
67,2.2521,Midnight 00:00,simulation,0.1,1,-0.07606,-0.01628,2.61376,0.61376,-0.07606,-1.01628,2.82024,-0.00677,0.03961,625.0,4.911
68,2.2857,Midnight 00:00,simulation,0.1,1,-0.07606,-0.01628,2.61376,0.61376,-0.07606,-1.01628,2.82024,-0.00677,0.03961,625.0,4.911
69,2.3193,Midnight 00:00,simulation,0.1,1,-0.07606,-0.01628,2.61376,0.61376,-0.07606,-1.01628,2.82024,-0.00677,0.03961,625.0,4.911
70,2.3529,Midnight 00:00,simulation,0.1,1,-0.07606,-0.01628,2.61376,0.61376,-0.07606,-1.01628,2.82024,-0.00677,0.03961,625.0,4.911
71,2.3866,Midnight 00:00,simulation,0.1,1,-0.07606,-0.01628,2.61376,0.61376,-0.07606,-1.01628,2.82024,-0.00677,0.03961,625.0,4.911
72,2.4202,Midnight 00:00,simulation,0.1,1,-0.07606,-0.01628,2.61376,0.61376,-0.07606,-1.01628,2.82024,-0.00677,0.03961,625.0,4.911
73,2.4538,Midnight 00:00,simulation,0.1,1,-0.07606,-0.01628,2.61376,0.61376,-0.07606,-1.01628,2.82024,-0.00677,0.03961,625.0,4.911
74,2.4874,Midnight 00:00,simulation,0.1,1,-0.07606,-0.01628,2.61376,0.61376,-0.07606,-1.01628,2.82024,-0.00677,0.03961,625.0,4.911
75,2.521,Midnight 00:00,simulation,0.1,1,-0.07606,-0.01628,2.61376,0.61376,-0.07606,-1.01628,2.82024,-0.00677,0.03961,625.0,4.911
76,2.5546,Midnight 00:00,simulation,0.1,1,-0.07606,-0.01628,2.61376,0.61376,-0.07606,-1.01628,2.82024,-0.00677,0.03961,625.0,4.911
77,2.5882,Midnight 00:00,simulation,0.1,1,-0.07606,-0.01628,2.61376,0.61376,-0.07606,-1.01628,2.82024,-0.00677,0.03961,625.0,4.911
78,2.6218,Midnight 00:00,simulation,0.1,1,-0.07606,-0.01628,2.61376,0.61376,-0.07606,-1.01628,2.82024,-0.00677,0.03961,625.0,4.911
79,2.6555,Midnight 00:00,simulation,0.1,1,-0.07606,-0.01628,2.61376,0.61376,-0.07606,-1.01628,2.82024,-0.00677,0.03961,625.0,4.911
80,2.6891,Midnight 00:00,simulation,0.1,1,-0.07606,-0.01628,2.61376,0.61376,-0.07606,-1.01628,2.82024,-0.00677,0.03961,625.0,4.911
81,2.7227,Midnight 00:00,simulation,0.1,1,-0.07606,-0.01628,2.61376,0.61376,-0.07606,-1.01628,2.82024,-0.00677,0.03961,625.0,4.911
82,2.7563,Midnight 00:00,simulation,0.1,1,-0.07606,-0.01628,2.61376,0.61376,-0.07606,-1.01628,2.82024,-0.00677,0.03961,625.0,4.911
83,2.7899,Midnight 00:00,simulation,0.1,1,-0.07606,-0.01628,2.61376,0.61376,-0.07606,-1.01628,2.82024,-0.00677,0.03961,625.0,4.911
84,2.8235,Midnight 00:00,simulation,0.1,1,-0.07606,-0.01628,2.61376,0.61376,-0.07606,-1.01628,2.82024,-0.00677,0.03961,625.0,4.911
85,2.8571,Midnight 00:00,simulation,0.1,1,-0.07606,-0.01628,2.61376,0.61376,-0.07606,-1.01628,2.82024,-0.00677,0.03961,625.0,4.911
86,2.8908,Midnight 00:00,simulation,0.1,1,-0.07606,-0.01628,2.61376,0.61376,-0.07606,-1.01628,2.82024,-0.00677,0.03961,625.0,4.911
87,2.9244,Midnight 00:00,simulation,0.1,1,-0.07606,-0.01628,2.61376,0.61376,-0.07606,-1.01628,2.82024,-0.00677,0.03961,625.0,4.911
88,2.958,Midnight 00:00,simulation,0.1,1,-0.07606,-0.01628,2.61376,0.61376,-0.07606,-1.01628,2.82024,-0.00677,0.03961,625.0,4.911
89,2.9916,Midnight 00:00,simulation,0.1,1,-0.07606,-0.01628,2.61376,0.61376,-0.07606,-1.01628,2.82024,-0.00677,0.03961,625.0,4.911
90,3.0252,Midnight 00:00,simulation,0.1,1,-0.07606,-0.01628,2.61376,0.61376,-0.07606,-1.01628,2.82024,-0.00677,0.03961,625.0,4.911
91,3.0588,Midnight 00:00,simulation,0.1,1,-0.07606,-0.01628,2.61376,0.61376,-0.07606,-1.01628,2.82024,-0.00677,0.03961,625.0,4.911
92,3.0924,Midnight 00:00,simulation,0.1,1,-0.07606,-0.01628,2.61376,0.61376,-0.07606,-1.01628,2.82024,-0.00677,0.03961,625.0,4.911
93,3.1261,Midnight 00:00,simulation,0.1,1,-0.07606,-0.01628,2.61376,0.61376,-0.07606,-1.01628,2.82024,-0.00677,0.03961,625.0,4.911
94,3.1597,Midnight 00:00,simulation,0.1,1,-0.07606,-0.01628,2.61376,0.61376,-0.07606,-1.01628,2.82024,-0.00677,0.03961,625.0,4.911
95,3.1933,Midnight 00:00,simulation,0.1,1,-0.07606,-0.01628,2.61376,0.61376,-0.07606,-1.01628,2.82024,-0.00677,0.03961,625.0,4.911
96,3.2269,Midnight 00:00,simulation,0.1,1,-0.07606,-0.01628,2.61376,0.61376,-0.07606,-1.01628,2.82024,-0.00677,0.03961,625.0,4.911
97,3.2605,Midnight 00:00,simulation,0.1,1,-0.07606,-0.01628,2.61376,0.61376,-0.07606,-1.01628,2.82024,-0.00677,0.03961,625.0,4.911
98,3.2941,Midnight 00:00,simulation,0.1,1,-0.07606,-0.01628,2.61376,0.61376,-0.07606,-1.01628,2.82024,-0.00677,0.03961,625.0,4.915
99,3.3277,Midnight 00:00,simulation,0.1,1,-0.07606,-0.01628,2.61376,0.61376,-0.07606,-1.01628,2.82024,-0.00677,0.03961,625.0,4.915
100,3.3613,Midnight 00:00,simulation,0.1,1,-0.07607,-0.02791,2.61424,0.61424,-0.07607,-1.02791,2.72228,-0.00864,0.03842,600.0,4.937
101,3.395,Midnight 00:00,simulation,0.1,1,-0.07605,-0.05406,2.61353,0.61353,-0.07605,-1.05406,2.83378,-0.00679,0.03801,625.0,4.922
102,3.4286,Midnight 00:00,simulation,0.1,1,-0.07607,-0.0657,2.61404,0.61404,-0.07607,-1.0657,2.73597,-0.00867,0.03725,600.0,4.945
103,3.4622,Midnight 00:00,simulation,0.1,1,-0.07607,-0.0657,2.61404,0.61404,-0.07607,-1.0657,2.73597,-0.00867,0.03725,600.0,4.945
104,3.4958,Midnight 00:00,simulation,0.1,1,-0.07607,-0.0657,2.61404,0.61404,-0.07607,-1.0657,2.73597,-0.00867,0.03725,600.0,4.945
105,3.5294,Midnight 00:00,simulation,0.1,1,-0.07605,-0.07673,2.6134,0.6134,-0.07605,-1.07673,2.8416,-0.0068,0.03705,625.0,4.937
106,3.563,Midnight 00:00,simulation,0.1,1,-0.07606,-0.10349,2.61384,0.61384,-0.07606,-1.10349,2.7492,-0.0087,0.03608,600.0,4.949
107,3.5966,Midnight 00:00,simulation,0.1,1,-0.07606,-0.10349,2.61384,0.61384,-0.07606,-1.10349,2.7492,-0.0087,0.03608,600.0,4.949
108,3.6303,Midnight 00:00,simulation,0.1,1,-0.07605,-0.1145,2.61317,0.61317,-0.07605,-1.1145,2.85414,-0.0068,0.03545,625.0,4.931
109,3.6639,Midnight 00:00,simulation,0.1,1,-0.07606,-0.12616,2.61372,0.61372,-0.07606,-1.12616,2.75692,-0.0087,0.03537,600.0,4.954
110,3.6975,Midnight 00:00,simulation,0.1,1,-0.07605,-0.13717,2.61304,0.61304,-0.07605,-1.13717,2.86138,-0.0068,0.0345,625.0,4.946
111,3.7311,Midnight 00:00,simulation,0.1,1,-0.07605,-0.13717,2.61304,0.61304,-0.07605,-1.13717,2.86138,-0.0068,0.0345,625.0,4.946
112,3.7647,Midnight 00:00,simulation,0.1,1,-0.07605,-0.15227,2.61295,0.61295,-0.07605,-1.15227,2.86608,-0.00679,0.03386,625.0,4.944
113,3.7983,Midnight 00:00,simulation,0.1,1,-0.07606,-0.16394,2.61353,0.61353,-0.07606,-1.16394,2.7694,-0.00871,0.03419,600.0,4.961
114,3.8319,Midnight 00:00,simulation,0.1,1,-0.07605,-0.17494,2.61282,0.61282,-0.07605,-1.17494,2.87296,-0.00678,0.03292,625.0,4.946
115,3.8655,Midnight 00:00,simulation,0.1,1,-0.07606,-0.1866,2.61341,0.61341,-0.07606,-1.1866,2.77667,-0.0087,0.03348,600.0,4.964
116,3.8992,Midnight 00:00,simulation,0.1,1,-0.07606,-0.20171,2.61334,0.61334,-0.07606,-1.20171,2.78143,-0.0087,0.03301,600.0,4.968
117,3.9328,Midnight 00:00,simulation,0.1,1,-0.07605,-0.2127,2.6126,0.6126,-0.07605,-1.2127,2.88395,-0.00674,0.03137,625.0,4.956
118,3.9664,Midnight 00:00,simulation,0.1,1,-0.07606,-0.22438,2.61322,0.61322,-0.07606,-1.22438,2.78843,-0.00869,0.03231,600.0,4.981
119,4.0,Midnight 00:00,simulation,0.1,1,-0.07606,-0.23949,2.61315,0.61315,-0.07606,-1.23949,2.793,-0.00868,0.03184,600.0,4.968
120,4.0336,Midnight 00:00,simulation,0.1,1,-0.07604,-0.25046,2.61239,0.61239,-0.07604,-1.25046,2.89438,-0.0067,0.02985,625.0,4.976
121,4.0672,Midnight 00:00,simulation,0.1,1,-0.07604,-0.25046,2.61239,0.61239,-0.07604,-1.25046,2.89438,-0.0067,0.02985,625.0,4.976
122,4.1008,Midnight 00:00,simulation,0.1,1,-0.07606,-0.26215,2.61303,0.61303,-0.07606,-1.26215,2.79973,-0.00867,0.03114,600.0,4.992
123,4.1345,Midnight 00:00,simulation,0.1,1,-0.07604,-0.27311,2.61227,0.61227,-0.07604,-1.27311,2.90038,-0.00667,0.02896,625.0,4.972
124,4.1681,Midnight 00:00,simulation,0.1,1,-0.07605,-0.28481,2.61292,0.61292,-0.07605,-1.28481,2.8063,-0.00865,0.03045,600.0,4.99
125,4.2017,Midnight 00:00,simulation,0.1,1,-0.07604,-0.29577,2.61215,0.61215,-0.07604,-1.29577,2.90618,-0.00663,0.02809,625.0,4.986
126,4.2353,Midnight 00:00,simulation,0.1,1,-0.07604,-0.31087,2.61207,0.61207,-0.07604,-1.31087,2.90994,-0.00661,0.02752,625.0,4.978
127,4.2689,Midnight 00:00,simulation,0.1,1,-0.07605,-0.32257,2.61274,0.61274,-0.07605,-1.32257,2.81691,-0.00861,0.02932,600.0,4.994
128,4.3025,Midnight 00:00,simulation,0.1,1,-0.07605,-0.32257,2.61274,0.61274,-0.07605,-1.32257,2.81691,-0.00861,0.02932,600.0,4.994
129,4.3361,Midnight 00:00,simulation,0.1,1,-0.07604,-0.33352,2.61195,0.61195,-0.07604,-1.33352,2.91543,-0.00657,0.02667,625.0,4.982
130,4.3697,Midnight 00:00,simulation,0.1,1,-0.07605,-0.34523,2.61263,0.61263,-0.07605,-1.34523,2.82307,-0.00858,0.02865,600.0,4.994
131,4.4034,Midnight 00:00,simulation,0.1,1,-0.07605,-0.36033,2.61256,0.61256,-0.07605,-1.36033,2.82709,-0.00856,0.0282,600.0,5.001
132,4.437,Midnight 00:00,simulation,0.1,1,-0.07604,-0.37127,2.61176,0.61176,-0.07604,-1.37127,2.92419,-0.00649,0.02531,625.0,4.983
133,4.4706,Midnight 00:00,simulation,0.1,1,-0.07605,-0.38299,2.61246,0.61246,-0.07605,-1.38299,2.83299,-0.00853,0.02755,600.0,5.01
134,4.5042,Midnight 00:00,simulation,0.1,1,-0.07604,-0.39392,2.61165,0.61165,-0.07604,-1.39392,2.92921,-0.00644,0.02451,625.0,4.999
135,4.5378,Midnight 00:00,simulation,0.1,1,-0.07534,-0.41448,2.65867,0.65867,-0.07534,-1.41448,2.92137,0.02189,0.03505,600.5,4.997
136,4.5714,Midnight 00:00,simulation,0.1,1,-0.07605,-0.42075,2.61229,0.61229,-0.07605,-1.42075,2.84252,-0.00847,0.02647,600.0,5.012
137,4.605,Midnight 00:00,simulation,0.1,1,-0.07605,-0.42075,2.61229,0.61229,-0.07605,-1.42075,2.84252,-0.00847,0.02647,600.0,5.012
138,4.6387,Midnight 00:00,simulation,0.1,1,-0.07604,-0.43166,2.61147,0.61147,-0.07604,-1.43166,2.93722,-0.00636,0.02324,625.0,4.991
139,4.6723,Midnight 00:00,simulation,0.1,1,-0.07605,-0.4434,2.61219,0.61219,-0.07605,-1.4434,2.84804,-0.00843,0.02584,600.0,5.011
140,4.7059,Midnight 00:00,simulation,0.1,1,-0.07605,-0.4585,2.61212,0.61212,-0.07605,-1.4585,2.85164,-0.0084,0.02543,600.0,5.01
141,4.7395,Midnight 00:00,simulation,0.1,1,-0.07603,-0.46941,2.6113,0.6113,-0.07603,-1.46941,2.9448,-0.00626,0.02202,625.0,4.997
142,4.7731,Midnight 00:00,simulation,0.1,1,-0.07604,-0.48115,2.61203,0.61203,-0.07604,-1.48115,2.85693,-0.00835,0.02482,600.0,5.014
143,4.8067,Midnight 00:00,simulation,0.1,1,-0.07603,-0.49205,2.6112,0.6112,-0.07603,-1.49205,2.94914,-0.00621,0.02132,625.0,5.0
144,4.8403,Midnight 00:00,simulation,0.1,1,-0.07581,-0.50525,2.61034,0.61034,-0.07581,-1.50525,-3.37694,0.00093,-0.1129,612.5,5.009
145,4.8739,Midnight 00:00,simulation,0.1,1,-0.07604,-0.5189,2.61187,0.61187,-0.07604,-1.5189,2.86546,-0.00827,0.02382,600.0,5.015
146,4.9076,Midnight 00:00,simulation,0.1,1,-0.07603,-0.52979,2.61105,0.61105,-0.07603,-1.52979,2.95607,-0.00611,0.0202,625.0,4.995
147,4.9412,Midnight 00:00,simulation,0.1,1,-0.07603,-0.52979,2.61105,0.61105,-0.07603,-1.52979,2.95607,-0.00611,0.0202,625.0,4.995
148,4.9748,Midnight 00:00,simulation,0.1,1,-0.07604,-0.54155,2.61178,0.61178,-0.07604,-1.54155,2.8704,-0.00822,0.02324,600.0,5.018
149,5.0084,Midnight 00:00,simulation,0.1,1,-0.07604,-0.55665,2.61172,0.61172,-0.07604,-1.55665,2.87362,-0.00819,0.02286,600.0,5.01
150,5.042,Midnight 00:00,simulation,0.1,1,-0.07603,-0.56753,2.6109,0.6109,-0.07603,-1.56753,2.96261,-0.00601,0.01913,625.0,5.002
151,5.0756,Midnight 00:00,simulation,0.1,1,-0.07604,-0.57929,2.61163,0.61163,-0.07604,-1.57929,2.87836,-0.00814,0.02229,600.0,5.017
152,5.1092,Midnight 00:00,simulation,0.1,1,-0.07603,-0.59018,2.61081,0.61081,-0.07603,-1.59018,2.96637,-0.00594,0.01852,625.0,5.001
153,5.1429,Midnight 00:00,simulation,0.1,1,-0.07603,-0.59018,2.61081,0.61081,-0.07603,-1.59018,2.96637,-0.00594,0.01852,625.0,5.001
154,5.1765,Midnight 00:00,simulation,0.1,1,-0.07604,-0.60194,2.61154,0.61154,-0.07604,-1.60194,2.88297,-0.00808,0.02175,600.0,5.013
155,5.2101,Midnight 00:00,simulation,0.1,1,-0.07604,-0.61704,2.61149,0.61149,-0.07604,-1.61704,2.88597,-0.00805,0.02139,600.0,5.014
156,5.2437,Midnight 00:00,simulation,0.1,1,-0.07603,-0.62791,2.61067,0.61067,-0.07603,-1.62791,2.97237,-0.00584,0.01755,625.0,4.999
157,5.2773,Midnight 00:00,simulation,0.1,1,-0.07604,-0.63968,2.6114,0.6114,-0.07604,-1.63968,2.89039,-0.00799,0.02086,600.0,5.017
158,5.3109,Midnight 00:00,simulation,0.1,1,-0.07603,-0.65055,2.6106,0.6106,-0.07603,-1.65055,2.97581,-0.00578,0.017,625.0,5.004
159,5.3445,Midnight 00:00,simulation,0.1,1,-0.07603,-0.66565,2.61054,0.61054,-0.07603,-1.66565,2.97804,-0.00573,0.01664,625.0,5.007
160,5.3782,Midnight 00:00,simulation,0.1,1,-0.07603,-0.66565,2.61054,0.61054,-0.07603,-1.66565,2.97804,-0.00573,0.01664,625.0,5.007
161,5.4118,Midnight 00:00,simulation,0.1,1,-0.07604,-0.67742,2.61127,0.61127,-0.07604,-1.67742,2.8975,-0.00789,0.02,600.0,5.016
162,5.4454,Midnight 00:00,simulation,0.1,1,-0.07603,-0.68829,2.61047,0.61047,-0.07603,-1.68829,2.98129,-0.00567,0.01611,625.0,4.996
163,5.479,Midnight 00:00,simulation,0.1,1,-0.07604,-0.70007,2.61119,0.61119,-0.07604,-1.70007,2.90161,-0.00783,0.01951,600.0,5.015
164,5.5126,Midnight 00:00,simulation,0.1,1,-0.07602,-0.71093,2.6104,0.6104,-0.07602,-1.71093,2.98445,-0.00561,0.01561,625.0,5.012
165,5.5462,Midnight 00:00,simulation,0.1,1,-0.07602,-0.71093,2.6104,0.6104,-0.07602,-1.71093,2.98445,-0.00561,0.01561,625.0,5.012
166,5.5798,Midnight 00:00,simulation,0.1,1,-0.0667,-0.74072,2.71324,0.71324,-0.0667,-1.74072,-3.25564,0.01122,0.05474,588.0,5.033
167,5.6134,Midnight 00:00,simulation,0.1,1,-0.05001,-0.74429,2.71862,0.71862,-0.05001,-1.74429,2.98447,-0.00354,0.00983,576.0,5.027
168,5.6471,Midnight 00:00,simulation,0.1,1,-0.0361,-0.71219,2.60755,0.60755,-0.0361,-1.71219,-3.34277,0.01231,0.04713,612.5,5.014
169,5.6807,Midnight 00:00,simulation,0.1,1,-0.02483,-0.74143,2.71587,0.71587,-0.02483,-1.74143,-3.25275,-0.00587,-0.07071,588.0,5.035
170,5.7143,Midnight 00:00,simulation,0.1,1,-0.02483,-0.74143,2.71587,0.71587,-0.02483,-1.74143,-3.25275,-0.00587,-0.07071,588.0,5.035
171,5.7479,Midnight 00:00,simulation,0.1,1,-0.012,-0.71076,2.60977,0.60977,-0.012,-1.71076,2.98395,-0.00089,0.00247,625.0,5.016
172,5.7815,Midnight 00:00,simulation,0.1,1,0.0168,-0.74105,2.71448,0.71448,0.0168,-1.74105,-3.25426,-0.00828,-0.06348,588.0,5.032
173,5.8151,Midnight 00:00,simulation,0.1,1,0.0168,-0.74105,2.71448,0.71448,0.0168,-1.74105,-3.25426,-0.00828,-0.06348,588.0,5.032
174,5.8487,Midnight 00:00,simulation,0.1,1,0.028,-0.71078,2.60984,0.60984,0.028,-1.71078,2.98401,0.00207,-0.00576,625.0,5.011
175,5.8824,Midnight 00:00,simulation,0.1,1,0.04149,-0.7416,2.71652,0.71652,0.04149,-1.7416,-3.25205,0.00492,0.07358,588.0,5.032
176,5.916,Midnight 00:00,simulation,0.1,1,0.05449,-0.7208,2.65007,0.65007,0.05449,-1.7208,-2.4362,-0.01108,0.16314,600.0,5.022
177,5.9496,Midnight 00:00,simulation,0.1,1,0.05449,-0.7208,2.65007,0.65007,0.05449,-1.7208,-2.4362,-0.01108,0.16314,600.0,5.022
178,5.9832,Midnight 00:00,simulation,0.1,1,0.08336,-0.74442,2.7191,0.7191,0.08336,-1.74442,2.98483,0.00589,-0.01635,576.0,5.032
179,6.0168,Midnight 00:00,simulation,0.1,1,0.09204,-0.71101,2.6107,0.6107,0.09204,-1.71101,2.98468,0.00678,-0.01887,625.0,5.015
180,6.0504,Midnight 00:00,simulation,0.1,1,0.09204,-0.71101,2.6107,0.6107,0.09204,-1.71101,2.98468,0.00678,-0.01887,625.0,5.015
181,6.084,Midnight 00:00,simulation,0.1,1,0.09204,-0.71101,2.6107,0.6107,0.09204,-1.71101,2.98468,0.00678,-0.01887,625.0,5.015
182,6.1176,Midnight 00:00,simulation,0.1,1,0.12504,-0.73993,2.71832,0.71832,0.12504,-1.73993,3.08767,0.00351,-0.01161,600.0,5.029
183,6.1513,Midnight 00:00,simulation,0.1,1,0.13205,-0.71373,2.61328,0.61328,0.13205,-1.71373,-3.3375,-0.00468,0.09172,612.5,5.015
184,6.1849,Midnight 00:00,simulation,0.1,1,0.13205,-0.71373,2.61328,0.61328,0.13205,-1.71373,-3.3375,-0.00468,0.09172,612.5,5.015
185,6.2185,Midnight 00:00,simulation,0.1,1,0.15007,-0.74003,2.71869,0.71869,0.15007,-1.74003,3.08807,0.00418,-0.01384,600.0,5.037
186,6.2521,Midnight 00:00,simulation,0.1,1,0.15601,-0.71225,2.60779,0.60779,0.15601,-1.71225,-3.34281,-0.02458,-0.01537,612.5,5.018
187,6.2857,Midnight 00:00,simulation,0.1,1,0.17367,-0.72511,2.66576,0.66576,0.17367,-1.72511,-2.45402,0.02548,0.00279,600.0,5.026
188,6.3193,Midnight 00:00,simulation,0.1,1,0.19199,-0.74378,2.72462,0.72462,0.19199,-1.74378,-3.24345,-0.00303,0.09827,588.0,5.033
189,6.3529,Midnight 00:00,simulation,0.1,1,0.19634,-0.71191,2.61402,0.61402,0.19634,-1.71191,2.98729,0.01421,-0.03976,625.0,5.012
190,6.3866,Midnight 00:00,simulation,0.1,1,0.21708,-0.74557,2.72334,0.72334,0.21708,-1.74557,2.98802,0.01503,-0.04194,576.0,5.032
191,6.4202,Midnight 00:00,simulation,0.1,1,0.21708,-0.74557,2.72334,0.72334,0.21708,-1.74557,2.98802,0.01503,-0.04194,576.0,5.032
192,6.4538,Midnight 00:00,simulation,0.1,1,0.23683,-0.71564,2.62036,0.62036,0.23683,-1.71564,-3.33115,-0.01457,0.11842,612.5,5.02
193,6.4874,Midnight 00:00,simulation,0.1,1,0.23683,-0.71564,2.62036,0.62036,0.23683,-1.71564,-3.33115,-0.01457,0.11842,612.5,5.02
194,6.521,Midnight 00:00,simulation,0.1,1,0.25867,-0.74064,2.72096,0.72096,0.25867,-1.74064,3.09053,0.00688,-0.02291,600.0,5.033
195,6.5546,Midnight 00:00,simulation,0.1,1,0.26076,-0.71276,2.61719,0.61719,0.26076,-1.71276,2.9898,0.01857,-0.05217,625.0,5.015
196,6.5882,Midnight 00:00,simulation,0.1,1,0.2846,-0.74562,2.73146,0.73146,0.2846,-1.74562,-3.23621,-0.00712,0.11175,588.0,5.028
197,6.6218,Midnight 00:00,simulation,0.1,1,0.29964,-0.74074,2.7133,0.7133,0.29964,-1.74074,-3.25633,-0.02477,-0.01508,588.0,5.03
198,6.6555,Midnight 00:00,simulation,0.1,1,0.30046,-0.71355,2.61259,0.61259,0.30046,-1.71355,-3.33896,-0.03869,0.02129,612.5,5.014
199,6.6891,Midnight 00:00,simulation,0.1,1,0.32565,-0.74114,2.72283,0.72283,0.32565,-1.74114,3.09257,0.00833,-0.02785,600.0,5.034
200,6.7227,Midnight 00:00,simulation,0.1,1,0.32992,-0.72001,2.647,0.647,0.32992,-1.72001,-2.41595,0.00669,0.36448,600.0,5.022
201,6.7563,Midnight 00:00,simulation,0.1,1,0.35167,-0.74766,2.73107,0.73107,0.35167,-1.74766,2.99392,0.02342,-0.06599,576.0,5.023
202,6.7899,Midnight 00:00,simulation,0.1,1,0.35167,-0.74766,2.73107,0.73107,0.35167,-1.74766,2.99392,0.02342,-0.06599,576.0,5.023
203,6.8235,Midnight 00:00,simulation,0.1,1,0.36642,-0.74117,2.71492,0.71492,0.36642,-1.74117,-3.25495,-0.02835,-0.00465,588.0,5.033
204,6.8571,Midnight 00:00,simulation,0.1,1,0.36503,-0.71452,2.6162,0.6162,0.36503,-1.71452,-3.33598,-0.04457,0.03674,612.5,5.011
205,6.8908,Midnight 00:00,simulation,0.1,1,0.39487,-0.74821,2.74107,0.74107,0.39487,-1.74821,-3.22595,-0.01092,0.12528,588.0,5.029
206,6.9244,Midnight 00:00,simulation,0.1,1,0.39498,-0.72044,2.64852,0.64852,0.39498,-1.72044,-2.41108,0.01059,0.41213,600.0,5.024
207,6.958,Midnight 00:00,simulation,0.1,1,0.40813,-0.72018,2.63717,0.63717,0.40813,-1.72018,-3.31611,-0.02857,0.15829,612.5,5.014
208,6.9916,Midnight 00:00,simulation,0.1,1,0.43477,-0.74209,2.72638,0.72638,0.43477,-1.74209,3.09649,0.01027,-0.03458,600.0,5.03
209,7.0252,Midnight 00:00,simulation,0.1,1,0.43198,-0.72139,2.63412,0.63412,0.43198,-1.72139,2.9185,0.04134,-0.10413,600.0,5.015
210,7.0588,Midnight 00:00,simulation,0.1,1,0.43198,-0.72139,2.63412,0.63412,0.43198,-1.72139,2.9185,0.04134,-0.10413,600.0,5.015
211,7.0924,Midnight 00:00,simulation,0.1,1,0.46322,-0.74997,2.7476,0.7476,0.46322,-1.74997,-3.21888,-0.01261,0.13202,588.0,5.023
212,7.1261,Midnight 00:00,simulation,0.1,1,0.47902,-0.75036,2.74104,0.74104,0.47902,-1.75036,3.00173,0.03022,-0.08631,576.0,5.026
213,7.1597,Midnight 00:00,simulation,0.1,1,0.47066,-0.71657,2.62378,0.62378,0.47066,-1.71657,-3.32965,-0.0534,0.06034,612.5,5.011
214,7.1933,Midnight 00:00,simulation,0.1,1,0.50211,-0.74273,2.72876,0.72876,0.50211,-1.74273,3.09916,0.01119,-0.03786,600.0,5.029
215,7.2269,Midnight 00:00,simulation,0.1,1,0.51734,-0.7427,2.72057,0.72057,0.51734,-1.7427,-3.24984,-0.03553,0.01638,588.0,5.016
216,7.2605,Midnight 00:00,simulation,0.1,1,0.51734,-0.7427,2.72057,0.72057,0.51734,-1.7427,-3.24984,-0.03553,0.01638,588.0,5.016
217,7.2941,Midnight 00:00,simulation,0.1,1,0.51583,-0.72378,2.65052,0.65052,0.51583,-1.72378,-3.30408,-0.03556,0.17994,612.5,5.013
218,7.3277,Midnight 00:00,simulation,0.1,1,0.53798,-0.71855,2.63872,0.63872,0.53798,-1.71855,3.00746,0.03388,-0.09815,625.0,5.003
219,7.3613,Midnight 00:00,simulation,0.1,1,0.53798,-0.71855,2.63872,0.63872,0.53798,-1.71855,3.00746,0.03388,-0.09815,625.0,5.003
220,7.395,Midnight 00:00,simulation,0.1,1,0.5751,-0.75298,2.75878,0.75878,0.5751,-1.75298,-3.20659,-0.01421,0.14002,588.0,5.018
221,7.4286,Midnight 00:00,simulation,0.1,1,0.58477,-0.74356,2.72378,0.72378,0.58477,-1.74356,-3.24684,-0.03827,0.02447,588.0,5.017
222,7.4622,Midnight 00:00,simulation,0.1,1,0.58285,-0.72625,2.65967,0.65967,0.58285,-1.72625,-3.29577,-0.03909,0.19177,612.5,5.004
223,7.4958,Midnight 00:00,simulation,0.1,1,0.61838,-0.75415,2.76314,0.76314,0.61838,-1.75415,-3.20173,-0.01445,0.14207,588.0,5.017
224,7.5294,Midnight 00:00,simulation,0.1,1,0.60419,-0.72029,2.64519,0.64519,0.60419,-1.72029,3.01298,0.03651,-0.10677,625.0,5.005
225,7.563,Midnight 00:00,simulation,0.1,1,0.63765,-0.74303,2.73071,0.73071,0.63765,-1.74303,-2.49396,0.04382,0.34221,600.0,5.008
226,7.5966,Midnight 00:00,simulation,0.1,1,0.63765,-0.74303,2.73071,0.73071,0.63765,-1.74303,-2.49396,0.04382,0.34221,600.0,5.008
227,7.6303,Midnight 00:00,simulation,0.1,1,0.65405,-0.74418,2.7342,0.7342,0.65405,-1.74418,3.10535,0.01251,-0.04286,600.0,5.013
228,7.6639,Midnight 00:00,simulation,0.1,1,0.64577,-0.72142,2.6494,0.6494,0.64577,-1.72142,3.01664,0.03794,-0.11165,625.0,4.994
229,7.6975,Midnight 00:00,simulation,0.1,1,0.68566,-0.75572,2.76086,0.76086,0.68566,-1.75572,3.0179,0.03833,-0.11256,576.0,5.009
230,7.7311,Midnight 00:00,simulation,0.1,1,0.69484,-0.74514,2.72962,0.72962,0.69484,-1.74514,-3.24132,-0.04206,0.03582,588.0,5.003
231,7.7647,Midnight 00:00,simulation,0.1,1,0.68235,-0.72226,2.66581,0.66581,0.68235,-1.72226,2.93799,0.05893,-0.15456,600.0,5.001
232,7.7983,Midnight 00:00,simulation,0.1,1,0.68235,-0.72226,2.66581,0.66581,0.68235,-1.72226,2.93799,0.05893,-0.15456,600.0,5.001
233,7.8319,Midnight 00:00,simulation,0.1,1,0.68514,-0.71162,2.67723,0.67723,0.68514,-1.71162,-3.28206,-0.04694,0.23532,612.5,4.994
234,7.8655,Midnight 00:00,simulation,0.1,1,0.67953,-0.69203,2.65439,0.65439,0.67953,-1.69203,3.01736,0.03929,-0.12008,625.0,4.987
235,7.8992,Midnight 00:00,simulation,0.1,1,0.68283,-0.68419,2.66775,0.66775,0.68283,-1.68419,2.93284,0.05949,-0.16138,600.0,5.002
236,7.9328,Midnight 00:00,simulation,0.1,1,0.68313,-0.66132,2.66894,0.66894,0.68313,-1.66132,2.92962,0.05982,-0.16565,600.0,4.997
237,7.9664,Midnight 00:00,simulation,0.1,1,0.68313,-0.66132,2.66894,0.66894,0.68313,-1.66132,2.92962,0.05982,-0.16565,600.0,4.997
238,8.0,Midnight 00:00,simulation,0.1,1,0.68332,-0.64607,2.66974,0.66974,0.68332,-1.64607,2.92743,0.06003,-0.16856,600.0,4.999
239,8.0336,Midnight 00:00,simulation,0.1,1,0.68036,-0.63136,2.65771,0.65771,0.68036,-1.63136,3.01256,0.03992,-0.13056,625.0,4.984
240,8.0672,Midnight 00:00,simulation,0.1,1,0.68036,-0.63136,2.65771,0.65771,0.68036,-1.63136,3.01256,0.03992,-0.13056,625.0,4.984
241,8.1008,Midnight 00:00,simulation,0.1,1,0.68362,-0.62318,2.67095,0.67095,0.68362,-1.62318,2.92405,0.06034,-0.17305,600.0,5.0
242,8.1345,Midnight 00:00,simulation,0.1,1,0.68068,-0.60858,2.65901,0.65901,0.68068,-1.60858,3.01068,0.04014,-0.13481,625.0,4.99
243,8.1681,Midnight 00:00,simulation,0.1,1,0.68392,-0.60027,2.67218,0.67218,0.68392,-1.60027,2.92057,0.06064,-0.17768,600.0,4.992
244,8.2017,Midnight 00:00,simulation,0.1,1,0.68412,-0.58498,2.673,0.673,0.68412,-1.58498,2.91819,0.06084,-0.18084,600.0,5.001
245,8.2353,Midnight 00:00,simulation,0.1,1,0.68124,-0.57059,2.66127,0.66127,0.68124,-1.57059,3.00742,0.04048,-0.1423,625.0,4.983
246,8.2689,Midnight 00:00,simulation,0.1,1,0.68124,-0.57059,2.66127,0.66127,0.68124,-1.57059,3.00742,0.04048,-0.1423,625.0,4.983
247,8.3025,Midnight 00:00,simulation,0.1,1,0.68443,-0.56204,2.67424,0.67424,0.68443,-1.56204,2.91452,0.06112,-0.18571,600.0,4.999
248,8.3361,Midnight 00:00,simulation,0.1,1,0.68182,-0.53255,2.66362,0.66362,0.68182,-1.53255,3.004,0.04078,-0.15035,625.0,4.984
249,8.3697,Midnight 00:00,simulation,0.1,1,0.68182,-0.53255,2.66362,0.66362,0.68182,-1.53255,3.004,0.04078,-0.15035,625.0,4.984
250,8.4034,Midnight 00:00,simulation,0.1,1,0.68494,-0.52375,2.67631,0.67631,0.68494,-1.52375,2.90814,0.06156,-0.19415,600.0,5.0
251,8.437,Midnight 00:00,simulation,0.1,1,0.68218,-0.5097,2.66508,0.66508,0.68218,-1.5097,3.00187,0.04095,-0.15547,625.0,4.986
252,8.4706,Midnight 00:00,simulation,0.1,1,0.68218,-0.5097,2.66508,0.66508,0.68218,-1.5097,3.00187,0.04095,-0.15547,625.0,4.986
253,8.5042,Midnight 00:00,simulation,0.1,1,0.68545,-0.48541,2.6784,0.6784,0.68545,-1.48541,2.90138,0.06197,-0.20301,600.0,4.997
254,8.5378,Midnight 00:00,simulation,0.1,1,0.68545,-0.48541,2.6784,0.6784,0.68545,-1.48541,2.90138,0.06197,-0.20301,600.0,4.997
255,8.5714,Midnight 00:00,simulation,0.1,1,0.6828,-0.47158,2.66759,0.66759,0.6828,-1.47158,2.99816,0.04119,-0.16453,625.0,4.977
256,8.605,Midnight 00:00,simulation,0.1,1,0.68575,-0.46238,2.67965,0.67965,0.68575,-1.46238,2.89714,0.06219,-0.20853,600.0,4.997
257,8.6387,Midnight 00:00,simulation,0.1,1,0.69737,-0.45464,2.71622,0.71622,0.69737,-1.45464,2.98626,0.07197,-0.15488,600.5,4.99
258,8.6723,Midnight 00:00,simulation,0.1,1,0.68606,-0.43932,2.68089,0.68089,0.68606,-1.43932,2.89274,0.0624,-0.21421,600.0,4.987
259,8.7059,Midnight 00:00,simulation,0.1,1,0.68626,-0.42394,2.68172,0.68172,0.68626,-1.42394,2.88972,0.06253,-0.21808,600.0,4.994
260,8.7395,Midnight 00:00,simulation,0.1,1,0.68626,-0.42394,2.68172,0.68172,0.68626,-1.42394,2.88972,0.06253,-0.21808,600.0,4.994
261,8.7731,Midnight 00:00,simulation,0.1,1,0.68655,-0.40084,2.68294,0.68294,0.68655,-1.40084,2.88505,0.06271,-0.22402,600.0,4.986
262,8.8067,Midnight 00:00,simulation,0.1,1,0.68675,-0.38543,2.68375,0.68375,0.68675,-1.38543,2.88184,0.06282,-0.22806,600.0,4.985
263,8.8403,Midnight 00:00,simulation,0.1,1,0.68675,-0.38543,2.68375,0.68375,0.68675,-1.38543,2.88184,0.06282,-0.22806,600.0,4.985
264,8.8739,Midnight 00:00,simulation,0.1,1,0.6845,-0.37217,2.67451,0.67451,0.6845,-1.37217,2.98738,0.04156,-0.19157,625.0,4.968
265,8.9076,Midnight 00:00,simulation,0.1,1,0.68704,-0.3623,2.68495,0.68495,0.68704,-1.3623,2.87686,0.06297,-0.23426,600.0,4.982
266,8.9412,Midnight 00:00,simulation,0.1,1,0.68732,-0.33914,2.68612,0.68612,0.68732,-1.33914,2.87169,0.0631,-0.24061,600.0,4.969
267,8.9748,Midnight 00:00,simulation,0.1,1,0.68732,-0.33914,2.68612,0.68612,0.68732,-1.33914,2.87169,0.0631,-0.24061,600.0,4.969
268,9.0084,Midnight 00:00,simulation,0.1,1,0.68751,-0.32369,2.68688,0.68688,0.68751,-1.32369,2.86813,0.06317,-0.24493,600.0,4.975
269,9.042,Midnight 00:00,simulation,0.1,1,0.68559,-0.31077,2.67897,0.67897,0.68559,-1.31077,2.97965,0.04157,-0.21114,625.0,4.95
270,9.0756,Midnight 00:00,simulation,0.1,1,0.68559,-0.31077,2.67897,0.67897,0.68559,-1.31077,2.97965,0.04157,-0.21114,625.0,4.95
271,9.1092,Midnight 00:00,simulation,0.1,1,0.68777,-0.3005,2.688,0.688,0.68777,-1.3005,2.86261,0.06327,-0.25152,600.0,4.97
272,9.1429,Midnight 00:00,simulation,0.1,1,0.6892,-0.28736,2.69446,0.69446,0.6892,-1.28736,-3.32637,-0.04923,0.39669,612.5,4.962
273,9.1765,Midnight 00:00,simulation,0.1,1,0.6882,-0.26179,2.68978,0.68978,0.6882,-1.26179,2.8529,0.06338,-0.26282,600.0,4.962
274,9.2101,Midnight 00:00,simulation,0.1,1,0.6882,-0.26179,2.68978,0.68978,0.6882,-1.26179,2.8529,0.06338,-0.26282,600.0,4.962
275,9.2437,Midnight 00:00,simulation,0.1,1,0.68669,-0.24917,2.68347,0.68347,0.68669,-1.24917,2.97069,0.04141,-0.23331,625.0,4.944
276,9.2773,Midnight 00:00,simulation,0.1,1,0.68844,-0.23854,2.69078,0.69078,0.68844,-1.23854,2.84675,0.06342,-0.26977,600.0,4.951
277,9.3109,Midnight 00:00,simulation,0.1,1,0.68844,-0.23854,2.69078,0.69078,0.68844,-1.23854,2.84675,0.06342,-0.26977,600.0,4.951
278,9.3445,Midnight 00:00,simulation,0.1,1,0.68735,-0.21056,2.68623,0.68623,0.68735,-1.21056,2.96423,0.04121,-0.24862,625.0,4.93
279,9.3782,Midnight 00:00,simulation,0.1,1,0.6888,-0.19973,2.69233,0.69233,0.6888,-1.19973,2.83593,0.06343,-0.28162,600.0,4.94
280,9.4118,Midnight 00:00,simulation,0.1,1,0.6888,-0.19973,2.69233,0.69233,0.6888,-1.19973,2.83593,0.06343,-0.28162,600.0,4.94
281,9.4454,Midnight 00:00,simulation,0.1,1,0.70175,-0.18864,2.73407,0.73407,0.70175,-1.18864,2.94531,0.07287,-0.23244,600.5,4.928
282,9.479,Midnight 00:00,simulation,0.1,1,0.71667,-0.17984,2.80118,0.80118,0.71667,-1.17984,-2.91509,0.00585,0.41733,612.5,4.925
283,9.5126,Midnight 00:00,simulation,0.1,1,0.68911,-0.16088,2.6937,0.6937,0.68911,-1.16088,2.82435,0.06338,-0.29373,600.0,4.933
284,9.5462,Midnight 00:00,simulation,0.1,1,0.68834,-0.14861,2.69034,0.69034,0.68834,-1.14861,2.95193,0.04077,-0.27557,625.0,4.908
285,9.5798,Midnight 00:00,simulation,0.1,1,0.68928,-0.13754,2.69442,0.69442,0.68928,-1.13754,2.81701,0.06332,-0.30109,600.0,4.924
286,9.6134,Midnight 00:00,simulation,0.1,1,0.68938,-0.12197,2.69485,0.69485,0.68938,-1.12197,2.81196,0.06326,-0.30603,600.0,4.918
287,9.6471,Midnight 00:00,simulation,0.1,1,0.68938,-0.12197,2.69485,0.69485,0.68938,-1.12197,2.81196,0.06326,-0.30603,600.0,4.918
288,9.6807,Midnight 00:00,simulation,0.1,1,0.68886,-0.10978,2.69258,0.69258,0.68886,-1.10978,2.94261,0.04044,-0.2939,625.0,4.905
289,9.7143,Midnight 00:00,simulation,0.1,1,0.6895,-0.09861,2.69544,0.69544,0.6895,-1.09861,2.80411,0.06316,-0.31347,600.0,4.92
290,9.7479,Midnight 00:00,simulation,0.1,1,0.68913,-0.08645,2.69375,0.69375,0.68913,-1.08645,2.93624,0.04023,-0.30539,625.0,4.901
291,9.7815,Midnight 00:00,simulation,0.1,1,0.68961,-0.07524,2.69593,0.69593,0.68961,-1.07524,2.79596,0.06303,-0.32094,600.0,4.911
292,9.8151,Midnight 00:00,simulation,0.1,1,0.68967,-0.05965,2.69621,0.69621,0.68967,-1.05965,2.79035,0.06293,-0.32591,600.0,4.914
293,9.8487,Midnight 00:00,simulation,0.1,1,0.68948,-0.04752,2.69531,0.69531,0.68948,-1.04752,2.92409,0.0399,-0.32519,625.0,4.893
294,9.8824,Midnight 00:00,simulation,0.1,1,0.68948,-0.04752,2.69531,0.69531,0.68948,-1.04752,2.92409,0.0399,-0.32519,625.0,4.893
295,9.916,Midnight 00:00,simulation,0.1,1,0.72854,-0.0372,2.84633,0.84633,0.72854,-1.0372,3.08349,0.00839,-0.35741,600.0,4.906
296,9.9496,Midnight 00:00,simulation,0.1,1,0.70379,-0.02263,2.74276,0.74276,0.70379,-1.02263,2.89843,0.07251,-0.30503,600.5,4.898
297,9.9832,Midnight 00:00,simulation,0.1,1,0.72864,-0.01233,2.84706,0.84706,0.72864,-1.01233,3.12809,-0.00141,-0.37064,600.0,4.894
298,10.0168,Midnight 00:00,simulation,0.1,1,0.72527,0.00448,2.83311,0.83311,0.72527,-0.99552,3.24344,-0.02226,-0.36004,600.0,4.902
299,10.0504,Midnight 00:00,simulation,0.1,1,0.72527,0.00448,2.83311,0.83311,0.72527,-0.99552,3.24344,-0.02226,-0.36004,600.0,4.902
300,10.084,Midnight 00:00,simulation,0.1,1,0.68965,0.01635,2.69614,0.69614,0.68965,-0.98365,3.32708,-0.04531,-0.39005,625.0,4.884
301,10.1176,Midnight 00:00,simulation,0.1,1,0.68965,0.01635,2.69614,0.69614,0.68965,-0.98365,3.32708,-0.04531,-0.39005,625.0,4.884
302,10.1513,Midnight 00:00,simulation,0.1,1,0.68965,0.01635,2.69614,0.69614,0.68965,-0.98365,3.32708,-0.04531,-0.39005,625.0,4.884
303,10.1849,Midnight 00:00,simulation,0.1,1,0.68965,0.01635,2.69614,0.69614,0.68965,-0.98365,3.32708,-0.04531,-0.39005,625.0,4.884
304,10.2185,Midnight 00:00,simulation,0.1,1,0.68965,0.01635,2.69614,0.69614,0.68965,-0.98365,3.32708,-0.04531,-0.39005,625.0,4.884
305,10.2521,Midnight 00:00,simulation,0.1,1,0.68965,0.01635,2.69614,0.69614,0.68965,-0.98365,3.32708,-0.04531,-0.39005,625.0,4.884
306,10.2857,Midnight 00:00,simulation,0.1,1,0.68965,0.01635,2.69614,0.69614,0.68965,-0.98365,3.32708,-0.04531,-0.39005,625.0,4.884
307,10.3193,Midnight 00:00,simulation,0.1,1,0.68965,0.01635,2.69614,0.69614,0.68965,-0.98365,3.32708,-0.04531,-0.39005,625.0,4.884
308,10.3529,Midnight 00:00,simulation,0.1,1,0.68965,0.01635,2.69614,0.69614,0.68965,-0.98365,3.32708,-0.04531,-0.39005,625.0,4.884
309,10.3866,Midnight 00:00,simulation,0.1,1,0.68965,0.01635,2.69614,0.69614,0.68965,-0.98365,3.32708,-0.04531,-0.39005,625.0,4.884
310,10.4202,Midnight 00:00,simulation,0.1,1,0.68965,0.01635,2.69614,0.69614,0.68965,-0.98365,3.32708,-0.04531,-0.39005,625.0,4.884
311,10.4538,Midnight 00:00,simulation,0.1,1,0.68965,0.01635,2.69614,0.69614,0.68965,-0.98365,3.32708,-0.04531,-0.39005,625.0,4.884
312,10.4874,Midnight 00:00,simulation,0.1,1,0.68965,0.01635,2.69614,0.69614,0.68965,-0.98365,3.32708,-0.04531,-0.39005,625.0,4.884
313,10.521,Midnight 00:00,simulation,0.1,1,0.68965,0.01635,2.69614,0.69614,0.68965,-0.98365,3.32708,-0.04531,-0.39005,625.0,4.884
314,10.5546,Midnight 00:00,simulation,0.1,1,0.68965,0.01635,2.69614,0.69614,0.68965,-0.98365,3.32708,-0.04531,-0.39005,625.0,4.884
315,10.5882,Midnight 00:00,simulation,0.1,1,0.68965,0.01635,2.69614,0.69614,0.68965,-0.98365,3.32708,-0.04531,-0.39005,625.0,4.884
316,10.6218,Midnight 00:00,simulation,0.1,1,0.68965,0.01635,2.69614,0.69614,0.68965,-0.98365,3.32708,-0.04531,-0.39005,625.0,4.884
317,10.6555,Midnight 00:00,simulation,0.1,1,0.68965,0.01635,2.69614,0.69614,0.68965,-0.98365,3.32708,-0.04531,-0.39005,625.0,4.884
318,10.6891,Midnight 00:00,simulation,0.1,1,0.68965,0.01635,2.69614,0.69614,0.68965,-0.98365,3.32708,-0.04531,-0.39005,625.0,4.884
319,10.7227,Midnight 00:00,simulation,0.1,1,0.68965,0.01635,2.69614,0.69614,0.68965,-0.98365,3.32708,-0.04531,-0.39005,625.0,4.884
320,10.7563,Midnight 00:00,simulation,0.1,1,0.68965,0.01635,2.69614,0.69614,0.68965,-0.98365,3.32708,-0.04531,-0.39005,625.0,4.884
321,10.7899,Midnight 00:00,simulation,0.1,1,0.68965,0.01635,2.69614,0.69614,0.68965,-0.98365,3.32708,-0.04531,-0.39005,625.0,4.884
322,10.8235,Midnight 00:00,simulation,0.1,1,0.68965,0.01635,2.69614,0.69614,0.68965,-0.98365,3.32708,-0.04531,-0.39005,625.0,4.884
323,10.8571,Midnight 00:00,simulation,0.1,1,0.68965,0.01635,2.69614,0.69614,0.68965,-0.98365,3.32708,-0.04531,-0.39005,625.0,4.884
324,10.8908,Midnight 00:00,simulation,0.1,1,0.68965,0.01635,2.69614,0.69614,0.68965,-0.98365,3.32708,-0.04531,-0.39005,625.0,4.884
325,10.9244,Midnight 00:00,simulation,0.1,1,0.68965,0.01635,2.69614,0.69614,0.68965,-0.98365,3.32708,-0.04531,-0.39005,625.0,4.884
326,10.958,Midnight 00:00,simulation,0.1,1,0.68965,0.01635,2.69614,0.69614,0.68965,-0.98365,3.32708,-0.04531,-0.39005,625.0,4.884
327,10.9916,Midnight 00:00,simulation,0.1,1,0.68965,0.01635,2.69614,0.69614,0.68965,-0.98365,3.32708,-0.04531,-0.39005,625.0,4.884
328,11.0252,Midnight 00:00,simulation,0.1,1,0.68965,0.01635,2.69614,0.69614,0.68965,-0.98365,3.32708,-0.04531,-0.39005,625.0,4.884
329,11.0588,Midnight 00:00,simulation,0.1,1,0.68965,0.01635,2.69614,0.69614,0.68965,-0.98365,3.32708,-0.04531,-0.39005,625.0,4.884
330,11.0924,Midnight 00:00,simulation,0.1,1,0.68965,0.01635,2.69614,0.69614,0.68965,-0.98365,3.32708,-0.04531,-0.39005,625.0,4.884
331,11.1261,Midnight 00:00,simulation,0.1,1,0.68965,0.01635,2.69614,0.69614,0.68965,-0.98365,3.32708,-0.04531,-0.39005,625.0,4.884
332,11.1597,Midnight 00:00,simulation,0.1,1,0.68965,0.01635,2.69614,0.69614,0.68965,-0.98365,3.32708,-0.04531,-0.39005,625.0,4.884
333,11.1933,Midnight 00:00,simulation,0.1,1,0.68965,0.01635,2.69614,0.69614,0.68965,-0.98365,3.32708,-0.04531,-0.39005,625.0,4.884
334,11.2269,Midnight 00:00,simulation,0.1,1,0.68965,0.01635,2.69614,0.69614,0.68965,-0.98365,3.32708,-0.04531,-0.39005,625.0,4.884
335,11.2605,Midnight 00:00,simulation,0.1,1,0.68965,0.01635,2.69614,0.69614,0.68965,-0.98365,3.32708,-0.04531,-0.39005,625.0,4.884
336,11.2941,Midnight 00:00,simulation,0.1,1,0.68965,0.01635,2.69614,0.69614,0.68965,-0.98365,3.32708,-0.04531,-0.39005,625.0,4.884
337,11.3277,Midnight 00:00,simulation,0.1,1,0.68965,0.01635,2.69614,0.69614,0.68965,-0.98365,3.32708,-0.04531,-0.39005,625.0,4.884
338,11.3613,Midnight 00:00,simulation,0.1,1,0.68965,0.01635,2.69614,0.69614,0.68965,-0.98365,3.32708,-0.04531,-0.39005,625.0,4.884
339,11.395,Midnight 00:00,simulation,0.1,1,0.68965,0.01635,2.69614,0.69614,0.68965,-0.98365,3.32708,-0.04531,-0.39005,625.0,4.884
340,11.4286,Midnight 00:00,simulation,0.1,1,0.68965,0.01635,2.69614,0.69614,0.68965,-0.98365,3.32708,-0.04531,-0.39005,625.0,4.884
341,11.4622,Midnight 00:00,simulation,0.1,1,0.68965,0.01635,2.69614,0.69614,0.68965,-0.98365,3.32708,-0.04531,-0.39005,625.0,4.884
342,11.4958,Midnight 00:00,simulation,0.1,1,0.68965,0.01635,2.69614,0.69614,0.68965,-0.98365,3.32708,-0.04531,-0.39005,625.0,4.884
343,11.5294,Midnight 00:00,simulation,0.1,1,0.68965,0.01635,2.69614,0.69614,0.68965,-0.98365,3.32708,-0.04531,-0.39005,625.0,4.884
344,11.563,Midnight 00:00,simulation,0.1,1,0.68965,0.01635,2.69614,0.69614,0.68965,-0.98365,3.32708,-0.04531,-0.39005,625.0,4.884
345,11.5966,Midnight 00:00,simulation,0.1,1,0.68965,0.01635,2.69614,0.69614,0.68965,-0.98365,3.32708,-0.04531,-0.39005,625.0,4.884
346,11.6303,Midnight 00:00,simulation,0.1,1,0.68965,0.01635,2.69614,0.69614,0.68965,-0.98365,3.32708,-0.04531,-0.39005,625.0,4.884
347,11.6639,Midnight 00:00,simulation,0.1,1,0.68965,0.01635,2.69614,0.69614,0.68965,-0.98365,3.32708,-0.04531,-0.39005,625.0,4.884
348,11.6975,Midnight 00:00,simulation,0.1,1,0.68965,0.01635,2.69614,0.69614,0.68965,-0.98365,3.32708,-0.04531,-0.39005,625.0,4.884
349,11.7311,Midnight 00:00,simulation,0.1,1,0.68965,0.01635,2.69614,0.69614,0.68965,-0.98365,3.32708,-0.04531,-0.39005,625.0,4.884
350,11.7647,Midnight 00:00,simulation,0.1,1,0.68965,0.01635,2.69614,0.69614,0.68965,-0.98365,3.32708,-0.04531,-0.39005,625.0,4.884
351,11.7983,Midnight 00:00,simulation,0.1,1,0.68965,0.01635,2.69614,0.69614,0.68965,-0.98365,3.32708,-0.04531,-0.39005,625.0,4.884
352,11.8319,Midnight 00:00,simulation,0.1,1,0.68965,0.01635,2.69614,0.69614,0.68965,-0.98365,3.32708,-0.04531,-0.39005,625.0,4.884
353,11.8655,Midnight 00:00,simulation,0.1,1,0.68965,0.01635,2.69614,0.69614,0.68965,-0.98365,3.32708,-0.04531,-0.39005,625.0,4.884
354,11.8992,Midnight 00:00,simulation,0.1,1,0.68965,0.01635,2.69614,0.69614,0.68965,-0.98365,3.32708,-0.04531,-0.39005,625.0,4.884
355,11.9328,Midnight 00:00,simulation,0.1,1,0.68965,0.01635,2.69614,0.69614,0.68965,-0.98365,3.32708,-0.04531,-0.39005,625.0,4.884
356,11.9664,Midnight 00:00,simulation,0.1,1,0.68965,0.01635,2.69614,0.69614,0.68965,-0.98365,3.32708,-0.04531,-0.39005,625.0,4.884
357,12.0,Midnight 00:00,simulation,0.1,1,0.68965,0.01635,2.69614,0.69614,0.68965,-0.98365,3.32708,-0.04531,-0.39005,625.0,4.884
358,12.0336,Midnight 00:00,simulation,0.1,1,0.68965,0.01635,2.69614,0.69614,0.68965,-0.98365,3.32708,-0.04531,-0.39005,625.0,4.884
359,12.0672,Midnight 00:00,simulation,0.1,1,0.68965,0.01635,2.69614,0.69614,0.68965,-0.98365,3.32708,-0.04531,-0.39005,625.0,4.884
360,12.1008,Midnight 00:00,simulation,0.1,1,0.68965,0.01635,2.69614,0.69614,0.68965,-0.98365,3.32708,-0.04531,-0.39005,625.0,4.884
361,12.1345,Midnight 00:00,simulation,0.1,1,0.68965,0.01635,2.69614,0.69614,0.68965,-0.98365,3.32708,-0.04531,-0.39005,625.0,4.884
362,12.1681,Midnight 00:00,simulation,0.1,1,0.68965,0.01635,2.69614,0.69614,0.68965,-0.98365,3.32708,-0.04531,-0.39005,625.0,4.884
363,12.2017,Midnight 00:00,simulation,0.1,1,0.68965,0.01635,2.69614,0.69614,0.68965,-0.98365,3.32708,-0.04531,-0.39005,625.0,4.884
364,12.2353,Midnight 00:00,simulation,0.1,1,0.68965,0.01635,2.69614,0.69614,0.68965,-0.98365,3.32708,-0.04531,-0.39005,625.0,4.884
365,12.2689,Midnight 00:00,simulation,0.1,1,0.68965,0.01635,2.69614,0.69614,0.68965,-0.98365,3.32708,-0.04531,-0.39005,625.0,4.884
366,12.3025,Midnight 00:00,simulation,0.1,1,0.70288,0.016,2.76191,0.76191,0.70288,-0.984,3.14194,-0.00082,-0.11555,600.0,4.895
367,12.3361,Midnight 00:00,simulation,0.1,1,0.70288,0.016,2.76191,0.76191,0.70288,-0.984,3.14194,-0.00082,-0.11555,600.0,4.895
368,12.3697,Midnight 00:00,simulation,0.1,1,0.70471,0.01291,2.80519,0.80519,0.70471,-0.98709,3.33437,-0.04584,-0.38895,576.0,4.897
369,12.4034,Midnight 00:00,simulation,0.1,1,0.69572,0.01737,2.80371,0.80371,0.69572,-0.98263,3.47219,-0.07827,-0.41359,552.0,4.903
370,12.437,Midnight 00:00,simulation,0.1,1,0.69572,0.01737,2.80371,0.80371,0.69572,-0.98263,3.47219,-0.07827,-0.41359,552.0,4.903
371,12.4706,Midnight 00:00,simulation,0.1,1,0.68665,0.01737,2.80173,0.80173,0.68665,-0.98263,3.47464,-0.07778,-0.40901,552.0,4.899
372,12.5042,Midnight 00:00,simulation,0.1,1,0.71164,0.01764,2.92158,0.92158,0.71164,-0.98236,3.34293,-0.04636,-0.37853,529.0,4.907
373,12.5378,Midnight 00:00,simulation,0.1,1,0.71164,0.01764,2.92158,0.92158,0.71164,-0.98236,3.34293,-0.04636,-0.37853,529.0,4.907
374,12.5714,Midnight 00:00,simulation,0.1,1,0.7022,0.01764,2.91955,0.91955,0.7022,-0.98236,3.34634,-0.04644,-0.37473,529.0,4.901
375,12.605,Midnight 00:00,simulation,0.1,1,0.71815,0.01739,3.00254,1.00254,0.71815,-0.98261,3.14219,-0.00066,-0.09518,506.0,4.899
376,12.6387,Midnight 00:00,simulation,0.1,1,0.69278,0.01764,2.91755,0.91755,0.69278,-0.98236,3.34968,-0.04648,-0.37087,529.0,4.892
377,12.6723,Midnight 00:00,simulation,0.1,1,0.68337,0.01763,2.91556,0.91556,0.68337,-0.98237,3.35295,-0.04649,-0.36696,529.0,4.883
378,12.7059,Midnight 00:00,simulation,0.1,1,0.72687,0.01367,3.12041,1.12041,0.72687,-0.98633,3.16373,-0.0075,-0.34064,484.0,4.903
379,12.7395,Midnight 00:00,simulation,0.1,1,0.72687,0.01367,3.12041,1.12041,0.72687,-0.98633,3.16373,-0.0075,-0.34064,484.0,4.903
380,12.7731,Midnight 00:00,simulation,0.1,1,0.71725,0.01367,3.1201,1.1201,0.71725,-0.98633,3.1655,-0.0076,-0.32815,484.0,4.893
381,12.8067,Midnight 00:00,simulation,0.1,1,0.71725,0.01367,3.1201,1.1201,0.71725,-0.98633,3.1655,-0.0076,-0.32815,484.0,4.885
382,12.8403,Midnight 00:00,simulation,0.1,1,0.70656,0.01374,3.11543,1.11543,0.70656,-0.98626,3.19344,-0.01287,-0.36376,484.0,4.876
383,12.8739,Midnight 00:00,simulation,0.1,1,0.70755,0.01364,3.13922,1.13922,0.70755,-0.98636,3.14186,-0.00043,-0.08459,462.0,4.888
384,12.9076,Midnight 00:00,simulation,0.1,1,0.69678,0.01376,3.11397,1.11397,0.69678,-0.98624,3.208,-0.01404,-0.29199,484.0,4.876
385,12.9412,Midnight 00:00,simulation,0.1,1,0.69791,0.01364,3.13918,1.13918,0.69791,-0.98636,3.14189,-0.00044,-0.08589,462.0,4.883
386,12.9748,Midnight 00:00,simulation,0.1,1,0.69504,0.01053,3.17336,1.17336,0.69504,-0.98947,2.76875,0.03539,-0.40981,430.5,4.883
387,13.0084,Midnight 00:00,simulation,0.1,1,0.69735,0.00995,3.18274,1.18274,0.69735,-0.99005,3.37103,-0.04632,-0.35363,441.0,4.888
388,13.042,Midnight 00:00,simulation,0.1,1,0.68491,0.01052,3.17145,1.17145,0.68491,-0.98948,2.76773,0.03494,-0.40492,430.5,4.883
389,13.0756,Midnight 00:00,simulation,0.1,1,0.68491,0.01052,3.17145,1.17145,0.68491,-0.98948,2.76773,0.03494,-0.40492,430.5,4.883
390,13.1092,Midnight 00:00,simulation,0.1,1,0.67697,0.0149,3.17869,1.17869,0.67697,-0.9851,3.51575,-0.07518,-0.36426,420.0,4.879
391,13.1429,Midnight 00:00,simulation,0.1,1,0.72439,0.01511,3.42448,1.42448,0.72439,-0.98489,3.21686,-0.01476,-0.30429,400.0,4.883
392,13.1765,Midnight 00:00,simulation,0.1,1,0.72439,0.01511,3.42448,1.42448,0.72439,-0.98489,3.21686,-0.01476,-0.30429,400.0,4.883
393,13.2101,Midnight 00:00,simulation,0.1,1,0.71392,0.01511,3.42461,1.42461,0.71392,-0.98489,3.21562,-0.01423,-0.29874,400.0,4.878
394,13.2437,Midnight 00:00,simulation,0.1,1,0.71392,0.01511,3.42461,1.42461,0.71392,-0.98489,3.21562,-0.01423,-0.29874,400.0,4.88
395,13.2773,Midnight 00:00,simulation,0.1,1,0.69467,0.01529,3.38388,1.38388,0.69467,-0.98471,3.32983,-0.03687,-0.45793,400.0,4.874
396,13.3109,Midnight 00:00,simulation,0.1,1,0.67359,0.0152,3.33024,1.33024,0.67359,-0.9848,3.38591,-0.04535,-0.32861,400.0,4.871
397,13.3445,Midnight 00:00,simulation,0.1,1,0.67359,0.0152,3.33024,1.33024,0.67359,-0.9848,3.38591,-0.04535,-0.32861,400.0,4.871
398,13.3782,Midnight 00:00,simulation,0.1,1,0.72377,0.01066,3.60413,1.60413,0.72377,-0.98934,3.21476,-0.01342,-0.2894,361.0,4.871
399,13.4118,Midnight 00:00,simulation,0.1,1,0.72377,0.01066,3.60413,1.60413,0.72377,-0.98934,3.21476,-0.01342,-0.2894,361.0,4.865
400,13.4454,Midnight 00:00,simulation,0.1,1,0.71254,0.01067,3.60364,1.60364,0.71254,-0.98933,3.21607,-0.01425,-0.33051,361.0,4.87
401,13.479,Midnight 00:00,simulation,0.1,1,0.71254,0.01067,3.60364,1.60364,0.71254,-0.98933,3.21607,-0.01425,-0.33051,361.0,4.87
402,13.5126,Midnight 00:00,simulation,0.1,1,0.69194,0.01097,3.55363,1.55363,0.69194,-0.98903,3.39197,-0.04003,-0.18933,361.0,4.869
403,13.5462,Midnight 00:00,simulation,0.1,1,0.69194,0.01097,3.55363,1.55363,0.69194,-0.98903,3.39197,-0.04003,-0.18933,361.0,4.869
404,13.5798,Midnight 00:00,simulation,0.1,1,0.69194,0.01097,3.55363,1.55363,0.69194,-0.98903,3.39197,-0.04003,-0.18933,361.0,4.869
405,13.6134,Midnight 00:00,simulation,0.1,1,0.69194,0.01097,3.55363,1.55363,0.69194,-0.98903,3.39197,-0.04003,-0.18933,361.0,4.868
406,13.6471,Midnight 00:00,simulation,0.1,1,0.70252,0.01053,3.63574,1.63574,0.70252,-0.98947,3.14177,-9e-05,-0.03064,342.0,4.867
407,13.6807,Midnight 00:00,simulation,0.1,1,0.6801,0.01089,3.54896,1.54896,0.6801,-0.98911,3.36878,-0.03611,-0.19663,361.0,4.862
408,13.7143,Midnight 00:00,simulation,0.1,1,0.69136,0.01053,3.63573,1.63573,0.69136,-0.98947,3.14178,-0.0001,-0.03113,342.0,4.867
409,13.7479,Midnight 00:00,simulation,0.1,1,0.69898,0.01339,3.72017,1.72017,0.69898,-0.98661,3.11494,0.04681,0.03594,324.0,4.852
410,13.7815,Midnight 00:00,simulation,0.1,1,0.69898,0.01339,3.72017,1.72017,0.69898,-0.98661,3.11494,0.04681,0.03594,324.0,4.852
411,13.8151,Midnight 00:00,simulation,0.1,1,0.70407,0.01439,3.7812,1.7812,0.70407,-0.98561,-2.83577,-0.00137,0.27246,306.5,4.841
412,13.8487,Midnight 00:00,simulation,0.1,1,0.67803,0.01168,3.68686,1.68686,0.67803,-0.98832,3.55455,-0.07132,-0.32108,306.0,4.855
413,13.8824,Midnight 00:00,simulation,0.1,1,0.67794,0.00604,3.68636,1.68636,0.67794,-0.99396,3.40508,-0.04376,-0.3048,324.0,4.848
414,13.916,Midnight 00:00,simulation,0.1,1,0.64585,0.01176,3.55502,1.55502,0.64585,-0.98824,2.68568,0.0553,-0.08731,323.5,4.855
415,13.9496,Midnight 00:00,simulation,0.1,1,0.66637,0.01168,3.68487,1.68487,0.66637,-0.98832,3.55625,-0.07038,-0.31598,306.0,4.856
416,13.9832,Midnight 00:00,simulation,0.1,1,0.66637,0.01168,3.68487,1.68487,0.66637,-0.98832,3.55625,-0.07038,-0.31598,306.0,4.856
417,14.0168,Midnight 00:00,simulation,0.1,1,0.6993,0.01196,3.89968,1.89968,0.6993,-0.98804,3.40778,-0.04323,-0.29656,289.0,4.857
418,14.0504,Midnight 00:00,simulation,0.1,1,0.65473,0.01168,3.68291,1.68291,0.65473,-0.98832,3.55791,-0.06943,-0.31087,306.0,4.857
419,14.084,Midnight 00:00,simulation,0.1,1,0.68698,0.01196,3.89763,1.89763,0.68698,-0.98804,3.41003,-0.04281,-0.29183,289.0,4.86
420,14.1176,Midnight 00:00,simulation,0.1,1,0.68698,0.01196,3.89763,1.89763,0.68698,-0.98804,3.41003,-0.04281,-0.29183,289.0,4.852
421,14.1513,Midnight 00:00,simulation,0.1,1,0.67468,0.01196,3.89561,1.89561,0.67468,-0.98804,3.41223,-0.04237,-0.28708,289.0,4.851
422,14.1849,Midnight 00:00,simulation,0.1,1,0.67468,0.01196,3.89561,1.89561,0.67468,-0.98804,3.41223,-0.04237,-0.28708,289.0,4.852
423,14.2185,Midnight 00:00,simulation,0.1,1,0.67468,0.01196,3.89561,1.89561,0.67468,-0.98804,3.41223,-0.04237,-0.28708,289.0,4.853
424,14.2521,Midnight 00:00,simulation,0.1,1,0.67468,0.01196,3.89561,1.89561,0.67468,-0.98804,3.41223,-0.04237,-0.28708,289.0,4.853
425,14.2857,Midnight 00:00,simulation,0.1,1,0.6624,0.01196,3.89362,1.89362,0.6624,-0.98804,3.41439,-0.04191,-0.28232,289.0,4.847
426,14.3193,Midnight 00:00,simulation,0.1,1,0.6624,0.01196,3.89362,1.89362,0.6624,-0.98804,3.41439,-0.04191,-0.28232,289.0,4.845
427,14.3529,Midnight 00:00,simulation,0.1,1,0.68565,0.01176,4.06403,2.06403,0.68565,-0.98824,3.14126,7e-05,0.02399,272.0,4.852
428,14.3866,Midnight 00:00,simulation,0.1,0,0.0,0.0,0.0,0.0,0.0,0.0,0.0,0.0,0.0,0.0,4.847
429,14.4202,Midnight 00:00,simulation,0.1,0,0.0,0.0,0.0,0.0,0.0,0.0,0.0,0.0,0.0,0.0,4.847
430,14.4538,Midnight 00:00,simulation,0.1,0,0.0,0.0,0.0,0.0,0.0,0.0,0.0,0.0,0.0,0.0,4.847
431,14.4874,Midnight 00:00,simulation,0.1,1,0.63798,0.00662,3.8903,1.8903,0.63798,-0.99338,3.57393,-0.06632,-0.2896,272.0,4.834
432,14.521,Midnight 00:00,simulation,0.1,1,0.67126,0.00664,4.13153,2.13153,0.67126,-0.99336,3.42134,-0.04078,-0.27217,256.0,4.838
433,14.5546,Midnight 00:00,simulation,0.1,1,0.67126,0.00664,4.13153,2.13153,0.67126,-0.99336,3.42134,-0.04078,-0.27217,256.0,4.838
434,14.5882,Midnight 00:00,simulation,0.1,1,0.67126,0.00664,4.13153,2.13153,0.67126,-0.99336,3.42134,-0.04078,-0.27217,256.0,4.838
435,14.6218,Midnight 00:00,simulation,0.1,1,0.67126,0.00664,4.13153,2.13153,0.67126,-0.99336,3.42134,-0.04078,-0.27217,256.0,4.838
436,14.6555,Midnight 00:00,simulation,0.1,1,0.67126,0.00664,4.13153,2.13153,0.67126,-0.99336,3.42134,-0.04078,-0.27217,256.0,4.838
437,14.6891,Midnight 00:00,simulation,0.1,1,0.67126,0.00664,4.13153,2.13153,0.67126,-0.99336,3.42134,-0.04078,-0.27217,256.0,4.838
438,14.7227,Midnight 00:00,simulation,0.1,1,0.67126,0.00664,4.13153,2.13153,0.67126,-0.99336,3.42134,-0.04078,-0.27217,256.0,4.838
439,14.7563,Midnight 00:00,simulation,0.1,1,0.67126,0.00664,4.13153,2.13153,0.67126,-0.99336,3.42134,-0.04078,-0.27217,256.0,4.838
440,14.7899,Midnight 00:00,simulation,0.1,1,0.67126,0.00664,4.13153,2.13153,0.67126,-0.99336,3.42134,-0.04078,-0.27217,256.0,4.838
441,14.8235,Midnight 00:00,simulation,0.1,1,0.67126,0.00664,4.13153,2.13153,0.67126,-0.99336,3.42134,-0.04078,-0.27217,256.0,4.838
442,14.8571,Midnight 00:00,simulation,0.1,1,0.67126,0.00664,4.13153,2.13153,0.67126,-0.99336,3.42134,-0.04078,-0.27217,256.0,4.838
443,14.8908,Midnight 00:00,simulation,0.1,1,0.67126,0.00664,4.13153,2.13153,0.67126,-0.99336,3.42134,-0.04078,-0.27217,256.0,4.838
444,14.9244,Midnight 00:00,simulation,0.1,1,0.67126,0.00664,4.13153,2.13153,0.67126,-0.99336,3.42134,-0.04078,-0.27217,256.0,4.838
445,14.958,Midnight 00:00,simulation,0.1,1,0.67126,0.00664,4.13153,2.13153,0.67126,-0.99336,3.42134,-0.04078,-0.27217,256.0,4.838
446,14.9916,Midnight 00:00,simulation,0.1,1,0.67126,0.00664,4.13153,2.13153,0.67126,-0.99336,3.42134,-0.04078,-0.27217,256.0,4.838
447,15.0252,Midnight 00:00,simulation,0.1,1,0.67126,0.00664,4.13153,2.13153,0.67126,-0.99336,3.42134,-0.04078,-0.27217,256.0,4.838
448,15.0588,Midnight 00:00,simulation,0.1,1,0.67126,0.00664,4.13153,2.13153,0.67126,-0.99336,3.42134,-0.04078,-0.27217,256.0,4.838
449,15.0924,Midnight 00:00,simulation,0.1,1,0.67126,0.00664,4.13153,2.13153,0.67126,-0.99336,3.42134,-0.04078,-0.27217,256.0,4.838
450,15.1261,Midnight 00:00,simulation,0.1,1,0.67126,0.00664,4.13153,2.13153,0.67126,-0.99336,3.42134,-0.04078,-0.27217,256.0,4.838
451,15.1597,Midnight 00:00,simulation,0.1,1,0.67126,0.00664,4.13153,2.13153,0.67126,-0.99336,3.42134,-0.04078,-0.27217,256.0,4.838
452,15.1933,Midnight 00:00,simulation,0.1,1,0.67126,0.00664,4.13153,2.13153,0.67126,-0.99336,3.42134,-0.04078,-0.27217,256.0,4.838
453,15.2269,Midnight 00:00,simulation,0.1,1,0.67126,0.00664,4.13153,2.13153,0.67126,-0.99336,3.42134,-0.04078,-0.27217,256.0,4.838
454,15.2605,Midnight 00:00,simulation,0.1,1,0.67126,0.00664,4.13153,2.13153,0.67126,-0.99336,3.42134,-0.04078,-0.27217,256.0,4.838
455,15.2941,Midnight 00:00,simulation,0.1,1,0.67126,0.00664,4.13153,2.13153,0.67126,-0.99336,3.42134,-0.04078,-0.27217,256.0,4.838
456,15.3277,Midnight 00:00,simulation,0.1,1,0.67126,0.00664,4.13153,2.13153,0.67126,-0.99336,3.42134,-0.04078,-0.27217,256.0,4.838
457,15.3613,Midnight 00:00,simulation,0.1,1,0.67126,0.00664,4.13153,2.13153,0.67126,-0.99336,3.42134,-0.04078,-0.27217,256.0,4.838
458,15.395,Midnight 00:00,simulation,0.1,1,0.67126,0.00664,4.13153,2.13153,0.67126,-0.99336,3.42134,-0.04078,-0.27217,256.0,4.838
459,15.4286,Midnight 00:00,simulation,0.1,1,0.67126,0.00664,4.13153,2.13153,0.67126,-0.99336,3.42134,-0.04078,-0.27217,256.0,4.838
460,15.4622,Midnight 00:00,simulation,0.1,1,0.67126,0.00664,4.13153,2.13153,0.67126,-0.99336,3.42134,-0.04078,-0.27217,256.0,4.838
461,15.4958,Midnight 00:00,simulation,0.1,1,0.67126,0.00664,4.13153,2.13153,0.67126,-0.99336,3.42134,-0.04078,-0.27217,256.0,4.838
462,15.5294,Midnight 00:00,simulation,0.1,1,0.67126,0.00664,4.13153,2.13153,0.67126,-0.99336,3.42134,-0.04078,-0.27217,256.0,4.838
463,15.563,Midnight 00:00,simulation,0.1,1,0.67126,0.00664,4.13153,2.13153,0.67126,-0.99336,3.42134,-0.04078,-0.27217,256.0,4.838
464,15.5966,Midnight 00:00,simulation,0.1,1,0.67126,0.00664,4.13153,2.13153,0.67126,-0.99336,3.42134,-0.04078,-0.27217,256.0,4.838
465,15.6303,Midnight 00:00,simulation,0.1,1,0.67126,0.00664,4.13153,2.13153,0.67126,-0.99336,3.42134,-0.04078,-0.27217,256.0,4.838
466,15.6639,Midnight 00:00,simulation,0.1,1,0.67126,0.00664,4.13153,2.13153,0.67126,-0.99336,3.42134,-0.04078,-0.27217,256.0,4.838
467,15.6975,Midnight 00:00,simulation,0.1,1,0.67126,0.00664,4.13153,2.13153,0.67126,-0.99336,3.42134,-0.04078,-0.27217,256.0,4.838
468,15.7311,Midnight 00:00,simulation,0.1,1,0.67126,0.00664,4.13153,2.13153,0.67126,-0.99336,3.42134,-0.04078,-0.27217,256.0,4.838
469,15.7647,Midnight 00:00,simulation,0.1,1,0.67126,0.00664,4.13153,2.13153,0.67126,-0.99336,3.42134,-0.04078,-0.27217,256.0,4.838
470,15.7983,Midnight 00:00,simulation,0.1,1,0.67126,0.00664,4.13153,2.13153,0.67126,-0.99336,3.42134,-0.04078,-0.27217,256.0,4.838
471,15.8319,Midnight 00:00,simulation,0.1,1,0.67126,0.00664,4.13153,2.13153,0.67126,-0.99336,3.42134,-0.04078,-0.27217,256.0,4.838
472,15.8655,Midnight 00:00,simulation,0.1,1,0.67126,0.00664,4.13153,2.13153,0.67126,-0.99336,3.42134,-0.04078,-0.27217,256.0,4.838
473,15.8992,Midnight 00:00,simulation,0.1,1,0.67126,0.00664,4.13153,2.13153,0.67126,-0.99336,3.42134,-0.04078,-0.27217,256.0,4.838
474,15.9328,Midnight 00:00,simulation,0.1,1,0.67126,0.00664,4.13153,2.13153,0.67126,-0.99336,3.42134,-0.04078,-0.27217,256.0,4.838
475,15.9664,Midnight 00:00,simulation,0.1,1,0.67126,0.00664,4.13153,2.13153,0.67126,-0.99336,3.42134,-0.04078,-0.27217,256.0,4.838
476,16.0,Midnight 00:00,simulation,0.1,1,0.67126,0.00664,4.13153,2.13153,0.67126,-0.99336,3.42134,-0.04078,-0.27217,256.0,4.838
477,16.0336,Midnight 00:00,simulation,0.1,1,0.67126,0.00664,4.13153,2.13153,0.67126,-0.99336,3.42134,-0.04078,-0.27217,256.0,4.838
478,16.0672,Midnight 00:00,simulation,0.1,1,0.67126,0.00664,4.13153,2.13153,0.67126,-0.99336,3.42134,-0.04078,-0.27217,256.0,4.838
479,16.1008,Midnight 00:00,simulation,0.1,1,0.67126,0.00664,4.13153,2.13153,0.67126,-0.99336,3.42134,-0.04078,-0.27217,256.0,4.838
480,16.1345,Midnight 00:00,simulation,0.1,1,0.67126,0.00664,4.13153,2.13153,0.67126,-0.99336,3.42134,-0.04078,-0.27217,256.0,4.838
481,16.1681,Midnight 00:00,simulation,0.1,1,0.67126,0.00664,4.13153,2.13153,0.67126,-0.99336,3.42134,-0.04078,-0.27217,256.0,4.838
482,16.2017,Midnight 00:00,simulation,0.1,1,0.67126,0.00664,4.13153,2.13153,0.67126,-0.99336,3.42134,-0.04078,-0.27217,256.0,4.838
483,16.2353,Midnight 00:00,simulation,0.1,1,0.67126,0.00664,4.13153,2.13153,0.67126,-0.99336,3.42134,-0.04078,-0.27217,256.0,4.838
484,16.2689,Midnight 00:00,simulation,0.1,1,0.67126,0.00664,4.13153,2.13153,0.67126,-0.99336,3.42134,-0.04078,-0.27217,256.0,4.838
485,16.3025,Midnight 00:00,simulation,0.1,1,0.67126,0.00664,4.13153,2.13153,0.67126,-0.99336,3.42134,-0.04078,-0.27217,256.0,4.838
486,16.3361,Midnight 00:00,simulation,0.1,1,0.67126,0.00664,4.13153,2.13153,0.67126,-0.99336,3.42134,-0.04078,-0.27217,256.0,4.838
487,16.3697,Midnight 00:00,simulation,0.1,1,0.67126,0.00664,4.13153,2.13153,0.67126,-0.99336,3.42134,-0.04078,-0.27217,256.0,4.838
488,16.4034,Midnight 00:00,simulation,0.1,1,0.67126,0.00664,4.13153,2.13153,0.67126,-0.99336,3.42134,-0.04078,-0.27217,256.0,4.838
489,16.437,Midnight 00:00,simulation,0.1,1,0.67126,0.00664,4.13153,2.13153,0.67126,-0.99336,3.42134,-0.04078,-0.27217,256.0,4.838
490,16.4706,Midnight 00:00,simulation,0.1,1,0.67126,0.00664,4.13153,2.13153,0.67126,-0.99336,3.42134,-0.04078,-0.27217,256.0,4.838
491,16.5042,Midnight 00:00,simulation,0.1,1,0.67126,0.00664,4.13153,2.13153,0.67126,-0.99336,3.42134,-0.04078,-0.27217,256.0,4.838
492,16.5378,Midnight 00:00,simulation,0.1,1,0.67126,0.00664,4.13153,2.13153,0.67126,-0.99336,3.42134,-0.04078,-0.27217,256.0,4.838
493,16.5714,Midnight 00:00,simulation,0.1,1,0.67126,0.00664,4.13153,2.13153,0.67126,-0.99336,3.42134,-0.04078,-0.27217,256.0,4.838
494,16.605,Midnight 00:00,simulation,0.1,1,0.67126,0.00664,4.13153,2.13153,0.67126,-0.99336,3.42134,-0.04078,-0.27217,256.0,4.838
495,16.6387,Midnight 00:00,simulation,0.1,1,0.67126,0.00664,4.13153,2.13153,0.67126,-0.99336,3.42134,-0.04078,-0.27217,256.0,4.838
496,16.6723,Midnight 00:00,simulation,0.1,1,0.67126,0.00664,4.13153,2.13153,0.67126,-0.99336,3.42134,-0.04078,-0.27217,256.0,4.838
497,16.7059,Midnight 00:00,simulation,0.1,1,0.67126,0.00664,4.13153,2.13153,0.67126,-0.99336,3.42134,-0.04078,-0.27217,256.0,4.838
498,16.7395,Midnight 00:00,simulation,0.1,1,0.67126,0.00664,4.13153,2.13153,0.67126,-0.99336,3.42134,-0.04078,-0.27217,256.0,4.838
499,16.7731,Midnight 00:00,simulation,0.1,1,0.67126,0.00664,4.13153,2.13153,0.67126,-0.99336,3.42134,-0.04078,-0.27217,256.0,4.838
500,16.8067,Midnight 00:00,simulation,0.1,1,0.67126,0.00664,4.13153,2.13153,0.67126,-0.99336,3.42134,-0.04078,-0.27217,256.0,4.838
501,16.8403,Midnight 00:00,simulation,0.1,1,0.67126,0.00664,4.13153,2.13153,0.67126,-0.99336,3.42134,-0.04078,-0.27217,256.0,4.838
502,16.8739,Midnight 00:00,simulation,0.1,1,0.67126,0.00664,4.13153,2.13153,0.67126,-0.99336,3.42134,-0.04078,-0.27217,256.0,4.838
503,16.9076,Midnight 00:00,simulation,0.1,1,0.67126,0.00664,4.13153,2.13153,0.67126,-0.99336,3.42134,-0.04078,-0.27217,256.0,4.838
504,16.9412,Midnight 00:00,simulation,0.1,1,0.67126,0.00664,4.13153,2.13153,0.67126,-0.99336,3.42134,-0.04078,-0.27217,256.0,4.838
505,16.9748,Midnight 00:00,simulation,0.1,1,0.67126,0.00664,4.13153,2.13153,0.67126,-0.99336,3.42134,-0.04078,-0.27217,256.0,4.838
506,17.0084,Midnight 00:00,simulation,0.1,1,0.67126,0.00664,4.13153,2.13153,0.67126,-0.99336,3.42134,-0.04078,-0.27217,256.0,4.838
507,17.042,Midnight 00:00,simulation,0.1,1,0.67126,0.00664,4.13153,2.13153,0.67126,-0.99336,3.42134,-0.04078,-0.27217,256.0,4.838
508,17.0756,Midnight 00:00,simulation,0.1,1,0.67126,0.00664,4.13153,2.13153,0.67126,-0.99336,3.42134,-0.04078,-0.27217,256.0,4.838
509,17.1092,Midnight 00:00,simulation,0.1,1,0.67126,0.00664,4.13153,2.13153,0.67126,-0.99336,3.42134,-0.04078,-0.27217,256.0,4.838
510,17.1429,Midnight 00:00,simulation,0.1,1,0.67126,0.00664,4.13153,2.13153,0.67126,-0.99336,3.42134,-0.04078,-0.27217,256.0,4.838
511,17.1765,Midnight 00:00,simulation,0.1,1,0.67126,0.00664,4.13153,2.13153,0.67126,-0.99336,3.42134,-0.04078,-0.27217,256.0,4.838
512,17.2101,Midnight 00:00,simulation,0.1,1,0.67126,0.00664,4.13153,2.13153,0.67126,-0.99336,3.42134,-0.04078,-0.27217,256.0,4.838
513,17.2437,Midnight 00:00,simulation,0.1,1,0.67126,0.00664,4.13153,2.13153,0.67126,-0.99336,3.42134,-0.04078,-0.27217,256.0,4.838
514,17.2773,Midnight 00:00,simulation,0.1,1,0.67126,0.00664,4.13153,2.13153,0.67126,-0.99336,3.42134,-0.04078,-0.27217,256.0,4.838
515,17.3109,Midnight 00:00,simulation,0.1,1,0.67126,0.00664,4.13153,2.13153,0.67126,-0.99336,3.42134,-0.04078,-0.27217,256.0,4.838
516,17.3445,Midnight 00:00,simulation,0.1,1,0.67126,0.00664,4.13153,2.13153,0.67126,-0.99336,3.42134,-0.04078,-0.27217,256.0,4.838
517,17.3782,Midnight 00:00,simulation,0.1,1,0.67126,0.00664,4.13153,2.13153,0.67126,-0.99336,3.42134,-0.04078,-0.27217,256.0,4.838
518,17.4118,Midnight 00:00,simulation,0.1,1,0.67126,0.00664,4.13153,2.13153,0.67126,-0.99336,3.42134,-0.04078,-0.27217,256.0,4.838
519,17.4454,Midnight 00:00,simulation,0.1,1,0.67126,0.00664,4.13153,2.13153,0.67126,-0.99336,3.42134,-0.04078,-0.27217,256.0,4.838
520,17.479,Midnight 00:00,simulation,0.1,1,0.67126,0.00664,4.13153,2.13153,0.67126,-0.99336,3.42134,-0.04078,-0.27217,256.0,4.838
521,17.5126,Midnight 00:00,simulation,0.1,1,0.67126,0.00664,4.13153,2.13153,0.67126,-0.99336,3.42134,-0.04078,-0.27217,256.0,4.838
522,17.5462,Midnight 00:00,simulation,0.1,1,0.67126,0.00664,4.13153,2.13153,0.67126,-0.99336,3.42134,-0.04078,-0.27217,256.0,4.838
523,17.5798,Midnight 00:00,simulation,0.1,1,0.67126,0.00664,4.13153,2.13153,0.67126,-0.99336,3.42134,-0.04078,-0.27217,256.0,4.838
524,17.6134,Midnight 00:00,simulation,0.1,1,0.67126,0.00664,4.13153,2.13153,0.67126,-0.99336,3.42134,-0.04078,-0.27217,256.0,4.838
525,17.6471,Midnight 00:00,simulation,0.1,1,0.67126,0.00664,4.13153,2.13153,0.67126,-0.99336,3.42134,-0.04078,-0.27217,256.0,4.838
526,17.6807,Midnight 00:00,simulation,0.1,1,0.67126,0.00664,4.13153,2.13153,0.67126,-0.99336,3.42134,-0.04078,-0.27217,256.0,4.838
527,17.7143,Midnight 00:00,simulation,0.1,1,0.67126,0.00664,4.13153,2.13153,0.67126,-0.99336,3.42134,-0.04078,-0.27217,256.0,4.838
528,17.7479,Midnight 00:00,simulation,0.1,1,0.67126,0.00664,4.13153,2.13153,0.67126,-0.99336,3.42134,-0.04078,-0.27217,256.0,4.838
529,17.7815,Midnight 00:00,simulation,0.1,1,0.67126,0.00664,4.13153,2.13153,0.67126,-0.99336,3.42134,-0.04078,-0.27217,256.0,4.838
530,17.8151,Midnight 00:00,simulation,0.1,1,0.67126,0.00664,4.13153,2.13153,0.67126,-0.99336,3.42134,-0.04078,-0.27217,256.0,4.838
531,17.8487,Midnight 00:00,simulation,0.1,1,0.67126,0.00664,4.13153,2.13153,0.67126,-0.99336,3.42134,-0.04078,-0.27217,256.0,4.838
532,17.8824,Midnight 00:00,simulation,0.1,1,0.67126,0.00664,4.13153,2.13153,0.67126,-0.99336,3.42134,-0.04078,-0.27217,256.0,4.838
533,17.916,Midnight 00:00,simulation,0.1,1,0.67126,0.00664,4.13153,2.13153,0.67126,-0.99336,3.42134,-0.04078,-0.27217,256.0,4.838
534,17.9496,Midnight 00:00,simulation,0.1,1,0.67126,0.00664,4.13153,2.13153,0.67126,-0.99336,3.42134,-0.04078,-0.27217,256.0,4.838
535,17.9832,Midnight 00:00,simulation,0.1,1,0.67126,0.00664,4.13153,2.13153,0.67126,-0.99336,3.42134,-0.04078,-0.27217,256.0,4.838
536,18.0168,Midnight 00:00,simulation,0.1,1,0.67126,0.00664,4.13153,2.13153,0.67126,-0.99336,3.42134,-0.04078,-0.27217,256.0,4.838
537,18.0504,Midnight 00:00,simulation,0.1,1,0.67126,0.00664,4.13153,2.13153,0.67126,-0.99336,3.42134,-0.04078,-0.27217,256.0,4.838
538,18.084,Midnight 00:00,simulation,0.1,1,0.67126,0.00664,4.13153,2.13153,0.67126,-0.99336,3.42134,-0.04078,-0.27217,256.0,4.838
539,18.1176,Midnight 00:00,simulation,0.1,1,0.67126,0.00664,4.13153,2.13153,0.67126,-0.99336,3.42134,-0.04078,-0.27217,256.0,4.838
540,18.1513,Midnight 00:00,simulation,0.1,1,0.67126,0.00664,4.13153,2.13153,0.67126,-0.99336,3.42134,-0.04078,-0.27217,256.0,4.838
541,18.1849,Midnight 00:00,simulation,0.1,1,0.67126,0.00664,4.13153,2.13153,0.67126,-0.99336,3.42134,-0.04078,-0.27217,256.0,4.838
542,18.2185,Midnight 00:00,simulation,0.1,1,0.67126,0.00664,4.13153,2.13153,0.67126,-0.99336,3.42134,-0.04078,-0.27217,256.0,4.838
543,18.2521,Midnight 00:00,simulation,0.1,1,0.67126,0.00664,4.13153,2.13153,0.67126,-0.99336,3.42134,-0.04078,-0.27217,256.0,4.838
544,18.2857,Midnight 00:00,simulation,0.1,1,0.67126,0.00664,4.13153,2.13153,0.67126,-0.99336,3.42134,-0.04078,-0.27217,256.0,4.838
545,18.3193,Midnight 00:00,simulation,0.1,1,0.67126,0.00664,4.13153,2.13153,0.67126,-0.99336,3.42134,-0.04078,-0.27217,256.0,4.838
546,18.3529,Midnight 00:00,simulation,0.1,1,0.67126,0.00664,4.13153,2.13153,0.67126,-0.99336,3.42134,-0.04078,-0.27217,256.0,4.838
547,18.3866,Midnight 00:00,simulation,0.1,1,0.67126,0.00664,4.13153,2.13153,0.67126,-0.99336,3.42134,-0.04078,-0.27217,256.0,4.838
548,18.4202,Midnight 00:00,simulation,0.1,1,0.67126,0.00664,4.13153,2.13153,0.67126,-0.99336,3.42134,-0.04078,-0.27217,256.0,4.838
549,18.4538,Midnight 00:00,simulation,0.1,1,0.67126,0.00664,4.13153,2.13153,0.67126,-0.99336,3.42134,-0.04078,-0.27217,256.0,4.838
550,18.4874,Midnight 00:00,simulation,0.1,1,0.67126,0.00664,4.13153,2.13153,0.67126,-0.99336,3.42134,-0.04078,-0.27217,256.0,4.838
551,18.521,Midnight 00:00,simulation,0.1,1,0.67126,0.00664,4.13153,2.13153,0.67126,-0.99336,3.42134,-0.04078,-0.27217,256.0,4.838
552,18.5546,Midnight 00:00,simulation,0.1,1,0.67126,0.00664,4.13153,2.13153,0.67126,-0.99336,3.42134,-0.04078,-0.27217,256.0,4.838
553,18.5882,Midnight 00:00,simulation,0.1,1,0.67126,0.00664,4.13153,2.13153,0.67126,-0.99336,3.42134,-0.04078,-0.27217,256.0,4.838
554,18.6218,Midnight 00:00,simulation,0.1,1,0.67126,0.00664,4.13153,2.13153,0.67126,-0.99336,3.42134,-0.04078,-0.27217,256.0,4.838
555,18.6555,Midnight 00:00,simulation,0.1,1,0.67126,0.00664,4.13153,2.13153,0.67126,-0.99336,3.42134,-0.04078,-0.27217,256.0,4.838
556,18.6891,Midnight 00:00,simulation,0.1,1,0.67126,0.00664,4.13153,2.13153,0.67126,-0.99336,3.42134,-0.04078,-0.27217,256.0,4.838
557,18.7227,Midnight 00:00,simulation,0.1,1,0.67126,0.00664,4.13153,2.13153,0.67126,-0.99336,3.42134,-0.04078,-0.27217,256.0,4.838
558,18.7563,Midnight 00:00,simulation,0.1,1,0.67126,0.00664,4.13153,2.13153,0.67126,-0.99336,3.42134,-0.04078,-0.27217,256.0,4.838
559,18.7899,Midnight 00:00,simulation,0.1,1,0.67126,0.00664,4.13153,2.13153,0.67126,-0.99336,3.42134,-0.04078,-0.27217,256.0,4.838
560,18.8235,Midnight 00:00,simulation,0.1,1,0.67126,0.00664,4.13153,2.13153,0.67126,-0.99336,3.42134,-0.04078,-0.27217,256.0,4.838
561,18.8571,Midnight 00:00,simulation,0.1,1,0.67126,0.00664,4.13153,2.13153,0.67126,-0.99336,3.42134,-0.04078,-0.27217,256.0,4.838
562,18.8908,Midnight 00:00,simulation,0.1,1,0.67126,0.00664,4.13153,2.13153,0.67126,-0.99336,3.42134,-0.04078,-0.27217,256.0,4.838
563,18.9244,Midnight 00:00,simulation,0.1,1,0.67126,0.00664,4.13153,2.13153,0.67126,-0.99336,3.42134,-0.04078,-0.27217,256.0,4.838
564,18.958,Midnight 00:00,simulation,0.1,1,0.67126,0.00664,4.13153,2.13153,0.67126,-0.99336,3.42134,-0.04078,-0.27217,256.0,4.838
565,18.9916,Midnight 00:00,simulation,0.1,1,0.67126,0.00664,4.13153,2.13153,0.67126,-0.99336,3.42134,-0.04078,-0.27217,256.0,4.838
566,19.0252,Midnight 00:00,simulation,0.1,1,0.67126,0.00664,4.13153,2.13153,0.67126,-0.99336,3.42134,-0.04078,-0.27217,256.0,4.838
567,19.0588,Midnight 00:00,simulation,0.1,1,0.67126,0.00664,4.13153,2.13153,0.67126,-0.99336,3.42134,-0.04078,-0.27217,256.0,4.846
568,19.0924,Midnight 00:00,simulation,0.1,1,0.67126,0.00664,4.13153,2.13153,0.67126,-0.99336,3.42134,-0.04078,-0.27217,256.0,4.846
569,19.1261,Midnight 00:00,simulation,0.1,1,0.69132,-0.01844,4.25412,2.25412,0.69132,-1.01844,3.15344,-0.00123,-0.25974,256.0,4.845
570,19.1597,Midnight 00:00,simulation,0.1,0,0.0,0.0,0.0,0.0,0.0,0.0,0.0,0.0,0.0,0.0,4.839
571,19.1933,Midnight 00:00,simulation,0.1,0,0.0,0.0,0.0,0.0,0.0,0.0,0.0,0.0,0.0,0.0,4.839
572,19.2269,Midnight 00:00,simulation,0.1,1,0.71977,-0.08651,4.42824,2.42824,0.71977,-1.08651,-3.09728,-0.02301,0.27931,248.0,4.837
573,19.2605,Midnight 00:00,simulation,0.1,1,0.67119,-0.10226,4.13089,2.13089,0.67119,-1.10226,2.8643,0.03407,-0.20981,256.0,4.843
574,19.2941,Midnight 00:00,simulation,0.1,1,0.67115,-0.12616,4.13063,2.13063,0.67115,-1.12616,2.8696,0.03409,-0.20574,256.0,4.846
575,19.3277,Midnight 00:00,simulation,0.1,1,0.67111,-0.15006,4.13033,2.13033,0.67111,-1.15006,2.87475,0.0341,-0.20169,256.0,4.846
576,19.3613,Midnight 00:00,simulation,0.1,0,0.0,0.0,0.0,0.0,0.0,0.0,0.0,0.0,0.0,0.0,4.845
577,19.395,Midnight 00:00,simulation,0.1,1,0.66083,-0.18827,4.06473,2.06473,0.66083,-1.18827,3.14538,-0.00104,0.02334,272.0,4.845
578,19.4286,Midnight 00:00,simulation,0.1,1,0.66201,-0.20967,4.07204,2.07204,0.66201,-1.20967,-3.32057,-0.04808,-0.02794,264.0,4.848
579,19.4622,Midnight 00:00,simulation,0.1,1,0.66201,-0.20967,4.07204,2.07204,0.66201,-1.20967,-3.32057,-0.04808,-0.02794,264.0,4.848
580,19.4958,Midnight 00:00,simulation,0.1,1,0.67092,-0.23365,4.12901,2.12901,0.67092,-1.23365,2.89167,0.03407,-0.18766,256.0,4.855
581,19.5294,Midnight 00:00,simulation,0.1,1,0.67086,-0.25752,4.12857,2.12857,0.67086,-1.25752,2.8962,0.03403,-0.18373,256.0,4.854
582,19.563,Midnight 00:00,simulation,0.1,1,0.67079,-0.28138,4.12809,2.12809,0.67079,-1.28138,2.90059,0.03399,-0.17984,256.0,4.855
583,19.5966,Midnight 00:00,simulation,0.1,0,0.0,0.0,0.0,0.0,0.0,0.0,0.0,0.0,0.0,0.0,4.853
584,19.6303,Midnight 00:00,simulation,0.1,1,0.661,-0.31779,4.06582,2.06582,0.661,-1.31779,3.14745,-0.00158,0.02101,272.0,4.851
585,19.6639,Midnight 00:00,simulation,0.1,0,0.0,0.0,0.0,0.0,0.0,0.0,0.0,0.0,0.0,0.0,4.855
586,19.6975,Midnight 00:00,simulation,0.1,0,0.0,0.0,0.0,0.0,0.0,0.0,0.0,0.0,0.0,0.0,4.855
587,19.7311,Midnight 00:00,simulation,0.1,0,0.0,0.0,0.0,0.0,0.0,0.0,0.0,0.0,0.0,0.0,4.859
588,19.7647,Midnight 00:00,simulation,0.1,1,0.67042,-0.38867,4.12567,2.12567,0.67042,-1.38867,2.91883,0.03369,-0.16296,256.0,4.861
589,19.7983,Midnight 00:00,simulation,0.1,1,0.67033,-0.41249,4.12508,2.12508,0.67033,-1.41249,2.92257,0.0336,-0.15936,256.0,4.857
590,19.8319,Midnight 00:00,simulation,0.1,0,0.0,0.0,0.0,0.0,0.0,0.0,0.0,0.0,0.0,0.0,4.854
591,19.8655,Midnight 00:00,simulation,0.1,1,0.66121,-0.44741,4.06714,2.06714,0.66121,-1.44741,3.14884,-0.00193,0.01817,272.0,4.854
592,19.8992,Midnight 00:00,simulation,0.1,1,0.6701,-0.47201,4.12353,2.12353,0.6701,-1.47201,2.93144,0.03334,-0.15066,256.0,4.86
593,19.9328,Midnight 00:00,simulation,0.1,1,0.6701,-0.47201,4.12353,2.12353,0.6701,-1.47201,2.93144,0.03334,-0.15066,256.0,4.86
594,19.9664,Midnight 00:00,simulation,0.1,1,0.67,-0.4958,4.1229,2.1229,0.67,-1.4958,2.93482,0.03323,-0.14729,256.0,4.863
595,20.0,Midnight 00:00,simulation,0.1,1,0.6699,-0.51958,4.12225,2.12225,0.6699,-1.51958,2.9381,0.03311,-0.14399,256.0,4.864
596,20.0336,Midnight 00:00,simulation,0.1,0,0.0,0.0,0.0,0.0,0.0,0.0,0.0,0.0,0.0,0.0,4.859
597,20.0672,Midnight 00:00,simulation,0.1,1,0.66138,-0.55352,4.06821,2.06821,0.66138,-1.55352,3.14948,-0.00209,0.01582,272.0,4.854
598,20.1008,Midnight 00:00,simulation,0.1,1,0.66138,-0.55352,4.06821,2.06821,0.66138,-1.55352,3.14948,-0.00209,0.01582,272.0,4.854
599,20.1345,Midnight 00:00,simulation,0.1,1,0.66954,-0.60276,4.11994,2.11994,0.66954,-1.60276,2.94887,0.03264,-0.13298,256.0,4.861
600,20.1681,Midnight 00:00,simulation,0.1,1,0.66954,-0.60276,4.11994,2.11994,0.66954,-1.60276,2.94887,0.03264,-0.13298,256.0,4.861
601,20.2017,Midnight 00:00,simulation,0.1,1,0.66934,-0.65024,4.11861,2.11861,0.66934,-1.65024,2.95458,0.03234,-0.12707,256.0,4.863
602,20.2353,Midnight 00:00,simulation,0.1,1,0.66934,-0.65024,4.11861,2.11861,0.66934,-1.65024,2.95458,0.03234,-0.12707,256.0,4.863
603,20.2689,Midnight 00:00,simulation,0.1,1,0.671,-0.67266,4.12974,2.12974,0.671,-1.67266,-3.20179,-0.00371,0.23542,264.0,4.859
604,20.3025,Midnight 00:00,simulation,0.1,0,0.0,0.0,0.0,0.0,0.0,0.0,0.0,0.0,0.0,0.0,4.856
605,20.3361,Midnight 00:00,simulation,0.1,0,0.0,0.0,0.0,0.0,0.0,0.0,0.0,0.0,0.0,0.0,4.858
606,20.3697,Midnight 00:00,simulation,0.1,0,0.0,0.0,0.0,0.0,0.0,0.0,0.0,0.0,0.0,0.0,4.858
607,20.4034,Midnight 00:00,simulation,0.1,1,0.66887,-0.75698,4.11562,2.11562,0.66887,-1.75698,2.96636,0.03161,-0.11476,256.0,4.863
608,20.437,Midnight 00:00,simulation,0.1,1,0.66887,-0.75698,4.11562,2.11562,0.66887,-1.75698,2.96636,0.03161,-0.11476,256.0,4.863
609,20.4706,Midnight 00:00,simulation,0.1,0,0.0,0.0,0.0,0.0,0.0,0.0,0.0,0.0,0.0,0.0,4.861
610,20.5042,Midnight 00:00,simulation,0.1,0,0.0,0.0,0.0,0.0,0.0,0.0,0.0,0.0,0.0,0.0,4.858
611,20.5378,Midnight 00:00,simulation,0.1,0,0.0,0.0,0.0,0.0,0.0,0.0,0.0,0.0,0.0,0.0,4.858
612,20.5714,Midnight 00:00,simulation,0.1,1,0.66852,-0.8399,4.11334,2.11334,0.66852,-1.8399,2.97463,0.03099,-0.10608,256.0,4.858
613,20.605,Midnight 00:00,simulation,0.1,1,0.66852,-0.8399,4.11334,2.11334,0.66852,-1.8399,2.97463,0.03099,-0.10608,256.0,4.858
614,20.6387,Midnight 00:00,simulation,0.1,1,0.66832,-0.88725,4.11208,2.11208,0.66832,-1.88725,2.97905,0.03063,-0.10146,256.0,4.863
615,20.6723,Midnight 00:00,simulation,0.1,0,0.0,0.0,0.0,0.0,0.0,0.0,0.0,0.0,0.0,0.0,4.858
616,20.7059,Midnight 00:00,simulation,0.1,0,0.0,0.0,0.0,0.0,0.0,0.0,0.0,0.0,0.0,0.0,4.858
617,20.7395,Midnight 00:00,simulation,0.1,1,0.66184,-0.91927,4.07111,2.07111,0.66184,-1.91927,3.14958,-0.00209,0.0094,272.0,4.855
618,20.7731,Midnight 00:00,simulation,0.1,0,0.0,0.0,0.0,0.0,0.0,0.0,0.0,0.0,0.0,0.0,4.858
619,20.8067,Midnight 00:00,simulation,0.1,1,0.66798,-0.97006,4.10993,2.10993,0.66798,-1.97006,2.98629,0.02997,-0.09393,256.0,4.859
620,20.8403,Midnight 00:00,simulation,0.1,0,0.0,0.0,0.0,0.0,0.0,0.0,0.0,0.0,0.0,0.0,4.86
621,20.8739,Midnight 00:00,simulation,0.1,0,0.0,0.0,0.0,0.0,0.0,0.0,0.0,0.0,0.0,0.0,4.86
622,20.9076,Midnight 00:00,simulation,0.1,1,0.67036,-1.0421,4.12522,2.12522,0.67036,-2.0421,-3.18875,-0.00453,0.17377,264.0,4.856
623,20.9412,Midnight 00:00,simulation,0.1,0,0.0,0.0,0.0,0.0,0.0,0.0,0.0,0.0,0.0,0.0,4.856
624,20.9748,Midnight 00:00,simulation,0.1,0,0.0,0.0,0.0,0.0,0.0,0.0,0.0,0.0,0.0,0.0,4.856
625,21.0084,Midnight 00:00,simulation,0.1,1,0.66749,-1.10006,4.10676,2.10676,0.66749,-2.10006,2.99657,0.02892,-0.08341,256.0,4.86
626,21.042,Midnight 00:00,simulation,0.1,1,0.66749,-1.10006,4.10676,2.10676,0.66749,-2.10006,2.99657,0.02892,-0.08341,256.0,4.86
627,21.0756,Midnight 00:00,simulation,0.1,1,0.6674,-1.12369,4.10621,2.10621,0.6674,-2.12369,2.99831,0.02873,-0.08165,256.0,4.86
628,21.1092,Midnight 00:00,simulation,0.1,0,0.0,0.0,0.0,0.0,0.0,0.0,0.0,0.0,0.0,0.0,4.856
629,21.1429,Midnight 00:00,simulation,0.1,1,0.69033,-1.20266,4.22715,2.22715,0.69033,-2.20266,2.9949,0.07562,-0.07061,240.5,4.854
630,21.1765,Midnight 00:00,simulation,0.1,0,0.0,0.0,0.0,0.0,0.0,0.0,0.0,0.0,0.0,0.0,4.856
631,21.2101,Midnight 00:00,simulation,0.1,1,0.66711,-1.20635,4.10437,2.10437,0.66711,-2.20635,3.00411,0.02805,-0.07586,256.0,4.858
632,21.2437,Midnight 00:00,simulation,0.1,1,0.66711,-1.20635,4.10437,2.10437,0.66711,-2.20635,3.00411,0.02805,-0.07586,256.0,4.858
633,21.2773,Midnight 00:00,simulation,0.1,1,0.67974,-1.24205,4.10459,2.10459,0.67974,-2.24205,3.00696,0.02819,-0.07473,256.0,4.855
634,21.3109,Midnight 00:00,simulation,0.1,1,0.67974,-1.24205,4.10459,2.10459,0.67974,-2.24205,3.00696,0.02819,-0.07473,256.0,4.855
635,21.3445,Midnight 00:00,simulation,0.1,1,0.70526,-1.24266,4.10659,2.10659,0.70526,-2.24266,3.00796,0.02903,-0.07708,256.0,4.858
636,21.3782,Midnight 00:00,simulation,0.1,1,0.73081,-1.24327,4.10864,2.10864,0.73081,-2.24327,3.009,0.02985,-0.07939,256.0,4.857
637,21.4118,Midnight 00:00,simulation,0.1,0,0.0,0.0,0.0,0.0,0.0,0.0,0.0,0.0,0.0,0.0,4.853
638,21.4454,Midnight 00:00,simulation,0.1,1,0.73224,-1.1752,3.88282,1.88282,0.73224,-2.1752,2.89917,0.0514,-0.11707,272.0,4.851
639,21.479,Midnight 00:00,simulation,0.1,1,0.73224,-1.1752,3.88282,1.88282,0.73224,-2.1752,2.89917,0.0514,-0.11707,272.0,4.851
640,21.5126,Midnight 00:00,simulation,0.1,1,0.79485,-1.24488,4.11398,2.11398,0.79485,-2.24488,3.01171,0.03181,-0.08496,256.0,4.85
641,21.5462,Midnight 00:00,simulation,0.1,1,0.82052,-1.24555,4.1162,2.1162,0.82052,-2.24555,3.01284,0.03255,-0.0871,256.0,4.854
642,21.5798,Midnight 00:00,simulation,0.1,1,0.84623,-1.24623,4.11845,2.11845,0.84623,-2.24623,3.01399,0.03327,-0.0892,256.0,4.854
643,21.6134,Midnight 00:00,simulation,0.1,0,0.0,0.0,0.0,0.0,0.0,0.0,0.0,0.0,0.0,0.0,4.85
644,21.6471,Midnight 00:00,simulation,0.1,0,0.0,0.0,0.0,0.0,0.0,0.0,0.0,0.0,0.0,0.0,4.85
645,21.6807,Midnight 00:00,simulation,0.1,1,0.96426,-1.31171,4.33596,2.33596,0.96426,-2.31171,3.15569,-0.00509,0.01727,240.0,4.847
646,21.7143,Midnight 00:00,simulation,0.1,1,0.96238,-1.24942,4.12904,2.12904,0.96238,-2.24942,3.01948,0.03622,-0.09797,256.0,4.852
647,21.7479,Midnight 00:00,simulation,0.1,1,0.96238,-1.24942,4.12904,2.12904,0.96238,-2.24942,3.01948,0.03622,-0.09797,256.0,4.852
648,21.7815,Midnight 00:00,simulation,0.1,1,0.96238,-1.24942,4.12904,2.12904,0.96238,-2.24942,3.01948,0.03622,-0.09797,256.0,4.852
649,21.8151,Midnight 00:00,simulation,0.1,1,0.98829,-1.25015,4.13148,2.13148,0.98829,-2.25015,3.02076,0.03681,-0.09977,256.0,4.849
650,21.8487,Midnight 00:00,simulation,0.1,1,1.01424,-1.2509,4.13394,2.13394,1.01424,-2.2509,3.02206,0.03738,-0.10152,256.0,4.847
651,21.8824,Midnight 00:00,simulation,0.1,1,1.05322,-1.25202,4.13767,2.13767,1.05322,-2.25202,3.02404,0.03818,-0.10403,256.0,4.843
652,21.916,Midnight 00:00,simulation,0.1,1,1.05322,-1.25202,4.13767,2.13767,1.05322,-2.25202,3.02404,0.03818,-0.10403,256.0,4.843
653,21.9496,Midnight 00:00,simulation,0.1,1,1.07926,-1.25278,4.14018,2.14018,1.07926,-2.25278,3.02538,0.03868,-0.10563,256.0,4.847
654,21.9832,Midnight 00:00,simulation,0.1,1,1.10533,-1.25354,4.14271,2.14271,1.10533,-2.25354,3.02673,0.03916,-0.10718,256.0,4.846
655,22.0168,Midnight 00:00,simulation,0.1,1,1.13143,-1.2543,4.14525,2.14525,1.13143,-2.2543,3.02809,0.03962,-0.10867,256.0,4.844
656,22.0504,Midnight 00:00,simulation,0.1,0,0.0,0.0,0.0,0.0,0.0,0.0,0.0,0.0,0.0,0.0,4.841
657,22.084,Midnight 00:00,simulation,0.1,1,1.18375,-1.25584,4.15035,2.15035,1.18375,-2.25584,3.03086,0.04045,-0.11146,256.0,4.837
658,22.1176,Midnight 00:00,simulation,0.1,1,1.18375,-1.25584,4.15035,2.15035,1.18375,-2.25584,3.03086,0.04045,-0.11146,256.0,4.837
659,22.1513,Midnight 00:00,simulation,0.1,1,1.19684,-1.25622,4.15163,2.15163,1.19684,-2.25622,3.03156,0.04065,-0.11212,256.0,4.839
660,22.1849,Midnight 00:00,simulation,0.1,1,1.22307,-1.257,4.1542,2.1542,1.22307,-2.257,3.03296,0.04102,-0.1134,256.0,4.842
661,22.2185,Midnight 00:00,simulation,0.1,1,1.24932,-1.25777,4.15676,2.15676,1.24932,-2.25777,3.03437,0.04137,-0.11462,256.0,4.841
662,22.2521,Midnight 00:00,simulation,0.1,1,1.2756,-1.25854,4.15932,2.15932,1.2756,-2.25854,3.03578,0.04169,-0.11579,256.0,4.836
663,22.2857,Midnight 00:00,simulation,0.1,1,1.30192,-1.25931,4.16188,2.16188,1.30192,-2.25931,3.0372,0.04199,-0.11689,256.0,4.834
664,22.3193,Midnight 00:00,simulation,0.1,1,1.31509,-1.2597,4.16316,2.16316,1.31509,-2.2597,3.03791,0.04213,-0.11742,256.0,4.833
665,22.3529,Midnight 00:00,simulation,0.1,1,1.34144,-1.26046,4.16571,2.16571,1.34144,-2.26046,3.03934,0.0424,-0.11843,256.0,4.836
666,22.3866,Midnight 00:00,simulation,0.1,1,1.36783,-1.26123,4.16824,2.16824,1.36783,-2.26123,3.04077,0.04264,-0.11939,256.0,4.838
667,22.4202,Midnight 00:00,simulation,0.1,1,1.36783,-1.26123,4.16824,2.16824,1.36783,-2.26123,3.04077,0.04264,-0.11939,256.0,4.838
668,22.4538,Midnight 00:00,simulation,0.1,1,1.39424,-1.26199,4.17077,2.17077,1.39424,-2.26199,3.04219,0.04286,-0.12029,256.0,4.835
669,22.4874,Midnight 00:00,simulation,0.1,1,1.42068,-1.26274,4.17328,2.17328,1.42068,-2.26274,3.04362,0.04306,-0.12113,256.0,4.831
670,22.521,Midnight 00:00,simulation,0.1,1,1.37184,-1.20345,3.97653,1.97653,1.37184,-2.20345,2.93719,0.07959,-0.1922,272.0,4.827
671,22.5546,Midnight 00:00,simulation,0.1,1,1.46039,-1.26387,4.17702,2.17702,1.46039,-2.26387,3.04576,0.04332,-0.12229,256.0,4.828
672,22.5882,Midnight 00:00,simulation,0.1,1,1.48689,-1.26461,4.17949,2.17949,1.48689,-2.26461,3.04718,0.04347,-0.12299,256.0,4.83
673,22.6218,Midnight 00:00,simulation,0.1,1,1.51342,-1.26535,4.18194,2.18194,1.51342,-2.26535,3.04859,0.0436,-0.12364,256.0,4.83
674,22.6555,Midnight 00:00,simulation,0.1,1,1.53997,-1.26608,4.18436,2.18436,1.53997,-2.26608,3.05,0.04371,-0.12423,256.0,4.828
675,22.6891,Midnight 00:00,simulation,0.1,1,1.53997,-1.26608,4.18436,2.18436,1.53997,-2.26608,3.05,0.04371,-0.12423,256.0,4.828
676,22.7227,Midnight 00:00,simulation,0.1,1,1.53503,-1.22973,4.05364,2.05364,1.53503,-2.22973,-3.34333,-0.09696,0.34286,263.5,4.821
677,22.7563,Midnight 00:00,simulation,0.1,1,1.60642,-1.26788,4.19032,2.19032,1.60642,-2.26788,3.05349,0.0439,-0.12549,256.0,4.823
678,22.7899,Midnight 00:00,simulation,0.1,1,1.60642,-1.26788,4.19032,2.19032,1.60642,-2.26788,3.05349,0.0439,-0.12549,256.0,4.823
679,22.8235,Midnight 00:00,simulation,0.1,1,1.63304,-1.26858,4.19266,2.19266,1.63304,-2.26858,3.05487,0.04394,-0.1259,256.0,4.824
680,22.8571,Midnight 00:00,simulation,0.1,1,1.65967,-1.26927,4.19496,2.19496,1.65967,-2.26927,3.05624,0.04397,-0.12627,256.0,4.822
681,22.8908,Midnight 00:00,simulation,0.1,1,1.68632,-1.26996,4.19724,2.19724,1.68632,-2.26996,3.0576,0.04399,-0.12659,256.0,4.82
682,22.9244,Midnight 00:00,simulation,0.1,1,1.71298,-1.27064,4.19949,2.19949,1.71298,-2.27064,3.05895,0.04399,-0.12686,256.0,4.815
683,22.958,Midnight 00:00,simulation,0.1,1,1.75301,-1.27163,4.2028,2.2028,1.75301,-2.27163,3.06094,0.04395,-0.12719,256.0,4.815
684,22.9916,Midnight 00:00,simulation,0.1,1,1.75301,-1.27163,4.2028,2.2028,1.75301,-2.27163,3.06094,0.04395,-0.12719,256.0,4.815
685,23.0252,Midnight 00:00,simulation,0.1,1,1.7797,-1.27228,4.20496,2.20496,1.7797,-2.27228,3.06226,0.04392,-0.12736,256.0,4.816
686,23.0588,Midnight 00:00,simulation,0.1,1,1.80642,-1.27293,4.20709,2.20709,1.80642,-2.27293,3.06355,0.04387,-0.12748,256.0,4.814
687,23.0924,Midnight 00:00,simulation,0.1,1,1.80642,-1.27293,4.20709,2.20709,1.80642,-2.27293,3.06355,0.04387,-0.12748,256.0,4.814
688,23.1261,Midnight 00:00,simulation,0.1,0,0.0,0.0,0.0,0.0,0.0,0.0,0.0,0.0,0.0,0.0,4.81
689,23.1597,Midnight 00:00,simulation,0.1,1,1.87324,-1.27448,4.21227,2.21227,1.87324,-2.27448,3.06674,0.04369,-0.12762,256.0,4.807
690,23.1933,Midnight 00:00,simulation,0.1,1,1.89999,-1.27509,4.21428,2.21428,1.89999,-2.27509,3.06798,0.04359,-0.12761,256.0,4.807
691,23.2269,Midnight 00:00,simulation,0.1,1,1.89999,-1.27509,4.21428,2.21428,1.89999,-2.27509,3.06798,0.04359,-0.12761,256.0,4.807
692,23.2605,Midnight 00:00,simulation,0.1,1,1.92674,-1.27568,4.21625,2.21625,1.92674,-2.27568,3.06921,0.04349,-0.12756,256.0,4.808
693,23.2941,Midnight 00:00,simulation,0.1,1,1.92674,-1.27568,4.21625,2.21625,1.92674,-2.27568,3.06921,0.04349,-0.12756,256.0,4.808
694,23.3277,Midnight 00:00,simulation,0.1,1,1.9535,-1.27627,4.21819,2.21819,1.9535,-2.27627,3.07042,0.04338,-0.12748,256.0,4.804
695,23.3613,Midnight 00:00,simulation,0.1,1,1.99366,-1.27712,4.22103,2.22103,1.99366,-2.27712,3.07221,0.04319,-0.12731,256.0,4.799
696,23.395,Midnight 00:00,simulation,0.1,1,1.99366,-1.27712,4.22103,2.22103,1.99366,-2.27712,3.07221,0.04319,-0.12731,256.0,4.799
697,23.4286,Midnight 00:00,simulation,0.1,1,2.02044,-1.27768,4.22287,2.22287,2.02044,-2.27768,3.07337,0.04305,-0.12715,256.0,4.801
698,23.4622,Midnight 00:00,simulation,0.1,1,2.04722,-1.27822,4.22468,2.22468,2.04722,-2.27822,3.07452,0.04291,-0.12696,256.0,4.8
699,23.4958,Midnight 00:00,simulation,0.1,1,2.07401,-1.27876,4.22646,2.22646,2.07401,-2.27876,3.07565,0.04276,-0.12675,256.0,4.798
700,23.5294,Midnight 00:00,simulation,0.1,1,2.07401,-1.27876,4.22646,2.22646,2.07401,-2.27876,3.07565,0.04276,-0.12675,256.0,4.798
701,23.563,Midnight 00:00,simulation,0.1,0,0.0,0.0,0.0,0.0,0.0,0.0,0.0,0.0,0.0,0.0,4.795
702,23.5966,Midnight 00:00,simulation,0.1,0,0.0,0.0,0.0,0.0,0.0,0.0,0.0,0.0,0.0,0.0,4.796
703,23.6303,Midnight 00:00,simulation,0.1,0,0.0,0.0,0.0,0.0,0.0,0.0,0.0,0.0,0.0,0.0,4.796
704,23.6639,Midnight 00:00,simulation,0.1,0,0.0,0.0,0.0,0.0,0.0,0.0,0.0,0.0,0.0,0.0,4.794
705,23.6975,Midnight 00:00,simulation,0.1,0,0.0,0.0,0.0,0.0,0.0,0.0,0.0,0.0,0.0,0.0,4.794
706,23.7311,Midnight 00:00,simulation,0.1,0,0.0,0.0,0.0,0.0,0.0,0.0,0.0,0.0,0.0,0.0,4.8
707,23.7647,Midnight 00:00,simulation,0.1,0,0.0,0.0,0.0,0.0,0.0,0.0,0.0,0.0,0.0,0.0,4.8
708,23.7983,Midnight 00:00,simulation,0.1,0,0.0,0.0,0.0,0.0,0.0,0.0,0.0,0.0,0.0,0.0,4.799
709,23.8319,Midnight 00:00,simulation,0.1,0,0.0,0.0,0.0,0.0,0.0,0.0,0.0,0.0,0.0,0.0,4.799
710,23.8655,Midnight 00:00,simulation,0.1,0,0.0,0.0,0.0,0.0,0.0,0.0,0.0,0.0,0.0,0.0,4.797
711,23.8992,Midnight 00:00,simulation,0.1,0,0.0,0.0,0.0,0.0,0.0,0.0,0.0,0.0,0.0,0.0,4.796
712,23.9328,Midnight 00:00,simulation,0.1,0,0.0,0.0,0.0,0.0,0.0,0.0,0.0,0.0,0.0,0.0,4.796
713,23.9664,Midnight 00:00,simulation,0.1,0,0.0,0.0,0.0,0.0,0.0,0.0,0.0,0.0,0.0,0.0,4.799
714,24.0,Midnight 00:00,simulation,0.1,1,2.09848,-1.00284,4.24983,2.24983,2.09848,-2.00284,3.07893,0.03951,-0.1478,256.0,4.801
715,24.0336,Midnight 00:00,simulation,0.1,1,2.1002,-0.98162,4.2562,2.2562,2.1002,-1.98162,-2.36443,0.03743,1.02698,248.0,4.799
716,24.0672,Midnight 00:00,simulation,0.1,0,0.0,0.0,0.0,0.0,0.0,0.0,0.0,0.0,0.0,0.0,4.799
717,24.1008,Midnight 00:00,simulation,0.1,0,0.0,0.0,0.0,0.0,0.0,0.0,0.0,0.0,0.0,0.0,4.799
718,24.1345,Midnight 00:00,simulation,0.1,1,2.10317,-0.93369,4.26222,2.26222,2.10317,-1.93369,-2.38405,0.03775,1.03011,248.0,4.797
719,24.1681,Midnight 00:00,simulation,0.1,0,0.0,0.0,0.0,0.0,0.0,0.0,0.0,0.0,0.0,0.0,4.801
720,24.2017,Midnight 00:00,simulation,0.1,0,0.0,0.0,0.0,0.0,0.0,0.0,0.0,0.0,0.0,0.0,4.801
721,24.2353,Midnight 00:00,simulation,0.1,1,2.1052,-0.8456,4.26347,2.26347,2.1052,-1.8456,3.08205,0.03661,-0.1611,256.0,4.802
722,24.2689,Midnight 00:00,simulation,0.1,1,2.1052,-0.8456,4.26347,2.26347,2.1052,-1.8456,3.08205,0.03661,-0.1611,256.0,4.802
723,24.3025,Midnight 00:00,simulation,0.1,0,0.0,0.0,0.0,0.0,0.0,0.0,0.0,0.0,0.0,0.0,4.799
724,24.3361,Midnight 00:00,simulation,0.1,1,2.00758,-0.76497,4.06526,2.06526,2.00758,-1.76497,3.14344,-0.00145,0.00773,272.0,4.798
725,24.3697,Midnight 00:00,simulation,0.1,1,2.00758,-0.76497,4.06526,2.06526,2.00758,-1.76497,3.14344,-0.00145,0.00773,272.0,4.798
726,24.4034,Midnight 00:00,simulation,0.1,0,0.0,0.0,0.0,0.0,0.0,0.0,0.0,0.0,0.0,0.0,4.8
727,24.437,Midnight 00:00,simulation,0.1,0,0.0,0.0,0.0,0.0,0.0,0.0,0.0,0.0,0.0,0.0,4.803
728,24.4706,Midnight 00:00,simulation,0.1,0,0.0,0.0,0.0,0.0,0.0,0.0,0.0,0.0,0.0,0.0,4.803
729,24.5042,Midnight 00:00,simulation,0.1,0,0.0,0.0,0.0,0.0,0.0,0.0,0.0,0.0,0.0,0.0,4.801
730,24.5378,Midnight 00:00,simulation,0.1,0,0.0,0.0,0.0,0.0,0.0,0.0,0.0,0.0,0.0,0.0,4.799
731,24.5714,Midnight 00:00,simulation,0.1,0,0.0,0.0,0.0,0.0,0.0,0.0,0.0,0.0,0.0,0.0,4.798
732,24.605,Midnight 00:00,simulation,0.1,0,0.0,0.0,0.0,0.0,0.0,0.0,0.0,0.0,0.0,0.0,4.798
733,24.6387,Midnight 00:00,simulation,0.1,1,2.11466,-0.62622,4.28268,2.28268,2.11466,-1.62622,3.08915,0.03078,-0.18056,256.0,4.802
734,24.6723,Midnight 00:00,simulation,0.1,1,2.11466,-0.62622,4.28268,2.28268,2.11466,-1.62622,3.08915,0.03078,-0.18056,256.0,4.802
735,24.7059,Midnight 00:00,simulation,0.1,1,2.11569,-0.60171,4.28477,2.28477,2.11569,-1.60171,3.09018,0.02997,-0.18275,256.0,4.801
736,24.7395,Midnight 00:00,simulation,0.1,0,0.0,0.0,0.0,0.0,0.0,0.0,0.0,0.0,0.0,0.0,4.799
737,24.7731,Midnight 00:00,simulation,0.1,0,0.0,0.0,0.0,0.0,0.0,0.0,0.0,0.0,0.0,0.0,4.799
738,24.8067,Midnight 00:00,simulation,0.1,0,0.0,0.0,0.0,0.0,0.0,0.0,0.0,0.0,0.0,0.0,4.8
739,24.8403,Midnight 00:00,simulation,0.1,1,2.11921,-0.51573,4.29193,2.29193,2.11921,-1.51573,3.09425,0.0269,-0.19031,256.0,4.8
740,24.8739,Midnight 00:00,simulation,0.1,0,0.0,0.0,0.0,0.0,0.0,0.0,0.0,0.0,0.0,0.0,4.801
741,24.9076,Midnight 00:00,simulation,0.1,0,0.0,0.0,0.0,0.0,0.0,0.0,0.0,0.0,0.0,0.0,4.801
742,24.9412,Midnight 00:00,simulation,0.1,0,0.0,0.0,0.0,0.0,0.0,0.0,0.0,0.0,0.0,0.0,4.8
743,24.9748,Midnight 00:00,simulation,0.1,1,2.13807,-0.44781,4.33288,2.33288,2.13807,-1.44781,-2.59588,0.03691,1.0488,248.0,4.799
744,25.0084,Midnight 00:00,simulation,0.1,0,0.0,0.0,0.0,0.0,0.0,0.0,0.0,0.0,0.0,0.0,4.798
745,25.042,Midnight 00:00,simulation,0.1,1,2.13746,-0.40773,4.33533,2.33533,2.13746,-1.40773,-3.06871,-0.00357,0.10217,248.0,4.799
746,25.0756,Midnight 00:00,simulation,0.1,0,0.0,0.0,0.0,0.0,0.0,0.0,0.0,0.0,0.0,0.0,4.799
747,25.1092,Midnight 00:00,simulation,0.1,1,2.12511,-0.35517,4.30391,2.30391,2.12511,-1.35517,3.10386,0.01999,-0.20343,256.0,4.8
748,25.1429,Midnight 00:00,simulation,0.1,0,0.0,0.0,0.0,0.0,0.0,0.0,0.0,0.0,0.0,0.0,4.8
749,25.1765,Midnight 00:00,simulation,0.1,0,0.0,0.0,0.0,0.0,0.0,0.0,0.0,0.0,0.0,0.0,4.797
750,25.2101,Midnight 00:00,simulation,0.1,0,0.0,0.0,0.0,0.0,0.0,0.0,0.0,0.0,0.0,0.0,4.797
751,25.2437,Midnight 00:00,simulation,0.1,0,0.0,0.0,0.0,0.0,0.0,0.0,0.0,0.0,0.0,0.0,4.797
752,25.2773,Midnight 00:00,simulation,0.1,0,0.0,0.0,0.0,0.0,0.0,0.0,0.0,0.0,0.0,0.0,4.798
753,25.3109,Midnight 00:00,simulation,0.1,0,0.0,0.0,0.0,0.0,0.0,0.0,0.0,0.0,0.0,0.0,4.798
754,25.3445,Midnight 00:00,simulation,0.1,0,0.0,0.0,0.0,0.0,0.0,0.0,0.0,0.0,0.0,0.0,4.796
755,25.3782,Midnight 00:00,simulation,0.1,0,0.0,0.0,0.0,0.0,0.0,0.0,0.0,0.0,0.0,0.0,4.796
756,25.4118,Midnight 00:00,simulation,0.1,0,0.0,0.0,0.0,0.0,0.0,0.0,0.0,0.0,0.0,0.0,4.795
757,25.4454,Midnight 00:00,simulation,0.1,0,0.0,0.0,0.0,0.0,0.0,0.0,0.0,0.0,0.0,0.0,4.794
758,25.479,Midnight 00:00,simulation,0.1,0,0.0,0.0,0.0,0.0,0.0,0.0,0.0,0.0,0.0,0.0,4.795
759,25.5126,Midnight 00:00,simulation,0.1,1,2.13091,-0.10622,4.31569,2.31569,2.13091,-1.10622,3.12396,0.00646,-0.21743,256.0,4.796
760,25.5462,Midnight 00:00,simulation,0.1,0,0.0,0.0,0.0,0.0,0.0,0.0,0.0,0.0,0.0,0.0,4.79
761,25.5798,Midnight 00:00,simulation,0.1,0,0.0,0.0,0.0,0.0,0.0,0.0,0.0,0.0,0.0,0.0,4.79
762,25.6134,Midnight 00:00,simulation,0.1,0,0.0,0.0,0.0,0.0,0.0,0.0,0.0,0.0,0.0,0.0,4.79
763,25.6471,Midnight 00:00,simulation,0.1,0,0.0,0.0,0.0,0.0,0.0,0.0,0.0,0.0,0.0,0.0,4.79
764,25.6807,Midnight 00:00,simulation,0.1,0,0.0,0.0,0.0,0.0,0.0,0.0,0.0,0.0,0.0,0.0,4.794
765,25.7143,Midnight 00:00,simulation,0.1,1,2.19229,0.00323,4.4496,2.4496,2.19229,-0.99677,-2.88707,-0.04433,1.18766,240.5,4.796
766,25.7479,Midnight 00:00,simulation,0.1,1,2.19229,0.00323,4.4496,2.4496,2.19229,-0.99677,-2.88707,-0.04433,1.18766,240.5,4.796
767,25.7815,Midnight 00:00,simulation,0.1,0,0.0,0.0,0.0,0.0,0.0,0.0,0.0,0.0,0.0,0.0,4.794
768,25.8151,Midnight 00:00,simulation,0.1,0,0.0,0.0,0.0,0.0,0.0,0.0,0.0,0.0,0.0,0.0,4.794
769,25.8487,Midnight 00:00,simulation,0.1,0,0.0,0.0,0.0,0.0,0.0,0.0,0.0,0.0,0.0,0.0,4.794
770,25.8824,Midnight 00:00,simulation,0.1,0,0.0,0.0,0.0,0.0,0.0,0.0,0.0,0.0,0.0,0.0,4.794
771,25.916,Midnight 00:00,simulation,0.1,0,0.0,0.0,0.0,0.0,0.0,0.0,0.0,0.0,0.0,0.0,4.794
772,25.9496,Midnight 00:00,simulation,0.1,0,0.0,0.0,0.0,0.0,0.0,0.0,0.0,0.0,0.0,0.0,4.794
773,25.9832,Midnight 00:00,simulation,0.1,0,0.0,0.0,0.0,0.0,0.0,0.0,0.0,0.0,0.0,0.0,4.794
774,26.0168,Midnight 00:00,simulation,0.1,0,0.0,0.0,0.0,0.0,0.0,0.0,0.0,0.0,0.0,0.0,4.794
775,26.0504,Midnight 00:00,simulation,0.1,0,0.0,0.0,0.0,0.0,0.0,0.0,0.0,0.0,0.0,0.0,4.794
776,26.084,Midnight 00:00,simulation,0.1,0,0.0,0.0,0.0,0.0,0.0,0.0,0.0,0.0,0.0,0.0,4.794
777,26.1176,Midnight 00:00,simulation,0.1,0,0.0,0.0,0.0,0.0,0.0,0.0,0.0,0.0,0.0,0.0,4.794
778,26.1513,Midnight 00:00,simulation,0.1,0,0.0,0.0,0.0,0.0,0.0,0.0,0.0,0.0,0.0,0.0,4.794
779,26.1849,Midnight 00:00,simulation,0.1,0,0.0,0.0,0.0,0.0,0.0,0.0,0.0,0.0,0.0,0.0,4.794
780,26.2185,Midnight 00:00,simulation,0.1,0,0.0,0.0,0.0,0.0,0.0,0.0,0.0,0.0,0.0,0.0,4.794
781,26.2521,Midnight 00:00,simulation,0.1,0,0.0,0.0,0.0,0.0,0.0,0.0,0.0,0.0,0.0,0.0,4.794
782,26.2857,Midnight 00:00,simulation,0.1,0,0.0,0.0,0.0,0.0,0.0,0.0,0.0,0.0,0.0,0.0,4.794
783,26.3193,Midnight 00:00,simulation,0.1,0,0.0,0.0,0.0,0.0,0.0,0.0,0.0,0.0,0.0,0.0,4.794
784,26.3529,Midnight 00:00,simulation,0.1,0,0.0,0.0,0.0,0.0,0.0,0.0,0.0,0.0,0.0,0.0,4.794
785,26.3866,Midnight 00:00,simulation,0.1,0,0.0,0.0,0.0,0.0,0.0,0.0,0.0,0.0,0.0,0.0,4.794
786,26.4202,Midnight 00:00,simulation,0.1,0,0.0,0.0,0.0,0.0,0.0,0.0,0.0,0.0,0.0,0.0,4.794
787,26.4538,Midnight 00:00,simulation,0.1,0,0.0,0.0,0.0,0.0,0.0,0.0,0.0,0.0,0.0,0.0,4.794
788,26.4874,Midnight 00:00,simulation,0.1,0,0.0,0.0,0.0,0.0,0.0,0.0,0.0,0.0,0.0,0.0,4.794
789,26.521,Midnight 00:00,simulation,0.1,0,0.0,0.0,0.0,0.0,0.0,0.0,0.0,0.0,0.0,0.0,4.794
790,26.5546,Midnight 00:00,simulation,0.1,0,0.0,0.0,0.0,0.0,0.0,0.0,0.0,0.0,0.0,0.0,4.794
791,26.5882,Midnight 00:00,simulation,0.1,0,0.0,0.0,0.0,0.0,0.0,0.0,0.0,0.0,0.0,0.0,4.794
792,26.6218,Midnight 00:00,simulation,0.1,0,0.0,0.0,0.0,0.0,0.0,0.0,0.0,0.0,0.0,0.0,4.794
793,26.6555,Midnight 00:00,simulation,0.1,0,0.0,0.0,0.0,0.0,0.0,0.0,0.0,0.0,0.0,0.0,4.794
794,26.6891,Midnight 00:00,simulation,0.1,0,0.0,0.0,0.0,0.0,0.0,0.0,0.0,0.0,0.0,0.0,4.794
795,26.7227,Midnight 00:00,simulation,0.1,0,0.0,0.0,0.0,0.0,0.0,0.0,0.0,0.0,0.0,0.0,4.794
796,26.7563,Midnight 00:00,simulation,0.1,0,0.0,0.0,0.0,0.0,0.0,0.0,0.0,0.0,0.0,0.0,4.794
797,26.7899,Midnight 00:00,simulation,0.1,0,0.0,0.0,0.0,0.0,0.0,0.0,0.0,0.0,0.0,0.0,4.794
798,26.8235,Midnight 00:00,simulation,0.1,0,0.0,0.0,0.0,0.0,0.0,0.0,0.0,0.0,0.0,0.0,4.794
799,26.8571,Midnight 00:00,simulation,0.1,0,0.0,0.0,0.0,0.0,0.0,0.0,0.0,0.0,0.0,0.0,4.794
800,26.8908,Midnight 00:00,simulation,0.1,0,0.0,0.0,0.0,0.0,0.0,0.0,0.0,0.0,0.0,0.0,4.794
801,26.9244,Midnight 00:00,simulation,0.1,0,0.0,0.0,0.0,0.0,0.0,0.0,0.0,0.0,0.0,0.0,4.794
802,26.958,Midnight 00:00,simulation,0.1,0,0.0,0.0,0.0,0.0,0.0,0.0,0.0,0.0,0.0,0.0,4.794
803,26.9916,Midnight 00:00,simulation,0.1,0,0.0,0.0,0.0,0.0,0.0,0.0,0.0,0.0,0.0,0.0,4.794
804,27.0252,Midnight 00:00,simulation,0.1,0,0.0,0.0,0.0,0.0,0.0,0.0,0.0,0.0,0.0,0.0,4.794
805,27.0588,Midnight 00:00,simulation,0.1,0,0.0,0.0,0.0,0.0,0.0,0.0,0.0,0.0,0.0,0.0,4.794
806,27.0924,Midnight 00:00,simulation,0.1,0,0.0,0.0,0.0,0.0,0.0,0.0,0.0,0.0,0.0,0.0,4.794
807,27.1261,Midnight 00:00,simulation,0.1,0,0.0,0.0,0.0,0.0,0.0,0.0,0.0,0.0,0.0,0.0,4.794
808,27.1597,Midnight 00:00,simulation,0.1,0,0.0,0.0,0.0,0.0,0.0,0.0,0.0,0.0,0.0,0.0,4.794
809,27.1933,Midnight 00:00,simulation,0.1,0,0.0,0.0,0.0,0.0,0.0,0.0,0.0,0.0,0.0,0.0,4.794
810,27.2269,Midnight 00:00,simulation,0.1,0,0.0,0.0,0.0,0.0,0.0,0.0,0.0,0.0,0.0,0.0,4.794
811,27.2605,Midnight 00:00,simulation,0.1,0,0.0,0.0,0.0,0.0,0.0,0.0,0.0,0.0,0.0,0.0,4.794
812,27.2941,Midnight 00:00,simulation,0.1,0,0.0,0.0,0.0,0.0,0.0,0.0,0.0,0.0,0.0,0.0,4.794
813,27.3277,Midnight 00:00,simulation,0.1,0,0.0,0.0,0.0,0.0,0.0,0.0,0.0,0.0,0.0,0.0,4.794
814,27.3613,Midnight 00:00,simulation,0.1,0,0.0,0.0,0.0,0.0,0.0,0.0,0.0,0.0,0.0,0.0,4.794
815,27.395,Midnight 00:00,simulation,0.1,0,0.0,0.0,0.0,0.0,0.0,0.0,0.0,0.0,0.0,0.0,4.794
816,27.4286,Midnight 00:00,simulation,0.1,0,0.0,0.0,0.0,0.0,0.0,0.0,0.0,0.0,0.0,0.0,4.794
817,27.4622,Midnight 00:00,simulation,0.1,0,0.0,0.0,0.0,0.0,0.0,0.0,0.0,0.0,0.0,0.0,4.794
818,27.4958,Midnight 00:00,simulation,0.1,0,0.0,0.0,0.0,0.0,0.0,0.0,0.0,0.0,0.0,0.0,4.794
819,27.5294,Midnight 00:00,simulation,0.1,0,0.0,0.0,0.0,0.0,0.0,0.0,0.0,0.0,0.0,0.0,4.794
820,27.563,Midnight 00:00,simulation,0.1,0,0.0,0.0,0.0,0.0,0.0,0.0,0.0,0.0,0.0,0.0,4.794
821,27.5966,Midnight 00:00,simulation,0.1,0,0.0,0.0,0.0,0.0,0.0,0.0,0.0,0.0,0.0,0.0,4.794
822,27.6303,Midnight 00:00,simulation,0.1,0,0.0,0.0,0.0,0.0,0.0,0.0,0.0,0.0,0.0,0.0,4.794
823,27.6639,Midnight 00:00,simulation,0.1,0,0.0,0.0,0.0,0.0,0.0,0.0,0.0,0.0,0.0,0.0,4.794
824,27.6975,Midnight 00:00,simulation,0.1,0,0.0,0.0,0.0,0.0,0.0,0.0,0.0,0.0,0.0,0.0,4.794
825,27.7311,Midnight 00:00,simulation,0.1,0,0.0,0.0,0.0,0.0,0.0,0.0,0.0,0.0,0.0,0.0,4.794
826,27.7647,Midnight 00:00,simulation,0.1,0,0.0,0.0,0.0,0.0,0.0,0.0,0.0,0.0,0.0,0.0,4.794
827,27.7983,Midnight 00:00,simulation,0.1,0,0.0,0.0,0.0,0.0,0.0,0.0,0.0,0.0,0.0,0.0,4.794
828,27.8319,Midnight 00:00,simulation,0.1,0,0.0,0.0,0.0,0.0,0.0,0.0,0.0,0.0,0.0,0.0,4.794
829,27.8655,Midnight 00:00,simulation,0.1,0,0.0,0.0,0.0,0.0,0.0,0.0,0.0,0.0,0.0,0.0,4.794
830,27.8992,Midnight 00:00,simulation,0.1,0,0.0,0.0,0.0,0.0,0.0,0.0,0.0,0.0,0.0,0.0,4.794
831,27.9328,Midnight 00:00,simulation,0.1,0,0.0,0.0,0.0,0.0,0.0,0.0,0.0,0.0,0.0,0.0,4.794
832,27.9664,Midnight 00:00,simulation,0.1,0,0.0,0.0,0.0,0.0,0.0,0.0,0.0,0.0,0.0,0.0,4.794
833,28.0,Midnight 00:00,simulation,0.1,0,0.0,0.0,0.0,0.0,0.0,0.0,0.0,0.0,0.0,0.0,4.794
834,28.0336,Midnight 00:00,simulation,0.1,0,0.0,0.0,0.0,0.0,0.0,0.0,0.0,0.0,0.0,0.0,4.794
835,28.0672,Midnight 00:00,simulation,0.1,0,0.0,0.0,0.0,0.0,0.0,0.0,0.0,0.0,0.0,0.0,4.794
836,28.1008,Midnight 00:00,simulation,0.1,0,0.0,0.0,0.0,0.0,0.0,0.0,0.0,0.0,0.0,0.0,4.794
837,28.1345,Midnight 00:00,simulation,0.1,0,0.0,0.0,0.0,0.0,0.0,0.0,0.0,0.0,0.0,0.0,4.794
838,28.1681,Midnight 00:00,simulation,0.1,0,0.0,0.0,0.0,0.0,0.0,0.0,0.0,0.0,0.0,0.0,4.794
839,28.2017,Midnight 00:00,simulation,0.1,0,0.0,0.0,0.0,0.0,0.0,0.0,0.0,0.0,0.0,0.0,4.794
840,28.2353,Midnight 00:00,simulation,0.1,0,0.0,0.0,0.0,0.0,0.0,0.0,0.0,0.0,0.0,0.0,4.794
841,28.2689,Midnight 00:00,simulation,0.1,0,0.0,0.0,0.0,0.0,0.0,0.0,0.0,0.0,0.0,0.0,4.794
842,28.3025,Midnight 00:00,simulation,0.1,0,0.0,0.0,0.0,0.0,0.0,0.0,0.0,0.0,0.0,0.0,4.794
843,28.3361,Midnight 00:00,simulation,0.1,0,0.0,0.0,0.0,0.0,0.0,0.0,0.0,0.0,0.0,0.0,4.794
844,28.3697,Midnight 00:00,simulation,0.1,0,0.0,0.0,0.0,0.0,0.0,0.0,0.0,0.0,0.0,0.0,4.794
845,28.4034,Midnight 00:00,simulation,0.1,0,0.0,0.0,0.0,0.0,0.0,0.0,0.0,0.0,0.0,0.0,4.794
846,28.437,Midnight 00:00,simulation,0.1,0,0.0,0.0,0.0,0.0,0.0,0.0,0.0,0.0,0.0,0.0,4.794
847,28.4706,Midnight 00:00,simulation,0.1,0,0.0,0.0,0.0,0.0,0.0,0.0,0.0,0.0,0.0,0.0,4.794
848,28.5042,Midnight 00:00,simulation,0.1,0,0.0,0.0,0.0,0.0,0.0,0.0,0.0,0.0,0.0,0.0,4.794
849,28.5378,Midnight 00:00,simulation,0.1,0,0.0,0.0,0.0,0.0,0.0,0.0,0.0,0.0,0.0,0.0,4.794
850,28.5714,Midnight 00:00,simulation,0.1,0,0.0,0.0,0.0,0.0,0.0,0.0,0.0,0.0,0.0,0.0,4.794
851,28.605,Midnight 00:00,simulation,0.1,0,0.0,0.0,0.0,0.0,0.0,0.0,0.0,0.0,0.0,0.0,4.794
852,28.6387,Midnight 00:00,simulation,0.1,0,0.0,0.0,0.0,0.0,0.0,0.0,0.0,0.0,0.0,0.0,4.794
853,28.6723,Midnight 00:00,simulation,0.1,0,0.0,0.0,0.0,0.0,0.0,0.0,0.0,0.0,0.0,0.0,4.794
854,28.7059,Midnight 00:00,simulation,0.1,0,0.0,0.0,0.0,0.0,0.0,0.0,0.0,0.0,0.0,0.0,4.794
855,28.7395,Midnight 00:00,simulation,0.1,0,0.0,0.0,0.0,0.0,0.0,0.0,0.0,0.0,0.0,0.0,4.794
856,28.7731,Midnight 00:00,simulation,0.1,0,0.0,0.0,0.0,0.0,0.0,0.0,0.0,0.0,0.0,0.0,4.794
857,28.8067,Midnight 00:00,simulation,0.1,0,0.0,0.0,0.0,0.0,0.0,0.0,0.0,0.0,0.0,0.0,4.794
858,28.8403,Midnight 00:00,simulation,0.1,0,0.0,0.0,0.0,0.0,0.0,0.0,0.0,0.0,0.0,0.0,4.794
859,28.8739,Midnight 00:00,simulation,0.1,0,0.0,0.0,0.0,0.0,0.0,0.0,0.0,0.0,0.0,0.0,4.794
860,28.9076,Midnight 00:00,simulation,0.1,0,0.0,0.0,0.0,0.0,0.0,0.0,0.0,0.0,0.0,0.0,4.794
861,28.9412,Midnight 00:00,simulation,0.1,0,0.0,0.0,0.0,0.0,0.0,0.0,0.0,0.0,0.0,0.0,4.794
862,28.9748,Midnight 00:00,simulation,0.1,0,0.0,0.0,0.0,0.0,0.0,0.0,0.0,0.0,0.0,0.0,4.794
863,29.0084,Midnight 00:00,simulation,0.1,0,0.0,0.0,0.0,0.0,0.0,0.0,0.0,0.0,0.0,0.0,4.794
864,29.042,Midnight 00:00,simulation,0.1,0,0.0,0.0,0.0,0.0,0.0,0.0,0.0,0.0,0.0,0.0,4.794
865,29.0756,Midnight 00:00,simulation,0.1,0,0.0,0.0,0.0,0.0,0.0,0.0,0.0,0.0,0.0,0.0,4.794
866,29.1092,Midnight 00:00,simulation,0.1,0,0.0,0.0,0.0,0.0,0.0,0.0,0.0,0.0,0.0,0.0,4.794
867,29.1429,Midnight 00:00,simulation,0.1,0,0.0,0.0,0.0,0.0,0.0,0.0,0.0,0.0,0.0,0.0,4.794
868,29.1765,Midnight 00:00,simulation,0.1,0,0.0,0.0,0.0,0.0,0.0,0.0,0.0,0.0,0.0,0.0,4.794
869,29.2101,Midnight 00:00,simulation,0.1,0,0.0,0.0,0.0,0.0,0.0,0.0,0.0,0.0,0.0,0.0,4.794
870,29.2437,Midnight 00:00,simulation,0.1,0,0.0,0.0,0.0,0.0,0.0,0.0,0.0,0.0,0.0,0.0,4.794
871,29.2773,Midnight 00:00,simulation,0.1,0,0.0,0.0,0.0,0.0,0.0,0.0,0.0,0.0,0.0,0.0,4.794
872,29.3109,Midnight 00:00,simulation,0.1,0,0.0,0.0,0.0,0.0,0.0,0.0,0.0,0.0,0.0,0.0,4.794
873,29.3445,Midnight 00:00,simulation,0.1,0,0.0,0.0,0.0,0.0,0.0,0.0,0.0,0.0,0.0,0.0,4.794
874,29.3782,Midnight 00:00,simulation,0.1,0,0.0,0.0,0.0,0.0,0.0,0.0,0.0,0.0,0.0,0.0,4.794
875,29.4118,Midnight 00:00,simulation,0.1,0,0.0,0.0,0.0,0.0,0.0,0.0,0.0,0.0,0.0,0.0,4.794
876,29.4454,Midnight 00:00,simulation,0.1,0,0.0,0.0,0.0,0.0,0.0,0.0,0.0,0.0,0.0,0.0,4.794
877,29.479,Midnight 00:00,simulation,0.1,0,0.0,0.0,0.0,0.0,0.0,0.0,0.0,0.0,0.0,0.0,4.794
878,29.5126,Midnight 00:00,simulation,0.1,0,0.0,0.0,0.0,0.0,0.0,0.0,0.0,0.0,0.0,0.0,4.794
879,29.5462,Midnight 00:00,simulation,0.1,0,0.0,0.0,0.0,0.0,0.0,0.0,0.0,0.0,0.0,0.0,4.794
880,29.5798,Midnight 00:00,simulation,0.1,0,0.0,0.0,0.0,0.0,0.0,0.0,0.0,0.0,0.0,0.0,4.794
881,29.6134,Midnight 00:00,simulation,0.1,0,0.0,0.0,0.0,0.0,0.0,0.0,0.0,0.0,0.0,0.0,4.794
882,29.6471,Midnight 00:00,simulation,0.1,0,0.0,0.0,0.0,0.0,0.0,0.0,0.0,0.0,0.0,0.0,4.794
883,29.6807,Midnight 00:00,simulation,0.1,0,0.0,0.0,0.0,0.0,0.0,0.0,0.0,0.0,0.0,0.0,4.794
884,29.7143,Midnight 00:00,simulation,0.1,0,0.0,0.0,0.0,0.0,0.0,0.0,0.0,0.0,0.0,0.0,4.794
885,29.7479,Midnight 00:00,simulation,0.1,0,0.0,0.0,0.0,0.0,0.0,0.0,0.0,0.0,0.0,0.0,4.794
886,29.7815,Midnight 00:00,simulation,0.1,0,0.0,0.0,0.0,0.0,0.0,0.0,0.0,0.0,0.0,0.0,4.794
887,29.8151,Midnight 00:00,simulation,0.1,0,0.0,0.0,0.0,0.0,0.0,0.0,0.0,0.0,0.0,0.0,4.794
888,29.8487,Midnight 00:00,simulation,0.1,0,0.0,0.0,0.0,0.0,0.0,0.0,0.0,0.0,0.0,0.0,4.794
889,29.8824,Midnight 00:00,simulation,0.1,0,0.0,0.0,0.0,0.0,0.0,0.0,0.0,0.0,0.0,0.0,4.794
890,29.916,Midnight 00:00,simulation,0.1,0,0.0,0.0,0.0,0.0,0.0,0.0,0.0,0.0,0.0,0.0,4.794
891,29.9496,Midnight 00:00,simulation,0.1,0,0.0,0.0,0.0,0.0,0.0,0.0,0.0,0.0,0.0,0.0,4.794
892,29.9832,Midnight 00:00,simulation,0.1,0,0.0,0.0,0.0,0.0,0.0,0.0,0.0,0.0,0.0,0.0,4.794
893,30.0168,Midnight 00:00,simulation,0.1,0,0.0,0.0,0.0,0.0,0.0,0.0,0.0,0.0,0.0,0.0,4.794
894,30.0504,Midnight 00:00,simulation,0.1,0,0.0,0.0,0.0,0.0,0.0,0.0,0.0,0.0,0.0,0.0,4.794
895,30.084,Midnight 00:00,simulation,0.1,0,0.0,0.0,0.0,0.0,0.0,0.0,0.0,0.0,0.0,0.0,4.794
896,30.1176,Midnight 00:00,simulation,0.1,0,0.0,0.0,0.0,0.0,0.0,0.0,0.0,0.0,0.0,0.0,4.794
897,30.1513,Midnight 00:00,simulation,0.1,0,0.0,0.0,0.0,0.0,0.0,0.0,0.0,0.0,0.0,0.0,4.794
898,30.1849,Midnight 00:00,simulation,0.1,0,0.0,0.0,0.0,0.0,0.0,0.0,0.0,0.0,0.0,0.0,4.794
899,30.2185,Midnight 00:00,simulation,0.1,0,0.0,0.0,0.0,0.0,0.0,0.0,0.0,0.0,0.0,0.0,4.794
900,30.2521,Midnight 00:00,simulation,0.1,0,0.0,0.0,0.0,0.0,0.0,0.0,0.0,0.0,0.0,0.0,4.794
901,30.2857,Midnight 00:00,simulation,0.1,0,0.0,0.0,0.0,0.0,0.0,0.0,0.0,0.0,0.0,0.0,4.794
902,30.3193,Midnight 00:00,simulation,0.1,0,0.0,0.0,0.0,0.0,0.0,0.0,0.0,0.0,0.0,0.0,4.794
903,30.3529,Midnight 00:00,simulation,0.1,0,0.0,0.0,0.0,0.0,0.0,0.0,0.0,0.0,0.0,0.0,4.794
904,30.3866,Midnight 00:00,simulation,0.1,0,0.0,0.0,0.0,0.0,0.0,0.0,0.0,0.0,0.0,0.0,4.794
905,30.4202,Midnight 00:00,simulation,0.1,0,0.0,0.0,0.0,0.0,0.0,0.0,0.0,0.0,0.0,0.0,4.794
906,30.4538,Midnight 00:00,simulation,0.1,0,0.0,0.0,0.0,0.0,0.0,0.0,0.0,0.0,0.0,0.0,4.794
907,30.4874,Midnight 00:00,simulation,0.1,0,0.0,0.0,0.0,0.0,0.0,0.0,0.0,0.0,0.0,0.0,4.794
908,30.521,Midnight 00:00,simulation,0.1,0,0.0,0.0,0.0,0.0,0.0,0.0,0.0,0.0,0.0,0.0,4.794
909,30.5546,Midnight 00:00,simulation,0.1,0,0.0,0.0,0.0,0.0,0.0,0.0,0.0,0.0,0.0,0.0,4.794
910,30.5882,Midnight 00:00,simulation,0.1,0,0.0,0.0,0.0,0.0,0.0,0.0,0.0,0.0,0.0,0.0,4.794
911,30.6218,Midnight 00:00,simulation,0.1,0,0.0,0.0,0.0,0.0,0.0,0.0,0.0,0.0,0.0,0.0,4.794
912,30.6555,Midnight 00:00,simulation,0.1,0,0.0,0.0,0.0,0.0,0.0,0.0,0.0,0.0,0.0,0.0,4.794
913,30.6891,Midnight 00:00,simulation,0.1,0,0.0,0.0,0.0,0.0,0.0,0.0,0.0,0.0,0.0,0.0,4.794
914,30.7227,Midnight 00:00,simulation,0.1,0,0.0,0.0,0.0,0.0,0.0,0.0,0.0,0.0,0.0,0.0,4.794
915,30.7563,Midnight 00:00,simulation,0.1,0,0.0,0.0,0.0,0.0,0.0,0.0,0.0,0.0,0.0,0.0,4.794
916,30.7899,Midnight 00:00,simulation,0.1,0,0.0,0.0,0.0,0.0,0.0,0.0,0.0,0.0,0.0,0.0,4.794
917,30.8235,Midnight 00:00,simulation,0.1,0,0.0,0.0,0.0,0.0,0.0,0.0,0.0,0.0,0.0,0.0,4.794
918,30.8571,Midnight 00:00,simulation,0.1,0,0.0,0.0,0.0,0.0,0.0,0.0,0.0,0.0,0.0,0.0,4.794
919,30.8908,Midnight 00:00,simulation,0.1,0,0.0,0.0,0.0,0.0,0.0,0.0,0.0,0.0,0.0,0.0,4.794
920,30.9244,Midnight 00:00,simulation,0.1,0,0.0,0.0,0.0,0.0,0.0,0.0,0.0,0.0,0.0,0.0,4.794
921,30.958,Midnight 00:00,simulation,0.1,0,0.0,0.0,0.0,0.0,0.0,0.0,0.0,0.0,0.0,0.0,4.794
922,30.9916,Midnight 00:00,simulation,0.1,0,0.0,0.0,0.0,0.0,0.0,0.0,0.0,0.0,0.0,0.0,4.794
923,31.0252,Midnight 00:00,simulation,0.1,0,0.0,0.0,0.0,0.0,0.0,0.0,0.0,0.0,0.0,0.0,4.794
924,31.0588,Midnight 00:00,simulation,0.1,0,0.0,0.0,0.0,0.0,0.0,0.0,0.0,0.0,0.0,0.0,4.794
925,31.0924,Midnight 00:00,simulation,0.1,0,0.0,0.0,0.0,0.0,0.0,0.0,0.0,0.0,0.0,0.0,4.794
